Record,Location,X,Y,Longitude,Latitude,Date,Time,Environment,Light,Road_Surface,Traffic_Control,Collision_Location,Collision_Classification,Impact_type,Pedestrian
14-320,CARLING AVE @ MAITLAND AVE/SHERBOURNE RD,362942.69790,5026488.27361,-75.75764241880,45.37592393670,2014-01-07,3:47:00 PM,01 - Clear,01 - Daylight,01 - Dry,01 - Traffic signal,01 - Functioning,03 - P.D. only,03 - Rear end,0
14-321,GREENBANK RD btwn MARKETPLACE AVE & JOCKVALE RD,364014.94652,5014584.69911,-75.74537661480,45.26872657560,2014-01-07,3:45:00 PM,06 - Strong wind,01 - Daylight,06 - Ice,10 - No control,,03 - P.D. only,03 - Rear end,0
14-322,CLEOPATRA DR btwn CAMELOT DR & Continuation of CLEOPATRA DR,365391.81521,5021333.06310,-75.72700699740,45.32933063330,2014-01-07,3:56:00 PM,01 - Clear,01 - Daylight,01 - Dry,10 - No control,,03 - P.D. only,06 - SMV unattended vehicle,0
14-323,BARNSDALE RD @ GREENBANK RD,365591.41159,5010927.51528,-75.72573556720,45.23568472320,2014-01-07,4:08:00 PM,01 - Clear,05 - Dusk,02 - Wet,02 - Stop sign,01 - Functioning,02 - Non-fatal injury,02 - Angle,0
14-324,BESSERER ST @ KING EDWARD AVE,368550.70520,5032341.84953,-75.68529045940,45.42810475430,2014-01-07,4:10:00 PM,01 - Clear,05 - Dusk,06 - Ice,01 - Traffic signal,01 - Functioning,03 - P.D. only,03 - Rear end,0
14-325,BEARBROOK RD/ROCKCLIFFE PKWY @ ST. JOSEPH BLVD,377129.02581,5035239.63300,-75.57525046600,45.45334266370,2014-01-07,6:37:00 AM,01 - Clear,07 - Dark,01 - Dry,01 - Traffic signal,01 - Functioning,03 - P.D. only,03 - Rear end,0
14-326,FALLOWFIELD RD btwn EAGLESON RD & RICHMOND RD,356859.27819,5013027.76834,-75.83672360780,45.25528307440,2014-01-02,11:00:00 PM,03 - Snow,07 - Dark,03 - Loose snow,10 - No control,,03 - P.D. only,07 - SMV other,0
14-327,NINTH LINE RD btwn ANDERSON RD & FARMERS WAY,382790.65811,5021549.60694,-75.50503905780,45.32956122520,2014-01-07,4:32:00 PM,01 - Clear,05 - Dusk,03 - Loose snow,10 - No control,,03 - P.D. only,04 - Sideswipe,0
14-328,WELLINGTON ST    W btwn GRANVILLE AVE & GILCHRIST AVE,364417.61635,5028990.78450,-75.73851023450,45.39831713460,2014-01-07,12:00:00 AM,01 - Clear,00 - Unknown,06 - Ice,10 - No control,,03 - P.D. only,06 - SMV unattended vehicle,0
14-329,FALLOWFIELD RD btwn HWY416 IC66 RAMP53 & HWY416 IC66 RAMP34,359812.42903,5014723.35840,-75.79891311330,45.27031553170,2014-01-07,5:11:00 PM,01 - Clear,05 - Dusk,01 - Dry,10 - No control,,02 - Non-fatal injury,01 - Approaching,0
14-330,FROBISHER LANE W @ RIVERSIDE DR,370118.99707,5029602.03964,-75.66561354930,45.40330830340,2014-01-07,5:22:00 PM,01 - Clear,05 - Dusk,02 - Wet,01 - Traffic signal,01 - Functioning,03 - P.D. only,05 - Turning movement,0
14-331,BRONSON AVE @ SOMERSET ST,366967.69610,5030476.31871,-75.70575411420,45.41146177210,2014-01-07,4:00:00 PM,01 - Clear,01 - Daylight,01 - Dry,01 - Traffic signal,01 - Functioning,02 - Non-fatal injury,03 - Rear end,0
14-332,MONTREAL RD @ SHEFFORD RD,376124.71656,5034854.33516,-75.58814509910,45.44997922310,2014-01-07,5:33:00 PM,01 - Clear,05 - Dusk,06 - Ice,01 - Traffic signal,01 - Functioning,03 - P.D. only,05 - Turning movement,0
14-333,CAMBRIDGE ST @ CARLING AVE,367353.70920,5029275.31656,-75.70097531480,45.40062110980,2014-01-07,4:40:00 PM,01 - Clear,05 - Dusk,06 - Ice,02 - Stop sign,01 - Functioning,03 - P.D. only,03 - Rear end,0
14-334,ARTHUR ST @ SOMERSET ST,366829.70170,5030391.31051,-75.70752763910,45.41070913750,2014-01-07,3:30:00 PM,01 - Clear,01 - Daylight,04 - Slush,01 - Traffic signal,01 - Functioning,03 - P.D. only,02 - Angle,0
14-335,INNES RD @ 215 W OF CYRVILLE RD/HOME DEPOT W,374863.18731,5031000.93303,-75.60481952080,45.41543606970,2014-01-07,5:02:00 PM,01 - Clear,05 - Dusk,01 - Dry,01 - Traffic signal,01 - Functioning,03 - P.D. only,03 - Rear end,0
14-336,CLEARBROOK DR btwn PIAZZA CIR & SILVERSTONE WAY,364917.61800,5015106.90400,-75.73381095340,45.27334879030,2014-01-07,5:49:00 PM,01 - Clear,07 - Dark,03 - Loose snow,10 - No control,,03 - P.D. only,01 - Approaching,0
14-337,OGILVIE RD btwn 240 W OF BLAIR RD & CITY PARK DR,374338.39544,5033099.46220,-75.61122758960,45.43436987250,2014-01-07,5:20:00 PM,01 - Clear,05 - Dusk,06 - Ice,10 - No control,,03 - P.D. only,03 - Rear end,0
14-338,ISLAND PARK DR @ RICHMOND RD,364130.17973,5028868.31726,-75.74219604080,45.39723961450,2014-01-07,4:30:00 PM,01 - Clear,01 - Daylight,03 - Loose snow,01 - Traffic signal,01 - Functioning,03 - P.D. only,02 - Angle,0
14-339,TERRY FOX DR @ PALLADIUM DR/KATIMAVIK RD,351269.21103,5018182.02869,-75.90745888910,45.30205406680,2014-01-07,5:00:00 PM,01 - Clear,05 - Dusk,06 - Ice,01 - Traffic signal,01 - Functioning,03 - P.D. only,03 - Rear end,0
14-340,MCARTHUR AVE @ VANIER PKWY,370218.70500,5032691.34636,-75.66392988800,45.43109536100,2014-01-07,5:20:00 PM,01 - Clear,05 - Dusk,01 - Dry,01 - Traffic signal,01 - Functioning,03 - P.D. only,03 - Rear end,0
14-341,CONROY RD @ THURSTON DR,373204.53050,5026796.17726,-75.62659232660,45.37776768000,2014-01-07,6:57:00 PM,00 - Unknown,07 - Dark,06 - Ice,01 - Traffic signal,02 - Not functioning,03 - P.D. only,03 - Rear end,0
14-342,ALBERT ST btwn SCOTT ST & CITY CENTRE AVE (1),365547.51162,5030086.29889,-75.72394456320,45.40807718950,2014-01-07,7:00:00 PM,01 - Clear,07 - Dark,02 - Wet,10 - No control,,03 - P.D. only,03 - Rear end,0
14-343,WELLINGTON ST    W btwn MELROSE AVE & MERTON ST,365486.67032,5029588.72684,-75.72478298690,45.40360543360,2014-01-07,7:20:00 PM,01 - Clear,07 - Dark,01 - Dry,10 - No control,,03 - P.D. only,02 - Angle,0
14-344,DALY AVE @ NELSON ST,368730.21717,5032358.85123,-75.68299439220,45.42824134430,2014-01-07,9:15:00 PM,01 - Clear,07 - Dark,06 - Ice,02 - Stop sign,01 - Functioning,03 - P.D. only,03 - Rear end,0
14-345,HUNT CLUB RD @ CANADAIR PRIV,368663.61862,5022310.91512,-75.68514530490,45.33783904200,2014-01-08,5:55:00 AM,01 - Clear,07 - Dark,01 - Dry,01 - Traffic signal,01 - Functioning,03 - P.D. only,03 - Rear end,0
14-346,INNES RD btwn DU GRAND BOIS AVE & 298 E OF WILDFLOWER DR,383119.22357,5035766.98744,-75.49859122600,45.45744167990,2014-01-08,5:55:00 AM,01 - Clear,07 - Dark,06 - Ice,10 - No control,,03 - P.D. only,07 - SMV other,0
14-347,FALLOWFIELD RD @ GREENBANK RD,363080.67570,5016732.70879,-75.75702955420,45.28813246870,2014-01-08,6:19:00 AM,01 - Clear,07 - Dark,02 - Wet,01 - Traffic signal,01 - Functioning,02 - Non-fatal injury,05 - Turning movement,0
14-348,INNES RD @ ORLEANS BLVD,380460.79510,5034296.65649,-75.53280373840,45.44450570220,2014-01-08,7:37:00 AM,01 - Clear,03 - Dawn,06 - Ice,01 - Traffic signal,00 - Unknown,03 - P.D. only,03 - Rear end,0
14-349,REGIONAL ROAD 174 btwn REGIONAL ROAD 174 & OR174 IC102 RAMP61,381893.63353,5038435.33084,-75.51384096410,45.48158546280,2014-01-08,7:36:00 AM,01 - Clear,03 - Dawn,06 - Ice,10 - No control,,03 - P.D. only,03 - Rear end,0
14-350,PRINCE OF WALES DR @ FALLOWFIELD RD,367400.72394,5019166.21671,-75.70165490510,45.30965737050,2014-01-08,7:44:00 AM,01 - Clear,03 - Dawn,01 - Dry,01 - Traffic signal,01 - Functioning,03 - P.D. only,02 - Angle,0
14-351,REGIONAL ROAD 174 btwn REGIONAL ROAD 174 & OR174 IC102 RAMP61,381663.20579,5038305.47301,-75.51680841300,45.48044252170,2014-01-08,7:55:00 AM,01 - Clear,01 - Daylight,06 - Ice,10 - No control,,02 - Non-fatal injury,03 - Rear end,0
14-352,HUNT CLUB RD btwn TURN LANE & RIVERSIDE DR,368012.87537,5021938.40091,-75.69349508150,45.33454616440,2014-01-08,7:45:00 AM,01 - Clear,03 - Dawn,06 - Ice,10 - No control,,03 - P.D. only,03 - Rear end,0
14-353,WOODCLIFFE PRIV @ JEANNE D'ARC BLVD,380107.56065,5036226.80692,-75.53702307470,45.46190986510,2014-01-08,8:26:00 AM,01 - Clear,01 - Daylight,06 - Ice,02 - Stop sign,00 - Unknown,03 - P.D. only,03 - Rear end,0
14-354,BAYFIELD AVE @ CARLING AVE,352346.11983,5022371.75319,-75.89332548320,45.33968203960,2014-01-08,9:00:00 AM,01 - Clear,01 - Daylight,06 - Ice,02 - Stop sign,01 - Functioning,03 - P.D. only,02 - Angle,0
14-355,BASSANO ST @ STARWOOD RD,363891.20067,5024314.26766,-75.74579312030,45.35628317520,2014-01-08,9:15:00 AM,01 - Clear,01 - Daylight,06 - Ice,02 - Stop sign,01 - Functioning,03 - P.D. only,02 - Angle,0
14-356,RYAN DR @ SOUTHWOOD DR,361004.14873,5023215.39673,-75.78276375620,45.34663293980,2014-01-08,9:16:00 AM,01 - Clear,01 - Daylight,06 - Ice,02 - Stop sign,01 - Functioning,03 - P.D. only,06 - SMV unattended vehicle,0
14-357,MART CIRC btwn ST. LAURENT BLVD & JARDIN PRIV,371046.80729,5035041.40094,-75.65303131510,45.45216212540,2014-01-07,6:00:00 PM,01 - Clear,07 - Dark,03 - Loose snow,10 - No control,,03 - P.D. only,06 - SMV unattended vehicle,0
14-358,HUNTLEY RD btwn MANSFIELD RD & BROWNLEE RD,354657.49099,5008604.52834,-75.86521764610,45.21564089480,2014-01-08,9:27:00 AM,01 - Clear,01 - Daylight,01 - Dry,10 - No control,,03 - P.D. only,07 - SMV other,0
14-359,WOODROFFE AVE btwn PINELAND AVE & SLACK RD,364220.50226,5020018.33118,-75.74210631730,45.31760092150,2014-01-08,8:00:00 AM,01 - Clear,01 - Daylight,06 - Ice,10 - No control,,03 - P.D. only,03 - Rear end,0
14-360,QUEENSBURY DR btwn BEATRICE DR & BURNTWOOD AVE,365243.95356,5016212.49571,-75.72951760750,45.28326889720,2014-01-08,10:23:00 AM,01 - Clear,01 - Daylight,06 - Ice,10 - No control,,03 - P.D. only,06 - SMV unattended vehicle,0
14-361,LEITRIM RD @ ALBION RD,373497.11117,5020419.26120,-75.62374284340,45.32036199420,2014-01-08,10:34:00 AM,01 - Clear,01 - Daylight,06 - Ice,01 - Traffic signal,01 - Functioning,03 - P.D. only,07 - SMV other,0
14-362,HAWTHORNE RD btwn STEVENAGE DR & HUNT CLUB RD,375395.99930,5026689.98244,-75.59862966550,45.37659481050,2014-01-08,10:35:00 AM,01 - Clear,01 - Daylight,02 - Wet,10 - No control,,02 - Non-fatal injury,05 - Turning movement,0
14-363,NORICE ST @ WOODROFFE AVE,363194.68400,5022397.23871,-75.75490865510,45.33909226730,2014-01-08,9:50:00 AM,01 - Clear,01 - Daylight,01 - Dry,01 - Traffic signal,01 - Functioning,03 - P.D. only,03 - Rear end,0
14-364,FISHER AVE @ MALIBU TER,366262.20467,5025800.29106,-75.71534893370,45.36945030150,2014-01-08,11:16:00 AM,01 - Clear,01 - Daylight,06 - Ice,02 - Stop sign,01 - Functioning,03 - P.D. only,07 - SMV other,0
14-365,REGIONAL ROAD 174 btwn OR174 IC112 RAMP26 & OR174 IC112 RAMP61,374853.88720,5032885.78327,-75.60467028210,45.43239585730,2014-01-06,10:00:00 AM,03 - Snow,01 - Daylight,03 - Loose snow,10 - No control,,03 - P.D. only,99 - Other,0
14-366,REGIONAL ROAD 174 btwn OR174 IC112 RAMP51 & OR174 IC112 RAMP15,374864.16390,5032866.47743,-75.60454170310,45.43222112400,2014-01-08,11:51:00 AM,01 - Clear,01 - Daylight,01 - Dry,10 - No control,,03 - P.D. only,04 - Sideswipe,0
14-367,EARL MULLIGAN DR @ WOODPARK WAY,365105.70400,5017424.22246,-75.73113242660,45.29418383800,2014-01-08,11:30:00 AM,01 - Clear,01 - Daylight,06 - Ice,02 - Stop sign,01 - Functioning,02 - Non-fatal injury,03 - Rear end,0
14-368,WEST HUNT CLUB RD EB btwn CLEOPATRA DR & 210 W OF MERIVALE RD,365309.71774,5021746.43570,-75.72800371940,45.33305719510,2014-01-08,1:06:00 PM,01 - Clear,01 - Daylight,06 - Ice,10 - No control,,03 - P.D. only,03 - Rear end,0
14-369,MONTREAL RD @ DEN HAAG DR/LANG'S RD,372386.71800,5034222.34416,-75.63601495460,45.44466436850,2014-01-08,1:59:00 PM,01 - Clear,01 - Daylight,06 - Ice,01 - Traffic signal,01 - Functioning,03 - P.D. only,07 - SMV other,0
14-370,LONGFIELDS DR @ WOODROFFE AVE,365421.64383,5017106.94490,-75.72714349750,45.29130180650,2014-01-08,2:35:00 PM,01 - Clear,01 - Daylight,06 - Ice,01 - Traffic signal,01 - Functioning,03 - P.D. only,07 - SMV other,0
14-371,ROSSIGNOL CRES W @ WINCANTON DR W,382706.38489,5039355.86621,-75.50330000540,45.48977738380,2014-01-08,3:06:00 PM,01 - Clear,01 - Daylight,06 - Ice,10 - No control,,03 - P.D. only,02 - Angle,0
14-372,ARGYLE AVE @ O'CONNOR ST,368184.71080,5030486.33346,-75.69020596200,45.41144271310,2014-01-08,3:16:00 PM,01 - Clear,01 - Daylight,02 - Wet,01 - Traffic signal,01 - Functioning,03 - P.D. only,05 - Turning movement,0
14-373,WOODROFFE AVE SB btwn TO BE DETERMINED & WEST HUNT CLUB RD,363646.52038,5021292.93450,-75.74927521280,45.32911806930,2014-01-08,3:21:00 PM,01 - Clear,01 - Daylight,01 - Dry,10 - No control,,03 - P.D. only,04 - Sideswipe,0
14-374,KANATA AVE btwn HWY417 IC139 RAMP15 & AIRD PL,351722.73816,5019139.85995,-75.90158548060,45.31064272490,2014-01-08,3:21:00 PM,03 - Snow,01 - Daylight,03 - Loose snow,10 - No control,,02 - Non-fatal injury,03 - Rear end,0
14-375,VANIER PKWY SB btwn MCARTHUR AVE & VANIER PKWY,370212.11438,5032669.03964,-75.66401707200,45.43089527010,2014-01-08,3:37:00 PM,01 - Clear,01 - Daylight,02 - Wet,10 - No control,,03 - P.D. only,03 - Rear end,0
14-376,BAYVIEW DR @ CONSTANCE BAY RD,338202.13327,5038629.65930,-76.07269065750,45.48679191070,2014-01-08,3:39:00 PM,01 - Clear,01 - Daylight,06 - Ice,10 - No control,,03 - P.D. only,02 - Angle,0
14-377,PARKDALE AVE @ RUSKIN ST,365507.19543,5028452.82413,-75.72466062300,45.39338306240,2014-01-08,4:00:00 PM,01 - Clear,01 - Daylight,06 - Ice,01 - Traffic signal,01 - Functioning,02 - Non-fatal injury,07 - SMV other,1
14-378,BANK ST btwn LEITRIM RD & ARENA PL,375377.52606,5021573.61624,-75.59959585090,45.33056189610,2014-01-08,4:09:00 PM,01 - Clear,01 - Daylight,02 - Wet,10 - No control,,03 - P.D. only,03 - Rear end,0
14-379,HUNT CLUB RD btwn MCCARTHY RD & RAMP,370846.34575,5023601.79916,-75.65712587460,45.34925196620,2014-01-08,4:17:00 PM,01 - Clear,05 - Dusk,02 - Wet,10 - No control,,03 - P.D. only,03 - Rear end,0
14-380,RUSSELL RD btwn SOUTHVALE CRES & WALKLEY RD,374630.25428,5028536.20724,-75.60814432380,45.39328299840,2014-01-08,4:20:00 PM,01 - Clear,05 - Dusk,02 - Wet,10 - No control,,02 - Non-fatal injury,02 - Angle,0
14-381,SAUNDERSON DR @ SMYTH RD,372793.73130,5029324.31126,-75.63148859110,45.40055474210,2014-01-08,4:25:00 PM,01 - Clear,05 - Dusk,02 - Wet,01 - Traffic signal,01 - Functioning,02 - Non-fatal injury,03 - Rear end,0
14-382,BESSERER ST @ KING EDWARD AVE,368550.70520,5032341.34256,-75.68529052500,45.42810019340,2014-01-05,11:45:00 PM,04 - Freezing Rain,07 - Dark,06 - Ice,01 - Traffic signal,01 - Functioning,03 - P.D. only,07 - SMV other,0
14-383,BEAVERBROOK LANE @ TERON RD,351771.62000,5021331.24966,-75.90075428350,45.33035807750,2014-01-08,4:38:00 PM,01 - Clear,05 - Dusk,02 - Wet,02 - Stop sign,01 - Functioning,03 - P.D. only,02 - Angle,0
14-384,KNOXDALE RD btwn CRAIG HENRY DR & WOODROFFE AVE,363289.56496,5021756.12421,-75.75377389200,45.33331566050,2014-01-08,5:02:00 PM,01 - Clear,05 - Dusk,06 - Ice,10 - No control,,03 - P.D. only,03 - Rear end,0
14-385,INNES RD btwn HWY417 IC112 RAMP68 & HWY417 IC112 RAMP67,374650.36906,5030924.30304,-75.60754917650,45.41476786980,2014-01-08,5:02:00 PM,01 - Clear,05 - Dusk,02 - Wet,10 - No control,,03 - P.D. only,03 - Rear end,0
14-386,REGIONAL ROAD 174 btwn OR174 IC112 RAMP51 & OR174 IC112 RAMP15,374945.47870,5032935.77747,-75.60349271080,45.43283649600,2014-01-08,5:04:00 PM,01 - Clear,05 - Dusk,01 - Dry,10 - No control,,02 - Non-fatal injury,03 - Rear end,0
14-387,WALKLEY RD btwn CONROY RD & 160 W OF CONROY RD,372778.50080,5027389.76704,-75.63194963160,45.38315002050,2014-01-08,5:15:00 PM,01 - Clear,05 - Dusk,02 - Wet,10 - No control,,02 - Non-fatal injury,03 - Rear end,0
14-388,GREENBANK RD @ MALVERN DR/FOXFIELD DR,363312.19337,5016195.19376,-75.75414177070,45.28327666680,2014-01-08,5:40:00 PM,01 - Clear,07 - Dark,06 - Ice,01 - Traffic signal,01 - Functioning,03 - P.D. only,03 - Rear end,0
14-389,RICHMOND RD @ HOLLY ACRES RD/NANAIMO DR,359058.16463,5022749.25656,-75.80764625840,45.34259183640,2014-01-08,6:11:00 PM,01 - Clear,07 - Dark,06 - Ice,01 - Traffic signal,01 - Functioning,03 - P.D. only,05 - Turning movement,0
14-390,BAYSHORE DR btwn WOODRIDGE CRES S & BAYSHORE CS,359227.49711,5023519.43805,-75.80540092210,45.34950882450,2014-01-08,6:11:00 PM,01 - Clear,07 - Dark,02 - Wet,10 - No control,,03 - P.D. only,04 - Sideswipe,0
14-391,HWY 417 MAITLAND IC126R26/62 @ MAITLAND AVE,363145.39777,5025983.75143,-75.75511419600,45.37136746070,2014-01-08,6:16:00 PM,01 - Clear,07 - Dark,01 - Dry,01 - Traffic signal,01 - Functioning,03 - P.D. only,05 - Turning movement,0
14-392,WOODROFFE AVE btwn FIELD ST & ADIRONDACK DR,362425.29686,5024088.00276,-75.76452789750,45.35436926950,2014-01-08,6:42:00 PM,01 - Clear,07 - Dark,01 - Dry,10 - No control,,03 - P.D. only,07 - SMV other,0
14-393,HAZELDEAN RD @ SPRINGBROOK DR,349870.58860,5015110.69219,-75.92557120280,45.27450833540,2014-01-08,7:06:00 PM,01 - Clear,07 - Dark,01 - Dry,01 - Traffic signal,01 - Functioning,03 - P.D. only,07 - SMV other,0
14-394,OTTAWA RIVER PKWY @ PORTAGE BRIDGE,366517.10611,5031314.81121,-75.71140523260,45.41904617130,2014-01-08,4:30:00 PM,01 - Clear,05 - Dusk,06 - Ice,01 - Traffic signal,01 - Functioning,03 - P.D. only,03 - Rear end,0
14-395,MERIVALE RD @ WOODFIELD DR/ROYDON PL,365462.70110,5022298.24541,-75.72598446180,45.33800910030,2014-01-08,6:15:00 PM,01 - Clear,07 - Dark,01 - Dry,01 - Traffic signal,01 - Functioning,03 - P.D. only,03 - Rear end,0
14-396,WOODROFFE AVE btwn FIRESTATION & BASELINE RD,362528.70254,5023826.06026,-75.76323882480,45.35200382580,2014-01-08,7:00:00 PM,01 - Clear,07 - Dark,06 - Ice,10 - No control,,03 - P.D. only,03 - Rear end,0
14-397,BILBERRY DR btwn DU BOIS AVE N & JEANNE D'ARC BLVD N,381212.69856,5038524.64619,-75.52253610400,45.48246390880,2014-01-08,8:09:00 PM,01 - Clear,07 - Dark,06 - Ice,10 - No control,,02 - Non-fatal injury,06 - SMV unattended vehicle,0
14-398,INVERNESS AVE btwn KILMORY CRES & BENSON ST,366005.18218,5024441.45727,-75.71879817810,45.35724626160,2014-01-08,8:13:00 PM,01 - Clear,07 - Dark,06 - Ice,10 - No control,,03 - P.D. only,05 - Turning movement,0
14-399,CARSONBY RD    W btwn PRINCE OF WALES DR & END,367029.12664,5004508.84155,-75.70822765610,45.17780365770,2014-01-08,9:00:00 PM,01 - Clear,07 - Dark,06 - Ice,10 - No control,,03 - P.D. only,07 - SMV other,0
14-400,DIXIE ST btwn SHELLEY AVE & BROWNING AVE,372325.26235,5030069.03632,-75.63736986970,45.40730079540,2014-01-07,8:00:00 PM,01 - Clear,07 - Dark,05 - Packed snow,10 - No control,,03 - P.D. only,06 - SMV unattended vehicle,0
14-401,HUNT CLUB RD @ RIVERSIDE DR,368036.19603,5021946.25896,-75.69319656990,45.33461476880,2014-01-09,7:20:00 AM,01 - Clear,03 - Dawn,06 - Ice,01 - Traffic signal,01 - Functioning,02 - Non-fatal injury,03 - Rear end,0
14-402,WOODROFFE AVE btwn HWY417 IC127 RAMP52 & HWY417 IC127 RAMP53,362194.06131,5024658.00101,-75.76741273650,45.35951703510,2014-01-09,7:28:00 AM,01 - Clear,03 - Dawn,01 - Dry,10 - No control,,03 - P.D. only,03 - Rear end,0
14-403,MARRISSA AVE btwn STEEL ST & INDIGO ST (2),374709.69580,5033965.81140,-75.60635952200,45.44212777270,2014-01-08,8:30:00 PM,01 - Clear,07 - Dark,06 - Ice,10 - No control,,03 - P.D. only,06 - SMV unattended vehicle,0
14-404,BANK ST btwn CLEMOW AVE & GLEBE AVE,368234.13392,5029801.50730,-75.68966271950,45.40527638900,2014-01-09,7:36:00 AM,01 - Clear,03 - Dawn,02 - Wet,10 - No control,,03 - P.D. only,05 - Turning movement,0
14-405,HERON RD btwn FINN CRT & BAYCREST DR,370987.04476,5026962.39515,-75.65488035860,45.37947623520,2014-01-09,7:46:00 AM,01 - Clear,03 - Dawn,02 - Wet,10 - No control,,03 - P.D. only,04 - Sideswipe,0
14-406,BUFFLEHEAD WAY btwn GOLDEN SEDGE WAY & SPARTINA ST,374691.76104,5019961.08348,-75.60857112740,45.31612156420,2014-01-08,9:00:00 PM,01 - Clear,07 - Dark,06 - Ice,10 - No control,,03 - P.D. only,06 - SMV unattended vehicle,0
14-407,BRONSON AVE @ POWELL AVE,367388.38587,5029477.97446,-75.70050669900,45.40244146830,2014-01-09,8:00:00 AM,01 - Clear,01 - Daylight,02 - Wet,01 - Traffic signal,01 - Functioning,03 - P.D. only,02 - Angle,0
14-408,FALLOWFIELD RD @ 482 E OF HOLITMAN DR/BARRHAVE,364169.12607,5017378.00937,-75.74307780350,45.29384776940,2014-01-09,8:08:00 AM,01 - Clear,01 - Daylight,01 - Dry,01 - Traffic signal,01 - Functioning,03 - P.D. only,03 - Rear end,0
14-409,REGIONAL ROAD 174 btwn OR174 IC112 RAMP26 & OR174 IC112 RAMP61,375098.01589,5033069.93104,-75.60152426740,45.43402821600,2014-01-09,8:19:00 AM,01 - Clear,01 - Daylight,01 - Dry,10 - No control,,03 - P.D. only,99 - Other,0
14-410,ALBION RD @ RIDEAU RD,375092.27827,5016674.45970,-75.60392937000,45.28650970320,2014-01-09,8:44:00 AM,01 - Clear,01 - Daylight,01 - Dry,01 - Traffic signal,01 - Functioning,02 - Non-fatal injury,05 - Turning movement,0
14-411,FIFTH AVE @ MONK ST,368343.21437,5029366.80849,-75.68832542880,45.40135521310,2014-01-09,8:45:00 AM,01 - Clear,01 - Daylight,06 - Ice,02 - Stop sign,01 - Functioning,03 - P.D. only,03 - Rear end,0
14-412,WOODROFFE AVE btwn STONELEIGH ST & WHITEWATER ST,366454.31319,5014540.03107,-75.71429823810,45.26811504030,2014-01-09,8:53:00 AM,01 - Clear,01 - Daylight,02 - Wet,10 - No control,,02 - Non-fatal injury,03 - Rear end,0
14-413,BROKEN OAK DR @ ORLEANS BLVD,379865.72450,5038318.86663,-75.53979546260,45.48075860340,2014-01-09,8:54:00 AM,01 - Clear,01 - Daylight,02 - Wet,02 - Stop sign,00 - Unknown,03 - P.D. only,03 - Rear end,0
14-414,COLONEL BY DR @ UNIVERSITY RD - CARLETON,367345.55069,5026849.15334,-75.70138701690,45.37879186740,2014-01-09,9:29:00 AM,01 - Clear,01 - Daylight,02 - Wet,01 - Traffic signal,01 - Functioning,03 - P.D. only,02 - Angle,0
14-415,BROADVIEW AVE @ TILLBURY AVE,363071.19397,5026906.79099,-75.75595254940,45.37967902700,2014-01-09,9:41:00 AM,01 - Clear,01 - Daylight,06 - Ice,02 - Stop sign,01 - Functioning,02 - Non-fatal injury,03 - Rear end,0
14-416,BEECHWOOD AVE btwn LANGEVIN AVE & ST. CHARLES ST,369399.94601,5033775.51539,-75.67425049650,45.44092638930,2014-01-09,8:30:00 AM,01 - Clear,01 - Daylight,06 - Ice,10 - No control,,03 - P.D. only,04 - Sideswipe,0
14-417,MAPLE AVE @ ANN ST,368698.70480,5009847.91554,-75.68630234320,45.22569540180,2014-01-09,9:54:00 AM,01 - Clear,01 - Daylight,02 - Wet,02 - Stop sign,00 - Unknown,03 - P.D. only,05 - Turning movement,0
14-418,FIRST AVE @ O'CONNOR ST,368553.70760,5029870.32406,-75.68557185150,45.40586654650,2014-01-08,9:56:00 AM,01 - Clear,01 - Daylight,06 - Ice,02 - Stop sign,01 - Functioning,03 - P.D. only,03 - Rear end,0
14-419,LEITRIM RD btwn LIMEBANK RD & HIGH RD,370647.91120,5018649.90391,-75.66031658050,45.30471475800,2014-01-09,10:28:00 AM,01 - Clear,01 - Daylight,06 - Ice,10 - No control,,02 - Non-fatal injury,07 - SMV other,0
14-420,HAWTHORNE RD @ HUNT CLUB RD,375507.74990,5026406.78269,-75.59724355770,45.37403544920,2014-01-09,10:35:00 AM,01 - Clear,01 - Daylight,01 - Dry,01 - Traffic signal,00 - Unknown,03 - P.D. only,01 - Approaching,0
14-421,ST. JOSEPH BLVD @ JEANNE D'ARC BLVD,379861.24947,5036472.34136,-75.54013478230,45.46414550310,2014-01-09,11:12:00 AM,01 - Clear,01 - Daylight,01 - Dry,11 - Roundabout,00 - Unknown,03 - P.D. only,04 - Sideswipe,0
14-422,BANK ST @ THIRD AVE,368336.20383,5029551.81639,-75.68839113470,45.40302049230,2014-01-09,11:44:00 AM,01 - Clear,01 - Daylight,04 - Slush,01 - Traffic signal,01 - Functioning,03 - P.D. only,02 - Angle,0
14-423,GOULBOURN FORCED RD btwn TERRY FOX DR & KANATA ROCKERIES PRIV,349349.91518,5022659.26978,-75.93152832840,45.34246584470,2014-01-09,9:50:00 AM,01 - Clear,01 - Daylight,06 - Ice,10 - No control,,03 - P.D. only,07 - SMV other,0
14-424,CENTER ST @ MONTREAL RD,371823.14695,5033953.02655,-75.64325515030,45.44229544170,2014-01-09,12:13:00 PM,01 - Clear,01 - Daylight,01 - Dry,02 - Stop sign,01 - Functioning,03 - P.D. only,04 - Sideswipe,0
14-425,UPLANDS DR btwn PAUL ANKA DR & SHEARWATER PRIV,369472.93253,5023562.58814,-75.67465646150,45.34902714690,2014-01-08,10:00:00 PM,01 - Clear,07 - Dark,01 - Dry,10 - No control,,03 - P.D. only,06 - SMV unattended vehicle,0