Record,Location,X,Y,Longitude,Latitude,Date,Time,Environment,Light,Road_Surface,Traffic_Control,Collision_Location,Collision_Classification,Impact_type,Pedestrian
14-426,GREENBANK RD @ WEST HUNT CLUB RD,361480.69094,5020501.71874,-75.77699374650,45.32217697370,2014-01-09,12:49:00 PM,01 - Clear,01 - Daylight,02 - Wet,01 - Traffic signal,01 - Functioning,03 - P.D. only,03 - Rear end,0
14-427,CHAPEL CRES/CHAPEL ST @ MANN AVE,369551.28077,5031552.98358,-75.67260851700,45.42091492760,2014-01-09,1:22:00 PM,01 - Clear,01 - Daylight,06 - Ice,02 - Stop sign,01 - Functioning,03 - P.D. only,03 - Rear end,0
14-428,VIEWMOUNT DR btwn SULLIVAN AVE & PARKSIDE CRES,364050.15433,5022593.47102,-75.74397066650,45.34078622210,2014-01-09,1:47:00 PM,01 - Clear,01 - Daylight,06 - Ice,10 - No control,,03 - P.D. only,01 - Approaching,0
14-429,BANK ST @ ST. BERNARD ST,373003.72586,5023709.25916,-75.62958201710,45.35001237110,2014-01-09,2:07:00 PM,01 - Clear,01 - Daylight,01 - Dry,01 - Traffic signal,01 - Functioning,03 - P.D. only,03 - Rear end,0
14-430,VIEWMOUNT DR btwn SULLIVAN AVE & PARKSIDE CRES,364040.56201,5022598.26719,-75.74409247880,45.34083018790,2014-01-09,2:45:00 PM,01 - Clear,01 - Daylight,06 - Ice,10 - No control,,03 - P.D. only,07 - SMV other,0
14-431,ST. PATRICK ST @ SUSSEX DR,367665.47545,5032462.84352,-75.69658678310,45.42927354370,2014-01-09,1:15:00 PM,01 - Clear,01 - Daylight,01 - Dry,01 - Traffic signal,01 - Functioning,03 - P.D. only,04 - Sideswipe,0
14-432,INNES RD @ TENTH LINE RD,383952.23992,5036158.12195,-75.48787877490,45.46086688640,2014-01-09,2:49:00 PM,01 - Clear,01 - Daylight,01 - Dry,01 - Traffic signal,01 - Functioning,03 - P.D. only,02 - Angle,0
14-433,MONTREAL RD @ PALACE ST,369954.48103,5032998.58560,-75.66726573220,45.43388443940,2014-01-09,3:15:00 PM,01 - Clear,01 - Daylight,04 - Slush,10 - No control,,03 - P.D. only,03 - Rear end,0
14-434,BANK ST btwn NEPEAN ST & LISGAR ST,367601.67197,5031070.65255,-75.69757958740,45.41675279760,2014-01-09,3:34:00 PM,01 - Clear,01 - Daylight,01 - Dry,10 - No control,,03 - P.D. only,04 - Sideswipe,0
14-435,BAYSHORE DR btwn WOODRIDGE CRES S & BAYSHORE CS,359216.93896,5023536.12197,-75.80553381790,45.34965976570,2014-01-09,1:00:00 PM,01 - Clear,01 - Daylight,01 - Dry,10 - No control,,03 - P.D. only,05 - Turning movement,0
14-436,PALMADEO DR @ RODEO DR,365085.24056,5015840.99653,-75.73158567490,45.27993978790,2014-01-09,3:58:00 PM,01 - Clear,01 - Daylight,06 - Ice,02 - Stop sign,01 - Functioning,03 - P.D. only,02 - Angle,0
14-437,TRIM RD @ DAIRY DR/TAYLOR CREEK DR,384535.55797,5039596.65843,-75.47986294860,45.49173722260,2014-01-09,4:00:00 PM,01 - Clear,01 - Daylight,02 - Wet,02 - Stop sign,00 - Unknown,03 - P.D. only,04 - Sideswipe,0
14-438,HWY 417 MAITLAND IC126R26/62 @ MAITLAND AVE,363145.29846,5025984.66486,-75.75511535570,45.37137568850,2014-01-09,3:59:00 PM,01 - Clear,01 - Daylight,01 - Dry,01 - Traffic signal,01 - Functioning,03 - P.D. only,02 - Angle,0
14-439,CARP RD btwn LLOYDALEX CRES & ROTHBOURNE RD,348089.55511,5015055.95794,-75.94827433240,45.27412772150,2014-01-09,4:31:00 PM,01 - Clear,01 - Daylight,02 - Wet,10 - No control,,03 - P.D. only,03 - Rear end,0
14-440,ALTA VISTA DR btwn WESMAR DR & HERON RD,370485.52816,5026950.01911,-75.66128500570,45.37941207860,2014-01-09,4:36:00 PM,01 - Clear,05 - Dusk,01 - Dry,10 - No control,,03 - P.D. only,03 - Rear end,0
14-441,CARLING AVE @ MELROSE AVE,365970.70530,5028391.80439,-75.71874888980,45.39279368560,2014-01-09,4:48:00 PM,01 - Clear,05 - Dusk,02 - Wet,02 - Stop sign,01 - Functioning,02 - Non-fatal injury,05 - Turning movement,0
14-442,CARP RD @ STITTSVILLE MAIN ST,349525.29307,5014329.94981,-75.93004212850,45.26750498910,2014-01-09,5:25:00 PM,01 - Clear,05 - Dusk,01 - Dry,01 - Traffic signal,01 - Functioning,03 - P.D. only,03 - Rear end,0
14-443,WEST HUNT CLUB RD @ ROYDON PL/SUNDERLAND ST,365973.20063,5022170.75763,-75.71948719460,45.33681765900,2014-01-09,5:35:00 PM,01 - Clear,05 - Dusk,01 - Dry,01 - Traffic signal,01 - Functioning,03 - P.D. only,03 - Rear end,0
14-444,RIVERSIDE DR @ TREMBLAY RD/HWY417 IC117 RAMP52,370802.58507,5031016.66836,-75.65669292350,45.41597245160,2014-01-09,4:45:00 PM,01 - Clear,05 - Dusk,06 - Ice,01 - Traffic signal,01 - Functioning,03 - P.D. only,03 - Rear end,0
14-445,HAZELDEAN RD btwn FRINGEWOOD DR & HUNTMAR DR,350832.76577,5015980.15162,-75.91322817130,45.28226967130,2014-01-09,5:44:00 PM,01 - Clear,07 - Dark,01 - Dry,10 - No control,,03 - P.D. only,02 - Angle,0
14-446,RIVERSIDE DR btwn QUESNEL DR & MARILYN AVE,368083.87200,5024151.52794,-75.69230621990,45.35445300790,2014-01-09,5:44:00 PM,01 - Clear,07 - Dark,01 - Dry,10 - No control,,03 - P.D. only,03 - Rear end,0
14-447,DAZE ST btwn HUNT CLUB RD & 200 W OF BANK ST,371266.17804,5023908.73669,-75.65172736780,45.35197403090,2014-01-09,5:50:00 PM,01 - Clear,07 - Dark,05 - Packed snow,10 - No control,,03 - P.D. only,03 - Rear end,0
14-448,BRIDGE ST/MAPLE AVE @ MANOTICK MAIN ST,368699.77835,5009932.61275,-75.68627779960,45.22645740730,2014-01-07,8:00:00 AM,01 - Clear,01 - Daylight,03 - Loose snow,01 - Traffic signal,01 - Functioning,03 - P.D. only,03 - Rear end,0
14-449,INNES RD @ STAR TOP RD/WINDMILL LANE,374148.23277,5030667.32096,-75.61400015950,45.41250561970,2014-01-09,5:00:00 PM,01 - Clear,05 - Dusk,01 - Dry,01 - Traffic signal,00 - Unknown,03 - P.D. only,03 - Rear end,0
14-450,CAHILL DR @ HUNT CLUB RD,372407.73470,5024542.25581,-75.63707329730,45.35756508510,2014-01-02,3:00:00 PM,01 - Clear,01 - Daylight,06 - Ice,01 - Traffic signal,01 - Functioning,03 - P.D. only,03 - Rear end,0
14-451,LEWIS ST @ METCALFE ST,368121.21907,5030923.82879,-75.69096083430,45.41538490070,2014-01-09,6:25:00 PM,01 - Clear,07 - Dark,01 - Dry,02 - Stop sign,00 - Unknown,03 - P.D. only,05 - Turning movement,0
14-452,WEST HUNT CLUB RD WB btwn ROYDON PL/SUNDERLAND ST & 545 E OF ROYDON PL,366000.07008,5022185.96675,-75.71914251590,45.33695216600,2014-01-09,6:29:00 PM,01 - Clear,07 - Dark,02 - Wet,10 - No control,,03 - P.D. only,03 - Rear end,0
14-453,AGINCOURT RD @ MAITLAND AVE,363446.68660,5025451.28736,-75.75133123320,45.36655126860,2014-01-09,6:00:00 PM,01 - Clear,07 - Dark,06 - Ice,02 - Stop sign,01 - Functioning,03 - P.D. only,03 - Rear end,0
14-454,FRENCH HILL RD btwn EMMETT RD & BIRCHGROVE RD,396038.54766,5039176.79800,-75.33280049030,45.48655092940,2014-01-09,7:19:00 PM,01 - Clear,07 - Dark,06 - Ice,10 - No control,,03 - P.D. only,07 - SMV other,0
14-455,BALSAM ST btwn ROCHESTER ST & BOOTH ST,366662.10321,5029874.49056,-75.70973347220,45.40607377010,2014-01-09,4:00:00 PM,01 - Clear,05 - Dusk,06 - Ice,10 - No control,,03 - P.D. only,06 - SMV unattended vehicle,0
14-456,MCCLELLAN RD btwn HOBART CRES & WOODFERN CRT,360492.17290,5020999.85417,-75.78954605330,45.32673832640,2014-01-08,6:00:00 PM,01 - Clear,07 - Dark,06 - Ice,10 - No control,,03 - P.D. only,06 - SMV unattended vehicle,0
14-457,HAZELDEAN RD btwn GO/KA BOUNDARY & HUNTMAR DR/IBER RD,351314.77678,5016411.76430,-75.90704392870,45.28612171980,2014-01-09,5:30:00 PM,01 - Clear,05 - Dusk,01 - Dry,10 - No control,,03 - P.D. only,04 - Sideswipe,0
14-458,HUNT CLUB RD btwn PIKE ST & CONROY RD,373442.74610,5025179.51327,-75.62377573000,45.36319830950,2014-01-09,9:15:00 PM,01 - Clear,07 - Dark,02 - Wet,10 - No control,,03 - P.D. only,04 - Sideswipe,0
14-459,INNES RD btwn TENTH LINE RD & 240 E OF TENTH LINE RD/HOME DEPOT E,383962.40669,5036164.37702,-75.48774778510,45.46092201130,2014-01-09,9:18:00 PM,01 - Clear,07 - Dark,01 - Dry,10 - No control,,03 - P.D. only,04 - Sideswipe,0
14-460,RICHMOND RD btwn PATRICIA AVE & LEIGHTON TER,364056.11292,5028819.25719,-75.74314788080,45.39680445320,2014-01-09,10:22:00 PM,01 - Clear,07 - Dark,02 - Wet,10 - No control,,03 - P.D. only,06 - SMV unattended vehicle,0
14-461,PLACE D'ORLEANS DR @ OR174 IC102 RAMP51/TRANSI,381391.62708,5038029.80281,-75.52032477200,45.47799212150,2014-01-10,7:31:00 AM,01 - Clear,03 - Dawn,02 - Wet,01 - Traffic signal,01 - Functioning,02 - Non-fatal injury,02 - Angle,0
14-462,KANATA AVE @ TERRY FOX DR,349305.86750,5019211.33111,-75.93240030770,45.31144316990,2014-01-10,8:09:00 AM,01 - Clear,01 - Daylight,03 - Loose snow,01 - Traffic signal,01 - Functioning,03 - P.D. only,05 - Turning movement,0
14-463,FISHER AVE btwn DEER PARK RD & KINTYRE PRIV,366484.21503,5025265.21669,-75.71258173390,45.36461630740,2014-01-10,8:23:00 AM,03 - Snow,01 - Daylight,03 - Loose snow,10 - No control,,02 - Non-fatal injury,05 - Turning movement,0
14-464,LANTHIER DR @ VANTAGE DR,383601.26837,5035848.81429,-75.49241552630,45.45812368740,2014-01-09,5:00:00 PM,01 - Clear,05 - Dusk,06 - Ice,02 - Stop sign,01 - Functioning,02 - Non-fatal injury,03 - Rear end,0
14-465,EAGLESON RD @ COPE DR/CADENCE GT,354620.14837,5016025.53147,-75.86494935950,45.28241979480,2014-01-10,9:23:00 AM,03 - Snow,01 - Daylight,04 - Slush,01 - Traffic signal,01 - Functioning,03 - P.D. only,02 - Angle,0
14-466,PETER MORAND CRES S @ ROGER GUINDON AVE S,371943.19080,5029497.31117,-75.64232810400,45.40219341110,2014-01-09,1:40:00 PM,01 - Clear,01 - Daylight,02 - Wet,02 - Stop sign,01 - Functioning,03 - P.D. only,02 - Angle,0
14-467,KING EDWARD AVE @ SUSSEX DR,367664.27401,5033504.01872,-75.69646919360,45.43864178520,2014-01-09,3:15:00 PM,01 - Clear,01 - Daylight,02 - Wet,01 - Traffic signal,01 - Functioning,03 - P.D. only,03 - Rear end,0
14-468,MERIVALE RD @ 210 S OF MEADOWLANDS DR,364946.07848,5023531.97385,-75.73242561900,45.34915451180,2014-01-10,11:51:00 AM,03 - Snow,01 - Daylight,02 - Wet,01 - Traffic signal,01 - Functioning,03 - P.D. only,03 - Rear end,0
14-469,MACDONALD-CARTIER BR btwn RAMP & END (2),367359.51749,5033232.11411,-75.70039876320,45.43622261620,2014-01-10,6:55:00 AM,03 - Snow,03 - Dawn,02 - Wet,10 - No control,,03 - P.D. only,07 - SMV other,0
14-470,RUSSELL RD btwn RUSSELL RD & CARLSBAD LANE,386657.84012,5025977.64912,-75.45497883190,45.36896071020,2014-01-09,8:10:00 PM,01 - Clear,07 - Dark,01 - Dry,10 - No control,,03 - P.D. only,03 - Rear end,0
14-471,CAMPEAU DR @ TERON RD/COLCHESTER SQ,352563.72250,5020468.28626,-75.89073276630,45.32253949680,2014-01-10,12:55:00 PM,03 - Snow,01 - Daylight,06 - Ice,01 - Traffic signal,01 - Functioning,03 - P.D. only,03 - Rear end,0
14-472,ST. LAURENT BLVD @ WALKLEY RD,373902.86661,5028046.85465,-75.61750176460,45.38895218690,2014-01-10,1:58:00 PM,01 - Clear,01 - Daylight,02 - Wet,01 - Traffic signal,01 - Functioning,03 - P.D. only,02 - Angle,0
14-473,SMYTH RD @ RIVERSIDE HOSPITAL,369987.40038,5029120.61962,-75.66735802220,45.39898892650,2014-01-10,1:57:00 PM,01 - Clear,01 - Daylight,02 - Wet,01 - Traffic signal,01 - Functioning,03 - P.D. only,04 - Sideswipe,0
14-474,HUNT CLUB RD btwn TURN LANE & RIVERSIDE DR,368014.16103,5021936.38579,-75.69347893810,45.33452791710,2014-01-10,1:40:00 PM,01 - Clear,01 - Daylight,01 - Dry,10 - No control,,03 - P.D. only,02 - Angle,0
14-475,BEL-AIR DR btwn GARFIELD AVE & GARFIELD AVE,363167.34024,5025472.81750,-75.75489445130,45.36676831160,2014-01-10,12:45:00 PM,01 - Clear,01 - Daylight,02 - Wet,10 - No control,,03 - P.D. only,06 - SMV unattended vehicle,0
14-476,DU PLATEAU ST btwn AVEBURY DR & ESPRIT DR,384801.00417,5036404.69356,-75.47698721710,45.46298863020,2014-01-10,2:43:00 PM,01 - Clear,01 - Daylight,06 - Ice,10 - No control,,03 - P.D. only,01 - Approaching,0
14-477,PRINCE ALBERT ST @ QUILL ST,370744.20983,5031929.83589,-75.65731647510,45.42419425940,2014-01-10,12:50:00 PM,03 - Snow,01 - Daylight,06 - Ice,02 - Stop sign,01 - Functioning,03 - P.D. only,02 - Angle,0
14-478,MONTREAL RD btwn ST. LAURENT BLVD & HILLSIDE DR,371661.60554,5033873.03594,-75.64533074240,45.44159119230,2014-01-10,2:50:00 PM,03 - Snow,01 - Daylight,02 - Wet,10 - No control,,02 - Non-fatal injury,02 - Angle,0
14-479,BOOTHFIELD ST @ COOKS MILL CRES N,370228.20600,5016803.54710,-75.66591163470,45.28814082480,2014-01-10,3:06:00 PM,03 - Snow,01 - Daylight,06 - Ice,02 - Stop sign,01 - Functioning,03 - P.D. only,02 - Angle,0
14-480,BRONSON AVE @ IMPERIAL AVE/PLYMOUTH ST,367319.19939,5029644.38821,-75.70136929120,45.40394499320,2014-01-10,3:12:00 PM,01 - Clear,01 - Daylight,02 - Wet,10 - No control,,03 - P.D. only,05 - Turning movement,0
14-481,RIVERSIDE DR @ HERON RD,368121.10490,5026647.98156,-75.69151113410,45.37691211450,2014-01-10,12:45:00 PM,00 - Unknown,01 - Daylight,02 - Wet,01 - Traffic signal,01 - Functioning,03 - P.D. only,03 - Rear end,0
14-482,BANK ST @ SUNNYSIDE AVE,368736.14755,5028579.15112,-75.68340886790,45.39423234740,2014-01-10,1:30:00 PM,03 - Snow,01 - Daylight,04 - Slush,01 - Traffic signal,01 - Functioning,03 - P.D. only,03 - Rear end,0
14-483,CASERTA PL btwn Continuation of CASERTA PL & Continuation of CASERTA P,384375.67129,5039061.24940,-75.48199500210,45.48693838110,2014-01-09,8:10:00 PM,01 - Clear,07 - Dark,06 - Ice,10 - No control,,03 - P.D. only,06 - SMV unattended vehicle,0
14-484,DIDSBURY RD btwn TERRY FOX DR & END,350607.80892,5018903.29333,-75.91582550020,45.30858764450,2014-01-10,5:24:00 PM,01 - Clear,05 - Dusk,03 - Loose snow,10 - No control,,03 - P.D. only,01 - Approaching,0
14-485,BASELINE RD @ MERIVALE RD,365054.69640,5025325.76839,-75.73082092860,45.36528548060,2014-01-10,4:20:00 PM,01 - Clear,05 - Dusk,01 - Dry,01 - Traffic signal,01 - Functioning,03 - P.D. only,04 - Sideswipe,0
14-486,BOTELER ST @ PARENT AVE,367555.19523,5032991.34536,-75.69792865620,45.43403872810,2014-01-10,6:00:00 PM,01 - Clear,07 - Dark,06 - Ice,02 - Stop sign,01 - Functioning,03 - P.D. only,03 - Rear end,0
14-487,RIVERSIDE DR RAMP 42A @ RIVERSIDE DR,368444.32294,5027268.43822,-75.68730469940,45.38246552390,2014-01-10,6:00:00 PM,01 - Clear,07 - Dark,02 - Wet,03 - Yield sign,00 - Unknown,03 - P.D. only,03 - Rear end,0
14-488,DUNROBIN RD btwn LILLIAN WAY & HARWOOD LANE,345739.41038,5027715.59881,-75.97717860700,45.38818407670,2014-01-10,7:04:00 PM,01 - Clear,07 - Dark,02 - Wet,10 - No control,,03 - P.D. only,07 - SMV other,0
14-489,ALBION RD @ HUNT CLUB RD,371867.73370,5024321.78523,-75.64399485800,45.35563322840,2014-01-10,7:14:00 PM,01 - Clear,07 - Dark,02 - Wet,01 - Traffic signal,01 - Functioning,02 - Non-fatal injury,03 - Rear end,0
14-490,TEMISKAMING CRES btwn FOXRIDGE WAY & TEMAGAMI DR (1),365270.04940,5014687.21110,-75.72937079090,45.26954218260,2014-01-10,10:51:00 PM,01 - Clear,07 - Dark,06 - Ice,10 - No control,,03 - P.D. only,06 - SMV unattended vehicle,0
14-491,CONROY RD @ HUNT CLUB RD,373763.74000,5025405.79023,-75.61964715020,45.36520275010,2014-01-11,5:09:00 AM,04 - Freezing Rain,07 - Dark,06 - Ice,01 - Traffic signal,01 - Functioning,03 - P.D. only,07 - SMV other,0
14-492,LOYOLA AVE btwn EASTVALE DR & DE SALABERRY ST,375754.11251,5035074.44477,-75.59285075950,45.45199735640,2014-01-11,5:37:00 AM,04 - Freezing Rain,07 - Dark,06 - Ice,10 - No control,,03 - P.D. only,01 - Approaching,0
14-493,TENTH LINE RD btwn 275 N OF DES EPINETTES AVE/FALLINGBROOK SC & DES EP,383540.59487,5037131.38112,-75.49298575810,45.46966990990,2014-01-11,6:20:00 AM,04 - Freezing Rain,07 - Dark,06 - Ice,10 - No control,,03 - P.D. only,07 - SMV other,0
14-494,CROYDON AVE @ RICHMOND RD,360545.17983,5025273.28016,-75.78838827140,45.36518633760,2014-01-11,6:23:00 AM,02 - Rain,07 - Dark,06 - Ice,01 - Traffic signal,01 - Functioning,03 - P.D. only,07 - SMV other,0
14-495,RIVERSIDE DR @ WALKLEY RD,368420.14570,5024852.58143,-75.68792455340,45.36073048660,2014-01-11,6:30:00 AM,02 - Rain,07 - Dark,06 - Ice,01 - Traffic signal,01 - Functioning,02 - Non-fatal injury,07 - SMV other,0
14-496,GLADSTONE AVE @ LYON ST,367583.71350,5030362.83853,-75.69789918680,45.41038571840,2014-01-11,6:30:00 AM,04 - Freezing Rain,07 - Dark,06 - Ice,01 - Traffic signal,01 - Functioning,03 - P.D. only,07 - SMV other,0
14-497,COLONNADE RD @ PRINCE OF WALES DR,367395.21857,5023266.76959,-75.70120665430,45.34655394590,2014-01-11,6:35:00 AM,04 - Freezing Rain,07 - Dark,06 - Ice,01 - Traffic signal,01 - Functioning,02 - Non-fatal injury,07 - SMV other,0
14-498,HUNT CLUB RD @ RIVERSIDE DR,368036.70300,5021946.25896,-75.69319010200,45.33461472310,2014-01-11,6:36:00 AM,04 - Freezing Rain,07 - Dark,06 - Ice,01 - Traffic signal,01 - Functioning,02 - Non-fatal injury,02 - Angle,0
14-499,MAIN ST btwn CLEGG ST & MCNAUGHTON AVE,369291.98613,5029873.65985,-75.67614117730,45.40582892820,2014-01-11,6:47:00 AM,04 - Freezing Rain,07 - Dark,06 - Ice,10 - No control,,03 - P.D. only,05 - Turning movement,0
14-501,RUSSELL RD btwn MILTON RD & SAND RD,390085.28995,5025452.97694,-75.41132134680,45.36383154310,2014-01-11,6:15:00 AM,04 - Freezing Rain,07 - Dark,06 - Ice,10 - No control,,03 - P.D. only,07 - SMV other,0
14-502,DUMAURIER AVE @ PINECREST RD,360321.55433,5023834.33799,-75.79140436260,45.35225652900,2014-01-11,6:53:00 AM,04 - Freezing Rain,07 - Dark,06 - Ice,01 - Traffic signal,01 - Functioning,03 - P.D. only,02 - Angle,0
14-503,FALLOWFIELD RD @ GREENBANK RD,363080.16873,5016732.70879,-75.75703601690,45.28813251070,2014-01-11,7:00:00 AM,04 - Freezing Rain,03 - Dawn,06 - Ice,01 - Traffic signal,01 - Functioning,03 - P.D. only,03 - Rear end,0
14-504,ALBION RD @ BANK ST,371949.09757,5024128.55153,-75.64298274880,45.35388679090,2014-01-11,7:09:00 AM,04 - Freezing Rain,07 - Dark,06 - Ice,01 - Traffic signal,01 - Functioning,03 - P.D. only,02 - Angle,0
14-505,BANK ST @ LYNCH ST,374685.22303,5022428.54743,-75.60830621790,45.33832351100,2014-01-11,7:19:00 AM,04 - Freezing Rain,03 - Dawn,06 - Ice,02 - Stop sign,00 - Unknown,03 - P.D. only,07 - SMV other,0
14-506,WALKLEY RD btwn BANK ST & BANFF AVE,370403.75821,5025986.01120,-75.66245704250,45.37074591560,2014-01-11,7:14:00 AM,04 - Freezing Rain,03 - Dawn,06 - Ice,10 - No control,,03 - P.D. only,04 - Sideswipe,0
14-507,BRIDGESTONE DR btwn FOXHALL WAY & KINGBROOK DR,355189.22318,5016420.01281,-75.85765583740,45.28592885860,2014-01-11,7:12:00 AM,04 - Freezing Rain,03 - Dawn,06 - Ice,10 - No control,,03 - P.D. only,06 - SMV unattended vehicle,0
14-508,RIVERSIDE DR @ BROOKFIELD RD/HOG'S BACK RD,368164.67699,5026231.35232,-75.69100831330,45.37315945570,2014-01-11,7:17:00 AM,04 - Freezing Rain,03 - Dawn,06 - Ice,01 - Traffic signal,01 - Functioning,03 - P.D. only,03 - Rear end,0
14-509,BASELINE RD @ CENTREPOINTE DR W/COBDEN RD,361633.20178,5023208.94925,-75.77473762430,45.34652423730,2014-01-11,7:15:00 AM,04 - Freezing Rain,03 - Dawn,06 - Ice,01 - Traffic signal,01 - Functioning,03 - P.D. only,02 - Angle,0
14-510,BANK ST btwn CONROY RD & KEMP DR,375063.23351,5022224.28089,-75.60351262510,45.33644785070,2014-01-11,7:21:00 AM,04 - Freezing Rain,03 - Dawn,06 - Ice,10 - No control,,03 - P.D. only,07 - SMV other,0
14-511,ALBERT ST @ BOOTH ST,366429.92777,5030626.56660,-75.71260512590,45.41286122600,2014-01-11,7:26:00 AM,02 - Rain,03 - Dawn,06 - Ice,01 - Traffic signal,01 - Functioning,03 - P.D. only,03 - Rear end,0
14-512,WOODROFFE AVE @ QUEENSBURY DR/RIDEAUCREST DR,365727.78895,5016328.60786,-75.72333644160,45.28427189890,2014-01-11,7:30:00 AM,04 - Freezing Rain,03 - Dawn,06 - Ice,01 - Traffic signal,01 - Functioning,03 - P.D. only,03 - Rear end,0
14-513,MAIN ST @ TORONTO ST,369512.74682,5029341.94181,-75.67339112110,45.40102434020,2014-01-11,7:32:00 AM,04 - Freezing Rain,03 - Dawn,06 - Ice,02 - Stop sign,01 - Functioning,03 - P.D. only,05 - Turning movement,0
14-514,GREENBANK RD @ MALVERN DR/FOXFIELD DR,363311.68640,5016194.68679,-75.75414829270,45.28327214700,2014-01-11,7:30:00 AM,04 - Freezing Rain,03 - Dawn,06 - Ice,01 - Traffic signal,01 - Functioning,03 - P.D. only,03 - Rear end,0
14-515,IRIS ST @ WOODROFFE AVE,362283.19907,5024441.26601,-75.76630026580,45.35755956800,2014-01-11,7:33:00 AM,04 - Freezing Rain,03 - Dawn,06 - Ice,01 - Traffic signal,01 - Functioning,03 - P.D. only,03 - Rear end,0
14-516,HOLLAND AVE @ TYNDALL ST,365031.85900,5028917.98970,-75.73067417260,45.39760957030,2014-01-11,7:34:00 AM,02 - Rain,03 - Dawn,06 - Ice,01 - Traffic signal,01 - Functioning,03 - P.D. only,02 - Angle,0
14-517,BROOKFIELD RD RAMP 52 @ AIRPORT PKWY,368817.37830,5026367.70615,-75.68265829710,45.37432700650,2014-01-11,7:33:00 AM,04 - Freezing Rain,03 - Dawn,06 - Ice,10 - No control,,03 - P.D. only,99 - Other,0
14-518,CONROY RD @ HUNT CLUB RD,373763.74000,5025405.28326,-75.61964722100,45.36519818920,2014-01-11,9:17:00 AM,04 - Freezing Rain,01 - Daylight,06 - Ice,01 - Traffic signal,01 - Functioning,03 - P.D. only,07 - SMV other,0
14-519,BARNSDALE RD btwn EAGLESON RD & TWIN ELM RD,358672.79428,5006828.62034,-75.81429063410,45.19936525930,2014-01-11,7:51:00 AM,02 - Rain,03 - Dawn,06 - Ice,10 - No control,,03 - P.D. only,07 - SMV other,0
14-520,HWY417 IC126 RAMP52 btwn MAITLAND AVE & HWY417 IC126 RAMP51,363236.08903,5025810.51191,-75.75397694930,45.36980111680,2014-01-11,8:00:00 AM,04 - Freezing Rain,01 - Daylight,06 - Ice,10 - No control,,03 - P.D. only,07 - SMV other,0
14-521,OTTAWA RIVER PKWY @ PORTAGE BRIDGE,366516.71477,5031314.88659,-75.71141022260,45.41904688420,2014-01-11,8:01:00 AM,04 - Freezing Rain,01 - Daylight,06 - Ice,01 - Traffic signal,01 - Functioning,03 - P.D. only,07 - SMV other,0
14-522,OTTAWA RIVER PKWY @ PORTAGE BRIDGE,366515.70083,5031315.39356,-75.71142311430,45.41905153550,2014-01-11,8:13:00 AM,04 - Freezing Rain,01 - Daylight,06 - Ice,01 - Traffic signal,01 - Functioning,03 - P.D. only,07 - SMV other,0
14-523,MCARTHUR AVE @ NORTH RIVER RD,369822.12900,5032646.58170,-75.66900361790,45.43072957030,2014-01-11,8:09:00 AM,02 - Rain,01 - Daylight,06 - Ice,01 - Traffic signal,01 - Functioning,03 - P.D. only,07 - SMV other,0
14-524,GREENBANK RD @ STRANDHERD DR,363934.91847,5014786.88634,-75.74637231040,45.27055259350,2014-01-11,8:22:00 AM,04 - Freezing Rain,01 - Daylight,06 - Ice,01 - Traffic signal,01 - Functioning,02 - Non-fatal injury,03 - Rear end,0
14-525,GREENFIELD AVE btwn HAVELOCK ST & MONTCALM ST,368965.73324,5030885.26955,-75.68017681600,45.41496102620,2014-01-11,8:27:00 AM,02 - Rain,01 - Daylight,06 - Ice,10 - No control,,03 - P.D. only,01 - Approaching,0
14-526,CUMMINGS AVE/LABELLE ST @ CYRVILLE RD,372859.23549,5031874.00065,-75.63029992200,45.42348930030,2014-01-11,8:33:00 AM,01 - Clear,01 - Daylight,06 - Ice,01 - Traffic signal,01 - Functioning,03 - P.D. only,03 - Rear end,0
14-527,BATHGATE DR btwn LEIGH CRES & LEIGH CRES,373789.97715,5033025.72952,-75.61824643330,45.43376078610,2014-01-11,8:34:00 AM,04 - Freezing Rain,01 - Daylight,06 - Ice,10 - No control,,02 - Non-fatal injury,07 - SMV other,0
14-528,WOODROFFE AVE @ QUEENSBURY DR/RIDEAUCREST DR,365727.42010,5016329.48184,-75.72334103630,45.28427979420,2014-01-11,7:15:00 AM,02 - Rain,03 - Dawn,06 - Ice,01 - Traffic signal,01 - Functioning,03 - P.D. only,04 - Sideswipe,0
14-529,CREEKVIEW WAY btwn FINDLAY CREEK DR & GRACEWOOD CRES,374535.55900,5019738.76300,-75.61059444580,45.31413673500,2014-01-10,8:00:00 PM,01 - Clear,07 - Dark,06 - Ice,10 - No control,,03 - P.D. only,01 - Approaching,0
14-530,DELIA CRES btwn THURLOW ST & PRINCESS LOUISE DR,383451.19393,5038168.38338,-75.49396292010,45.47900998260,2014-01-10,9:00:00 PM,03 - Snow,07 - Dark,06 - Ice,10 - No control,,03 - P.D. only,06 - SMV unattended vehicle,0
14-531,BRONSON AVE/BRONSON/HERON RAMP 35 @ HERON RD,368641.61831,5026698.19242,-75.68485936000,45.37731666360,2014-01-11,9:07:00 AM,04 - Freezing Rain,01 - Daylight,06 - Ice,01 - Traffic signal,01 - Functioning,03 - P.D. only,04 - Sideswipe,0
14-532,CORSHAM AVE btwn VARENNES BLVD & SHEENBORO CRES,384890.10431,5038332.75962,-75.47553377220,45.48032530720,2014-01-10,12:00:00 AM,01 - Clear,00 - Unknown,01 - Dry,10 - No control,,03 - P.D. only,06 - SMV unattended vehicle,0