Record,Location,X,Y,Longitude,Latitude,Date,Time,Environment,Light,Road_Surface,Traffic_Control,Collision_Location,Collision_Classification,Impact_type,Pedestrian
14-640,INDUSTRIAL AVE btwn TRAINYARDS DR & RUSSELL RD,372112.94090,5030423.18820,-75.64003359680,45.41050775110,2014-01-14,10:54:00 AM,01 - Clear,01 - Daylight,02 - Wet,10 - No control,,03 - P.D. only,03 - Rear end,0
14-641,BEECHWOOD AVE @ CHARLEVOIX ST/MACKAY ST,369187.10557,5033594.82014,-75.67699448700,45.43932019990,2014-01-10,5:40:00 PM,01 - Clear,07 - Dark,02 - Wet,01 - Traffic signal,00 - Unknown,03 - P.D. only,04 - Sideswipe,0
14-642,MARCH RD btwn 280 S OF CARLING AVE/STATION RD & RICHARDSON SIDE RD,351134.24424,5021996.75220,-75.90882293670,45.33638878570,2014-01-14,11:29:00 AM,01 - Clear,01 - Daylight,02 - Wet,10 - No control,,03 - P.D. only,07 - SMV other,0
14-643,OGILVIE RD @ CITY PARK DR E/CSIS HQ ACCESS,374187.30640,5033011.52467,-75.61317082320,45.43359366680,2014-01-14,11:57:00 AM,01 - Clear,01 - Daylight,02 - Wet,01 - Traffic signal,00 - Unknown,03 - P.D. only,03 - Rear end,0
14-644,RICHMOND RD btwn GRENON AVE & MARIELLE CRT,359905.72194,5024194.55527,-75.79667088440,45.35553055940,2014-01-14,10:20:00 AM,01 - Clear,01 - Daylight,01 - Dry,10 - No control,,03 - P.D. only,02 - Angle,0
14-645,JOHNWOODS ST @ MAPLE GROVE RD,349574.81336,5016091.97730,-75.92925217640,45.28335716660,2014-01-14,11:46:00 AM,01 - Clear,01 - Daylight,02 - Wet,02 - Stop sign,01 - Functioning,03 - P.D. only,02 - Angle,0
14-646,AIRPORT PKWY/HUNT CLUB RAMP 42 btwn AIRPORT PKWY & TO BE DETERMINED,371013.25222,5023876.13969,-75.65495933730,45.35170465970,2014-01-14,1:27:00 PM,01 - Clear,01 - Daylight,02 - Wet,10 - No control,,02 - Non-fatal injury,03 - Rear end,0
14-647,WOODROFFE AVE @ DEERFOX DR/STONEWAY DR,365886.20507,5015940.18531,-75.72136506620,45.28076314390,2014-01-07,6:45:00 PM,01 - Clear,07 - Dark,06 - Ice,01 - Traffic signal,01 - Functioning,03 - P.D. only,03 - Rear end,0
14-648,RIDEAU ST @ WILLIAM ST,368095.53939,5032156.26778,-75.69113056860,45.42647629390,2014-01-14,3:15:00 PM,01 - Clear,01 - Daylight,02 - Wet,01 - Traffic signal,00 - Unknown,02 - Non-fatal injury,07 - SMV other,1
14-649,WALKLEY RD btwn THORNDALE DR & AVONCOURT WAY,369595.98421,5025509.80187,-75.67283101570,45.36653627600,2014-01-14,2:15:00 PM,01 - Clear,01 - Daylight,02 - Wet,10 - No control,,03 - P.D. only,04 - Sideswipe,0
14-650,MEADOWLANDS DR btwn BAYNE AVE & MERIVALE RD,364799.31589,5023694.08416,-75.73427874200,45.35062572970,2014-01-14,3:59:00 PM,01 - Clear,01 - Daylight,02 - Wet,10 - No control,,03 - P.D. only,05 - Turning movement,0
14-651,COLONNADE RD @ PRINCE OF WALES DR,367394.71160,5023265.09092,-75.70121333610,45.34653888660,2014-01-14,5:18:00 PM,01 - Clear,05 - Dusk,01 - Dry,01 - Traffic signal,01 - Functioning,03 - P.D. only,05 - Turning movement,0
14-652,AMBIANCE DR btwn ROSETTA AVE & Continuation of AMBIANCE DR,367011.66090,5016711.81680,-75.70692407830,45.28760752240,2014-01-11,12:00:00 AM,02 - Rain,00 - Unknown,04 - Slush,10 - No control,,03 - P.D. only,06 - SMV unattended vehicle,0
14-653,BRONSON AVE @ SUNNYSIDE AVE/UNIVERSITY RD - CA,367923.72404,5028091.29361,-75.69384649750,45.38991645270,2014-01-14,5:58:00 PM,01 - Clear,07 - Dark,01 - Dry,01 - Traffic signal,00 - Unknown,03 - P.D. only,03 - Rear end,0
14-654,BLUEMEADOW WAY btwn HUNTINGS END AVE & ROSETHORN WAY,354480.76612,5016991.53759,-75.86662920830,45.29112199650,2014-01-14,4:35:00 PM,01 - Clear,05 - Dusk,02 - Wet,10 - No control,,03 - P.D. only,06 - SMV unattended vehicle,0
14-655,MERIVALE RD @ WOODFIELD DR/ROYDON PL,365463.20807,5022299.25936,-75.72597786910,45.33801818040,2014-01-14,4:45:00 PM,01 - Clear,05 - Dusk,01 - Dry,01 - Traffic signal,01 - Functioning,03 - P.D. only,03 - Rear end,0
14-656,TERRY FOX DR @ PALLADIUM DR/KATIMAVIK RD,351269.21103,5018182.53566,-75.90745884150,45.30205862900,2014-01-13,8:45:00 PM,01 - Clear,07 - Dark,02 - Wet,01 - Traffic signal,01 - Functioning,03 - P.D. only,03 - Rear end,0
14-657,RUSSELL RD S @ ST. LAURENT BLVD,373569.61063,5029261.96241,-75.62158782950,45.39991797210,2014-01-14,6:45:00 PM,01 - Clear,07 - Dark,02 - Wet,01 - Traffic signal,01 - Functioning,03 - P.D. only,03 - Rear end,0
14-658,ROGER STEVENS DR btwn DWYER HILL RD & MALAKOFF RD,357913.64896,4992317.57689,-75.82549365710,45.06884686380,2014-01-14,7:33:00 PM,01 - Clear,07 - Dark,01 - Dry,10 - No control,,03 - P.D. only,07 - SMV other,0
14-659,RIVERSIDE DR SB btwn HINCKS LANE & TO BE DETERMINED,370155.71881,5030227.08700,-75.66506166430,45.40892881910,2014-01-14,8:05:00 PM,01 - Clear,07 - Dark,06 - Ice,10 - No control,,02 - Non-fatal injury,99 - Other,0
14-660,"OLD MONTREAL RD btwn GRAND-CH-NE, COUR DU CRT & TED KELLY LANE",385431.04931,5039831.10986,-75.46836937400,45.49374369400,2014-01-14,8:11:00 PM,01 - Clear,07 - Dark,06 - Ice,10 - No control,,02 - Non-fatal injury,07 - SMV other,0
14-661,BLACKCREEK RD btwn MITCH OWENS RD & PARKWAY RD,388111.89624,5020010.97788,-75.43742388960,45.31510643950,2014-01-14,8:35:00 PM,01 - Clear,07 - Dark,01 - Dry,10 - No control,,03 - P.D. only,07 - SMV other,0
14-662,DUNROBIN RD btwn DUNROBIN RD & MURPHY SIDE RD,344483.48096,5029001.42938,-75.99311352920,45.39982658900,2014-01-14,9:11:00 PM,01 - Clear,07 - Dark,01 - Dry,10 - No control,,03 - P.D. only,03 - Rear end,0
14-663,EAGLESON RD btwn Continuation of EAGLESON RD & FERNBANK RD,354731.14195,5015753.91643,-75.86356195350,45.27996786580,2014-01-15,5:50:00 AM,01 - Clear,07 - Dark,01 - Dry,10 - No control,,03 - P.D. only,07 - SMV other,0
14-664,CARLING AVE @ MERIVALE RD,364895.21077,5027700.79769,-75.73256763340,45.38666926560,2014-01-15,7:31:00 AM,01 - Clear,03 - Dawn,01 - Dry,01 - Traffic signal,01 - Functioning,02 - Non-fatal injury,05 - Turning movement,0
14-665,WOODROFFE AVE @ SPORTSPLEX S,363832.63977,5020900.20946,-75.74694785740,45.32556872700,2014-01-15,7:42:00 AM,01 - Clear,03 - Dawn,01 - Dry,01 - Traffic signal,01 - Functioning,02 - Non-fatal injury,02 - Angle,0
14-666,BANK ST btwn BLAIS RD & RIDEAU RD,376166.74671,5019703.97320,-75.58979793790,45.31365982290,2014-01-15,7:52:00 AM,03 - Snow,03 - Dawn,01 - Dry,10 - No control,,02 - Non-fatal injury,03 - Rear end,0
14-667,MARCH RD btwn SECOND LINE RD & DUNROBIN RD,346471.14347,5025664.91420,-75.96800739940,45.36968837430,2014-01-15,7:54:00 AM,03 - Snow,03 - Dawn,01 - Dry,10 - No control,,03 - P.D. only,07 - SMV other,0
14-668,GLADSTONE AVE btwn LYON ST N & KENT ST,367721.38354,5030445.12183,-75.69613003810,45.41111371410,2014-01-15,9:05:00 AM,03 - Snow,01 - Daylight,02 - Wet,10 - No control,,03 - P.D. only,04 - Sideswipe,0
14-669,MARCH RD btwn BEARHILL RD & ROB LYTLE'S LANE,338836.76405,5018646.60503,-76.06595097860,45.30694695870,2014-01-14,7:45:00 PM,01 - Clear,07 - Dark,01 - Dry,10 - No control,,03 - P.D. only,07 - SMV other,0
14-670,RIVER MIST RD btwn DUNDONALD DR & WHITE ARCTIC,364714.97900,5011998.48900,-75.73676815490,45.24539651840,2014-01-14,6:00:00 AM,01 - Clear,07 - Dark,01 - Dry,10 - No control,,03 - P.D. only,06 - SMV unattended vehicle,0
14-671,CLYDE AVE btwn CARLING AVE & DOHENY ST,363584.10338,5026716.49334,-75.74942658090,45.37792390790,2014-01-15,7:50:00 AM,01 - Clear,03 - Dawn,01 - Dry,10 - No control,,03 - P.D. only,04 - Sideswipe,0
14-672,BANK ST btwn RIVERSIDE DR & BILLINGS TRANSIT,369412.12451,5027777.26895,-75.67488119690,45.38695522780,2014-01-15,10:58:00 AM,01 - Clear,01 - Daylight,01 - Dry,10 - No control,,03 - P.D. only,05 - Turning movement,0
14-673,AVIATION PKWY @ MONTREAL RD,372146.71660,5034109.85023,-75.63909802490,45.44367536690,2014-01-15,11:53:00 AM,01 - Clear,01 - Daylight,02 - Wet,01 - Traffic signal,01 - Functioning,03 - P.D. only,02 - Angle,0
14-674,GLEBE AVE btwn LYON ST S & BANK ST,368044.75706,5029668.26734,-75.69209875460,45.40409467310,2014-01-12,10:00:00 AM,01 - Clear,01 - Daylight,05 - Packed snow,10 - No control,,03 - P.D. only,06 - SMV unattended vehicle,0
14-675,CENTRAL PARK DR S @ MERIVALE RD,364987.20040,5025600.96034,-75.73164894540,45.36776741100,2014-01-15,11:50:00 AM,01 - Clear,01 - Daylight,02 - Wet,01 - Traffic signal,01 - Functioning,02 - Non-fatal injury,05 - Turning movement,0
14-676,CHAMPAGNE AVE   S btwn YOUNG ST & BEECH ST,366463.03139,5029187.23120,-75.71236223860,45.39990755650,2014-01-12,12:30:00 PM,03 - Snow,01 - Daylight,04 - Slush,10 - No control,,03 - P.D. only,06 - SMV unattended vehicle,0
14-677,SAUNDERSON DR btwn RAGLAN AVE & SMYTH RD,372738.51729,5029396.92246,-75.63218377820,45.40121342580,2014-01-15,11:23:00 AM,01 - Clear,01 - Daylight,05 - Packed snow,10 - No control,,03 - P.D. only,06 - SMV unattended vehicle,0
14-678,MEADOWLANDS DR btwn HOGAN ST & NESS ST,366406.59247,5024939.70188,-75.71361309640,45.36169421590,2014-01-15,12:28:00 PM,01 - Clear,01 - Daylight,02 - Wet,10 - No control,,03 - P.D. only,03 - Rear end,0
14-679,NORICE ST btwn WOODROFFE AVE & SULLIVAN AVE,363368.55305,5022493.96980,-75.75267889840,45.33994815310,2014-01-15,6:30:00 AM,01 - Clear,07 - Dark,02 - Wet,10 - No control,,03 - P.D. only,06 - SMV unattended vehicle,0
14-680,EQUESTRIAN DR btwn HUNTSMAN CRES & SPUR AVE,355151.26087,5015989.73246,-75.85818339740,45.28205982600,2014-01-15,12:20:00 PM,03 - Snow,01 - Daylight,02 - Wet,10 - No control,,03 - P.D. only,06 - SMV unattended vehicle,0
14-681,ALERT RD btwn HIGH RD & THAD JOHNSON PRIV,372133.53473,5021062.70585,-75.64104629440,45.32628362350,2014-01-15,1:25:00 PM,01 - Clear,01 - Daylight,02 - Wet,10 - No control,,03 - P.D. only,07 - SMV other,0
14-682,REGIONAL ROAD 174 btwn OR174 IC112 RAMP61 & TRANSIT,375199.87657,5033149.35522,-75.60021119470,45.43473258220,2014-01-15,1:10:00 PM,01 - Clear,01 - Daylight,01 - Dry,10 - No control,,03 - P.D. only,99 - Other,0
14-683,DWYER HILL RD btwn ROGER STEVENS DR & FLOOD RD,355541.32149,4987177.62214,-75.85613769030,45.02276849980,2014-01-15,1:58:00 PM,01 - Clear,01 - Daylight,01 - Dry,10 - No control,,03 - P.D. only,07 - SMV other,0
14-684,CANOTEK RD btwn POLYTEK ST & GREEN CREEK DR,376386.01955,5035769.63172,-75.58467166000,45.45818775770,2014-01-15,1:30:00 PM,01 - Clear,01 - Daylight,05 - Packed snow,10 - No control,,03 - P.D. only,06 - SMV unattended vehicle,0
14-685,CARLING AVE @ SHERWOOD DR,366485.22598,5028718.99115,-75.71213732320,45.39569249740,2014-01-15,2:50:00 PM,01 - Clear,01 - Daylight,01 - Dry,01 - Traffic signal,01 - Functioning,03 - P.D. only,07 - SMV other,0
14-686,CENTREPOINTE DR @ REC PATH BEN FRANKLIN PL,362420.67108,5023032.01698,-75.76470997390,45.34486796260,2014-01-14,7:45:00 AM,01 - Clear,03 - Dawn,02 - Wet,01 - Traffic signal,01 - Functioning,03 - P.D. only,03 - Rear end,0
14-687,GREGORY CRT btwn OGILVIE RD & END,375684.98184,5034342.07773,-75.59384000960,45.44541498020,2014-01-15,7:30:00 AM,01 - Clear,03 - Dawn,02 - Wet,10 - No control,,03 - P.D. only,07 - SMV other,0
14-688,WOODROFFE AVE btwn KNOXDALE RD/MEDHURST DR & NORICE ST,363205.58447,5022377.58699,-75.75477190090,45.33891453540,2014-01-14,11:55:00 AM,01 - Clear,01 - Daylight,01 - Dry,10 - No control,,03 - P.D. only,03 - Rear end,0
14-689,MCARTHUR AVE @ VANIER PKWY,370218.70500,5032692.03168,-75.66392979700,45.43110152700,2014-01-15,3:25:00 PM,01 - Clear,01 - Daylight,01 - Dry,01 - Traffic signal,01 - Functioning,02 - Non-fatal injury,05 - Turning movement,0
14-690,WEST HUNT CLUB RD @ ANTARES DR/LASER ST,367107.91935,5022081.79531,-75.70502183340,45.33591734280,2014-01-15,4:22:00 PM,01 - Clear,01 - Daylight,01 - Dry,01 - Traffic signal,01 - Functioning,03 - P.D. only,03 - Rear end,0
14-691,RICHMOND RD btwn EDGEWORTH AVE/MCEWEN AVE & REGINA LANE,360912.95002,5025713.83879,-75.78364385450,45.36912111320,2014-01-15,3:30:00 PM,01 - Clear,01 - Daylight,01 - Dry,10 - No control,,03 - P.D. only,03 - Rear end,0
14-692,BELFAST RD @ ST. LAURENT BLVD,372861.52668,5030578.44155,-75.63044959350,45.41183224920,2014-01-15,1:50:00 PM,01 - Clear,01 - Daylight,01 - Dry,01 - Traffic signal,00 - Unknown,03 - P.D. only,02 - Angle,0
14-693,DUNROBIN RD btwn VANCES SIDE RD & PORCUPINE TR,341812.37500,5032014.20744,-76.02700473280,45.42708267440,2014-01-15,5:34:00 PM,01 - Clear,05 - Dusk,01 - Dry,10 - No control,,03 - P.D. only,04 - Sideswipe,0
14-694,CONROY RD @ ROSEBELLA AVE,374289.71116,5024190.02337,-75.61310462730,45.35421184950,2014-01-15,5:43:00 PM,01 - Clear,07 - Dark,01 - Dry,02 - Stop sign,01 - Functioning,02 - Non-fatal injury,02 - Angle,0
14-695,SOMERSET ST    W btwn PERCY ST & BAY ST,367134.96879,5030579.47087,-75.70360422360,45.41237502570,2014-01-15,5:56:00 PM,01 - Clear,07 - Dark,01 - Dry,10 - No control,,03 - P.D. only,06 - SMV unattended vehicle,0
14-696,TORMEY ST btwn COBOURG ST & BRIGADIER PRIV,369125.82961,5032882.69090,-75.67787069780,45.43291838080,2014-01-15,6:29:00 PM,01 - Clear,07 - Dark,01 - Dry,10 - No control,,03 - P.D. only,01 - Approaching,0
14-697,BANTREE ST @ INNES RD,373705.72320,5030405.32083,-75.61968965710,45.41019198100,2014-01-15,6:46:00 PM,01 - Clear,07 - Dark,01 - Dry,01 - Traffic signal,01 - Functioning,03 - P.D. only,07 - SMV other,0
14-698,HAZEL ST btwn DRUMMOND ST & GLENORA ST,369031.88020,5030119.88039,-75.67943150350,45.40806825290,2014-01-13,1:00:00 PM,01 - Clear,01 - Daylight,06 - Ice,10 - No control,,03 - P.D. only,06 - SMV unattended vehicle,0
14-699,LEES AVE @ KING EDWARD AVE/MANN AVE,369179.30517,5031335.50546,-75.67738954190,45.41899246880,2014-01-16,2:28:00 AM,01 - Clear,07 - Dark,01 - Dry,01 - Traffic signal,01 - Functioning,03 - P.D. only,07 - SMV other,0
14-700,MONTREAL RD @ ST. LAURENT BLVD,371546.18252,5033816.15585,-75.64681370500,45.44109044230,2014-01-16,6:07:00 AM,01 - Clear,07 - Dark,01 - Dry,01 - Traffic signal,01 - Functioning,03 - P.D. only,05 - Turning movement,0
14-701,PARKDALE AVE @ KENILWORTH ST,365445.69980,5028595.29711,-75.72542844650,45.39467033150,2014-01-16,7:54:00 AM,01 - Clear,03 - Dawn,01 - Dry,02 - Stop sign,01 - Functioning,02 - Non-fatal injury,02 - Angle,0
14-702,WELLSMERE CRT btwn RIDEAU HEIGHTS DR & END,367416.17590,5022374.18557,-75.70105221610,45.33852077610,2014-01-16,8:25:00 AM,00 - Unknown,01 - Daylight,06 - Ice,10 - No control,,03 - P.D. only,06 - SMV unattended vehicle,0
14-703,MONTREAL RD btwn VANIER PKWY & DUROCHER ST,370127.37942,5033096.71640,-75.66504314610,45.43475124850,2014-01-16,9:04:00 AM,01 - Clear,01 - Daylight,01 - Dry,10 - No control,,03 - P.D. only,05 - Turning movement,0
14-704,"MCARTHUR AVE btwn EGLISE, RUE DE L & MAY ST",371496.92076,5032829.90199,-75.64757695130,45.43222128710,2014-01-16,9:00:00 AM,01 - Clear,01 - Daylight,01 - Dry,10 - No control,,03 - P.D. only,03 - Rear end,0
14-705,WALKLEY RD btwn HARDING RD & HALIFAX DR,373580.36564,5027863.29498,-75.62164545140,45.38733234410,2014-01-16,9:40:00 AM,01 - Clear,01 - Daylight,01 - Dry,10 - No control,,03 - P.D. only,04 - Sideswipe,0
14-706,TENTH LINE RD @ CHARLEMAGNE BLVD N/TOMPKINS AV,383183.92990,5037978.13539,-75.49741135790,45.47732835990,2014-01-16,9:43:00 AM,01 - Clear,01 - Daylight,02 - Wet,01 - Traffic signal,01 - Functioning,03 - P.D. only,03 - Rear end,0
14-707,FROBISHER LANE W @ RIVERSIDE DR,370117.70116,5029602.49343,-75.66563004130,45.40331250740,2014-01-16,10:54:00 AM,01 - Clear,01 - Daylight,01 - Dry,01 - Traffic signal,01 - Functioning,03 - P.D. only,02 - Angle,0
14-708,"OLD MONTREAL RD btwn GRAND-CH-NE, COUR DU CRT & TED KELLY LANE",386185.81268,5040803.32565,-75.45855293230,45.50240305540,2014-01-16,10:58:00 AM,01 - Clear,01 - Daylight,01 - Dry,10 - No control,,03 - P.D. only,07 - SMV other,0
14-709,HERON RD @ FINN CRT,370831.96313,5026944.16333,-75.65686276600,45.37932682450,2014-01-16,11:20:00 AM,01 - Clear,01 - Daylight,02 - Wet,01 - Traffic signal,00 - Unknown,03 - P.D. only,04 - Sideswipe,0
14-710,MAIN ST btwn HAZEL ST & HERRIDGE ST,369215.87023,5030061.80482,-75.67708884490,45.40752879970,2014-01-16,11:36:00 AM,01 - Clear,01 - Daylight,01 - Dry,10 - No control,,03 - P.D. only,04 - Sideswipe,0
14-711,ST. MORITZ CRT btwn FORTUNE DR & FORTUNE DR,379518.78238,5037429.80393,-75.54436798510,45.47279672950,2014-01-08,4:00:00 PM,01 - Clear,05 - Dusk,05 - Packed snow,10 - No control,,03 - P.D. only,06 - SMV unattended vehicle,0
14-712,WOODROFFE AVE btwn FALLOWFIELD RD & EARL MULLIGAN DR,365094.78245,5017882.65768,-75.73121591870,45.29830975050,2014-01-16,12:14:00 PM,01 - Clear,01 - Daylight,01 - Dry,10 - No control,,03 - P.D. only,04 - Sideswipe,0
14-713,FERNBANK RD btwn FERNBANK RD & TERRY FOX DR,353535.98044,5014409.91571,-75.87892688050,45.26795806350,2014-01-16,12:32:00 PM,01 - Clear,01 - Daylight,01 - Dry,10 - No control,,03 - P.D. only,99 - Other,0
14-714,BASSANO ST @ ROSSLAND AVE,364175.19083,5023847.76569,-75.74222477280,45.35206165640,2014-01-16,1:07:00 PM,01 - Clear,01 - Daylight,01 - Dry,02 - Stop sign,01 - Functioning,02 - Non-fatal injury,02 - Angle,0
14-715,ST. JOSEPH BLVD btwn PRESTONE DR & TENTH LINE RD,382358.83793,5038304.75996,-75.50791172150,45.48035917620,2014-01-14,6:50:00 AM,01 - Clear,07 - Dark,01 - Dry,10 - No control,,03 - P.D. only,04 - Sideswipe,0
14-717,WELLINGTON ST    W btwn SHERBROOKE AVE & PINHEY ST,365452.94750,5029542.92176,-75.72521935930,45.40319621380,2014-01-16,1:45:00 PM,01 - Clear,01 - Daylight,01 - Dry,10 - No control,,03 - P.D. only,04 - Sideswipe,0
14-718,RIVERSIDE DR @ HERON RD,368121.57883,5026648.16897,-75.69150505990,45.37691375780,2014-01-16,3:50:00 PM,01 - Clear,01 - Daylight,01 - Dry,01 - Traffic signal,01 - Functioning,02 - Non-fatal injury,03 - Rear end,0
14-719,LAURIER AVE @ NICHOLAS ST,368373.16307,5031796.37417,-75.68762955350,45.42321292030,2014-01-16,3:58:00 PM,04 - Freezing Rain,01 - Daylight,06 - Ice,01 - Traffic signal,01 - Functioning,03 - P.D. only,05 - Turning movement,0
14-720,MERIVALE RD @ WEST HUNT CLUB RD,365613.65906,5021942.98013,-75.72410217440,45.33479940190,2014-01-16,4:43:00 PM,01 - Clear,05 - Dusk,01 - Dry,01 - Traffic signal,01 - Functioning,02 - Non-fatal injury,03 - Rear end,0
14-721,RIVERSIDE DR NB btwn NEIL WAY & PLEASANT PARK RD,369530.07594,5028379.04278,-75.67329614050,45.39235890020,2014-01-16,4:10:00 PM,01 - Clear,01 - Daylight,01 - Dry,10 - No control,,03 - P.D. only,03 - Rear end,0
14-722,CARLING AVE WB btwn SHERBOURNE RD & BROADVIEW AVE,363028.37597,5026543.53344,-75.75654206990,45.37641404260,2014-01-16,5:05:00 PM,01 - Clear,05 - Dusk,01 - Dry,10 - No control,,03 - P.D. only,03 - Rear end,0
14-723,BESSERER ST @ DALHOUSIE ST,368252.70170,5032158.99968,-75.68912200270,45.42648663500,2014-01-16,5:13:00 PM,01 - Clear,05 - Dusk,01 - Dry,01 - Traffic signal,01 - Functioning,03 - P.D. only,05 - Turning movement,0
14-724,LADY GREY DR btwn SUSSEX DR & END,367418.25335,5032972.88207,-75.69968107950,45.43388487770,2014-01-16,12:00:00 AM,01 - Clear,00 - Unknown,01 - Dry,10 - No control,,03 - P.D. only,06 - SMV unattended vehicle,0
14-725,GREENBANK RD @ BERRIGAN DR/WESSEX RD,363723.17473,5015277.69213,-75.74901233870,45.27498664730,2014-01-16,5:17:00 PM,01 - Clear,05 - Dusk,01 - Dry,01 - Traffic signal,01 - Functioning,03 - P.D. only,03 - Rear end,0
14-726,FALLOWFIELD RD btwn KIMINI DR & SHEA RD,353331.28662,5010424.80138,-75.88192432880,45.23211294090,2014-01-16,5:37:00 PM,01 - Clear,05 - Dusk,01 - Dry,10 - No control,,03 - P.D. only,07 - SMV other,0
14-727,CARLING AVE @ HOLLAND AVE,365416.69870,5028039.30726,-75.72586712060,45.38967016700,2014-01-16,5:49:00 PM,01 - Clear,07 - Dark,01 - Dry,01 - Traffic signal,01 - Functioning,03 - P.D. only,03 - Rear end,0
14-728,BLAIR RD @ INNES RD,375578.73490,5031439.30161,-75.59561531630,45.41930825430,2014-01-16,6:10:00 PM,01 - Clear,07 - Dark,01 - Dry,01 - Traffic signal,01 - Functioning,02 - Non-fatal injury,03 - Rear end,0
14-729,PRINCE OF WALES DR btwn BLAZER AVE & DEAKIN ST,367384.12048,5021492.81606,-75.70157263910,45.33059323070,2014-01-16,6:15:00 PM,01 - Clear,07 - Dark,01 - Dry,10 - No control,,03 - P.D. only,03 - Rear end,0
14-730,CARP RD @ STITTSVILLE MAIN ST,349523.77216,5014331.47073,-75.93006137220,45.26751877140,2014-01-16,6:40:00 PM,01 - Clear,07 - Dark,01 - Dry,01 - Traffic signal,01 - Functioning,03 - P.D. only,05 - Turning movement,0
14-731,CHAPMAN MILLS DR btwn LEAMINGTON WAY & TEMAGAMI DR,365295.92219,5014815.21515,-75.72902550440,45.27069173620,2014-01-14,7:50:00 PM,03 - Snow,07 - Dark,06 - Ice,10 - No control,,03 - P.D. only,03 - Rear end,0
14-732,RIVERSIDE DR btwn HOG'S BACK RD & RIDGEWOOD AVE,368175.30154,5026162.86192,-75.69088146950,45.37254223620,2014-01-16,6:30:00 PM,01 - Clear,07 - Dark,02 - Wet,10 - No control,,03 - P.D. only,03 - Rear end,0
14-733,TENTH LINE RD btwn INNES RD & VANGUARD DR,383989.27614,5036072.61530,-75.48741903890,45.46009337800,2014-01-03,7:55:00 PM,04 - Freezing Rain,07 - Dark,06 - Ice,10 - No control,,03 - P.D. only,03 - Rear end,0
14-734,NORTHVIEW RD btwn WALLFORD WAY & GREENCREST PL,365245.17092,5024989.86101,-75.72843074330,45.36224664240,2014-01-16,12:00:00 AM,01 - Clear,00 - Unknown,01 - Dry,10 - No control,,03 - P.D. only,06 - SMV unattended vehicle,0
14-735,BYRON AVE @ ISLAND PARK DR,364255.69000,5028604.56525,-75.74062487050,45.39485577810,2014-01-16,8:12:00 PM,01 - Clear,07 - Dark,01 - Dry,01 - Traffic signal,01 - Functioning,03 - P.D. only,03 - Rear end,0
14-736,LEMIEUX ST @ ST. LAURENT BLVD,372391.72470,5031745.03354,-75.63629105410,45.42237424230,2014-01-16,8:17:00 PM,01 - Clear,07 - Dark,01 - Dry,01 - Traffic signal,01 - Functioning,03 - P.D. only,02 - Angle,0
14-737,SPEERS CRES btwn BRIDLEWOOD DR & BRIDLEWOOD DR,354626.42978,5017517.23875,-75.86471947050,45.29584205230,2014-01-14,4:00:00 PM,01 - Clear,01 - Daylight,01 - Dry,10 - No control,,03 - P.D. only,06 - SMV unattended vehicle,0
14-738,CONROY RD @ ST. LAURENT BLVD,373069.46053,5027159.04841,-75.62826656320,45.38104581660,2014-01-16,8:17:00 PM,01 - Clear,07 - Dark,01 - Dry,01 - Traffic signal,01 - Functioning,03 - P.D. only,99 - Other,0
14-739,BOOTH ST @ TRANSITWAY,366372.20807,5030744.82559,-75.71332771930,45.41393036860,2014-01-16,8:48:00 PM,01 - Clear,07 - Dark,01 - Dry,01 - Traffic signal,01 - Functioning,03 - P.D. only,02 - Angle,0
14-740,MERIVALE RD btwn WOODWARD AVE & LAPERRIERE AVE,364856.23625,5027099.01388,-75.73313851830,45.38125787140,2014-01-16,12:35:00 PM,01 - Clear,01 - Daylight,01 - Dry,10 - No control,,03 - P.D. only,02 - Angle,0
14-741,HWY 417 NICHOLAS IC118R54 @ LEES AVE,369354.71004,5030768.93614,-75.67522274940,45.41387852280,2014-01-17,9:50:00 AM,03 - Snow,01 - Daylight,02 - Wet,02 - Stop sign,01 - Functioning,02 - Non-fatal injury,02 - Angle,0
14-742,ANDERSON RD btwn INNES RD & DESJARDINS ST,376790.62529,5031611.04019,-75.58010712320,45.42072980630,2014-01-04,7:50:00 PM,01 - Clear,07 - Dark,01 - Dry,10 - No control,,03 - P.D. only,07 - SMV other,0
14-743,BANNER RD @ GREENBANK RD,361022.17957,5021567.75933,-75.78272089660,45.33180608140,2014-01-16,5:40:00 PM,01 - Clear,07 - Dark,01 - Dry,01 - Traffic signal,01 - Functioning,03 - P.D. only,03 - Rear end,0
14-744,CARLING AVE @ CROYDON AVE,360658.68060,5025043.27796,-75.78696549640,45.36310775310,2014-01-17,10:55:00 AM,03 - Snow,01 - Daylight,02 - Wet,01 - Traffic signal,01 - Functioning,03 - P.D. only,02 - Angle,0
14-745,ST. PATRICK ST WB btwn FORSEY ST & ISLAND LODGE RD,368599.81529,5033223.97877,-75.68454861510,45.43603734930,2014-01-17,10:10:00 AM,03 - Snow,01 - Daylight,03 - Loose snow,10 - No control,,03 - P.D. only,04 - Sideswipe,0
14-746,CARLING AVE WB btwn MERIVALE RD & HARMER AVE S,365125.32995,5027863.38099,-75.72960934200,45.38811237580,2014-01-17,11:45:00 AM,01 - Clear,01 - Daylight,02 - Wet,10 - No control,,03 - P.D. only,02 - Angle,0