Record,Location,X,Y,Longitude,Latitude,Date,Time,Environment,Light,Road_Surface,Traffic_Control,Collision_Location,Collision_Classification,Impact_type,Pedestrian
14-1064,CARP RD btwn CARP RD & KITTIWAKE DR,348588.23557,5014570.62385,-75.94196174800,45.26972962950,2014-01-24,9:06:00 AM,01 - Clear,01 - Daylight,01 - Dry,10 - No control,,03 - P.D. only,03 - Rear end,0
14-1065,BELFAST RD @ ST. LAURENT BLVD,372859.30230,5030575.71840,-75.63047838500,45.41180796340,2014-01-24,9:11:00 AM,01 - Clear,01 - Daylight,01 - Dry,01 - Traffic signal,01 - Functioning,03 - P.D. only,03 - Rear end,0
14-1066,HINCKS LANE E @ RIVERSIDE DR,370267.01149,5030200.52036,-75.66364354790,45.40867938160,2014-01-24,9:19:00 AM,01 - Clear,01 - Daylight,01 - Dry,02 - Stop sign,01 - Functioning,03 - P.D. only,03 - Rear end,0
14-1067,TERRY FOX DR @ PALLADIUM DR/KATIMAVIK RD,351269.71800,5018182.53566,-75.90745237700,45.30205859540,2014-01-24,8:10:00 AM,01 - Clear,01 - Daylight,06 - Ice,01 - Traffic signal,00 - Unknown,03 - P.D. only,03 - Rear end,0
14-1068,CHESTERTON DR/COOLSPRING CRES W @ VIEWMOUNT DR,366230.96464,5023515.89871,-75.71603163710,45.34889850290,2014-01-24,10:00:00 AM,01 - Clear,01 - Daylight,01 - Dry,02 - Stop sign,01 - Functioning,03 - P.D. only,02 - Angle,0
14-1069,BEECHWOOD AVE btwn ST. PATRICK ST & MACKAY ST,369141.50024,5033513.56291,-75.67758798350,45.43859327830,2014-01-24,10:09:00 AM,01 - Clear,01 - Daylight,01 - Dry,10 - No control,,03 - P.D. only,05 - Turning movement,0
14-1070,RIVERSIDE DR RAMP 42A @ RIVERSIDE DR,368439.62565,5027266.91754,-75.68736486940,45.38245226790,2014-01-24,9:00:00 AM,01 - Clear,01 - Daylight,01 - Dry,03 - Yield sign,01 - Functioning,03 - P.D. only,03 - Rear end,0
14-1071,INNES RD @ 298 E OF WILDFLOWER DR/LOBLAWS SC,383191.37771,5035796.78303,-75.49766403800,45.45770166320,2014-01-24,9:30:00 AM,01 - Clear,01 - Daylight,01 - Dry,01 - Traffic signal,01 - Functioning,03 - P.D. only,03 - Rear end,0
14-1072,KAKULU RD @ CASTLEFRANK RD,352180.74966,5018501.33300,-75.89580574330,45.30486635510,2014-01-24,10:28:00 AM,01 - Clear,01 - Daylight,01 - Dry,01 - Traffic signal,01 - Functioning,03 - P.D. only,03 - Rear end,0
14-1073,CARLING AVE EB btwn WOODROFFE AVE & WOODROFFE AVE,361908.47599,5025812.31930,-75.77092428700,45.36992681940,2014-01-24,8:15:00 AM,01 - Clear,01 - Daylight,01 - Dry,10 - No control,,03 - P.D. only,02 - Angle,0
14-1074,ST. LAURENT BLVD @ TREMBLAY RD,372596.22087,5031241.82949,-75.63374747740,45.41782686030,2014-01-24,10:49:00 AM,01 - Clear,01 - Daylight,01 - Dry,01 - Traffic signal,01 - Functioning,03 - P.D. only,02 - Angle,0
14-1075,GREENBANK RD @ CANFIELD RD/CRAIG HENRY DR,361106.17283,5021365.25286,-75.78167243600,45.32997719580,2014-01-24,10:57:00 AM,01 - Clear,01 - Daylight,01 - Dry,01 - Traffic signal,01 - Functioning,03 - P.D. only,02 - Angle,0
14-1076,HUNT CLUB RD @ CANADAIR PRIV,368661.00347,5022312.13575,-75.68517851080,45.33785026360,2014-01-24,11:20:00 AM,01 - Clear,01 - Daylight,01 - Dry,01 - Traffic signal,01 - Functioning,03 - P.D. only,03 - Rear end,0
14-1077,CARLING AVE/STATION RD @ MARCH RD,350909.65182,5022244.26222,-75.91166528760,45.33863072980,2014-01-24,11:38:00 AM,01 - Clear,01 - Daylight,01 - Dry,01 - Traffic signal,01 - Functioning,03 - P.D. only,02 - Angle,0
14-1078,INNES RD @ 215 W OF CYRVILLE RD/HOME DEPOT W,374864.20125,5030999.66559,-75.60480674700,45.41542456480,2014-01-24,11:42:00 AM,01 - Clear,01 - Daylight,01 - Dry,01 - Traffic signal,01 - Functioning,03 - P.D. only,03 - Rear end,0
14-1079,PARKDALE AVE @ GLADSTONE AVE,365216.19473,5029119.82853,-75.72829519300,45.39940978920,2014-01-24,11:30:00 AM,01 - Clear,01 - Daylight,01 - Dry,01 - Traffic signal,01 - Functioning,03 - P.D. only,02 - Angle,0
14-1080,IRIS ST btwn GATEWAY RD & PARKWAY DR,361871.03788,5024130.25074,-75.77159645490,45.35479474320,2014-01-24,12:50:00 PM,01 - Clear,01 - Daylight,01 - Dry,10 - No control,,03 - P.D. only,99 - Other,0
14-1081,FALLOWFIELD RD @ WOODROFFE AVE,365085.65697,5017902.93651,-75.73132979670,45.29849300110,2014-01-24,1:00:00 PM,01 - Clear,01 - Daylight,06 - Ice,01 - Traffic signal,00 - Unknown,03 - P.D. only,03 - Rear end,0
14-1082,LYON ST @ SOMERSET ST,367367.05494,5030717.40039,-75.70062185660,45.41359536190,2014-01-24,1:30:00 PM,01 - Clear,01 - Daylight,01 - Dry,01 - Traffic signal,01 - Functioning,02 - Non-fatal injury,03 - Rear end,0
14-1083,CENTER ST btwn MONTREAL RD & PAUL AVE,371858.21000,5033857.54461,-75.64282000710,45.44143297820,2014-01-22,5:00:00 PM,01 - Clear,05 - Dusk,01 - Dry,10 - No control,,03 - P.D. only,06 - SMV unattended vehicle,0
14-1084,MONTREAL RD btwn PALACE ST & VANIER PKWY,370011.36633,5033030.86460,-75.66653448760,45.43416957000,2014-01-24,1:38:00 PM,01 - Clear,01 - Daylight,01 - Dry,10 - No control,,03 - P.D. only,02 - Angle,0
14-1085,BANTREE ST @ INNES RD,373708.09287,5030406.55540,-75.61965921390,45.41020285600,2014-01-24,2:16:00 PM,01 - Clear,01 - Daylight,01 - Dry,01 - Traffic signal,01 - Functioning,02 - Non-fatal injury,05 - Turning movement,0
14-1086,BAYSHORE DR @ BAYSHORE CS,359143.68020,5023738.57527,-75.80644642480,45.35148712320,2014-01-24,2:34:00 PM,01 - Clear,01 - Daylight,01 - Dry,01 - Traffic signal,01 - Functioning,02 - Non-fatal injury,03 - Rear end,0
14-1087,ROYDON PL btwn WOODFIELD DR & WEST HUNT CLUB RD,365890.95403,5022305.69707,-75.72051982740,45.33803899140,2014-01-24,11:30:00 AM,01 - Clear,01 - Daylight,01 - Dry,10 - No control,,03 - P.D. only,05 - Turning movement,0
14-1088,ALTA VISTA DR @ SUMMIT AVE,370403.71480,5028244.30706,-75.66215751690,45.39106529870,2014-01-24,9:15:00 AM,01 - Clear,01 - Daylight,01 - Dry,02 - Stop sign,01 - Functioning,03 - P.D. only,03 - Rear end,0
14-1089,LEWIS ST @ METCALFE ST,368120.71210,5030924.84273,-75.69096718120,45.41539406930,2014-01-24,3:06:00 PM,01 - Clear,01 - Daylight,01 - Dry,02 - Stop sign,01 - Functioning,03 - P.D. only,02 - Angle,0
14-1090,WILKIE DR btwn CARRIGAN DR & SIMONEAU WAY,384286.08301,5037252.17784,-75.48343366790,45.47067228180,2014-01-24,3:10:00 PM,01 - Clear,01 - Daylight,05 - Packed snow,10 - No control,,02 - Non-fatal injury,06 - SMV unattended vehicle,0
14-1091,LAURIER AVE @ LYON ST,367154.16963,5031067.62143,-75.70329717560,45.41676554640,2014-01-24,4:00:00 PM,01 - Clear,01 - Daylight,01 - Dry,01 - Traffic signal,01 - Functioning,03 - P.D. only,05 - Turning movement,0
14-1092,MERIVALE RD @ EMERALD PLAZA SC,364739.50467,5024006.39767,-75.73500413450,45.35344099920,2014-01-24,4:36:00 PM,01 - Clear,01 - Daylight,02 - Wet,01 - Traffic signal,01 - Functioning,03 - P.D. only,03 - Rear end,0
14-1093,BRIDGE ST btwn ARTHUR CRES & LONG ISLAND RD,369034.50521,5010297.51614,-75.68196860890,45.22971034050,2014-01-24,4:37:00 PM,01 - Clear,01 - Daylight,06 - Ice,10 - No control,,03 - P.D. only,03 - Rear end,0
14-1094,WOODROFFE AVE btwn KNOXDALE RD/MEDHURST DR & NORICE ST,363383.18800,5021918.50221,-75.75256030540,45.33476891670,2014-01-24,4:48:00 PM,01 - Clear,05 - Dusk,01 - Dry,10 - No control,,03 - P.D. only,03 - Rear end,0
14-1095,CARRUTHERS AVE @ SCOTT ST,365153.98395,5029849.40914,-75.72900045630,45.40597975550,2014-01-24,5:23:00 PM,01 - Clear,05 - Dusk,02 - Wet,01 - Traffic signal,01 - Functioning,03 - P.D. only,03 - Rear end,0
14-1096,INNES RD btwn 260 E OF BELCOURT BLVD/WALMART SC & JEANNE D'ARC BLVD/ME,382458.13275,5035463.28830,-75.50709077060,45.45478304140,2014-01-24,5:29:00 PM,01 - Clear,05 - Dusk,01 - Dry,10 - No control,,03 - P.D. only,03 - Rear end,0
14-1097,GREENBANK RD @ WEST HUNT CLUB RD,361479.67700,5020503.74663,-75.77700644640,45.32219530260,2014-01-24,5:31:00 PM,01 - Clear,05 - Dusk,01 - Dry,01 - Traffic signal,01 - Functioning,03 - P.D. only,03 - Rear end,0
14-1098,MONTREAL RD btwn BEGIN ST & PARK ST,370476.65991,5033295.17644,-75.66055295570,45.43650418810,2014-01-24,5:38:00 PM,01 - Clear,05 - Dusk,01 - Dry,10 - No control,,03 - P.D. only,04 - Sideswipe,0
14-1099,TENTH LINE RD btwn 275 N OF DES EPINETTES AVE/FALLINGBROOK SC & DES EP,383579.50483,5037038.56846,-75.49250309480,45.46883047870,2014-01-24,5:41:00 PM,01 - Clear,07 - Dark,06 - Ice,10 - No control,,03 - P.D. only,03 - Rear end,0
14-1100,AMIENS ST @ TENTH LINE RD,383352.10984,5037576.05914,-75.49532483480,45.47369194410,2014-01-24,5:42:00 PM,01 - Clear,07 - Dark,06 - Ice,01 - Traffic signal,01 - Functioning,03 - P.D. only,03 - Rear end,0
14-1101,ALBION RD @ HUNT CLUB RD,371868.74764,5024320.77129,-75.64398205630,45.35562400870,2014-01-24,6:00:00 PM,01 - Clear,07 - Dark,01 - Dry,01 - Traffic signal,01 - Functioning,03 - P.D. only,05 - Turning movement,0
14-1102,EAGLESON RD @ FERNBANK RD,354797.61536,5015587.67819,-75.86273146070,45.27846729240,2014-01-24,5:15:00 PM,01 - Clear,05 - Dusk,06 - Ice,01 - Traffic signal,01 - Functioning,03 - P.D. only,03 - Rear end,0
14-1103,KING EDWARD AVE @ ST. ANDREW ST,368161.17393,5032969.53067,-75.69018725160,45.43378780270,2014-01-24,6:57:00 PM,01 - Clear,07 - Dark,01 - Dry,01 - Traffic signal,01 - Functioning,03 - P.D. only,03 - Rear end,0
14-1104,BELCOURT BLVD @ INNES RD,382122.08587,5035266.35661,-75.51141766190,45.45304847910,2014-01-24,5:15:00 PM,01 - Clear,05 - Dusk,01 - Dry,01 - Traffic signal,01 - Functioning,03 - P.D. only,99 - Other,0
14-1105,WOODROFFE AVE btwn KNOXDALE RD/MEDHURST DR & NORICE ST,363272.66835,5022197.84315,-75.75393725480,45.33729162600,2014-01-24,7:05:00 PM,01 - Clear,07 - Dark,01 - Dry,10 - No control,,02 - Non-fatal injury,03 - Rear end,0
14-1106,WOODROFFE AVE btwn MEADOWLANDS DR/TALLWOOD DR & NORICE ST,363123.27837,5022566.54237,-75.75579972560,45.34062158950,2014-01-24,5:44:00 PM,01 - Clear,07 - Dark,01 - Dry,10 - No control,,03 - P.D. only,03 - Rear end,0
14-1107,AIRD PL @ BATON CRT,351773.21311,5019020.36358,-75.90095312730,45.30956409290,2014-01-24,7:23:00 PM,01 - Clear,07 - Dark,02 - Wet,03 - Yield sign,01 - Functioning,03 - P.D. only,06 - SMV unattended vehicle,0
14-1108,GREENBANK RD @ MALVERN DR/FOXFIELD DR,363311.68640,5016194.17981,-75.75414835250,45.28326758500,2014-01-23,6:15:00 PM,01 - Clear,07 - Dark,06 - Ice,01 - Traffic signal,01 - Functioning,03 - P.D. only,05 - Turning movement,0
14-1109,MAPLE GROVE RD @ TERRY FOX DR,351553.13467,5017863.51663,-75.90386873570,45.29916917230,2014-01-24,7:31:00 PM,01 - Clear,07 - Dark,06 - Ice,01 - Traffic signal,01 - Functioning,03 - P.D. only,03 - Rear end,0
14-1110,PINECREST RD/HWY 417 PINECRE IC129R63 @ TRANSI,360388.75828,5023677.80258,-75.79056433340,45.35084270270,2014-01-24,7:45:00 PM,01 - Clear,07 - Dark,01 - Dry,01 - Traffic signal,01 - Functioning,03 - P.D. only,02 - Angle,0
14-1111,OLD TENTH LINE RD @ TENTH LINE RD,383041.05124,5038357.53312,-75.49917816670,45.48075786110,2014-01-24,7:00:00 PM,01 - Clear,07 - Dark,01 - Dry,01 - Traffic signal,01 - Functioning,02 - Non-fatal injury,03 - Rear end,0
14-1112,JEANNE D'ARC BLVD  N btwn MILLWOOD CRT & BILBERRY DR,380302.18767,5038246.91492,-75.53422429300,45.48006417580,2014-01-24,8:56:00 PM,01 - Clear,07 - Dark,01 - Dry,10 - No control,,03 - P.D. only,03 - Rear end,0
14-1113,BANK ST @ ST. PAUL AVE,370508.61257,5025560.56099,-75.66117513060,45.36690802900,2014-01-24,7:00:00 PM,01 - Clear,07 - Dark,01 - Dry,02 - Stop sign,01 - Functioning,03 - P.D. only,03 - Rear end,0
14-1114,ALBERT ST btwn BAY ST & LYON ST N,367043.26892,5031205.36589,-75.70469662370,45.41801480390,2014-01-24,9:31:00 PM,01 - Clear,07 - Dark,01 - Dry,10 - No control,,03 - P.D. only,04 - Sideswipe,0
14-1115,GLOUCESTER ST @ O'CONNOR ST,367679.21637,5031291.82044,-75.69656067360,45.41873583020,2014-01-24,7:40:00 AM,01 - Clear,03 - Dawn,01 - Dry,01 - Traffic signal,01 - Functioning,03 - P.D. only,04 - Sideswipe,0
14-1116,GREENBANK RD @ STRANDHERD DR,363933.17693,5014785.17766,-75.74639470730,45.27053736600,2014-01-24,6:15:00 PM,01 - Clear,07 - Dark,01 - Dry,01 - Traffic signal,01 - Functioning,03 - P.D. only,03 - Rear end,0
14-1117,KING EDWARD AVE @ TEMPLETON ST,369059.70900,5031506.31427,-75.67889525430,45.42054033890,2014-01-24,10:30:00 PM,03 - Snow,07 - Dark,01 - Dry,01 - Traffic signal,01 - Functioning,03 - P.D. only,03 - Rear end,0
14-1118,FRANK KENNY RD @ WALL RD,388923.78930,5035187.79433,-75.42448440250,45.45155600010,2014-01-25,8:07:00 AM,03 - Snow,01 - Daylight,03 - Loose snow,02 - Stop sign,02 - Not functioning,03 - P.D. only,03 - Rear end,0
14-1119,GREENBANK RD btwn WEST HUNT CLUB RD & FALLOWFIELD RD,361875.67756,5019590.97378,-75.77206073280,45.31395009200,2014-01-25,8:54:00 AM,06 - Strong wind,01 - Daylight,03 - Loose snow,10 - No control,,03 - P.D. only,07 - SMV other,0
14-1120,EAGLESON RD @ FERNBANK RD,354798.62930,5015587.67819,-75.86271853840,45.27846722030,2014-01-25,9:43:00 AM,05 - Drifting Snow,01 - Daylight,03 - Loose snow,01 - Traffic signal,01 - Functioning,02 - Non-fatal injury,02 - Angle,0
14-1121,RUSSELL RD btwn ROCKDALE RD & MCNEELY RD,393946.93344,5027049.27998,-75.36174842020,45.37771281630,2014-01-25,10:13:00 AM,06 - Strong wind,01 - Daylight,03 - Loose snow,10 - No control,,03 - P.D. only,07 - SMV other,0
14-1122,DIAMONDVIEW RD btwn BAIRD SIDE RD & THOMAS A. DOLAN PKWY,334844.72643,5025870.76403,-76.11641896860,45.37213557410,2014-01-25,10:44:00 AM,05 - Drifting Snow,01 - Daylight,03 - Loose snow,10 - No control,,03 - P.D. only,07 - SMV other,0
14-1123,COLONNADE RD @ PRINCE OF WALES DR,367395.21857,5023266.76959,-75.70120665430,45.34655394590,2014-01-25,10:48:00 AM,01 - Clear,01 - Daylight,02 - Wet,01 - Traffic signal,01 - Functioning,03 - P.D. only,03 - Rear end,0
14-1124,FALLOWFIELD RD btwn EAGLESON RD & RICHMOND RD,357691.77778,5013509.51079,-75.82606635810,45.25955580040,2014-01-25,11:26:00 AM,03 - Snow,01 - Daylight,06 - Ice,10 - No control,,02 - Non-fatal injury,07 - SMV other,0
14-1125,JEANNE D'ARC BLVD @ ORLEANS BLVD S,380940.23753,5036250.83309,-75.52637324240,45.46203577860,2014-01-25,11:40:00 AM,01 - Clear,01 - Daylight,02 - Wet,01 - Traffic signal,01 - Functioning,03 - P.D. only,05 - Turning movement,0
14-1126,DWYER HILL RD btwn BLEEKS RD & COPELAND RD,346567.32605,5000841.69236,-75.96886612180,45.14631264510,2014-01-25,11:50:00 AM,05 - Drifting Snow,01 - Daylight,05 - Packed snow,10 - No control,,03 - P.D. only,07 - SMV other,0
14-1127,STRANDHERD DR btwn FALLOWFIELD RD & MARAVISTA DR,360945.88766,5014917.79435,-75.78444727550,45.27197550680,2014-01-25,12:20:00 PM,05 - Drifting Snow,01 - Daylight,03 - Loose snow,10 - No control,,03 - P.D. only,07 - SMV other,0
14-1128,DONALD B. MUNRO DR btwn VAUGHAN SIDE RD & DIAMONDVIEW RD,337440.75192,5021544.77388,-76.08356194350,45.33309234390,2014-01-25,12:20:00 PM,03 - Snow,01 - Daylight,03 - Loose snow,10 - No control,,02 - Non-fatal injury,03 - Rear end,0
14-1129,EAGLESON RD btwn FALLOWFIELD RD & AKINS RD,356243.62809,5011889.41512,-75.84468476420,45.24508517950,2014-01-25,12:24:00 PM,03 - Snow,01 - Daylight,02 - Wet,10 - No control,,03 - P.D. only,07 - SMV other,0
14-1130,ANDERSON RD @ RIDGE RD,379029.28347,5028508.53220,-75.55197262040,45.39258151960,2014-01-25,12:40:00 PM,01 - Clear,01 - Daylight,01 - Dry,02 - Stop sign,01 - Functioning,03 - P.D. only,02 - Angle,0
14-1131,RIVER RD @ SUMMERHILL ST,367496.86900,5014254.98710,-75.70104952730,45.26545806940,2014-01-25,12:39:00 PM,01 - Clear,01 - Daylight,02 - Wet,02 - Stop sign,00 - Unknown,02 - Non-fatal injury,03 - Rear end,0
14-1132,DONALD ST @ 110 E OF ST. LAURENT BLVD,372205.35225,5032482.38575,-75.63857140390,45.42902657710,2014-01-25,12:26:00 PM,01 - Clear,01 - Daylight,02 - Wet,01 - Traffic signal,01 - Functioning,03 - P.D. only,05 - Turning movement,0
14-1133,FALLOWFIELD RD btwn MERIVALE RD & WOODROFFE AVE,365118.24353,5017922.85427,-75.73091191830,45.29866942340,2014-01-25,12:52:00 PM,03 - Snow,01 - Daylight,06 - Ice,10 - No control,,03 - P.D. only,07 - SMV other,0
14-1134,MARITIME WAY btwn CANADIAN SHIELD AVE & GREAT LAKES AVE,351919.18500,5019653.53500,-75.89903144480,45.31525174020,2014-01-25,12:56:00 PM,05 - Drifting Snow,01 - Daylight,06 - Ice,10 - No control,,03 - P.D. only,07 - SMV other,0
14-1135,COOPER ST @ ELGIN ST,368120.22097,5031272.85633,-75.69092873660,45.41852542460,2014-01-25,1:06:00 PM,03 - Snow,01 - Daylight,02 - Wet,01 - Traffic signal,01 - Functioning,02 - Non-fatal injury,07 - SMV other,2
14-1136,CEDARVIEW RD @ WEST HUNT CLUB RD,359719.18437,5019554.22421,-75.79956646700,45.31379139020,2014-01-25,1:13:00 PM,01 - Clear,01 - Daylight,02 - Wet,01 - Traffic signal,01 - Functioning,02 - Non-fatal injury,05 - Turning movement,0
14-1137,CARLING AVE @ HARE AVE,362381.19737,5026134.29336,-75.76485225060,45.37278522930,2014-01-25,1:27:00 PM,01 - Clear,01 - Daylight,02 - Wet,02 - Stop sign,01 - Functioning,03 - P.D. only,02 - Angle,0
14-1138,FALLOWFIELD RD btwn MERIVALE RD & WOODROFFE AVE,365482.61515,5018206.10508,-75.72623175200,45.30118671700,2014-01-25,1:00:00 PM,03 - Snow,01 - Daylight,06 - Ice,10 - No control,,03 - P.D. only,03 - Rear end,0
14-1139,BRONSON AVE @ LISGAR ST,366896.69450,5030641.31461,-75.70664034670,45.41295266100,2014-01-22,8:45:00 AM,01 - Clear,01 - Daylight,01 - Dry,02 - Stop sign,01 - Functioning,03 - P.D. only,02 - Angle,0
14-1140,HUNTLEY RD btwn MANSFIELD RD & BROWNLEE RD,354845.32561,5008608.28503,-75.86282591870,45.21566138240,2014-01-25,2:12:00 PM,03 - Snow,01 - Daylight,06 - Ice,10 - No control,,03 - P.D. only,07 - SMV other,0
14-1141,MARCH RD btwn DIAMONDVIEW RD & THOMAS ARGUE RD,340974.00208,5020661.31682,-76.03854989630,45.32496938580,2014-01-25,2:10:00 PM,03 - Snow,01 - Daylight,04 - Slush,10 - No control,,03 - P.D. only,01 - Approaching,0
14-1142,ROGER STEVENS DR btwn MALAKOFF RD & MCCORDICK RD,364608.63770,4998244.12085,-75.73977175270,45.12164182340,2014-01-24,9:47:00 PM,01 - Clear,07 - Dark,01 - Dry,10 - No control,,03 - P.D. only,07 - SMV other,0
14-1143,SHEFFIELD RD @ WALKLEY RD,375258.24207,5028784.79229,-75.60008930010,45.39545673700,2014-01-24,5:40:00 PM,01 - Clear,07 - Dark,02 - Wet,01 - Traffic signal,01 - Functioning,03 - P.D. only,04 - Sideswipe,0
14-1144,YORKS CORNERS RD btwn COOPER HILL RD & PANA RD,387387.86041,5017026.64345,-75.44715394860,45.28834123860,2014-01-24,3:06:00 PM,03 - Snow,01 - Daylight,03 - Loose snow,10 - No control,,03 - P.D. only,07 - SMV other,0
14-1145,FRANKTOWN RD btwn MUNSTER RD & GREEN'S RD,351968.89930,5001868.09596,-75.90008372940,45.15520864530,2014-01-25,4:18:00 PM,03 - Snow,01 - Daylight,04 - Slush,10 - No control,,03 - P.D. only,07 - SMV other,0
14-1146,EAGLESON RD btwn HWY417 IC138 RAMP51 & KATIMAVIK RD,353127.94678,5019789.84209,-75.88360221600,45.31639610350,2014-01-25,4:25:00 PM,03 - Snow,05 - Dusk,05 - Packed snow,10 - No control,,03 - P.D. only,07 - SMV other,0
14-1147,DALY AVE btwn MACKENZIE AVE & NICHOLAS ST,368010.71748,5031911.97294,-75.69224577100,45.42428588260,2014-01-25,4:40:00 PM,03 - Snow,05 - Dusk,02 - Wet,10 - No control,,03 - P.D. only,04 - Sideswipe,0
14-1148,COURTENAY AVE btwn SHERBOURNE RD & LAUDER DR,362475.15415,5026457.43845,-75.76361505280,45.37568512660,2014-01-25,4:44:00 PM,03 - Snow,05 - Dusk,05 - Packed snow,10 - No control,,03 - P.D. only,07 - SMV other,0
14-1149,BRONSON AVE @ POWELL AVE,367388.35283,5029478.16187,-75.70050709800,45.40244315740,2014-01-25,4:48:00 PM,03 - Snow,05 - Dusk,02 - Wet,01 - Traffic signal,01 - Functioning,03 - P.D. only,05 - Turning movement,0
14-1150,KANATA RD @ LORD BYNG WAY/MARITIME WAY,351429.74302,5019330.71521,-75.90530394010,45.31237960290,2014-01-25,5:20:00 PM,05 - Drifting Snow,05 - Dusk,03 - Loose snow,01 - Traffic signal,01 - Functioning,03 - P.D. only,03 - Rear end,0
14-1151,DUNROBIN RD btwn VANCES SIDE RD & PORCUPINE TR,340299.04397,5033542.47579,-76.04623334850,45.44091287080,2014-01-25,5:45:00 PM,03 - Snow,07 - Dark,05 - Packed snow,10 - No control,,02 - Non-fatal injury,01 - Approaching,0
14-1152,MORNINGDOVE DR @ PANMURE RD,332451.46680,5022442.02833,-76.14716490370,45.34138065050,2014-01-25,6:10:00 PM,01 - Clear,07 - Dark,03 - Loose snow,02 - Stop sign,01 - Functioning,02 - Non-fatal injury,02 - Angle,0
14-1153,FERNBANK RD btwn FERNBANK RD & TERRY FOX DR,353541.55177,5014443.34367,-75.87885260410,45.26825847160,2014-01-25,6:27:00 PM,03 - Snow,07 - Dark,03 - Loose snow,10 - No control,,03 - P.D. only,03 - Rear end,0
14-1154,ELMSMERE RD @ MONTREAL RD,374927.25417,5034312.67697,-75.60352943060,45.44522687860,2014-01-25,6:38:00 PM,01 - Clear,07 - Dark,03 - Loose snow,01 - Traffic signal,01 - Functioning,03 - P.D. only,99 - Other,0
14-1155,BROPHY DR @ MOODIE DR,362748.08190,5006861.44667,-75.76241947460,45.19933744030,2014-01-25,6:40:00 PM,03 - Snow,07 - Dark,06 - Ice,02 - Stop sign,00 - Unknown,03 - P.D. only,07 - SMV other,0
14-1156,GREENBANK RD @ WEST HUNT CLUB RD,361480.15093,5020502.47920,-75.77700054700,45.32218386030,2014-01-25,6:49:00 PM,03 - Snow,07 - Dark,05 - Packed snow,01 - Traffic signal,01 - Functioning,03 - P.D. only,03 - Rear end,0
14-1157,COVENTRY RD btwn BELFAST RD & ST. LAURENT SC WEST,371623.79262,5031654.65752,-75.64611509540,45.42163485480,2014-01-23,6:46:00 PM,01 - Clear,07 - Dark,01 - Dry,10 - No control,,03 - P.D. only,07 - SMV other,0
14-1158,PRETORIA AVE @ QUEEN ELIZABETH DRWY,368665.38670,5030430.21103,-75.68407281060,45.41089404120,2014-01-25,6:51:00 PM,03 - Snow,07 - Dark,05 - Packed snow,10 - No control,,02 - Non-fatal injury,02 - Angle,0
14-1159,MARIER AVE @ MONTREAL RD,370419.70830,5033261.33751,-75.66128531550,45.43620506730,2014-01-25,7:12:00 PM,05 - Drifting Snow,07 - Dark,03 - Loose snow,01 - Traffic signal,01 - Functioning,03 - P.D. only,05 - Turning movement,0
14-1160,BANK ST @ WALKLEY RD,370337.34503,5025949.00233,-75.66330973840,45.37041913520,2014-01-25,7:19:00 PM,03 - Snow,07 - Dark,03 - Loose snow,01 - Traffic signal,02 - Not functioning,03 - P.D. only,03 - Rear end,0
14-1161,KENT ST @ SOMERSET ST,367528.12300,5030813.66917,-75.69855194490,45.41444713900,2014-01-25,7:20:00 PM,03 - Snow,07 - Dark,03 - Loose snow,01 - Traffic signal,01 - Functioning,03 - P.D. only,05 - Turning movement,0
14-1162,VANIER PKWY NB btwn BEECHWOOD AVE/ ST. PATRICK ST/CRICHTON ST & DESCHA,369150.92953,5033472.19424,-75.67747287920,45.43822019140,2014-01-25,9:00:00 PM,03 - Snow,07 - Dark,03 - Loose snow,10 - No control,,02 - Non-fatal injury,99 - Other,0
14-1163,PRINCE OF WALES DR btwn HOLBORN AVE & RIDEAU GLEN DR,367453.22831,5017858.19161,-75.70115070550,45.29788324960,2014-01-25,9:38:00 PM,05 - Drifting Snow,07 - Dark,03 - Loose snow,10 - No control,,03 - P.D. only,07 - SMV other,0
14-1164,LESTER RD btwn ALBION RD & UPLANDS DR,372273.77701,5022067.57093,-75.63912049750,45.33531161530,2014-01-25,10:22:00 PM,05 - Drifting Snow,07 - Dark,02 - Wet,10 - No control,,02 - Non-fatal injury,07 - SMV other,0
14-1165,BANK ST @ WALKLEY RD,370338.32593,5025947.73490,-75.66329738520,45.37040763980,2014-01-25,7:19:00 PM,03 - Snow,07 - Dark,03 - Loose snow,01 - Traffic signal,01 - Functioning,03 - P.D. only,05 - Turning movement,0
14-1166,PRESTON ST btwn YOUNG ST & GEORGE ST W,366612.54026,5029436.46501,-75.71042146800,45.40213691230,2014-01-25,10:51:00 PM,06 - Strong wind,07 - Dark,03 - Loose snow,10 - No control,,03 - P.D. only,06 - SMV unattended vehicle,0
14-1167,REGIONAL ROAD 174 EB btwn HWY417 IC113 RAMP65 & OR174 BLAIR IC112 RAMP51,374384.18891,5032509.54260,-75.61072573800,45.42905754060,2014-01-25,10:50:00 PM,03 - Snow,07 - Dark,03 - Loose snow,10 - No control,,03 - P.D. only,07 - SMV other,0
14-1168,BRITTANY DR @ MONTREAL RD,371913.21877,5033995.34226,-75.64209813760,45.44266753660,2014-01-25,11:15:00 PM,01 - Clear,07 - Dark,05 - Packed snow,01 - Traffic signal,01 - Functioning,03 - P.D. only,02 - Angle,0