Record,Location,X,Y,Longitude,Latitude,Date,Time,Environment,Light,Road_Surface,Traffic_Control,Collision_Location,Collision_Classification,Impact_type,Pedestrian
14-1273,SHAUGHNESSY CRES btwn KNUDSON DR & WINDEYER CRES (2),350700.52161,5020263.10404,-75.91451723620,45.32081751850,2014-01-27,12:30:00 PM,01 - Clear,01 - Daylight,05 - Packed snow,10 - No control,,03 - P.D. only,02 - Angle,0
14-1274,GREENBANK RD btwn HWY417 IC129 RAMP35 & HWY417 IC129 RAMP25,360504.43954,5023383.72340,-75.78912122530,45.34818740500,2014-01-27,8:00:00 AM,03 - Snow,01 - Daylight,03 - Loose snow,10 - No control,,03 - P.D. only,03 - Rear end,0
14-1275,FAIRLAKES WAY btwn GOLDENBROOK WAY & LAKERIDGE DR,385099.41744,5034348.55147,-75.47350756930,45.44445515630,2014-01-25,8:00:00 AM,01 - Clear,01 - Daylight,01 - Dry,10 - No control,,03 - P.D. only,06 - SMV unattended vehicle,0
14-1276,DUNNING RD @ OLD MONTREAL RD,390267.66538,5042527.61764,-75.40602866720,45.51742800590,2014-01-27,3:52:00 PM,05 - Drifting Snow,01 - Daylight,05 - Packed snow,02 - Stop sign,00 - Unknown,03 - P.D. only,03 - Rear end,0
14-1277,ALBION RD btwn LEITRIM RD & QUINN RD,373576.99879,5020236.04974,-75.62274940770,45.31870569700,2014-01-27,2:40:00 PM,05 - Drifting Snow,01 - Daylight,03 - Loose snow,10 - No control,,03 - P.D. only,02 - Angle,0
14-1278,RIVERSIDE DR @ SMYTH RD NORTH SIDE RAMP,369937.08638,5029318.18375,-75.66797452590,45.40077122150,2014-01-27,2:15:00 PM,03 - Snow,01 - Daylight,05 - Packed snow,01 - Traffic signal,00 - Unknown,03 - P.D. only,03 - Rear end,0
14-1279,GROSVENOR AVE @ SUNNYSIDE AVE,368540.72414,5028464.30441,-75.68591939630,45.39321680790,2014-01-27,4:30:00 PM,01 - Clear,01 - Daylight,03 - Loose snow,02 - Stop sign,01 - Functioning,03 - P.D. only,02 - Angle,0
14-1280,BEVAN AVE btwn BYRON AVE & WESLEY AVE,363761.80371,5028358.92620,-75.74696165040,45.39268732180,2014-01-27,5:42:00 PM,01 - Clear,07 - Dark,03 - Loose snow,10 - No control,,03 - P.D. only,01 - Approaching,0
14-1281,CAHILL DR @ PLANTE DR,370634.25987,5024121.61307,-75.65976298350,45.35394903650,2014-01-27,5:50:00 PM,01 - Clear,07 - Dark,01 - Dry,02 - Stop sign,01 - Functioning,03 - P.D. only,07 - SMV other,0
14-1282,ALBION RD @ HUNT CLUB RD,371867.57850,5024320.60524,-75.64399699870,45.35562262600,2014-01-27,5:49:00 PM,03 - Snow,07 - Dark,03 - Loose snow,01 - Traffic signal,01 - Functioning,03 - P.D. only,03 - Rear end,0
14-1283,BELCOURT BLVD @ ST. JOSEPH BLVD,381205.75414,5037357.83614,-75.52280641090,45.47196669170,2014-01-27,6:46:00 PM,01 - Clear,07 - Dark,04 - Slush,01 - Traffic signal,01 - Functioning,03 - P.D. only,05 - Turning movement,0
14-1284,FALLOWFIELD RD @ WOLFGANG DR,363407.16443,5016943.45560,-75.75284288650,45.29000161950,2014-01-27,6:48:00 PM,01 - Clear,07 - Dark,02 - Wet,02 - Stop sign,00 - Unknown,03 - P.D. only,05 - Turning movement,0
14-1285,CATHERINE ST @ KENT ST,367908.21447,5030188.31091,-75.69377623980,45.40878618780,2014-01-27,6:51:00 PM,01 - Clear,07 - Dark,02 - Wet,01 - Traffic signal,01 - Functioning,03 - P.D. only,05 - Turning movement,0
14-1286,BERRIGAN DR btwn PLUMAS GT & WANSTEAD GT,364779.81810,5015882.47680,-75.73547332280,45.28033915080,2014-01-27,7:03:00 PM,01 - Clear,07 - Dark,03 - Loose snow,10 - No control,,03 - P.D. only,07 - SMV other,0
14-1287,WOLVERTON CRES btwn CHARING RD & CHARING RD,361933.58436,5021431.97206,-75.77110986110,45.33051066200,2014-01-27,7:45:00 PM,03 - Snow,07 - Dark,03 - Loose snow,10 - No control,,03 - P.D. only,06 - SMV unattended vehicle,0
14-1288,WEST HUNT CLUB RD btwn MOODIE DR & RICHMOND RD,357240.45085,5018166.40400,-75.83132460660,45.30149309910,2014-01-27,7:20:00 PM,01 - Clear,07 - Dark,05 - Packed snow,10 - No control,,03 - P.D. only,07 - SMV other,0
14-1289,LONGFIELDS DR btwn CHAPMAN MILLS DR & GLENROY GILBERT DR,364817.07100,5014626.56200,-75.73515035060,45.26903526480,2014-01-27,8:14:00 PM,01 - Clear,07 - Dark,03 - Loose snow,10 - No control,,03 - P.D. only,07 - SMV other,0
14-1290,BASELINE RD @ MERIVALE RD,365056.13525,5025325.99452,-75.73080253450,45.36528739130,2014-01-27,8:13:00 PM,01 - Clear,07 - Dark,02 - Wet,01 - Traffic signal,01 - Functioning,03 - P.D. only,03 - Rear end,0
14-1291,BURRIS LANE @ MERIVALE RD,364881.18602,5025068.95885,-75.73306689390,45.36298964290,2014-01-27,8:32:00 PM,06 - Strong wind,07 - Dark,04 - Slush,01 - Traffic signal,01 - Functioning,02 - Non-fatal injury,07 - SMV other,1
14-1292,OTTAWA RIVER PKWY @ WOODROFFE AVE,361427.16122,5027001.09795,-75.77693219100,45.38066240430,2014-01-27,9:26:00 PM,05 - Drifting Snow,07 - Dark,03 - Loose snow,02 - Stop sign,01 - Functioning,03 - P.D. only,07 - SMV other,0
14-1293,MONTREAL RD @ BATHGATE DR/BURMA RD,373223.30060,5034514.69647,-75.62528121270,45.44721341260,2014-01-27,12:00:00 PM,03 - Snow,01 - Daylight,05 - Packed snow,01 - Traffic signal,00 - Unknown,03 - P.D. only,07 - SMV other,0
14-1294,BANK ST btwn TURN LANE & SPRINGHILL RD,385088.26896,5006392.51788,-75.47818147380,45.19292811230,2014-01-27,9:57:00 PM,01 - Clear,07 - Dark,03 - Loose snow,10 - No control,,03 - P.D. only,05 - Turning movement,0
14-1295,MCNAUGHTON AVE btwn MERRITT AVE & MAIN ST,369273.33140,5029839.69399,-75.67638390010,45.40552503340,2014-01-27,4:00:00 PM,03 - Snow,01 - Daylight,05 - Packed snow,10 - No control,,03 - P.D. only,06 - SMV unattended vehicle,0
14-1296,TOPLEY CRES btwn KARSH DR & KEYS WAY (1),374120.37970,5026287.73129,-75.61497127660,45.37310289540,2014-01-27,11:14:00 PM,03 - Snow,07 - Dark,05 - Packed snow,10 - No control,,03 - P.D. only,07 - SMV other,0
14-1297,DATA CENTRE RD @ RIVERSIDE DR,368896.43506,5027671.65361,-75.68147976310,45.38605231370,2014-01-28,6:46:00 AM,01 - Clear,07 - Dark,06 - Ice,01 - Traffic signal,01 - Functioning,03 - P.D. only,03 - Rear end,0
14-1298,CARP RD/HWY 417 CARP IC144R63 @ HWY 417 CARP I,347300.58781,5015926.38219,-75.95825474230,45.28200826300,2014-01-28,7:44:00 AM,01 - Clear,03 - Dawn,02 - Wet,01 - Traffic signal,01 - Functioning,03 - P.D. only,03 - Rear end,0
14-1299,PRINCE OF WALES DR btwn RIDEAU SHORE CRT & COLONNADE RD,367372.91185,5023314.93182,-75.70148519480,45.34698929020,2014-01-28,8:02:00 AM,01 - Clear,03 - Dawn,01 - Dry,10 - No control,,03 - P.D. only,01 - Approaching,0
14-1300,CENTRAL PARK DR btwn STATEN WAY & SCOUT ST,364551.17130,5025506.63417,-75.73722621200,45.36695598670,2014-01-28,8:17:00 AM,01 - Clear,01 - Daylight,04 - Slush,10 - No control,,03 - P.D. only,02 - Angle,0
14-1301,RUSSELL RD @ TUPPER AVE,374254.99094,5028749.32689,-75.61290651850,45.39523786770,2014-01-28,8:22:00 AM,01 - Clear,01 - Daylight,01 - Dry,01 - Traffic signal,01 - Functioning,02 - Non-fatal injury,03 - Rear end,0
14-1302,ALBION RD btwn DEL ZOTTO AVE & HIGH RD,373998.40729,5019223.57056,-75.61751639320,45.30955434640,2014-01-28,8:30:00 AM,01 - Clear,01 - Daylight,01 - Dry,10 - No control,,03 - P.D. only,07 - SMV other,0
14-1303,O'CONNOR ST @ SOMERSET ST,367856.21707,5031013.84133,-75.69433484290,45.41621873490,2014-01-28,8:34:00 AM,01 - Clear,01 - Daylight,04 - Slush,01 - Traffic signal,01 - Functioning,03 - P.D. only,05 - Turning movement,0
14-1304,CAMPEAU DR @ KANATA AVE,350595.37407,5019401.69061,-75.91593800820,45.31307316700,2014-01-28,8:05:00 AM,01 - Clear,03 - Dawn,01 - Dry,01 - Traffic signal,01 - Functioning,03 - P.D. only,03 - Rear end,0
14-1305,VANSON AVE btwn WILLETH AVE & HILLIARD AVE,366001.90716,5025421.21668,-75.71871864330,45.36606224250,2014-01-27,7:00:00 PM,01 - Clear,07 - Dark,05 - Packed snow,10 - No control,,03 - P.D. only,06 - SMV unattended vehicle,0
14-1306,WOODROFFE AVE @ SPORTSPLEX N,363763.18268,5021069.63228,-75.74781363660,45.32709902010,2014-01-28,8:30:00 AM,01 - Clear,01 - Daylight,02 - Wet,01 - Traffic signal,01 - Functioning,02 - Non-fatal injury,03 - Rear end,0
14-1307,DALHOUSIE ST @ RIDEAU ST,368207.18872,5032228.06082,-75.68969467530,45.42711214990,2014-01-28,9:17:00 AM,01 - Clear,01 - Daylight,02 - Wet,01 - Traffic signal,01 - Functioning,03 - P.D. only,04 - Sideswipe,0
14-1308,GREENBANK RD @ HWY 417 IC129 RAMP57/IRIS ST,360530.38097,5023311.59595,-75.78879832310,45.34753634320,2014-01-28,9:20:00 AM,01 - Clear,01 - Daylight,02 - Wet,01 - Traffic signal,01 - Functioning,03 - P.D. only,04 - Sideswipe,0
14-1309,CLEGG ST @ COLONEL BY DR,368967.65658,5029742.34082,-75.68030101630,45.40467717060,2014-01-28,9:28:00 AM,01 - Clear,01 - Daylight,02 - Wet,02 - Stop sign,01 - Functioning,02 - Non-fatal injury,03 - Rear end,0
14-1310,SUNVIEW DR btwn BURNINGTREE CRT & DES PERDRIX CRES,381938.65073,5036292.79734,-75.51360155770,45.46230380910,2014-01-28,10:02:00 AM,01 - Clear,01 - Daylight,04 - Slush,10 - No control,,03 - P.D. only,06 - SMV unattended vehicle,0
14-1311,CRESTHAVEN DR @ WATERBRIDGE DR,366937.12403,5015978.78599,-75.70796597680,45.28101836720,2014-01-28,10:04:00 AM,01 - Clear,01 - Daylight,04 - Slush,03 - Yield sign,01 - Functioning,02 - Non-fatal injury,07 - SMV other,1
14-1312,CATHERINE ST @ KENT ST,367908.21447,5030188.31091,-75.69377623980,45.40878618780,2014-01-28,10:32:00 AM,01 - Clear,01 - Daylight,02 - Wet,01 - Traffic signal,01 - Functioning,03 - P.D. only,04 - Sideswipe,0
14-1313,CONROY RD @ ST. LAURENT BLVD,373068.03979,5027156.89226,-75.62828500010,45.38102655540,2014-01-27,5:10:00 PM,01 - Clear,05 - Dusk,02 - Wet,01 - Traffic signal,01 - Functioning,02 - Non-fatal injury,03 - Rear end,0
14-1314,HOPEWELL AVE btwn GROSVENOR AVE & BANK ST,368726.62972,5028479.47058,-75.68354333350,45.39333632240,2014-01-28,11:05:00 AM,01 - Clear,01 - Daylight,04 - Slush,10 - No control,,02 - Non-fatal injury,03 - Rear end,0
14-1315,FITZGERALD RD btwn ROBERTSON RD & MOODIE DR,356772.84556,5020338.22129,-75.83705890710,45.32107014520,2014-01-27,9:30:00 AM,01 - Clear,01 - Daylight,05 - Packed snow,10 - No control,,03 - P.D. only,03 - Rear end,0
14-1316,LEMIEUX ST @ ST. LAURENT BLVD,372392.20432,5031744.00325,-75.63628506770,45.42236492670,2014-01-28,11:31:00 AM,01 - Clear,01 - Daylight,01 - Dry,01 - Traffic signal,01 - Functioning,03 - P.D. only,02 - Angle,0
14-1317,CROWNRIDGE DR @ MEADOWBREEZE DR,356002.58814,5015123.32046,-75.84742178880,45.27420218310,2014-01-28,11:45:00 AM,01 - Clear,01 - Daylight,04 - Slush,02 - Stop sign,00 - Unknown,03 - P.D. only,99 - Other,0
14-1318,BANNING RD btwn BALBAIR RD & ABBEYHILL DR,353419.13362,5017658.31489,-75.88009759300,45.29719606470,2014-01-28,8:00:00 AM,01 - Clear,01 - Daylight,01 - Dry,10 - No control,,03 - P.D. only,06 - SMV unattended vehicle,0
14-1319,INDUSTRIAL AVE/INNES RD @ ST. LAURENT BLVD,373100.31603,5030007.07693,-75.62747834990,45.40666811190,2014-01-28,1:09:00 PM,01 - Clear,01 - Daylight,02 - Wet,01 - Traffic signal,01 - Functioning,02 - Non-fatal injury,03 - Rear end,0
14-1320,MCCORDICK RD btwn POLLOCK RD & ROGER STEVENS DR,363193.92351,4999978.14429,-75.75755025870,45.13736330520,2014-01-28,1:27:00 PM,05 - Drifting Snow,01 - Daylight,05 - Packed snow,10 - No control,,03 - P.D. only,01 - Approaching,0
14-1321,RAMSAYVILLE RD btwn RIDGE RD & RUSSELL RD,376831.86617,5028497.03757,-75.58003515930,45.39270757120,2014-01-28,1:59:00 PM,05 - Drifting Snow,01 - Daylight,05 - Packed snow,10 - No control,,03 - P.D. only,07 - SMV other,0
14-1322,DONALD ST btwn ALESTHER ST & ST. LAURENT BLVD,372076.17735,5032470.68917,-75.64022364840,45.42893377390,2014-01-28,2:19:00 PM,01 - Clear,01 - Daylight,03 - Loose snow,10 - No control,,03 - P.D. only,04 - Sideswipe,0
14-1323,8TH LINE RD btwn MITCH OWENS RD & RODNEY FARM DR,382441.88335,5018594.75123,-75.50995096700,45.30301393800,2014-01-28,2:26:00 PM,05 - Drifting Snow,01 - Daylight,05 - Packed snow,10 - No control,,03 - P.D. only,07 - SMV other,0
14-1324,ST. LAURENT BLVD @ COVENTRY RD/OGILVIE RD,372307.14130,5031952.52247,-75.63734333090,45.42424929910,2014-01-28,2:29:00 PM,01 - Clear,01 - Daylight,02 - Wet,01 - Traffic signal,01 - Functioning,02 - Non-fatal injury,03 - Rear end,0
14-1325,RIDEAU ST btwn WALLER ST & CUMBERLAND ST,368293.76046,5032282.02201,-75.68858149520,45.42758982030,2014-01-28,2:51:00 PM,01 - Clear,01 - Daylight,02 - Wet,10 - No control,,03 - P.D. only,02 - Angle,0
14-1326,DEAKIN ST @ PRINCE OF WALES DR,367390.23717,5021523.48780,-75.70149073370,45.33086866390,2014-01-28,2:56:00 PM,01 - Clear,01 - Daylight,02 - Wet,01 - Traffic signal,01 - Functioning,03 - P.D. only,07 - SMV other,0
14-1327,RICHMOND RD @ LYNHAR RD/STAFFORD RD,358139.45789,5021085.52675,-75.81954776570,45.32769195290,2014-01-28,3:00:00 PM,01 - Clear,01 - Daylight,06 - Ice,01 - Traffic signal,01 - Functioning,03 - P.D. only,03 - Rear end,0
14-1328,ROYDON PL btwn WOODFIELD DR & WEST HUNT CLUB RD,365675.97447,5022385.03477,-75.72325280900,45.33877154700,2014-01-28,2:30:00 PM,01 - Clear,01 - Daylight,02 - Wet,10 - No control,,03 - P.D. only,02 - Angle,0
14-1329,INNES RD @ 215 W OF CYRVILLE RD/HOME DEPOT W,374863.69428,5031001.69348,-75.60481293570,45.41544286150,2014-01-28,3:57:00 PM,01 - Clear,01 - Daylight,01 - Dry,01 - Traffic signal,01 - Functioning,03 - P.D. only,04 - Sideswipe,0
14-1330,RUSSELL RD btwn TREADWELL RD & ANDERSON RD,379689.66543,5026735.90209,-75.54380859140,45.37656221460,2014-01-28,3:57:00 PM,05 - Drifting Snow,01 - Daylight,03 - Loose snow,10 - No control,,03 - P.D. only,01 - Approaching,0
14-1331,RICHMOND RD @ STINSON AVE,357872.67161,5020927.07905,-75.82296790790,45.32628645230,2014-01-28,4:08:00 PM,01 - Clear,01 - Daylight,06 - Ice,01 - Traffic signal,01 - Functioning,03 - P.D. only,02 - Angle,0
14-1332,LACASSE AVE @ MONTREAL RD,370686.70640,5033406.84849,-75.65785358830,45.43748920390,2014-01-28,4:15:00 PM,01 - Clear,01 - Daylight,03 - Loose snow,01 - Traffic signal,01 - Functioning,03 - P.D. only,04 - Sideswipe,0
14-1333,CATHERINE ST @ KENT ST,367907.58300,5030189.70947,-75.69378412760,45.40879882890,2014-01-28,4:25:00 PM,01 - Clear,01 - Daylight,01 - Dry,01 - Traffic signal,01 - Functioning,03 - P.D. only,02 - Angle,0
14-1334,COLONIAL RD btwn MONSEIGNEUR DENIS CRT & LAFLEUR RD,396447.69200,5034645.75031,-75.32841231930,45.44573329330,2014-01-28,4:27:00 PM,03 - Snow,01 - Daylight,03 - Loose snow,10 - No control,,02 - Non-fatal injury,01 - Approaching,0
14-1335,CARLING AVE WB btwn HARE AVE & BROMLEY RD,362529.80378,5026227.18454,-75.76294427060,45.37360882650,2014-01-28,4:25:00 PM,01 - Clear,01 - Daylight,02 - Wet,10 - No control,,02 - Non-fatal injury,03 - Rear end,0
14-1336,PRINCE OF WALES DR btwn WILLIAM MCEWEN DR & CARSONBY RD W,366131.45033,5004800.34716,-75.71961233900,45.18050526310,2014-01-28,4:45:00 PM,01 - Clear,05 - Dusk,02 - Wet,10 - No control,,03 - P.D. only,07 - SMV other,0
14-1337,BASIL MACDONALD WAY @ GRANT CARMAN DR,365351.97207,5023328.75510,-75.72727102490,45.34729105210,2014-01-24,2:00:00 PM,04 - Freezing Rain,01 - Daylight,06 - Ice,02 - Stop sign,01 - Functioning,03 - P.D. only,03 - Rear end,0
14-1338,"EGLISE, RUE DE L @ MONTREAL RD",371157.92646,5033634.64373,-75.65180052980,45.43949423880,2014-01-28,5:40:00 PM,01 - Clear,07 - Dark,02 - Wet,01 - Traffic signal,01 - Functioning,02 - Non-fatal injury,07 - SMV other,1
14-1339,SUSSEX DR btwn CLARENCE ST & YORK ST,367782.89782,5032273.22892,-75.69511053880,45.42755689180,2014-01-28,6:25:00 PM,01 - Clear,07 - Dark,06 - Ice,10 - No control,,03 - P.D. only,03 - Rear end,0
14-1340,MONTGOMERY ST @ MONTREAL RD,369813.71260,5032921.07003,-75.66907492720,45.43320008720,2014-01-28,6:33:00 PM,01 - Clear,07 - Dark,01 - Dry,01 - Traffic signal,01 - Functioning,02 - Non-fatal injury,07 - SMV other,1
14-1341,BASELINE RD btwn NAVAHO DR & DEERFIELD DR,363235.13579,5024190.24359,-75.75418070690,45.35522220230,2014-01-28,6:30:00 PM,01 - Clear,07 - Dark,02 - Wet,10 - No control,,03 - P.D. only,03 - Rear end,0
14-1342,NORFOLK AVE btwn ADELINE ST & CARLING AVE,366872.86136,5028998.25388,-75.70715165930,45.39817097320,2014-01-26,12:00:00 AM,01 - Clear,00 - Unknown,01 - Dry,10 - No control,,03 - P.D. only,06 - SMV unattended vehicle,0
14-1343,KENNEVALE DR btwn MERNER AVE & FLANDERS ST,361984.89025,5014361.80971,-75.77127076870,45.26688899410,2014-01-28,7:03:00 PM,01 - Clear,07 - Dark,02 - Wet,10 - No control,,03 - P.D. only,06 - SMV unattended vehicle,0
14-1344,HIGHWAY 417 btwn HWY417 IC115 RAMP51 & HWY417 IC115 RAMP35,372419.08536,5031495.10791,-75.63597577270,45.42012288390,2014-01-28,7:18:00 PM,01 - Clear,07 - Dark,02 - Wet,10 - No control,,03 - P.D. only,03 - Rear end,0
14-1345,WEST HUNT CLUB RD @ WOODROFFE AVE,363671.19797,5021247.24946,-75.74896585240,45.32870492920,2014-01-27,10:30:00 AM,03 - Snow,01 - Daylight,03 - Loose snow,01 - Traffic signal,01 - Functioning,03 - P.D. only,07 - SMV other,0
14-1346,RICHMOND RD btwn MCRAE AVE & CLIFTON RD,363673.00250,5028579.94363,-75.74806931490,45.39468346940,2014-01-28,8:50:00 AM,01 - Clear,01 - Daylight,01 - Dry,10 - No control,,03 - P.D. only,06 - SMV unattended vehicle,0
14-1347,LYON ST @ WELLINGTON ST,366935.93575,5031427.21082,-75.70603994630,45.42002043760,2014-01-28,6:15:00 PM,01 - Clear,07 - Dark,01 - Dry,01 - Traffic signal,01 - Functioning,03 - P.D. only,03 - Rear end,0
14-1348,STRANDHERD DR @ LONGFIELDS DR,364548.33657,5015172.37683,-75.73850908570,45.27396938850,2014-01-28,10:00:00 PM,01 - Clear,07 - Dark,01 - Dry,01 - Traffic signal,01 - Functioning,02 - Non-fatal injury,02 - Angle,0
14-1349,DUNBARTON CRT btwn Continuation of DUNBARTON CRT & Continuation of DUN,371188.71741,5034194.40744,-75.65133148560,45.44452781090,2014-01-28,12:00:00 AM,01 - Clear,00 - Unknown,05 - Packed snow,10 - No control,,03 - P.D. only,06 - SMV unattended vehicle,0
14-1350,BREANNA CARDILL ST btwn Continuation of BREANNA CARDILL ST & MARY ANNE,378131.39850,5012204.52085,-75.56585233390,45.24598045150,2014-01-28,10:06:00 PM,01 - Clear,07 - Dark,05 - Packed snow,10 - No control,,03 - P.D. only,06 - SMV unattended vehicle,0
14-1351,BASELINE RD/HWY 416 RICHMOND IC75R53 @ RICHMON,358636.13883,5021821.48660,-75.81313201280,45.33427623740,2014-01-29,5:50:00 AM,01 - Clear,07 - Dark,01 - Dry,01 - Traffic signal,01 - Functioning,03 - P.D. only,02 - Angle,0
14-1352,RUSSLAND RD btwn DUNNING RD & Continuation of RUSSLAND RD,398620.48472,5023611.97410,-75.30274058200,45.34617825910,2014-01-29,6:30:00 AM,01 - Clear,07 - Dark,05 - Packed snow,10 - No control,,03 - P.D. only,02 - Angle,0
14-1353,INNES RD btwn BLAIR RD & ANDERSON RD,375662.38509,5031496.58932,-75.59453835980,45.41981522930,2014-01-29,6:44:00 AM,01 - Clear,07 - Dark,06 - Ice,10 - No control,,03 - P.D. only,03 - Rear end,0
14-1354,INNES RD WB btwn INNES RD W & INNES RD,377150.06815,5032186.68673,-75.57543023400,45.42587203900,2014-01-29,7:00:00 AM,01 - Clear,03 - Dawn,01 - Dry,10 - No control,,03 - P.D. only,03 - Rear end,0
14-1355,WOODRIDGE CRES btwn BAYSHORE DR & BAYSHORE PS,358939.69360,5023795.76199,-75.80904332290,45.35201746760,2014-01-28,5:00:00 PM,01 - Clear,05 - Dusk,04 - Slush,10 - No control,,03 - P.D. only,06 - SMV unattended vehicle,0
14-1356,GREENBANK RD @ CANFIELD RD/CRAIG HENRY DR,361106.67980,5021364.74589,-75.78166602610,45.32997259310,2014-01-29,7:51:00 AM,01 - Clear,03 - Dawn,06 - Ice,01 - Traffic signal,01 - Functioning,03 - P.D. only,05 - Turning movement,0
14-1357,GREENBANK RD @ LISA AVE,360553.25330,5022891.59637,-75.78855380360,45.34375537560,2014-01-29,7:53:00 AM,01 - Clear,03 - Dawn,06 - Ice,01 - Traffic signal,01 - Functioning,03 - P.D. only,03 - Rear end,0
14-1358,CARP RD @ HAZELDEAN RD,348804.57590,5014361.19666,-75.93922339180,45.26783162270,2014-01-29,8:10:00 AM,01 - Clear,01 - Daylight,01 - Dry,01 - Traffic signal,01 - Functioning,03 - P.D. only,02 - Angle,0
14-1359,BANK ST @ RIVERSIDE DR N,369226.13662,5027984.79371,-75.67722898840,45.38883960140,2014-01-29,8:24:00 AM,01 - Clear,01 - Daylight,02 - Wet,01 - Traffic signal,01 - Functioning,03 - P.D. only,03 - Rear end,0
14-1360,THIRD AVE btwn BANK ST & O'CONNOR ST,368397.54730,5029587.81132,-75.68760297240,45.40333879260,2014-01-28,8:30:00 AM,01 - Clear,01 - Daylight,05 - Packed snow,10 - No control,,03 - P.D. only,02 - Angle,0
14-1361,OR174 IC109 RAMP26 @ REGIONAL RD 174,379340.54917,5037001.67093,-75.54671216420,45.46896376390,2014-01-29,9:07:00 AM,01 - Clear,01 - Daylight,04 - Slush,10 - No control,,03 - P.D. only,03 - Rear end,0
14-1362,PRINCE OF WALES DR btwn WINDING WAY & MERIVALE RD,367450.21827,5017566.01700,-75.70122599270,45.29525456570,2014-01-29,9:33:00 AM,01 - Clear,01 - Daylight,02 - Wet,10 - No control,,03 - P.D. only,03 - Rear end,0
14-1363,HUNT CLUB RD @ RIVERSIDE DR,368036.70300,5021946.25896,-75.69319010200,45.33461472310,2014-01-28,10:00:00 AM,01 - Clear,01 - Daylight,01 - Dry,01 - Traffic signal,01 - Functioning,03 - P.D. only,03 - Rear end,0
14-1364,GREENBANK RD btwn DUNDONALD DR & KILBIRNIE DR,365257.30979,5011716.87476,-75.72989449220,45.24281617310,2014-01-28,12:00:00 AM,01 - Clear,00 - Unknown,06 - Ice,10 - No control,,03 - P.D. only,07 - SMV other,0
14-1365,STARWOOD RD btwn ST. CLAIRE AVE & CLYDE AVE,364398.65249,5024622.37536,-75.73927971380,45.35901253760,2014-01-28,1:30:00 PM,01 - Clear,01 - Daylight,02 - Wet,10 - No control,,03 - P.D. only,02 - Angle,0
14-1366,DALHOUSIE ST @ MURRAY ST,368001.20607,5032573.84809,-75.69228236770,45.43024206640,2014-01-29,10:20:00 AM,01 - Clear,01 - Daylight,02 - Wet,01 - Traffic signal,01 - Functioning,03 - P.D. only,02 - Angle,0
14-1367,LEN PURCELL DR btwn WHISTLER RD & FIRESIDE DR,336718.17801,5040208.35154,-76.09157154450,45.50106676090,2014-01-29,1:30:00 AM,01 - Clear,07 - Dark,05 - Packed snow,10 - No control,,03 - P.D. only,07 - SMV other,0
14-1368,CHELTONIA WAY @ GOLDRIDGE DR,349741.85729,5019354.47100,-75.92682726460,45.31270341630,2014-01-27,9:30:00 AM,03 - Snow,01 - Daylight,03 - Loose snow,02 - Stop sign,01 - Functioning,03 - P.D. only,02 - Angle,0
14-1369,INNES RD btwn ANDERSON RD & INNES RD,376545.67001,5031995.53968,-75.58318075010,45.42421446690,2014-01-29,11:02:00 AM,05 - Drifting Snow,01 - Daylight,03 - Loose snow,10 - No control,,03 - P.D. only,07 - SMV other,0
14-1370,LEWIS ST @ METCALFE ST,368121.72604,5030923.32181,-75.69095442360,45.41538029300,2014-01-29,10:00:00 AM,01 - Clear,01 - Daylight,03 - Loose snow,02 - Stop sign,01 - Functioning,03 - P.D. only,05 - Turning movement,0
14-1371,RIVERDALE AVE btwn ECHO DR & GLENVIEW AVE,369256.34596,5029299.07548,-75.67667152060,45.40066229740,2014-01-29,11:12:00 AM,01 - Clear,01 - Daylight,02 - Wet,10 - No control,,03 - P.D. only,06 - SMV unattended vehicle,0
14-1372,MUNSTER RD btwn BILTMORE CRES & MANSFIELD RD,347891.30893,5004084.31273,-75.95175068800,45.17541201880,2014-01-29,11:20:00 AM,01 - Clear,01 - Daylight,05 - Packed snow,10 - No control,,03 - P.D. only,07 - SMV other,0
14-1373,MAJESTIC DR @ WOODROFFE AVE,363527.69340,5021571.74589,-75.75075792090,45.33163674890,2014-01-29,11:29:00 AM,03 - Snow,01 - Daylight,02 - Wet,01 - Traffic signal,01 - Functioning,03 - P.D. only,03 - Rear end,0
14-1374,BLOHM DR btwn ESSON ST & REUBENS CRT,374484.45422,5026364.66090,-75.61031276450,45.37375896400,2014-01-29,11:32:00 AM,01 - Clear,01 - Daylight,02 - Wet,10 - No control,,03 - P.D. only,06 - SMV unattended vehicle,0
14-1375,LIMEBANK RD btwn EARL ARMSTRONG RD & RIDEAU RD,370543.47527,5014950.16041,-75.66213846110,45.27143496580,2014-01-29,11:56:00 AM,03 - Snow,01 - Daylight,03 - Loose snow,10 - No control,,03 - P.D. only,07 - SMV other,0
14-1376,THURSTON DR btwn CONROY RD & THOMAS SPRATT PL,373645.89204,5027036.10280,-75.62092411470,45.37988319640,2014-01-29,12:00:00 PM,01 - Clear,01 - Daylight,02 - Wet,10 - No control,,03 - P.D. only,03 - Rear end,0