Record,Location,X,Y,Longitude,Latitude,Date,Time,Environment,Light,Road_Surface,Traffic_Control,Collision_Location,Collision_Classification,Impact_type,Pedestrian
14-1483,BEAVERBROOK RD btwn LEACOCK DR & TERON RD,351808.07869,5021146.82123,-75.90030669630,45.32869610980,2014-01-31,10:00:00 PM,01 - Clear,07 - Dark,01 - Dry,10 - No control,,02 - Non-fatal injury,07 - SMV other,1
14-1484,RIDEAU ST btwn KING EDWARD AVE & NELSON ST,368522.40158,5032422.78612,-75.68564165930,45.42883557180,2014-02-01,4:15:00 AM,01 - Clear,07 - Dark,01 - Dry,10 - No control,,03 - P.D. only,05 - Turning movement,0
14-1485,WHITESTONE DR btwn STATE ST & GRENWICH CIRC,364300.59466,5025754.71705,-75.74039487080,45.36920951630,2014-01-31,5:00:00 PM,01 - Clear,05 - Dusk,02 - Wet,10 - No control,,03 - P.D. only,06 - SMV unattended vehicle,0
14-1486,MONTREAL RD btwn MONTREAL SQUARE SC & CENTER ST,371791.72205,5033938.06733,-75.64365884040,45.44216385720,2014-02-01,8:51:00 AM,01 - Clear,01 - Daylight,02 - Wet,10 - No control,,03 - P.D. only,02 - Angle,0
14-1487,FORESTVIEW CRES E @ SEYTON DR,357079.54834,5019518.97924,-75.83323348050,45.31367573840,2014-02-01,8:56:00 AM,01 - Clear,01 - Daylight,02 - Wet,02 - Stop sign,00 - Unknown,03 - P.D. only,05 - Turning movement,0
14-1488,EARLSCOURT CRES @ GOUGH RD E,373781.30774,5010940.63435,-75.62143544070,45.23504804450,2014-02-01,10:45:00 AM,01 - Clear,01 - Daylight,03 - Loose snow,02 - Stop sign,01 - Functioning,03 - P.D. only,07 - SMV other,0
14-1489,WEST HUNT CLUB RD @ ANTARES DR/LASER ST,367108.18523,5022081.50170,-75.70501847930,45.33591467740,2014-02-01,10:51:00 AM,01 - Clear,01 - Daylight,01 - Dry,01 - Traffic signal,01 - Functioning,02 - Non-fatal injury,03 - Rear end,0
14-1490,LYON ST @ WELLINGTON ST,366935.77797,5031426.92646,-75.70604199830,45.42001789350,2014-02-01,9:45:00 AM,01 - Clear,01 - Daylight,02 - Wet,01 - Traffic signal,01 - Functioning,03 - P.D. only,03 - Rear end,0
14-1491,DALHOUSIE ST btwn GEORGE ST & RIDEAU ST,368180.37945,5032275.78260,-75.69003110480,45.42754396370,2014-02-01,11:40:00 AM,01 - Clear,01 - Daylight,01 - Dry,10 - No control,,03 - P.D. only,02 - Angle,0
14-1492,AIRPORT PKWY btwn RAMP & AIRPORT PKWY (2),371008.34749,5023734.83868,-75.65504084560,45.35043374010,2014-02-01,12:19:00 PM,01 - Clear,01 - Daylight,02 - Wet,10 - No control,,02 - Non-fatal injury,05 - Turning movement,0
14-1493,HAMLET RD @ OTHELLO AVE,373262.73070,5029289.30796,-75.62550343050,45.40019409190,2014-02-01,12:20:00 PM,01 - Clear,01 - Daylight,02 - Wet,03 - Yield sign,01 - Functioning,03 - P.D. only,02 - Angle,0
14-1494,BANK ST btwn AYLMER AVE & EUCLID AVE,368698.65703,5028662.77371,-75.68387681760,45.39498817950,2014-02-01,12:30:00 PM,03 - Snow,01 - Daylight,02 - Wet,10 - No control,,03 - P.D. only,05 - Turning movement,0
14-1495,RICHMOND RD btwn STINSON AVE & STAFFORD RD,358051.03181,5021035.26893,-75.82068114470,45.32724644320,2014-02-01,12:35:00 PM,03 - Snow,01 - Daylight,02 - Wet,10 - No control,,03 - P.D. only,02 - Angle,0
14-1496,KINGSTON AVE btwn SILVER ST & HOLLINGTON ST,365303.60217,5026526.07071,-75.72749680340,45.37606414480,2014-02-01,12:57:00 PM,01 - Clear,01 - Daylight,04 - Slush,10 - No control,,03 - P.D. only,02 - Angle,0
14-1497,CLEGG ST btwn MAIN ST & MARLOWE CRES,369289.45128,5029932.97544,-75.67616579680,45.40636286200,2014-01-31,6:00:00 PM,01 - Clear,07 - Dark,01 - Dry,10 - No control,,03 - P.D. only,06 - SMV unattended vehicle,0
14-1498,CONROY RD @ WALKLEY RD,372904.19653,5027465.42703,-75.63033430990,45.38381856870,2014-02-01,1:45:00 PM,03 - Snow,01 - Daylight,02 - Wet,01 - Traffic signal,01 - Functioning,02 - Non-fatal injury,04 - Sideswipe,0
14-1499,BAYSHORE DR @ WOODRIDGE CRES S,359234.68294,5023509.75949,-75.80531028970,45.34942117860,2014-02-01,1:52:00 PM,03 - Snow,01 - Daylight,04 - Slush,01 - Traffic signal,01 - Functioning,03 - P.D. only,03 - Rear end,0
14-1500,MCCORMICK ST @ WELLINGTON ST,365312.69560,5029382.31686,-75.72703047990,45.40176326590,2014-02-01,1:15:00 PM,03 - Snow,01 - Daylight,03 - Loose snow,02 - Stop sign,01 - Functioning,03 - P.D. only,02 - Angle,0
14-1501,MONTREAL RD @ ST. LAURENT BLVD,371547.12470,5033817.59470,-75.64680146750,45.44110329800,2014-02-01,3:10:00 PM,03 - Snow,01 - Daylight,03 - Loose snow,01 - Traffic signal,01 - Functioning,03 - P.D. only,03 - Rear end,0
14-1502,ALPINE AVE @ CARLING AVE,360496.20307,5024942.51890,-75.78905071240,45.36221405500,2014-02-01,3:10:00 PM,03 - Snow,01 - Daylight,03 - Loose snow,01 - Traffic signal,01 - Functioning,03 - P.D. only,05 - Turning movement,0
14-1503,HAZELDEAN RD @ EDGEWATER ST,352324.61964,5017351.19151,-75.89408147640,45.29450737740,2014-02-01,2:30:00 PM,03 - Snow,01 - Daylight,03 - Loose snow,01 - Traffic signal,01 - Functioning,03 - P.D. only,03 - Rear end,0
14-1505,GREENBANK RD @ BERRIGAN DR/WESSEX RD,363723.20777,5015275.47683,-75.74901217980,45.27496671120,2014-02-01,3:41:00 PM,03 - Snow,01 - Daylight,03 - Loose snow,01 - Traffic signal,01 - Functioning,03 - P.D. only,02 - Angle,0
14-1506,GREENBANK RD @ JOCKVALE RD,364122.19477,5014330.66679,-75.74404032620,45.26643175030,2014-02-01,3:10:00 PM,01 - Clear,01 - Daylight,06 - Ice,01 - Traffic signal,01 - Functioning,03 - P.D. only,03 - Rear end,0
14-1507,MERIVALE RD btwn CLYDE AVE & GILBEY DR,364623.70114,5024621.71241,-75.73640751800,45.35898740510,2014-02-01,3:57:00 PM,03 - Snow,01 - Daylight,03 - Loose snow,10 - No control,,03 - P.D. only,03 - Rear end,0
14-1508,OR174 IC109 RAMP56 @ REGIONAL RD 174,376310.42582,5034669.13888,-75.58579811340,45.44829396700,2014-02-01,4:09:00 PM,03 - Snow,01 - Daylight,03 - Loose snow,10 - No control,,03 - P.D. only,07 - SMV other,0
14-1509,BOUNDARY RD btwn DEVINE RD & PARKWAY RD,388763.33241,5020403.09053,-75.42905033870,45.31855674300,2014-02-01,4:18:00 PM,03 - Snow,01 - Daylight,05 - Packed snow,10 - No control,,02 - Non-fatal injury,07 - SMV other,0
14-1510,WOODROFFE AVE @ KNOXDALE RD/MEDHURST DR,363420.70384,5021826.23351,-75.75209262600,45.33393555630,2014-02-01,4:58:00 PM,03 - Snow,01 - Daylight,05 - Packed snow,01 - Traffic signal,01 - Functioning,03 - P.D. only,05 - Turning movement,0
14-1511,SOMERSET ST    E btwn NELSON ST & SWEETLAND AVE,369132.62887,5031784.25673,-75.67792729190,45.42303446060,2014-02-01,3:30:00 PM,01 - Clear,01 - Daylight,01 - Dry,10 - No control,,03 - P.D. only,06 - SMV unattended vehicle,0
14-1512,LIMEBANK RD @ SPRATT RD,369776.99930,5016879.48986,-75.67165313150,45.28886600430,2014-02-01,5:15:00 PM,03 - Snow,05 - Dusk,05 - Packed snow,01 - Traffic signal,01 - Functioning,03 - P.D. only,02 - Angle,0
14-1513,TENTH LINE RD @ CHARLEMAGNE BLVD N/TOMPKINS AV,383183.42293,5037978.13539,-75.49741784180,45.47732841680,2014-02-01,5:49:00 PM,03 - Snow,05 - Dusk,03 - Loose snow,01 - Traffic signal,01 - Functioning,03 - P.D. only,02 - Angle,0
14-1514,ALBION RD @ LESTER RD,372693.56132,5022334.68193,-75.63372855090,45.33767449820,2014-02-01,5:59:00 PM,03 - Snow,05 - Dusk,03 - Loose snow,01 - Traffic signal,01 - Functioning,03 - P.D. only,05 - Turning movement,0
14-1515,CYR AVE btwn MCARTHUR AVE & GLADU ST,370350.80942,5032766.36668,-75.66223174970,45.43175799240,2014-02-01,6:04:00 PM,03 - Snow,07 - Dark,03 - Loose snow,10 - No control,,03 - P.D. only,05 - Turning movement,0
14-1516,PINECREST RD @ RICHMOND RD,360072.67050,5024471.76589,-75.79450924100,45.35801175410,2014-02-01,6:06:00 PM,03 - Snow,07 - Dark,03 - Loose snow,01 - Traffic signal,01 - Functioning,03 - P.D. only,03 - Rear end,0
14-1517,CARLING AVE @ KIRKWOOD AVE S,364350.68656,5027337.80259,-75.73956453220,45.38344960730,2014-02-01,5:30:00 PM,03 - Snow,05 - Dusk,03 - Loose snow,01 - Traffic signal,01 - Functioning,03 - P.D. only,03 - Rear end,0
14-1518,BRONSON AVE @ LAKESIDE AVE,367654.37234,5028839.16055,-75.69719077650,45.39666977530,2014-02-01,6:10:00 PM,03 - Snow,07 - Dark,03 - Loose snow,02 - Stop sign,01 - Functioning,03 - P.D. only,03 - Rear end,0
14-1519,VIEWMOUNT DR @ MERIVALE RD,365193.69710,5022949.25586,-75.72933699130,45.34389001620,2014-02-01,6:17:00 PM,03 - Snow,07 - Dark,03 - Loose snow,01 - Traffic signal,02 - Not functioning,03 - P.D. only,05 - Turning movement,0
14-1520,BRONSON AVE @ HOLMWOOD AVE,367701.21467,5028729.79699,-75.69660648440,45.39568154640,2014-02-01,4:00:00 PM,03 - Snow,01 - Daylight,04 - Slush,01 - Traffic signal,01 - Functioning,03 - P.D. only,03 - Rear end,0
14-1521,8TH LINE RD btwn MITCH OWENS RD & RODNEY FARM DR,382443.91124,5018588.66758,-75.50992606620,45.30295897730,2014-02-01,6:42:00 PM,03 - Snow,07 - Dark,05 - Packed snow,10 - No control,,02 - Non-fatal injury,02 - Angle,0
14-1522,GREENBANK RD @ HARRISON ST/ASHGROVE CRES,360840.69564,5022007.74799,-75.78498625690,45.33577961440,2014-02-01,6:56:00 PM,03 - Snow,07 - Dark,03 - Loose snow,01 - Traffic signal,02 - Not functioning,03 - P.D. only,02 - Angle,0
14-1523,LEES AVE @ KING EDWARD AVE/MANN AVE,369178.84341,5031336.38420,-75.67739532720,45.41900041750,2014-02-01,7:16:00 PM,03 - Snow,07 - Dark,03 - Loose snow,01 - Traffic signal,01 - Functioning,03 - P.D. only,05 - Turning movement,0
14-1524,HERON RD WB btwn PRINCE OF WALES DR & HERON RD WB ON RAMP/VINCENT MASS,367137.12404,5026485.42822,-75.70409397090,45.37553773190,2014-02-01,7:30:00 PM,03 - Snow,07 - Dark,06 - Ice,10 - No control,,02 - Non-fatal injury,03 - Rear end,0
14-1525,COADY WAY btwn BEAVERBROOK RD & END,351090.57683,5020937.13339,-75.90947915330,45.32685698210,2014-02-01,9:00:00 AM,01 - Clear,01 - Daylight,01 - Dry,10 - No control,,03 - P.D. only,06 - SMV unattended vehicle,0
14-1526,GLADSTONE AVE btwn PERCY ST & BAY ST,367377.24914,5030237.49977,-75.70055254930,45.40927644980,2014-02-01,6:00:00 PM,03 - Snow,07 - Dark,04 - Slush,10 - No control,,03 - P.D. only,02 - Angle,0
14-1527,MARIER AVE @ MONTREAL RD,370419.23437,5033260.64313,-75.66129146450,45.43619886390,2014-02-01,9:00:00 PM,03 - Snow,07 - Dark,03 - Loose snow,01 - Traffic signal,00 - Unknown,02 - Non-fatal injury,02 - Angle,0
14-1528,ERINDALE DR btwn FORLAN DR & AINSLEY DR,363787.18934,5024703.93673,-75.74707404700,45.35979812860,2014-02-01,6:15:00 PM,03 - Snow,05 - Dusk,03 - Loose snow,10 - No control,,03 - P.D. only,06 - SMV unattended vehicle,0
14-1529,GREENBANK RD btwn WEST HUNT CLUB RD & FALLOWFIELD RD,362880.72601,5017197.14129,-75.75952395000,45.29232799110,2014-02-01,9:35:00 PM,03 - Snow,07 - Dark,03 - Loose snow,10 - No control,,02 - Non-fatal injury,01 - Approaching,0
14-1530,LAURIER AVE @ LYON ST,367154.16963,5031067.62143,-75.70329717560,45.41676554640,2014-02-01,8:52:00 PM,03 - Snow,07 - Dark,03 - Loose snow,01 - Traffic signal,01 - Functioning,03 - P.D. only,05 - Turning movement,0
14-1531,INNES RD @ TENTH LINE RD,383952.26727,5036159.81429,-75.48787815220,45.46088210910,2014-02-01,10:05:00 PM,03 - Snow,07 - Dark,03 - Loose snow,01 - Traffic signal,01 - Functioning,03 - P.D. only,03 - Rear end,0
14-1532,ALPINE AVE @ CARLING AVE,360496.67700,5024943.27936,-75.78904457790,45.36222086030,2014-02-01,10:59:00 PM,03 - Snow,07 - Dark,03 - Loose snow,01 - Traffic signal,01 - Functioning,03 - P.D. only,03 - Rear end,0
14-1533,ELGIN ST @ LISGAR ST,368076.13300,5031345.57610,-75.69148267390,45.41918372170,2014-02-01,11:34:00 PM,03 - Snow,07 - Dark,03 - Loose snow,01 - Traffic signal,01 - Functioning,03 - P.D. only,03 - Rear end,0
14-1534,RIVERSIDE DR @ SMYTH RD NORTH SIDE RAMP,369936.14420,5029317.69277,-75.66798662460,45.40076689130,2014-02-01,11:25:00 PM,03 - Snow,07 - Dark,03 - Loose snow,01 - Traffic signal,01 - Functioning,03 - P.D. only,05 - Turning movement,0
14-1535,BAY ST @ WELLINGTON ST,366814.22407,5031350.61873,-75.70760464360,45.41934208390,2014-02-02,12:16:00 AM,03 - Snow,07 - Dark,03 - Loose snow,01 - Traffic signal,01 - Functioning,03 - P.D. only,02 - Angle,0
14-1536,LOLA ST @ DONALD ST,371094.72600,5032359.33051,-75.65278000420,45.42802553460,2014-02-02,12:31:00 AM,03 - Snow,07 - Dark,05 - Packed snow,01 - Traffic signal,01 - Functioning,03 - P.D. only,99 - Other,0
14-1537,REGIONAL ROAD 174 btwn HIGHWAY 417 & HWY417 IC113 RAMP65,373378.34728,5031758.20532,-75.62368331020,45.42239673320,2014-02-02,1:26:00 AM,03 - Snow,07 - Dark,05 - Packed snow,10 - No control,,03 - P.D. only,07 - SMV other,0
14-1538,DALHOUSIE ST @ RIDEAU ST,368209.07877,5032227.58120,-75.68967058510,45.42710766330,2014-02-02,1:59:00 AM,03 - Snow,07 - Dark,02 - Wet,01 - Traffic signal,01 - Functioning,02 - Non-fatal injury,07 - SMV other,1
14-1539,BYRON AVE @ HOLLAND AVE,365013.68636,5028959.31606,-75.73090122080,45.39798297940,2014-02-02,2:52:00 AM,03 - Snow,07 - Dark,03 - Loose snow,02 - Stop sign,01 - Functioning,03 - P.D. only,02 - Angle,0
14-1540,BLAIR RD btwn SEGUIN ST & MOWAT ST,374129.28480,5034166.71834,-75.61374958870,45.44399322270,2014-02-02,7:13:00 AM,01 - Clear,01 - Daylight,03 - Loose snow,10 - No control,,02 - Non-fatal injury,99 - Other,0
14-1541,EAGLESON RD btwn KATIMAVIK RD & KAKULU RD,353252.13994,5019477.00349,-75.88204888620,45.31357255880,2014-02-02,9:01:00 AM,01 - Clear,01 - Daylight,04 - Slush,10 - No control,,03 - P.D. only,02 - Angle,0
14-1542,CHARLOTTE ST @ RIDEAU ST,369250.30142,5032857.69647,-75.67628329770,45.43268203030,2014-02-02,9:04:00 AM,01 - Clear,01 - Daylight,03 - Loose snow,01 - Traffic signal,01 - Functioning,03 - P.D. only,02 - Angle,0
14-1543,KINGSTON AVE btwn SILVER ST & HOLLINGTON ST,365318.76805,5026532.70578,-75.72730237150,45.37612253650,2014-02-02,9:54:00 AM,01 - Clear,01 - Daylight,03 - Loose snow,10 - No control,,03 - P.D. only,02 - Angle,0
14-1544,WILBROD ST btwn CHAPEL ST & AUGUSTA ST,369076.68193,5032384.66666,-75.67856378290,45.42844186820,2014-02-02,10:41:00 AM,01 - Clear,01 - Daylight,03 - Loose snow,10 - No control,,03 - P.D. only,02 - Angle,0
14-1545,MEADOWLANDS DR @ MERIVALE RD,364859.17383,5023726.45827,-75.73351096210,45.35091190390,2014-02-02,11:20:00 AM,01 - Clear,01 - Daylight,02 - Wet,01 - Traffic signal,01 - Functioning,03 - P.D. only,02 - Angle,0
14-1546,CROYDON AVE @ RICHMOND RD,360547.20771,5025272.26621,-75.78836250080,45.36517705240,2014-02-02,12:00:00 PM,01 - Clear,01 - Daylight,02 - Wet,01 - Traffic signal,01 - Functioning,03 - P.D. only,03 - Rear end,0
14-1547,KIRKWOOD AVE @ SWITZER AVE,364234.31948,5027587.25247,-75.74102032100,45.38570399720,2014-02-02,12:58:00 PM,01 - Clear,01 - Daylight,01 - Dry,01 - Traffic signal,01 - Functioning,03 - P.D. only,02 - Angle,0
14-1548,LISGAR ST btwn ALLENDALE PRIV & BANK ST,367559.93444,5031037.42860,-75.69811704970,45.41645760350,2014-02-01,10:00:00 PM,03 - Snow,07 - Dark,03 - Loose snow,10 - No control,,03 - P.D. only,02 - Angle,0
14-1549,FIRST AVE btwn BANK ST & O'CONNOR ST,368424.22712,5029793.57321,-75.68723564930,45.40518774790,2014-02-02,3:31:00 PM,03 - Snow,00 - Unknown,05 - Packed snow,10 - No control,,03 - P.D. only,06 - SMV unattended vehicle,0
14-1550,ROBERTSON RD btwn WESTCLIFFE RD & FITZGERALD RD,356571.15895,5020156.46452,-75.83965035320,45.31944957810,2014-02-01,5:45:00 AM,03 - Snow,07 - Dark,05 - Packed snow,10 - No control,,03 - P.D. only,03 - Rear end,0
14-1551,HEMMINGWOOD WAY btwn WESTPOINTE CRES & THORNBURY CRES,362265.84526,5023171.82030,-75.76666928090,45.34613860570,2014-02-02,3:43:00 PM,01 - Clear,01 - Daylight,02 - Wet,10 - No control,,03 - P.D. only,04 - Sideswipe,0
14-1552,BAY ST @ WELLINGTON ST,366814.22407,5031351.56660,-75.70760452430,45.41935061280,2014-02-02,3:55:00 PM,01 - Clear,01 - Daylight,02 - Wet,01 - Traffic signal,01 - Functioning,03 - P.D. only,02 - Angle,0
14-1553,MEADOWLANDS DR btwn PRINCE OF WALES DR & DEBRA AVE,367341.73693,5025674.57144,-75.70158444370,45.36822360190,2014-02-02,4:38:00 PM,01 - Clear,01 - Daylight,02 - Wet,10 - No control,,03 - P.D. only,07 - SMV other,0
14-1554,QUARTZ CRES btwn HARRY DOUGLAS DR & HARRY DOUGLAS DR,351368.71771,5015187.76681,-75.90647119220,45.27510425320,2014-02-02,4:56:00 PM,01 - Clear,01 - Daylight,04 - Slush,10 - No control,,03 - P.D. only,06 - SMV unattended vehicle,0
14-1555,CAMBRIAN RD/GOLFLINKS DR W @ LONGFIELDS DR,365383.16473,5013222.46863,-75.72810801360,45.25635270620,2014-02-02,5:45:00 PM,01 - Clear,07 - Dark,02 - Wet,11 - Roundabout,00 - Unknown,03 - P.D. only,04 - Sideswipe,0
14-1556,HUNT CLUB RD @ LORRY GREENBERG DR/SABLE RIDGE,372822.21779,5024808.26526,-75.63174694930,45.35991844940,2014-02-02,5:46:00 PM,01 - Clear,07 - Dark,02 - Wet,01 - Traffic signal,01 - Functioning,03 - P.D. only,05 - Turning movement,0
14-1557,WILMONT AVE btwn CHURCHILL AVE & WINSTON AVE,363032.26049,5028448.10830,-75.75626778630,45.39355081420,2014-02-02,4:50:00 PM,01 - Clear,01 - Daylight,04 - Slush,10 - No control,,03 - P.D. only,06 - SMV unattended vehicle,0
14-1558,CUMMINGS AVE btwn CLARKE AVE & QUEBEC ST,372229.10447,5033477.84992,-75.63813155720,45.43798099640,2014-02-01,6:00:00 PM,03 - Snow,07 - Dark,05 - Packed snow,10 - No control,,03 - P.D. only,06 - SMV unattended vehicle,0
14-1559,MACLAREN ST btwn CARTIER ST & MACDONALD ST,368472.70223,5031281.49108,-75.68642426370,45.41857112860,2014-02-02,4:40:00 PM,01 - Clear,05 - Dusk,02 - Wet,10 - No control,,03 - P.D. only,02 - Angle,0
14-1560,STEEPLE CHASE DR btwn PINE HILL DR & BON ECHO CRES,355562.44189,5017688.42361,-75.85276867180,45.29731540450,2014-02-02,7:00:00 PM,01 - Clear,07 - Dark,02 - Wet,10 - No control,,03 - P.D. only,06 - SMV unattended vehicle,0
14-1561,VALIN ST btwn CHARLEMAGNE BLVD & NORTHLANDS DR,384781.29960,5037599.06805,-75.47704477300,45.47373673220,2014-02-02,7:57:00 PM,01 - Clear,07 - Dark,02 - Wet,10 - No control,,03 - P.D. only,02 - Angle,0
14-1563,ELGIN ST @ SLATER ST,367891.21467,5031647.84253,-75.69380654380,45.42192011430,2014-02-02,10:33:00 PM,01 - Clear,07 - Dark,02 - Wet,01 - Traffic signal,01 - Functioning,03 - P.D. only,02 - Angle,0
14-1564,JERSEY TEA CIRC btwn NORTH BLUFF DR & NORTH BLUFF DR,369469.88376,5015898.98290,-75.67569571300,45.28007188280,2014-02-02,11:12:00 PM,01 - Clear,07 - Dark,05 - Packed snow,10 - No control,,03 - P.D. only,06 - SMV unattended vehicle,0
14-1565,BLACKBURN BYPASS @ NAVAN RD,379618.44445,5033272.86877,-75.54372588690,45.43538506840,2014-02-03,4:58:00 AM,01 - Clear,07 - Dark,01 - Dry,01 - Traffic signal,01 - Functioning,03 - P.D. only,07 - SMV other,0
14-1566,ALEXANDRA BR btwn MURRAY ST & END,367421.78366,5032415.33302,-75.69970687020,45.42886792190,2014-02-03,7:29:00 AM,01 - Clear,01 - Daylight,05 - Packed snow,10 - No control,,02 - Non-fatal injury,07 - SMV other,0
14-1567,MARCH RD btwn CAMPEAU DR/HWY 417 MARCH IC138R63 & HWY417 IC138 RAMP62,352779.69208,5020613.78689,-75.88796394900,45.32383401230,2014-02-03,6:35:00 AM,01 - Clear,03 - Dawn,01 - Dry,10 - No control,,03 - P.D. only,03 - Rear end,0
14-1568,POULIN AVE @ REGINA ST,360165.20457,5025263.57113,-75.79323953750,45.36512909130,2014-02-03,7:42:00 AM,01 - Clear,01 - Daylight,01 - Dry,02 - Stop sign,01 - Functioning,03 - P.D. only,02 - Angle,0
14-1569,INDUSTRIAL AVE @ RIVERSIDE DR,370687.08827,5030591.60553,-75.65822527650,45.41215879140,2014-02-01,6:00:00 PM,03 - Snow,05 - Dusk,03 - Loose snow,01 - Traffic signal,01 - Functioning,03 - P.D. only,03 - Rear end,0
14-1570,CONSTELLATION CRES @ BASELINE RD,362272.91407,5023596.31790,-75.76652975120,45.34995762920,2014-02-03,8:46:00 AM,01 - Clear,01 - Daylight,04 - Slush,01 - Traffic signal,00 - Unknown,03 - P.D. only,03 - Rear end,0
14-1571,VANIER PKWY/CRICHTON ST @ BEECHWOOD AVE/ST. PA,369127.16199,5033487.00435,-75.67777470600,45.43835563480,2014-02-03,8:49:00 AM,01 - Clear,01 - Daylight,03 - Loose snow,01 - Traffic signal,01 - Functioning,02 - Non-fatal injury,03 - Rear end,0
14-1572,PRINCE OF WALES DR @ MEADOWLANDS DR/HOG'S BACK,367372.90854,5025693.47700,-75.70118414750,45.36839092790,2014-02-03,9:07:00 AM,01 - Clear,01 - Daylight,06 - Ice,01 - Traffic signal,01 - Functioning,03 - P.D. only,03 - Rear end,0
14-1573,QUEENSDALE AVE btwn EIGHTH ST & CONROY RD,374085.57916,5023892.57488,-75.61575132770,45.35155572790,2014-02-02,12:00:00 AM,01 - Clear,00 - Unknown,03 - Loose snow,10 - No control,,03 - P.D. only,06 - SMV unattended vehicle,0
14-1574,ST. LAURENT BLVD btwn INDUSTRIAL AVE & BOURASSA ST,373108.19539,5029972.34443,-75.62738251590,45.40635483600,2014-02-03,9:58:00 AM,01 - Clear,01 - Daylight,02 - Wet,10 - No control,,03 - P.D. only,05 - Turning movement,0
14-1575,BLACKBURN BYPASS @ NAVAN RD,379618.22672,5033276.96038,-75.54372804840,45.43542190500,2014-02-03,10:08:00 AM,01 - Clear,01 - Daylight,01 - Dry,01 - Traffic signal,01 - Functioning,03 - P.D. only,02 - Angle,0
14-1576,BRIDGE ST/MAPLE AVE @ MANOTICK MAIN ST,368700.70822,5009932.71738,-75.68626594700,45.22645826410,2014-02-03,10:07:00 AM,01 - Clear,01 - Daylight,01 - Dry,01 - Traffic signal,01 - Functioning,03 - P.D. only,05 - Turning movement,0
14-1577,GREENBANK RD @ WEST HUNT CLUB RD,361480.15093,5020500.58347,-75.77700076390,45.32216680280,2014-02-03,8:25:00 AM,01 - Clear,01 - Daylight,02 - Wet,01 - Traffic signal,01 - Functioning,03 - P.D. only,03 - Rear end,0
14-1578,KING EDWARD AVE @ LAURIER AVE,368740.18113,5032033.63473,-75.68290929030,45.42531425430,2014-02-03,10:55:00 AM,01 - Clear,01 - Daylight,02 - Wet,01 - Traffic signal,01 - Functioning,03 - P.D. only,03 - Rear end,0
14-1579,RIOCAN AVE @ STRANDHERD DR,364172.68273,5014942.67687,-75.74332383120,45.27193436590,2014-02-03,11:50:00 AM,01 - Clear,01 - Daylight,01 - Dry,01 - Traffic signal,01 - Functioning,02 - Non-fatal injury,05 - Turning movement,0
14-1580,WOODCLIFFE PRIV @ JEANNE D'ARC BLVD,380107.54360,5036226.32730,-75.53702336680,45.46190555190,2014-02-03,12:18:00 PM,01 - Clear,01 - Daylight,01 - Dry,02 - Stop sign,01 - Functioning,03 - P.D. only,02 - Angle,0
14-1581,PINECREST RD @ RICHMOND RD,360072.19657,5024470.56453,-75.79451542370,45.35800098130,2014-02-03,12:34:00 PM,01 - Clear,01 - Daylight,02 - Wet,01 - Traffic signal,01 - Functioning,03 - P.D. only,03 - Rear end,0
14-1582,CAMERON ST @ REGIONAL RD 174,389862.19540,5042616.61643,-75.41120222300,45.51827829020,2014-02-03,1:04:00 PM,01 - Clear,01 - Daylight,02 - Wet,01 - Traffic signal,01 - Functioning,03 - P.D. only,07 - SMV other,0
14-1583,RIVERSIDE DR SB btwn BILLINGS BRIDGE SC RAMP SB & BANK ST,369208.18035,5027969.32799,-75.67746029750,45.38870209750,2014-02-03,1:03:00 PM,01 - Clear,01 - Daylight,02 - Wet,10 - No control,,02 - Non-fatal injury,03 - Rear end,0
14-1584,LISGAR ST btwn BRONSON AVE & PERCY ST,366972.50934,5030683.73916,-75.70566646380,45.41332765350,2014-02-02,11:30:00 AM,03 - Snow,01 - Daylight,04 - Slush,10 - No control,,03 - P.D. only,06 - SMV unattended vehicle,0
14-1585,BANK ST @ SUNNYSIDE AVE,368734.70870,5028582.30966,-75.68342683430,45.39426089890,2014-02-03,1:33:00 PM,01 - Clear,01 - Daylight,01 - Dry,01 - Traffic signal,01 - Functioning,03 - P.D. only,04 - Sideswipe,0
14-1586,ARGYLE AVE E @ METCALFE ST,368441.24964,5030641.79250,-75.68690871790,45.41281819920,2014-01-21,9:10:00 AM,01 - Clear,01 - Daylight,01 - Dry,10 - No control,,03 - P.D. only,04 - Sideswipe,0
14-1587,HUNT CLUB RD @ LORRY GREENBERG DR/SABLE RIDGE,372822.31690,5024805.60907,-75.63174605010,45.35989454030,2014-02-03,3:32:00 PM,01 - Clear,01 - Daylight,02 - Wet,01 - Traffic signal,01 - Functioning,03 - P.D. only,03 - Rear end,0
14-1588,BRONSON AVE @ SUNNYSIDE AVE/UNIVERSITY RD - CA,367923.18403,5028092.49497,-75.69385323950,45.38992731120,2014-02-03,4:02:00 PM,01 - Clear,01 - Daylight,02 - Wet,01 - Traffic signal,01 - Functioning,02 - Non-fatal injury,03 - Rear end,0
14-1589,HUNT CLUB RD @ UPLANDS DR,370156.72720,5023121.74559,-75.66598918380,45.34499718080,2014-02-03,4:17:00 PM,01 - Clear,01 - Daylight,01 - Dry,01 - Traffic signal,01 - Functioning,03 - P.D. only,03 - Rear end,0