Record,Location,X,Y,Longitude,Latitude,Date,Time,Environment,Light,Road_Surface,Traffic_Control,Collision_Location,Collision_Classification,Impact_type,Pedestrian
14-1590,HUNT CLUB RD @ DOWNPATRICK RD/MCCARTHY RD,370507.73440,5023399.06322,-75.66147365510,45.34745961240,2014-02-03,4:26:00 PM,01 - Clear,01 - Daylight,01 - Dry,01 - Traffic signal,01 - Functioning,02 - Non-fatal injury,07 - SMV other,1
14-1591,MEDHURST DR btwn BROCKINGTON CRES & WOODFIELD DR,363593.34605,5021930.51337,-75.74987778510,45.33485941520,2014-02-03,4:00:00 PM,01 - Clear,01 - Daylight,02 - Wet,10 - No control,,03 - P.D. only,03 - Rear end,0
14-1592,ST. JOSEPH BLVD/OLD MONTREAL RD @ TRIM RD,384683.26097,5039285.83539,-75.47802411880,45.48892385200,2014-02-03,4:44:00 PM,01 - Clear,05 - Dusk,05 - Packed snow,01 - Traffic signal,01 - Functioning,02 - Non-fatal injury,03 - Rear end,0
14-1593,HOLLAND AVE btwn WELLINGTON ST W & BYRON AVE,364961.27218,5029086.18836,-75.73155516300,45.39912905480,2014-02-03,5:02:00 PM,01 - Clear,05 - Dusk,02 - Wet,10 - No control,,02 - Non-fatal injury,02 - Angle,0
14-1594,BASELINE RD @ FISHER AVE,366165.62725,5026030.66540,-75.71655314460,45.37153162570,2014-02-03,4:50:00 PM,01 - Clear,05 - Dusk,01 - Dry,01 - Traffic signal,01 - Functioning,03 - P.D. only,03 - Rear end,0
14-1595,HUNT CLUB RD @ UPLANDS DR,370156.72720,5023122.72667,-75.66598905420,45.34500600850,2014-02-03,4:15:00 PM,01 - Clear,01 - Daylight,01 - Dry,01 - Traffic signal,01 - Functioning,03 - P.D. only,03 - Rear end,0
14-1596,CARLING AVE @ FAIRLAWN AVE/WOODROFFE AVE E,361934.68410,5025830.52790,-75.77058762240,45.37008852270,2014-02-03,4:30:00 PM,01 - Clear,01 - Daylight,01 - Dry,01 - Traffic signal,01 - Functioning,03 - P.D. only,03 - Rear end,0
14-1597,EARL MULLIGAN DR @ WOODROFFE AVE,365251.17513,5017504.56427,-75.72926811830,45.29489424930,2014-02-03,5:56:00 PM,01 - Clear,07 - Dark,01 - Dry,01 - Traffic signal,01 - Functioning,03 - P.D. only,05 - Turning movement,0
14-1598,HUNT CLUB RD @ LORRY GREENBERG DR/SABLE RIDGE,372824.70256,5024807.02287,-75.63171540740,45.35990702960,2014-02-03,5:56:00 PM,01 - Clear,07 - Dark,02 - Wet,01 - Traffic signal,01 - Functioning,02 - Non-fatal injury,02 - Angle,0
14-1599,GLADSTONE AVE @ PRESTON ST,366491.12780,5029714.45413,-75.71193743740,45.40464889450,2014-02-03,4:20:00 PM,01 - Clear,01 - Daylight,02 - Wet,01 - Traffic signal,00 - Unknown,03 - P.D. only,03 - Rear end,0
14-1600,WEST HUNT CLUB RD @ ANTARES DR/LASER ST,367106.28950,5022080.55383,-75.70504278330,45.33590631670,2014-01-31,12:00:00 PM,01 - Clear,01 - Daylight,02 - Wet,01 - Traffic signal,01 - Functioning,03 - P.D. only,03 - Rear end,0
14-1601,COTE ST btwn MORIN ST & ST. LAURENT BLVD,371773.24283,5033223.56631,-75.64399225050,45.43573688670,2014-02-03,6:13:00 PM,01 - Clear,07 - Dark,01 - Dry,10 - No control,,02 - Non-fatal injury,07 - SMV other,1
14-1602,HILSON AVE btwn IONA ST & CLARE ST,364142.63127,5028085.88717,-75.74213112450,45.39019839830,2014-01-29,1:00:00 PM,01 - Clear,01 - Daylight,03 - Loose snow,10 - No control,,03 - P.D. only,06 - SMV unattended vehicle,0
14-1603,LYON ST @ FLORENCE ST,367543.13490,5030428.56750,-75.69840918620,45.41098076700,2014-02-03,6:47:00 PM,01 - Clear,07 - Dark,02 - Wet,02 - Stop sign,00 - Unknown,03 - P.D. only,05 - Turning movement,0
14-1604,MAIN ST @ RIVERDALE AVE,369432.24807,5029533.25446,-75.67439419200,45.40275314210,2014-02-03,6:12:00 PM,01 - Clear,07 - Dark,01 - Dry,01 - Traffic signal,01 - Functioning,03 - P.D. only,03 - Rear end,0
14-1605,WOODROFFE AVE @ DEERFOX DR/STONEWAY DR,365887.11990,5015938.54307,-75.72135360890,45.28074828800,2014-02-03,8:33:00 PM,03 - Snow,07 - Dark,01 - Dry,01 - Traffic signal,01 - Functioning,03 - P.D. only,03 - Rear end,0
14-1606,BOUNDARY RD @ MITCH OWENS RD,388066.33907,5022162.21601,-75.43764309270,45.33446688410,2014-02-03,9:45:00 PM,01 - Clear,07 - Dark,01 - Dry,02 - Stop sign,01 - Functioning,03 - P.D. only,07 - SMV other,0
14-1607,ARGYLE AVE W @ METCALFE ST,368339.21998,5030578.35099,-75.68822031180,45.41225664500,2014-02-03,10:00:00 PM,01 - Clear,07 - Dark,01 - Dry,01 - Traffic signal,01 - Functioning,03 - P.D. only,05 - Turning movement,0
14-1608,DES EPINETTES AVE @ PRESTWICK DR,383332.39163,5036664.56960,-75.49572265110,45.46549340100,2014-02-04,12:18:00 AM,01 - Clear,07 - Dark,02 - Wet,02 - Stop sign,01 - Functioning,03 - P.D. only,02 - Angle,0
14-1609,FALLOWFIELD RD @ DWYER HILL RD,344780.08590,5002947.28993,-75.99142411730,45.16536355780,2014-02-04,4:32:00 AM,01 - Clear,07 - Dark,06 - Ice,02 - Stop sign,01 - Functioning,03 - P.D. only,02 - Angle,0
14-1610,MERIVALE RD @ BONGARD AVE,365870.27890,5021314.53983,-75.72090590260,45.32912249180,2014-02-04,5:30:00 AM,01 - Clear,07 - Dark,03 - Loose snow,02 - Stop sign,01 - Functioning,02 - Non-fatal injury,02 - Angle,0
14-1611,REGIONAL ROAD 174 btwn OR174 IC105 RAMP63 & OR174 IC102 RAMP36,380189.55761,5037478.22043,-75.53578274920,45.47316025200,2014-02-04,6:45:00 AM,01 - Clear,03 - Dawn,01 - Dry,10 - No control,,03 - P.D. only,04 - Sideswipe,0
14-1612,TRIM RD btwn DEMETER ST & VALIN ST,386220.52351,5037765.17960,-75.45861270480,45.47506491580,2014-02-04,6:20:00 AM,01 - Clear,03 - Dawn,02 - Wet,10 - No control,,03 - P.D. only,03 - Rear end,0
14-1613,DATA CENTRE RD @ HERON RD,368942.19893,5026732.54070,-75.68101742740,45.37759826720,2014-02-04,7:33:00 AM,01 - Clear,01 - Daylight,02 - Wet,02 - Stop sign,01 - Functioning,02 - Non-fatal injury,03 - Rear end,0
14-1614,REGIONAL ROAD 174 btwn OR174 IC105 RAMP63 & OR174 IC102 RAMP36,380177.23533,5037468.74176,-75.53594178060,45.47307630130,2014-02-04,7:45:00 AM,01 - Clear,01 - Daylight,01 - Dry,10 - No control,,03 - P.D. only,03 - Rear end,0
14-1615,LEITRIM RD btwn FENTON RD & BANK ST,375020.61873,5021360.77661,-75.60417878450,45.32868265210,2014-02-04,8:11:00 AM,01 - Clear,01 - Daylight,02 - Wet,10 - No control,,03 - P.D. only,03 - Rear end,0
14-1616,RIVERSIDE DR @ HERON RD,368121.10490,5026647.47459,-75.69151119910,45.37690755260,2014-02-04,8:33:00 AM,01 - Clear,01 - Daylight,02 - Wet,01 - Traffic signal,01 - Functioning,02 - Non-fatal injury,03 - Rear end,0
14-1617,HWY417 IC129 RAMP51 btwn ASHLEY ST & HWY417 IC129 RAMP53,360439.83981,5023293.53665,-75.78995570450,45.34738103430,2014-02-04,8:50:00 AM,01 - Clear,01 - Daylight,01 - Dry,10 - No control,,03 - P.D. only,03 - Rear end,0
14-1618,CONROY RD @ ST. LAURENT BLVD,373071.38930,5027161.19763,-75.62824164000,45.38106496630,2014-02-04,8:58:00 AM,01 - Clear,01 - Daylight,02 - Wet,01 - Traffic signal,01 - Functioning,03 - P.D. only,03 - Rear end,0
14-1619,SHELDRAKE DR btwn MORTON DR & BINSCARTH CRES,353185.17185,5016860.44655,-75.88315831000,45.29003280590,2014-02-04,9:16:00 AM,01 - Clear,01 - Daylight,02 - Wet,10 - No control,,03 - P.D. only,06 - SMV unattended vehicle,0
14-1620,CAMPEAU DR @ TERRY FOX DR,350457.71144,5019011.99528,-75.91772953820,45.30957554850,2014-02-02,11:30:00 AM,03 - Snow,01 - Daylight,04 - Slush,01 - Traffic signal,01 - Functioning,03 - P.D. only,03 - Rear end,0
14-1621,TENTH LINE RD @ CHARLEMAGNE BLVD N/TOMPKINS AV,383184.40383,5037977.88190,-75.49740533770,45.47732602590,2014-02-04,9:35:00 AM,01 - Clear,01 - Daylight,02 - Wet,01 - Traffic signal,01 - Functioning,03 - P.D. only,03 - Rear end,0
14-1622,BRISTON PRIV btwn Continuation of BRISTON PRIV & Continuation of BRIST,373932.64378,5025656.02656,-75.61745626210,45.36743763340,2014-02-03,2:40:00 PM,01 - Clear,01 - Daylight,03 - Loose snow,10 - No control,,03 - P.D. only,99 - Other,0
14-1623,RIVERSIDE DR @ TREMBLAY RD/HWY417 IC117 RAMP52,370802.58507,5031016.16139,-75.65669299140,45.41596788990,2014-02-04,9:58:00 AM,01 - Clear,01 - Daylight,01 - Dry,01 - Traffic signal,01 - Functioning,03 - P.D. only,03 - Rear end,0
14-1624,THURSTON DR btwn CONROY RD & THOMAS SPRATT PL,373529.51641,5026958.51904,-75.62242070970,45.37919655710,2014-02-04,10:19:00 AM,01 - Clear,01 - Daylight,01 - Dry,10 - No control,,03 - P.D. only,05 - Turning movement,0
14-1625,FALLOWFIELD RD @ WOODROFFE AVE,365085.15000,5017903.44349,-75.73133619890,45.29849760650,2014-02-04,10:58:00 AM,01 - Clear,01 - Daylight,02 - Wet,01 - Traffic signal,01 - Functioning,03 - P.D. only,03 - Rear end,0
14-1626,CRAIG HENRY DR btwn BERTONA ST & SOVEREIGN AVE,362608.64949,5021852.28067,-75.76244924210,45.33423729690,2014-02-04,12:33:00 PM,01 - Clear,01 - Daylight,05 - Packed snow,10 - No control,,03 - P.D. only,07 - SMV other,0
14-1627,MONTREAL RD btwn PALACE ST & VANIER PKWY,370047.59132,5033053.26983,-75.66606857640,45.43436778350,2014-02-04,12:51:00 PM,01 - Clear,01 - Daylight,01 - Dry,10 - No control,,03 - P.D. only,05 - Turning movement,0
14-1628,CHARLEVOIX ST btwn BEECHWOOD AVE & BARRETTE ST,369201.28642,5033577.84946,-75.67681546520,45.43916619910,2014-02-04,1:10:00 PM,01 - Clear,01 - Daylight,02 - Wet,10 - No control,,03 - P.D. only,02 - Angle,0
14-1629,COWICHAN WAY btwn OKANAGAN DR & TO BE DETERMINED,359508.80942,5022104.19889,-75.80196762150,45.33675259390,2014-02-04,2:06:00 PM,01 - Clear,01 - Daylight,03 - Loose snow,10 - No control,,03 - P.D. only,06 - SMV unattended vehicle,0
14-1630,SPRUCE RIDGE RD btwn RICHARDSON SIDE RD & HAZELDEAN RD,343878.51072,5013636.95729,-76.00205363210,45.26160554220,2014-02-04,2:18:00 PM,01 - Clear,01 - Daylight,05 - Packed snow,10 - No control,,03 - P.D. only,07 - SMV other,0
14-1631,CUMBERLAND ST btwn CATHCART ST & BRUYERE ST,367958.84081,5033030.01617,-75.69276523250,45.43435033350,2014-02-03,12:00:00 AM,01 - Clear,00 - Unknown,05 - Packed snow,10 - No control,,03 - P.D. only,06 - SMV unattended vehicle,0
14-1632,CHAPEL ST btwn RIDEAU ST & BESSERER ST,368895.45013,5032633.38537,-75.68084725880,45.43069637770,2014-01-27,1:00:00 PM,03 - Snow,01 - Daylight,03 - Loose snow,10 - No control,,03 - P.D. only,06 - SMV unattended vehicle,0
14-1633,GLOUCESTER ST btwn KENT ST & BANK ST,367497.56874,5031184.24797,-75.69889513670,45.41778422930,2014-02-04,3:00:00 PM,01 - Clear,01 - Daylight,03 - Loose snow,10 - No control,,03 - P.D. only,01 - Approaching,0
14-1634,HAWTHORNE RD/RUSSELL RD @ WALKLEY RD,374673.32210,5028498.59343,-75.60759966580,45.39294027180,2014-02-04,3:32:00 PM,01 - Clear,01 - Daylight,01 - Dry,01 - Traffic signal,01 - Functioning,03 - P.D. only,04 - Sideswipe,0
14-1635,LAURIER AVE @ NICHOLAS ST,368372.21520,5031798.26990,-75.68764142040,45.42323006330,2014-02-04,3:32:00 PM,01 - Clear,01 - Daylight,01 - Dry,01 - Traffic signal,01 - Functioning,03 - P.D. only,04 - Sideswipe,0
14-1636,DONALD ST @ NORTH RIVER RD,369967.24297,5032232.58170,-75.66720401120,45.42699105890,2014-02-04,4:03:00 PM,01 - Clear,01 - Daylight,02 - Wet,02 - Stop sign,01 - Functioning,03 - P.D. only,02 - Angle,0
14-1637,EAGLESON RD @ 146 N OF ABBEYHILL DR/HAZELDEAN,353772.99119,5018173.25594,-75.87553525320,45.30180503980,2014-02-04,4:20:00 PM,01 - Clear,01 - Daylight,01 - Dry,01 - Traffic signal,01 - Functioning,03 - P.D. only,05 - Turning movement,0
14-1638,TRAIL SIDE CIRC btwn PINE VISTA DR & PINE VISTA DR,387437.04388,5037664.95607,-75.44307263090,45.47402030780,2014-02-04,4:21:00 PM,01 - Clear,01 - Daylight,02 - Wet,10 - No control,,03 - P.D. only,06 - SMV unattended vehicle,0
14-1639,WEST HUNT CLUB RD @ WOODROFFE AVE,363669.26920,5021243.64540,-75.74899088500,45.32867266150,2014-02-04,4:21:00 PM,02 - Rain,01 - Daylight,02 - Wet,01 - Traffic signal,01 - Functioning,02 - Non-fatal injury,03 - Rear end,0
14-1640,MONTREAL RD btwn BETHAMY LANE & OGILVIE RD,375529.14258,5034476.96525,-75.59581254410,45.44664440360,2014-02-04,3:45:00 PM,01 - Clear,01 - Daylight,01 - Dry,10 - No control,,03 - P.D. only,03 - Rear end,0
14-1641,RICHMOND RD btwn LOVITT RD & HIGHFIELD CRES,359677.04958,5023817.57173,-75.79963111420,45.35215639770,2014-02-04,5:04:00 PM,01 - Clear,01 - Daylight,01 - Dry,10 - No control,,03 - P.D. only,03 - Rear end,0
14-1642,REGIONAL ROAD 174 btwn TRANSIT & OR174 IC105 RAMP51,377138.68335,5035714.48216,-75.57505716060,45.45761403960,2014-02-04,5:06:00 PM,01 - Clear,01 - Daylight,01 - Dry,10 - No control,,03 - P.D. only,07 - SMV other,0
14-1643,CONTOUR ST btwn BUTTERFLY WALK & TRAILSEDGE WAY,381659.11700,5033075.62900,-75.51767811510,45.43338913710,2014-02-03,12:00:00 PM,01 - Clear,01 - Daylight,03 - Loose snow,10 - No control,,03 - P.D. only,06 - SMV unattended vehicle,0
14-1644,FLORA ST @ LYON ST,367664.82706,5030226.40960,-75.69688041070,45.40915089180,2014-02-04,5:18:00 PM,01 - Clear,07 - Dark,02 - Wet,02 - Stop sign,00 - Unknown,03 - P.D. only,05 - Turning movement,0
14-1645,RIVERSIDE DR NB btwn INDUSTRIAL AVE & TREMBLAY RD,370697.51481,5030632.36383,-75.65808663260,45.41252453660,2014-02-04,5:24:00 PM,01 - Clear,07 - Dark,01 - Dry,10 - No control,,03 - P.D. only,03 - Rear end,0
14-1646,DONALD ST btwn OKEE ST & ALESTHER ST,371897.03044,5032451.73182,-75.64251543530,45.42878041320,2014-02-04,4:30:00 PM,01 - Clear,01 - Daylight,01 - Dry,10 - No control,,03 - P.D. only,04 - Sideswipe,0
14-1647,CARLING AVE @ BROADVIEW AVE,363182.10840,5026637.59373,-75.75456826620,45.37724759220,2014-02-04,5:53:00 PM,01 - Clear,07 - Dark,01 - Dry,01 - Traffic signal,01 - Functioning,03 - P.D. only,05 - Turning movement,0
14-1648,HAZELDEAN RD @ CARBROOKE ST/IRWIN GATE,353417.62150,5018265.71679,-75.88005731070,45.30266170770,2014-02-04,5:55:00 PM,01 - Clear,07 - Dark,01 - Dry,01 - Traffic signal,01 - Functioning,02 - Non-fatal injury,07 - SMV other,1
14-1649,ANDERSON RD @ INNES RD,376281.21503,5031841.56390,-75.58658206180,45.42285615680,2014-02-04,5:30:00 PM,01 - Clear,07 - Dark,01 - Dry,01 - Traffic signal,01 - Functioning,03 - P.D. only,03 - Rear end,0
14-1650,ST. JOSEPH BLVD btwn BOYER RD & ORLEANS BLVD,380427.54444,5036847.65094,-75.53283642700,45.46746116110,2014-02-04,6:45:00 PM,01 - Clear,07 - Dark,01 - Dry,10 - No control,,03 - P.D. only,05 - Turning movement,0
14-1651,CRAIG HENRY DR @ IVYLEA ST/WOODVALE GR,363036.19637,5021803.25516,-75.75700061950,45.33376081530,2014-02-04,9:53:00 PM,01 - Clear,07 - Dark,01 - Dry,02 - Stop sign,00 - Unknown,03 - P.D. only,05 - Turning movement,0
14-1652,ELGIN ST @ LAURIER AVE,367948.70990,5031550.84323,-75.69308436400,45.42104215950,2014-02-04,10:17:00 PM,01 - Clear,07 - Dark,02 - Wet,01 - Traffic signal,01 - Functioning,03 - P.D. only,99 - Other,0
14-1653,KING EDWARD AVE @ ST. PATRICK ST,368251.07097,5032821.69307,-75.68905745360,45.43244946230,2014-02-05,12:08:00 AM,01 - Clear,07 - Dark,01 - Dry,01 - Traffic signal,01 - Functioning,03 - P.D. only,03 - Rear end,0
14-1654,REGIONAL RD 174 @ TRIM RD,384352.32723,5039991.28857,-75.48214286790,45.49530862990,2014-02-05,2:30:00 AM,01 - Clear,07 - Dark,02 - Wet,01 - Traffic signal,01 - Functioning,03 - P.D. only,07 - SMV other,0
14-1655,CEDARWOOD DR btwn WALKLEY RD & BAYCREST DR,371123.17578,5026575.04502,-75.65319436570,45.37597812230,2014-02-05,6:33:00 AM,01 - Clear,03 - Dawn,01 - Dry,10 - No control,,02 - Non-fatal injury,99 - Other,0
14-1656,CONSTELLATION CRES @ BASELINE RD,362273.86193,5023597.26577,-75.76651754620,45.34996608060,2014-02-05,7:10:00 AM,01 - Clear,03 - Dawn,01 - Dry,01 - Traffic signal,00 - Unknown,03 - P.D. only,03 - Rear end,0
14-1657,JEANNE D'ARC BLVD  S btwn WOODCLIFFE PRIV & HENRI LAUZON ST,380544.78251,5036177.26980,-75.53144064220,45.46141690220,2014-02-05,7:22:00 AM,01 - Clear,01 - Daylight,01 - Dry,10 - No control,,02 - Non-fatal injury,03 - Rear end,0
14-1658,WOODROFFE AVE btwn FIELD ST & ADIRONDACK DR,362438.31579,5024055.81276,-75.76436550370,45.35407855630,2014-02-05,7:29:00 AM,01 - Clear,01 - Daylight,06 - Ice,10 - No control,,03 - P.D. only,03 - Rear end,0
14-1659,SAUMURE RD btwn DEVINE RD & INDIAN CREEK RD,401481.85972,5026069.76871,-75.26575378890,45.36790143060,2014-02-05,7:46:00 AM,01 - Clear,01 - Daylight,01 - Dry,10 - No control,,03 - P.D. only,02 - Angle,0
14-1660,PRINCE OF WALES DR btwn NAVY PRIV & PRESTON ST,366866.73300,5028718.11106,-75.70726517680,45.39565086560,2014-02-05,8:11:00 AM,01 - Clear,01 - Daylight,01 - Dry,10 - No control,,03 - P.D. only,05 - Turning movement,0
14-1661,BANNER RD @ GREENBANK RD,361022.14653,5021567.43977,-75.78272135510,45.33180320920,2014-02-05,7:50:00 AM,01 - Clear,01 - Daylight,06 - Ice,01 - Traffic signal,01 - Functioning,03 - P.D. only,03 - Rear end,0
14-1662,BESSERER ST @ NICHOLAS ST,368187.13070,5032112.52787,-75.68996584740,45.42607444330,2014-02-05,8:37:00 AM,01 - Clear,01 - Daylight,02 - Wet,01 - Traffic signal,01 - Functioning,03 - P.D. only,04 - Sideswipe,0
14-1663,FISHER AVE btwn MCCOOEY LANE & BASELINE RD,366079.06888,5026244.20876,-75.71763162730,45.37346061990,2014-02-05,8:47:00 AM,01 - Clear,01 - Daylight,01 - Dry,10 - No control,,03 - P.D. only,03 - Rear end,0
14-1664,ROCHESTER ST btwn NORMAN ST & PAMILLA ST,366906.21868,5029229.26854,-75.70669654360,45.40024662220,2014-02-05,8:45:00 AM,01 - Clear,01 - Daylight,01 - Dry,10 - No control,,03 - P.D. only,02 - Angle,0
14-1665,RIVERSIDE DR SB btwn TERMINAL AVE & Continuation of RIVERSIDE DR,370692.77547,5030668.38278,-75.65814236050,45.41284906740,2014-02-05,9:12:00 AM,01 - Clear,01 - Daylight,02 - Wet,10 - No control,,02 - Non-fatal injury,03 - Rear end,0
14-1666,WALKLEY RD @ GLENHAVEN PRIV,370213.28261,5025873.38655,-75.66490343930,45.36975035970,2014-02-05,10:15:00 AM,03 - Snow,01 - Daylight,03 - Loose snow,01 - Traffic signal,01 - Functioning,03 - P.D. only,99 - Other,0
14-1667,BANK ST @ RANDALL AVE,369739.25127,5027279.70020,-75.67076957510,45.38244801330,2014-02-05,10:49:00 AM,01 - Clear,01 - Daylight,02 - Wet,01 - Traffic signal,01 - Functioning,03 - P.D. only,03 - Rear end,0
14-1668,ST. JOSEPH BLVD/OLD MONTREAL RD @ TRIM RD,384678.27918,5039286.31604,-75.47808776440,45.48892874610,2014-02-05,10:46:00 AM,01 - Clear,01 - Daylight,01 - Dry,01 - Traffic signal,01 - Functioning,03 - P.D. only,03 - Rear end,0
14-1669,MERIVALE RD btwn GILBEY DR & KIMWAY CRES,364703.42777,5024750.66610,-75.73537434480,45.36014090430,2014-02-04,6:00:00 PM,01 - Clear,07 - Dark,02 - Wet,10 - No control,,03 - P.D. only,04 - Sideswipe,0
14-1670,STAGECOACH RD btwn CABIN RD & SNAKE ISLAND RD,378089.26394,5006122.41192,-75.56728420920,45.19125994010,2014-02-05,12:21:00 PM,03 - Snow,01 - Daylight,03 - Loose snow,10 - No control,,03 - P.D. only,02 - Angle,0
14-1671,ALBION RD @ LESTER RD,372694.26927,5022330.60017,-75.63372007840,45.33763770400,2014-02-05,12:26:00 PM,03 - Snow,01 - Daylight,03 - Loose snow,01 - Traffic signal,01 - Functioning,02 - Non-fatal injury,02 - Angle,0
14-1672,MAPLE GROVE RD @ TERRY FOX DR,351555.03040,5017864.46450,-75.90384447630,45.29917757560,2014-02-05,12:37:00 PM,03 - Snow,01 - Daylight,02 - Wet,01 - Traffic signal,01 - Functioning,03 - P.D. only,03 - Rear end,0
14-1673,CHAPMAN MILLS DR btwn CLEARBROOK DR & SUMMERLINE GT,365992.39645,5015123.44530,-75.72011230460,45.27340492070,2014-02-05,12:46:00 PM,01 - Clear,01 - Daylight,03 - Loose snow,10 - No control,,03 - P.D. only,02 - Angle,0
14-1674,SLATER ST btwn O'CONNOR ST & METCALFE ST,367612.69241,5031469.62680,-75.69738793270,45.42034165040,2014-02-04,4:00:00 PM,01 - Clear,01 - Daylight,04 - Slush,10 - No control,,03 - P.D. only,02 - Angle,0
14-1675,BAYSHORE DR @ WOODRIDGE CRES S,359233.19507,5023509.50600,-75.80532930340,45.34941901310,2014-02-05,1:18:00 PM,03 - Snow,01 - Daylight,03 - Loose snow,01 - Traffic signal,01 - Functioning,03 - P.D. only,03 - Rear end,0
14-1676,HAZELDEAN RD @ SPRINGBROOK DR,349871.06253,5015111.38657,-75.92556510010,45.27451455350,2014-02-05,1:52:00 PM,03 - Snow,01 - Daylight,04 - Slush,01 - Traffic signal,01 - Functioning,03 - P.D. only,03 - Rear end,0
14-1677,EAGLESON RD @ 300 N OF MICHAEL COWPLAND/EAGLES,354275.16539,5016902.82848,-75.86925906110,45.29033827740,2014-02-05,1:54:00 PM,03 - Snow,01 - Daylight,03 - Loose snow,01 - Traffic signal,01 - Functioning,03 - P.D. only,03 - Rear end,0
14-1678,RICHMOND RD @ HOLLY ACRES RD/NANAIMO DR,359061.04127,5022748.49610,-75.80760963680,45.34258477090,2014-02-05,1:58:00 PM,03 - Snow,01 - Daylight,03 - Loose snow,01 - Traffic signal,01 - Functioning,03 - P.D. only,05 - Turning movement,0
14-1679,RIVERSIDE DR @ WALKLEY RD,368416.35423,5024852.58143,-75.68797294490,45.36073083070,2014-02-05,2:30:00 PM,03 - Snow,01 - Daylight,03 - Loose snow,01 - Traffic signal,01 - Functioning,03 - P.D. only,03 - Rear end,0
14-1680,MONTREAL RD @ ST. LAURENT BLVD,371546.93747,5033817.59470,-75.64680386010,45.44110331590,2014-02-05,3:00:00 PM,01 - Clear,01 - Daylight,02 - Wet,01 - Traffic signal,00 - Unknown,03 - P.D. only,04 - Sideswipe,0
14-1681,RIVERSIDE DR @ HERON RD,368120.63097,5026649.11683,-75.69151703880,45.37692237150,2014-02-05,3:18:00 PM,03 - Snow,01 - Daylight,04 - Slush,01 - Traffic signal,01 - Functioning,03 - P.D. only,99 - Other,0
14-1682,BANK ST btwn OSSINGTON AVE & CAMERON AVE,368912.09600,5028296.75686,-75.68119858340,45.39167536660,2014-02-05,2:11:00 PM,03 - Snow,01 - Daylight,04 - Slush,10 - No control,,03 - P.D. only,06 - SMV unattended vehicle,0
14-1683,AIRPORT PKWY/HUNT CLUB RAMP 42 btwn AIRPORT PKWY & TO BE DETERMINED,371037.01141,5023828.11668,-75.65466257870,45.35127032000,2014-02-05,3:29:00 PM,03 - Snow,01 - Daylight,03 - Loose snow,10 - No control,,03 - P.D. only,03 - Rear end,0
14-1684,PALLADIUM DR btwn HUNTMAR DR & FRANK FINNIGAN WAY,349795.93975,5017476.45160,-75.92630802570,45.29580098440,2014-02-05,3:41:00 PM,03 - Snow,01 - Daylight,04 - Slush,10 - No control,,03 - P.D. only,02 - Angle,0
14-1685,BAYSHORE DR @ WOODRIDGE CRES S,359232.24720,5023507.61027,-75.80534160810,45.34940202910,2014-02-05,2:32:00 PM,03 - Snow,01 - Daylight,03 - Loose snow,01 - Traffic signal,01 - Functioning,03 - P.D. only,04 - Sideswipe,0
14-1686,TERMINAL AVE btwn SANDFORD FLEMING AVE & STEAMLINE ST,370958.90008,5030843.81051,-75.65471912920,45.41440238520,2014-02-05,4:03:00 PM,03 - Snow,01 - Daylight,04 - Slush,10 - No control,,03 - P.D. only,06 - SMV unattended vehicle,0
14-1687,EARL ARMSTRONG RD @ LIMEBANK RD,370155.72090,5015961.21116,-75.66694652950,45.28056837920,2014-02-05,4:09:00 PM,03 - Snow,01 - Daylight,03 - Loose snow,01 - Traffic signal,01 - Functioning,03 - P.D. only,02 - Angle,0
14-1688,HUNT CLUB RD @ UPLANDS DR,370159.09687,5023118.64850,-75.66595935670,45.34496909320,2014-02-05,4:20:00 PM,03 - Snow,01 - Daylight,04 - Slush,01 - Traffic signal,01 - Functioning,03 - P.D. only,04 - Sideswipe,0
14-1689,TERMINAL AVE btwn SANDFORD FLEMING AVE & STEAMLINE ST,370903.76061,5030835.34783,-75.65542467850,45.41433145230,2014-02-05,4:21:00 PM,03 - Snow,01 - Daylight,03 - Loose snow,10 - No control,,03 - P.D. only,03 - Rear end,0
14-1690,BRONSON AVE/BRONSON/HERON RAMP 35 @ HERON RD,368642.34648,5026696.70687,-75.68485025520,45.37730323120,2014-02-05,4:28:00 PM,03 - Snow,01 - Daylight,04 - Slush,01 - Traffic signal,01 - Functioning,03 - P.D. only,03 - Rear end,0
14-1691,BASELINE RD btwn FARLANE BLVD & ZENA ST,365478.01706,5025594.46294,-75.72538454060,45.36766662890,2014-02-05,3:35:00 PM,03 - Snow,01 - Daylight,04 - Slush,10 - No control,,02 - Non-fatal injury,03 - Rear end,0
14-1692,KENWOOD AVE btwn EDISON AVE & CHURCHILL AVE N,363337.73955,5027910.15178,-75.75243041240,45.38868489790,2014-02-04,7:20:00 PM,01 - Clear,07 - Dark,03 - Loose snow,10 - No control,,03 - P.D. only,06 - SMV unattended vehicle,0
14-1693,BRIGATINE AVE btwn HUNTMAR DR & KHAMSIN ST,350707.79200,5016593.02200,-75.91476440440,45.28779263880,2014-02-05,5:03:00 PM,03 - Snow,07 - Dark,05 - Packed snow,10 - No control,,03 - P.D. only,06 - SMV unattended vehicle,0