Record,Location,X,Y,Longitude,Latitude,Date,Time,Environment,Light,Road_Surface,Traffic_Control,Collision_Location,Collision_Classification,Impact_type,Pedestrian
14-1694,PLACE D'ORLEANS DR W @ ST. JOSEPH BLVD,381602.37693,5037683.18203,-75.51768368360,45.47485037310,2014-02-05,5:00:00 PM,01 - Clear,01 - Daylight,03 - Loose snow,01 - Traffic signal,01 - Functioning,03 - P.D. only,03 - Rear end,0
14-1695,BANK ST btwn SIEVERIGHT AVE & ATHANS AVE,372334.12472,5024079.42708,-75.63807595360,45.35340781140,2014-02-05,5:17:00 PM,01 - Clear,05 - Dusk,03 - Loose snow,10 - No control,,02 - Non-fatal injury,99 - Other,0
14-1696,GRENADINE ST btwn BENSINGER WAY & CAMPOBELLO DR,349659.17800,5016420.76600,-75.92814710390,45.28631033590,2014-02-05,5:20:00 PM,03 - Snow,07 - Dark,03 - Loose snow,10 - No control,,03 - P.D. only,06 - SMV unattended vehicle,0
14-1697,GILMOUR ST @ O'CONNOR ST,367944.18533,5030870.46573,-75.69322936170,45.41492075480,2014-02-05,5:23:00 PM,01 - Clear,07 - Dark,04 - Slush,01 - Traffic signal,01 - Functioning,02 - Non-fatal injury,04 - Sideswipe,0
14-1698,BANK ST @ SNAKE ISLAND RD/VICTORIA ST,383698.21010,5010120.45913,-75.49527940410,45.22662719620,2014-02-05,2:02:00 PM,01 - Clear,01 - Daylight,05 - Packed snow,01 - Traffic signal,01 - Functioning,03 - P.D. only,02 - Angle,0
14-1699,FISHER AVE btwn 220 S OF TRENT ST & MCCOOEY LANE,365914.16285,5026608.28700,-75.71969178140,45.37675092290,2014-02-05,5:30:00 PM,01 - Clear,05 - Dusk,04 - Slush,10 - No control,,03 - P.D. only,03 - Rear end,0
14-1700,WOODROFFE AVE @ QUEENSBURY DR/RIDEAUCREST DR,365729.12330,5016327.49833,-75.72331957070,45.28426179910,2014-02-05,6:51:00 PM,01 - Clear,07 - Dark,02 - Wet,01 - Traffic signal,01 - Functioning,03 - P.D. only,03 - Rear end,0
14-1701,EARL ARMSTRONG RD @ RIVER RD,367574.14030,5014682.50177,-75.70001091530,45.26929792250,2014-02-05,4:55:00 PM,03 - Snow,05 - Dusk,03 - Loose snow,01 - Traffic signal,01 - Functioning,03 - P.D. only,02 - Angle,0
14-1702,BURRIS LANE @ MERIVALE RD,364882.12820,5025070.36360,-75.73305469710,45.36300220150,2014-02-05,7:00:00 PM,01 - Clear,07 - Dark,04 - Slush,01 - Traffic signal,01 - Functioning,03 - P.D. only,03 - Rear end,0
14-1703,SHEARWATER PRIV @ UPLANDS DR,369706.95002,5023335.80286,-75.67170005180,45.34696497570,2014-02-05,8:50:00 PM,01 - Clear,07 - Dark,03 - Loose snow,10 - No control,,03 - P.D. only,03 - Rear end,0
14-1704,ALBERT ST @ KENT ST (OTTAWA),367221.46011,5031319.89344,-75.70240552710,45.41902941220,2014-02-05,9:43:00 PM,01 - Clear,07 - Dark,02 - Wet,01 - Traffic signal,01 - Functioning,03 - P.D. only,02 - Angle,0
14-1705,FRANK KENNY RD btwn INNES RD & FRENCH HILL RD,387643.93205,5037452.27305,-75.44046284700,45.47208229940,2014-02-06,4:00:00 AM,01 - Clear,07 - Dark,03 - Loose snow,10 - No control,,03 - P.D. only,07 - SMV other,0
14-1706,BEATON RD @ SARSFIELD RD,392910.80400,5039857.28431,-75.37268312130,45.49307488260,2014-02-06,6:17:00 AM,01 - Clear,07 - Dark,02 - Wet,02 - Stop sign,01 - Functioning,03 - P.D. only,07 - SMV other,0
14-1707,REGIONAL ROAD 174 btwn Continuation of REGIONAL ROAD 174 & OR174 IC112,374375.81369,5032527.35488,-75.61083024210,45.42921863930,2014-02-06,6:43:00 AM,01 - Clear,03 - Dawn,06 - Ice,10 - No control,,03 - P.D. only,03 - Rear end,0
14-1708,SLATER ST btwn O'CONNOR ST & METCALFE ST,367606.67201,5031465.02210,-75.69746544000,45.42030075930,2014-02-06,6:53:00 AM,01 - Clear,03 - Dawn,02 - Wet,10 - No control,,02 - Non-fatal injury,04 - Sideswipe,0
14-1709,BELFAST RD btwn ST. LAURENT BLVD & TRIOLE ST,372882.01688,5030585.91308,-75.63018681020,45.41189748120,2014-02-06,7:38:00 AM,01 - Clear,01 - Daylight,02 - Wet,10 - No control,,03 - P.D. only,02 - Angle,0
14-1710,WALKLEY RD btwn MELFORT ST & RUSSELL RD,374536.81689,5028424.06106,-75.60935338980,45.39228327330,2014-02-06,7:39:00 AM,01 - Clear,01 - Daylight,01 - Dry,10 - No control,,03 - P.D. only,04 - Sideswipe,0
14-1711,RICHMOND RD @ HOLLY ACRES RD/NANAIMO DR,359057.24980,5022748.49610,-75.80765801410,45.34258506410,2014-02-06,8:06:00 AM,01 - Clear,01 - Daylight,01 - Dry,01 - Traffic signal,01 - Functioning,02 - Non-fatal injury,05 - Turning movement,0
14-1712,BROOKFIELD RD @ CLEMENTINE BLVD,369571.24117,5026377.52640,-75.67303306880,45.37434608880,2014-02-06,8:07:00 AM,01 - Clear,01 - Daylight,02 - Wet,02 - Stop sign,01 - Functioning,03 - P.D. only,02 - Angle,0
14-1713,RICHMOND RD @ HOLLY ACRES RD/NANAIMO DR,359059.17857,5022748.24261,-75.80763343160,45.34258263390,2014-02-06,8:22:00 AM,01 - Clear,01 - Daylight,01 - Dry,01 - Traffic signal,01 - Functioning,03 - P.D. only,04 - Sideswipe,0
14-1714,REGIONAL ROAD 174 btwn OR174 IC112 RAMP36 & OR174 IC112 RAMP26,374741.53488,5032805.27720,-75.60611746980,45.43168275370,2014-02-06,7:30:00 AM,01 - Clear,01 - Daylight,02 - Wet,10 - No control,,03 - P.D. only,03 - Rear end,0
14-1715,TERRY FOX DR btwn OLD SECOND LINE RD & STATEWOOD DR,348887.40600,5022494.00100,-75.93744453970,45.34100793480,2014-02-06,8:31:00 AM,01 - Clear,01 - Daylight,02 - Wet,10 - No control,,03 - P.D. only,03 - Rear end,0
14-1716,GREENBANK RD @ CANFIELD RD/CRAIG HENRY DR,361106.17283,5021365.75983,-75.78167237830,45.32998175680,2014-02-06,8:55:00 AM,01 - Clear,01 - Daylight,01 - Dry,01 - Traffic signal,01 - Functioning,03 - P.D. only,05 - Turning movement,0
14-1717,LEGGET DR btwn SOLANDT RD & FARRAR RD,350776.77072,5022796.61897,-75.91330935870,45.34360967510,2014-02-06,9:19:00 AM,01 - Clear,01 - Daylight,02 - Wet,10 - No control,,03 - P.D. only,03 - Rear end,0
14-1718,GREENBANK RD @ CANFIELD RD/CRAIG HENRY DR,361108.10160,5021365.44027,-75.78164780990,45.32997872720,2014-02-06,9:21:00 AM,01 - Clear,01 - Daylight,01 - Dry,01 - Traffic signal,01 - Functioning,03 - P.D. only,02 - Angle,0
14-1719,NEPEAN ST btwn LYON ST N & KENT ST,367331.76532,5030991.42967,-75.70103791490,45.41606414790,2014-01-07,12:00:00 AM,01 - Clear,00 - Unknown,01 - Dry,10 - No control,,03 - P.D. only,06 - SMV unattended vehicle,0
14-1720,MEANDERING BROOK DR btwn STEDMAN ST & WILD IRIS AVE,372788.95996,5022803.87197,-75.63244700170,45.34188687120,2014-02-06,10:00:00 AM,01 - Clear,01 - Daylight,00 - Unknown,10 - No control,,03 - P.D. only,01 - Approaching,0
14-1721,WOODROFFE AVE btwn IRIS ST & MIRAMICHI ST,362319.70097,5024348.49035,-75.76584519950,45.35672178690,2014-02-06,8:30:00 AM,01 - Clear,01 - Daylight,01 - Dry,10 - No control,,03 - P.D. only,03 - Rear end,0
14-1722,DUFFERIN RD @ MACKAY ST,368744.95093,5033740.18790,-75.68262670670,45.44066874270,2014-02-06,10:10:00 AM,01 - Clear,01 - Daylight,02 - Wet,02 - Stop sign,01 - Functioning,03 - P.D. only,99 - Other,0
14-1723,BARLOW CRES btwn HEATHER ST & STRODE AVE,345992.68903,5036108.81569,-75.97324226140,45.46369283410,2014-02-06,10:17:00 AM,01 - Clear,01 - Daylight,06 - Ice,10 - No control,,03 - P.D. only,06 - SMV unattended vehicle,0
14-1724,TALLWOOD DR @ AVENSHIRE GT/MERIDIAN PL,362815.65576,5022618.90082,-75.75971849490,45.34111821380,2014-02-06,10:30:00 AM,01 - Clear,01 - Daylight,04 - Slush,02 - Stop sign,00 - Unknown,03 - P.D. only,04 - Sideswipe,0
14-1725,BRONSON AVE @ CATHERINE ST/RAYMOND ST,367255.07817,5029797.51437,-75.70216891140,45.40532850250,2014-02-06,10:33:00 AM,01 - Clear,01 - Daylight,01 - Dry,01 - Traffic signal,01 - Functioning,03 - P.D. only,02 - Angle,0
14-1726,FRANK KENNY RD/TED KELLY LANE @ OLD MONTREAL R,386381.75102,5040875.07956,-75.45603410950,45.50302573510,2014-02-06,11:38:00 AM,01 - Clear,01 - Daylight,01 - Dry,02 - Stop sign,01 - Functioning,02 - Non-fatal injury,02 - Angle,0
14-1727,GLADSTONE AVE @ ROCHESTER ST,366665.06767,5029786.61773,-75.70970663070,45.40528285180,2014-02-06,12:00:00 PM,01 - Clear,01 - Daylight,02 - Wet,01 - Traffic signal,01 - Functioning,03 - P.D. only,03 - Rear end,0
14-1728,HAIG DR @ SMYTH RD,372565.73884,5029299.30886,-75.63440393200,45.40035188700,2014-02-06,10:50:00 AM,01 - Clear,01 - Daylight,02 - Wet,01 - Traffic signal,01 - Functioning,03 - P.D. only,05 - Turning movement,0
14-1729,ST. LAURENT BLVD btwn COVENTRY RD & LEMIEUX ST,372388.17590,5031754.47821,-75.63633510090,45.42245956420,2014-02-06,12:07:00 PM,01 - Clear,01 - Daylight,01 - Dry,10 - No control,,03 - P.D. only,03 - Rear end,0
14-1730,BELFAST RD @ ST. LAURENT BLVD,372859.30230,5030575.71840,-75.63047838500,45.41180796340,2014-02-06,12:16:00 PM,01 - Clear,01 - Daylight,02 - Wet,01 - Traffic signal,01 - Functioning,03 - P.D. only,03 - Rear end,0
14-1731,FRINGEWOOD DR btwn POOLE CREEK CRES & POOLE CREEK CRES,351059.96957,5015298.93788,-75.91039568700,45.27612498620,2014-02-06,12:21:00 PM,01 - Clear,01 - Daylight,02 - Wet,10 - No control,,03 - P.D. only,06 - SMV unattended vehicle,0
14-1732,PRESLAND RD btwn NAUGHTON ST & FRANCES ST,371451.20065,5031919.08818,-75.64828447950,45.42403055080,2014-02-06,12:47:00 PM,01 - Clear,01 - Daylight,01 - Dry,10 - No control,,03 - P.D. only,05 - Turning movement,0
14-1733,OGILVIE RD @ BATHGATE DR/CITYPARK DR W,373828.72210,5032800.82999,-75.61778282810,45.43173343540,2014-02-06,1:00:00 PM,01 - Clear,01 - Daylight,02 - Wet,01 - Traffic signal,01 - Functioning,03 - P.D. only,03 - Rear end,0
14-1734,BOLTON ST btwn SUSSEX DR & PARENT AVE,367482.78459,5032851.95965,-75.69887178740,45.43279107760,2014-02-06,1:11:00 PM,01 - Clear,01 - Daylight,01 - Dry,10 - No control,,03 - P.D. only,06 - SMV unattended vehicle,0
14-1735,JAMES ST @ LYON ST,367498.13210,5030503.51257,-75.69897454150,45.41165913330,2014-02-06,1:42:00 PM,01 - Clear,01 - Daylight,03 - Loose snow,01 - Traffic signal,01 - Functioning,03 - P.D. only,03 - Rear end,0
14-1736,MARCH RD @ TERRY FOX DR,349864.10163,5023399.76239,-75.92490000370,45.34909612080,2014-02-06,1:54:00 PM,01 - Clear,01 - Daylight,01 - Dry,01 - Traffic signal,01 - Functioning,03 - P.D. only,03 - Rear end,0
14-1737,MONTREAL RD @ VANIER PKWY,370074.13160,5033065.59210,-75.66572776650,45.43447617760,2014-02-06,2:12:00 PM,01 - Clear,01 - Daylight,01 - Dry,01 - Traffic signal,01 - Functioning,03 - P.D. only,02 - Angle,0
14-1738,BANK ST btwn SUNNYSIDE AVE & HOPEWELL AVE,368752.89923,5028541.80899,-75.68319977920,45.39389482520,2014-01-26,12:00:00 AM,03 - Snow,00 - Unknown,04 - Slush,10 - No control,,03 - P.D. only,06 - SMV unattended vehicle,0
14-1739,WOODRIDGE CRES btwn 220 W OF BAYSHORE DR/BAYSHORE SC & BAYSHORE DR,359169.68796,5023459.26903,-75.80614523770,45.34897190610,2014-02-06,1:25:00 PM,01 - Clear,01 - Daylight,02 - Wet,10 - No control,,03 - P.D. only,03 - Rear end,0
14-1740,WOODROFFE AVE btwn ADIRONDACK DR & FIRESTATION,362485.46194,5023937.69909,-75.76377761150,45.35301190150,2014-02-06,2:05:00 PM,01 - Clear,01 - Daylight,02 - Wet,10 - No control,,02 - Non-fatal injury,03 - Rear end,0
14-1741,ST. REMY DR btwn JERRILYNN CRES & JERRILYNN CRES,362120.91649,5015827.23800,-75.76936829060,45.28006393440,2014-02-06,2:40:00 PM,01 - Clear,01 - Daylight,04 - Slush,10 - No control,,03 - P.D. only,01 - Approaching,0
14-1742,WOODROFFE AVE btwn HWY417 IC127 RAMP62 & HWY417 IC127 RAMP26,362076.52576,5024962.26642,-75.76887759430,45.36226440340,2014-02-06,2:30:00 PM,01 - Clear,01 - Daylight,01 - Dry,10 - No control,,03 - P.D. only,05 - Turning movement,0
14-1743,CARP RD @ STITTSVILLE MAIN ST,349523.08991,5014330.91846,-75.93007011640,45.26751384590,2014-02-06,2:15:00 PM,01 - Clear,01 - Daylight,02 - Wet,01 - Traffic signal,01 - Functioning,03 - P.D. only,03 - Rear end,0
14-1744,EMPRESS AVE btwn ALBERT ST & END,366583.93162,5030710.60473,-75.71062719900,45.41360379720,2014-02-06,3:42:00 PM,01 - Clear,01 - Daylight,04 - Slush,10 - No control,,02 - Non-fatal injury,06 - SMV unattended vehicle,0
14-1745,TREMBLAY RD btwn AVENUE O & AVENUE P,371711.59585,5031337.18045,-75.64503637240,45.41876994470,2014-02-06,8:30:00 AM,01 - Clear,01 - Daylight,01 - Dry,10 - No control,,03 - P.D. only,06 - SMV unattended vehicle,0
14-1746,APPLE ORCHARD RD @ MANOTICK STATION RD,374364.23213,5011410.68873,-75.61394631230,45.23922013780,2014-02-06,3:58:00 PM,01 - Clear,01 - Daylight,02 - Wet,02 - Stop sign,01 - Functioning,03 - P.D. only,02 - Angle,0
14-1747,WOODROFFE AVE @ GEORGINA DR/LENESTER AVE,361908.26480,5025369.57133,-75.77097816200,45.36594302800,2014-02-06,4:20:00 PM,01 - Clear,01 - Daylight,02 - Wet,01 - Traffic signal,01 - Functioning,03 - P.D. only,03 - Rear end,0
14-1748,FENTON RD btwn QUINN RD & SOUTHCLARK PL,373664.02724,5020122.17680,-75.62165532250,45.31767257610,2014-02-06,4:40:00 PM,01 - Clear,01 - Daylight,01 - Dry,10 - No control,,03 - P.D. only,02 - Angle,0
14-1749,HIGHWAY 7 @ WESTLEIGH BLVD,342403.61140,5008374.89925,-76.02124423110,45.21433511810,2014-01-29,5:00:00 PM,01 - Clear,05 - Dusk,06 - Ice,02 - Stop sign,00 - Unknown,03 - P.D. only,07 - SMV other,0
14-1750,RICHMOND RD btwn WINSTON AVE & CHURCHILL AVE N,363214.34780,5028285.08800,-75.75396169740,45.39206881780,2014-02-06,2:44:00 PM,01 - Clear,01 - Daylight,01 - Dry,10 - No control,,03 - P.D. only,03 - Rear end,0
14-1751,TENTH LINE RD btwn DES EPINETTES AVE & INNES RD,383697.37320,5036763.96301,-75.49104001490,45.46634652410,2014-02-06,5:44:00 PM,01 - Clear,05 - Dusk,01 - Dry,10 - No control,,03 - P.D. only,03 - Rear end,0
14-1752,RICHMOND RD btwn CLIFTON RD & KIRKWOOD AVE,363768.75888,5028635.47916,-75.74683977460,45.39517511140,2014-02-06,5:48:00 PM,01 - Clear,07 - Dark,02 - Wet,10 - No control,,03 - P.D. only,04 - Sideswipe,0
14-1753,CONROY RD @ HUNT CLUB RD,373766.10967,5025402.62707,-75.61961734500,45.36517405660,2014-02-05,4:15:00 PM,03 - Snow,01 - Daylight,03 - Loose snow,01 - Traffic signal,01 - Functioning,03 - P.D. only,03 - Rear end,0
14-1754,SUSSEX DR btwn 262 N OF KING EDWARD AVE & STANLEY AVE,367816.45609,5033834.01131,-75.69448194500,45.44159723990,2014-02-06,6:13:00 PM,01 - Clear,07 - Dark,06 - Ice,10 - No control,,03 - P.D. only,03 - Rear end,0
14-1755,DUNROBIN RD @ MARCH RD,347172.67309,5026064.09052,-75.95901751140,45.37323819330,2014-02-06,6:20:00 PM,01 - Clear,07 - Dark,02 - Wet,01 - Traffic signal,01 - Functioning,02 - Non-fatal injury,05 - Turning movement,0
14-1756,ERINDALE DR @ BASELINE RD,363856.27030,5024574.57463,-75.74620781440,45.35862832850,2014-02-06,6:05:00 PM,01 - Clear,07 - Dark,02 - Wet,02 - Stop sign,01 - Functioning,03 - P.D. only,02 - Angle,0
14-1757,INNES RD btwn CLEROUX CRES & KEYSTONE CRT,379134.49482,5033511.42957,-75.54987449320,45.43758308440,2014-02-03,11:00:00 AM,01 - Clear,01 - Daylight,01 - Dry,10 - No control,,03 - P.D. only,06 - SMV unattended vehicle,0
14-1758,PRINCE OF WALES DR btwn NORMANDY CRES & FALAISE RD (2),367448.85806,5025015.41467,-75.70030062940,45.36228309440,2014-02-06,6:35:00 PM,03 - Snow,07 - Dark,02 - Wet,10 - No control,,02 - Non-fatal injury,03 - Rear end,0
14-1759,GALETTA SIDE RD btwn MORNING DEW DR & LOGGERS WAY,324848.46323,5032430.91005,-76.24377296820,45.43152433640,2014-02-06,6:45:00 PM,01 - Clear,07 - Dark,01 - Dry,10 - No control,,03 - P.D. only,07 - SMV other,0
14-1760,OTTAWA ROAD 29 btwn GALETTA SIDE RD & GALETTA SIDE RD,319413.07277,5027609.24441,-76.31338183360,45.38827113620,2014-02-06,9:12:00 PM,01 - Clear,07 - Dark,01 - Dry,10 - No control,,03 - P.D. only,07 - SMV other,0
14-1761,GRANGE AVE btwn SPENCER ST & WELLINGTON ST W,364582.10654,5029074.57627,-75.73639925090,45.39905705030,2014-02-06,12:00:00 AM,01 - Clear,00 - Unknown,01 - Dry,10 - No control,,03 - P.D. only,06 - SMV unattended vehicle,0
14-1762,BRONSON AVE @ CATHERINE ST/RAYMOND ST,367252.70850,5029797.32696,-75.70219920380,45.40532702780,2014-02-07,1:08:00 AM,01 - Clear,07 - Dark,06 - Ice,01 - Traffic signal,01 - Functioning,03 - P.D. only,02 - Angle,0
14-1763,MITCH OWENS RD btwn TURN LANE & SALE BARN RD,378711.12081,5016558.01970,-75.55782061160,45.28509080470,2014-02-07,6:17:00 AM,01 - Clear,07 - Dark,01 - Dry,10 - No control,,03 - P.D. only,07 - SMV other,0
14-1764,EVELYN AVE btwn MAIN ST & ROSEMERE AVE,369208.13158,5030573.32482,-75.67712086220,45.41213198890,2014-02-07,8:15:00 AM,01 - Clear,01 - Daylight,99 - Other,10 - No control,,03 - P.D. only,06 - SMV unattended vehicle,0
14-1765,MEADOWLANDS DR btwn BAYNE AVE & MERIVALE RD,364790.12893,5023688.15890,-75.73439669630,45.35057320060,2014-02-07,8:47:00 AM,01 - Clear,01 - Daylight,02 - Wet,10 - No control,,03 - P.D. only,05 - Turning movement,0
14-1766,UPLANDS DR @ AIRPORT PKWY RAMP 35,371121.36573,5021373.48330,-75.65391517420,45.32917628100,2014-02-07,9:18:00 AM,01 - Clear,01 - Daylight,01 - Dry,01 - Traffic signal,01 - Functioning,03 - P.D. only,02 - Angle,0
14-1767,SOMERSET ST    W btwn MACDONALD ST & DRIVEWAY (THE),368547.91840,5031438.64699,-75.68544295600,45.41997831350,2014-02-06,7:00:00 PM,01 - Clear,07 - Dark,03 - Loose snow,10 - No control,,03 - P.D. only,06 - SMV unattended vehicle,0
14-1768,GURDWARA RD btwn LASER ST & END (2),367155.28702,5022291.47675,-75.70439111360,45.33779981220,2014-02-06,12:00:00 AM,01 - Clear,00 - Unknown,01 - Dry,10 - No control,,03 - P.D. only,06 - SMV unattended vehicle,0
14-1769,WOODKILTON RD btwn TO BE DETERMINED & KILMAURS SIDE RD,333786.67837,5038448.33422,-76.12918644710,45.48535763530,2014-02-07,9:50:00 AM,03 - Snow,01 - Daylight,03 - Loose snow,10 - No control,,03 - P.D. only,07 - SMV other,0
14-1770,MONTREAL RD btwn ALTHA AVE & BRADLEY AVE,370645.44477,5033386.95029,-75.65838358750,45.43731405550,2014-02-07,8:30:00 AM,01 - Clear,01 - Daylight,04 - Slush,10 - No control,,03 - P.D. only,04 - Sideswipe,0
14-1771,MAPLE GROVE RD @ TERRY FOX DR,351553.10163,5017864.71799,-75.90386904440,45.29917998500,2014-02-07,9:30:00 AM,01 - Clear,01 - Daylight,01 - Dry,01 - Traffic signal,01 - Functioning,03 - P.D. only,02 - Angle,0
14-1772,MEANDERING BROOK DR btwn EMERALD POND PRIV & STEDMAN ST,373096.53719,5022929.27581,-75.62850539670,45.34298533300,2014-02-07,10:30:00 AM,01 - Clear,01 - Daylight,05 - Packed snow,10 - No control,,03 - P.D. only,02 - Angle,0
14-1773,REGIONAL RD 174 @ TRIM RD,384351.37937,5039990.34070,-75.48215514650,45.49530020970,2014-02-07,9:25:00 AM,01 - Clear,01 - Daylight,01 - Dry,01 - Traffic signal,00 - Unknown,03 - P.D. only,03 - Rear end,0
14-1774,ST. LAURENT BLVD btwn DONALD ST & 125 N OF QUEEN MARY ST,372100.82190,5032463.10623,-75.63990976730,45.42886317460,2014-02-07,12:00:00 PM,01 - Clear,01 - Daylight,03 - Loose snow,10 - No control,,03 - P.D. only,03 - Rear end,0
14-1775,MCLEOD ST btwn ELGIN ST & CARTIER ST,368434.92500,5030786.22385,-75.68697086610,45.41411831960,2014-02-04,9:00:00 AM,03 - Snow,01 - Daylight,05 - Packed snow,10 - No control,,03 - P.D. only,06 - SMV unattended vehicle,0
14-1776,PUTMAN AVE @ SPRINGFIELD RD,369186.93294,5033912.53415,-75.67695512940,45.44217887990,2014-02-07,8:20:00 AM,01 - Clear,01 - Daylight,01 - Dry,02 - Stop sign,01 - Functioning,03 - P.D. only,02 - Angle,0
14-1777,WOODROFFE AVE btwn IRIS ST & MIRAMICHI ST,362319.70097,5024350.51823,-75.76584496350,45.35674003290,2014-02-07,2:17:00 PM,01 - Clear,01 - Daylight,01 - Dry,10 - No control,,03 - P.D. only,04 - Sideswipe,0
14-1778,RAMSAYVILLE RD btwn RIDGE RD & RUSSELL RD,377053.54734,5027907.05758,-75.57729068050,45.38737642430,2014-02-07,2:23:00 PM,01 - Clear,01 - Daylight,03 - Loose snow,10 - No control,,03 - P.D. only,07 - SMV other,0
14-1779,VIEWMOUNT DR btwn MERIVALE RD & GRANT CARMAN DR,365242.36630,5022976.12531,-75.72871271390,45.34412759150,2014-02-07,2:24:00 PM,01 - Clear,01 - Daylight,02 - Wet,10 - No control,,03 - P.D. only,05 - Turning movement,0
14-1780,BELFAST RD @ ST. LAURENT BLVD,372861.73804,5030578.81549,-75.63044684260,45.41183559280,2014-02-07,2:30:00 PM,01 - Clear,01 - Daylight,01 - Dry,01 - Traffic signal,01 - Functioning,03 - P.D. only,05 - Turning movement,0
14-1781,EAGLESON RD btwn 240 N OF CADENCE GT/COPE DR/LOBLAWS SC & CADENCE GT/C,354608.26595,5016067.67746,-75.86509658340,45.28279987600,2014-02-07,3:13:00 PM,01 - Clear,01 - Daylight,01 - Dry,10 - No control,,03 - P.D. only,05 - Turning movement,0
14-1782,REGIONAL ROAD 174 btwn RAMP & TRIM RD,384238.95868,5039887.56248,-75.48360995630,45.49438831870,2014-02-07,3:13:00 PM,01 - Clear,01 - Daylight,01 - Dry,10 - No control,,03 - P.D. only,03 - Rear end,0
14-1783,TAYLOR CREEK DR btwn LACOLLE WAY & VIMONT CRT,383980.60489,5039463.13670,-75.48698343760,45.49059910600,2014-02-07,3:00:00 PM,01 - Clear,01 - Daylight,01 - Dry,10 - No control,,03 - P.D. only,02 - Angle,0
14-1784,BASELINE RD @ CORDOVA ST,363593.18123,5024410.79383,-75.74958506470,45.35717675880,2014-02-07,3:50:00 PM,01 - Clear,01 - Daylight,02 - Wet,01 - Traffic signal,01 - Functioning,03 - P.D. only,03 - Rear end,0
14-1785,ERINDALE DR @ BASELINE RD,363858.19907,5024575.26901,-75.74618311440,45.35863441420,2014-02-07,4:04:00 PM,01 - Clear,01 - Daylight,01 - Dry,02 - Stop sign,01 - Functioning,03 - P.D. only,07 - SMV other,0
14-1786,ALBERT ST @ BOOTH ST,366428.18623,5030626.82009,-75.71262734300,45.41286366030,2014-02-07,4:05:00 PM,01 - Clear,01 - Daylight,01 - Dry,01 - Traffic signal,01 - Functioning,02 - Non-fatal injury,03 - Rear end,0
14-1787,CAHILL DR btwn TEMBY PRIV & TEMBY PRIV,372092.41324,5024885.41566,-75.64105080040,45.36068305020,2014-02-07,4:13:00 PM,01 - Clear,01 - Daylight,01 - Dry,10 - No control,,03 - P.D. only,04 - Sideswipe,0
14-1788,ANDERSON RD @ INNES RD,376281.21503,5031841.56390,-75.58658206180,45.42285615680,2014-02-07,4:15:00 PM,01 - Clear,01 - Daylight,01 - Dry,01 - Traffic signal,01 - Functioning,03 - P.D. only,04 - Sideswipe,0
14-1789,FOREST GREEN CRES btwn 8TH LINE RD & 8TH LINE RD,384828.59448,5014274.09357,-75.48021841570,45.26387162600,2014-02-07,4:19:00 PM,01 - Clear,01 - Daylight,04 - Slush,10 - No control,,03 - P.D. only,01 - Approaching,0
14-1790,BRONSON AVE btwn LAURIER AVE W & GLOUCESTER ST,366810.78465,5030850.16246,-75.70771156450,45.41483943180,2014-02-07,4:36:00 PM,01 - Clear,01 - Daylight,01 - Dry,10 - No control,,03 - P.D. only,02 - Angle,0
14-1791,MAITLAND AVE/GLENMOUNT AVE @ ERINDALE DR,363697.59941,5025211.83352,-75.74815696340,45.36437565390,2014-02-07,4:40:00 PM,01 - Clear,05 - Dusk,01 - Dry,01 - Traffic signal,01 - Functioning,03 - P.D. only,05 - Turning movement,0
14-1792,HUTCHISON AVE btwn PARKDALE AVE & MACFARLANE AVE,365534.45569,5028550.78057,-75.72430043390,45.39426208940,2014-02-06,12:00:00 AM,01 - Clear,00 - Unknown,05 - Packed snow,10 - No control,,03 - P.D. only,06 - SMV unattended vehicle,0
14-1793,BAYCREST DR @ WALKLEY RD,371420.30880,5026591.47487,-75.64939881330,45.37609776480,2014-02-07,3:30:00 PM,01 - Clear,01 - Daylight,01 - Dry,01 - Traffic signal,01 - Functioning,03 - P.D. only,03 - Rear end,0
14-1794,CORAL AVE btwn BARLYN AVE & WILLETH AVE,365819.55034,5025460.16227,-75.72104151900,45.36642856660,2014-02-07,1:40:00 PM,01 - Clear,01 - Daylight,01 - Dry,10 - No control,,03 - P.D. only,06 - SMV unattended vehicle,0
14-1795,BYRON AVE @ TWEEDSMUIR AVE,363592.18313,5028304.80599,-75.74913424330,45.39221461840,2014-02-07,5:52:00 PM,01 - Clear,07 - Dark,02 - Wet,02 - Stop sign,01 - Functioning,03 - P.D. only,02 - Angle,0
14-1796,WELLINGTON ST btwn OTTAWA RIVER PKWY & TO BE DETERMINED,366379.57937,5031178.30739,-75.71317938260,45.41783006710,2014-02-07,5:56:00 PM,01 - Clear,07 - Dark,01 - Dry,10 - No control,,03 - P.D. only,04 - Sideswipe,0
14-1797,RIVERSIDE DR NB btwn INDUSTRIAL AVE & TREMBLAY RD,370790.92474,5030925.41360,-75.65685411040,45.41515247790,2014-02-07,6:30:00 PM,01 - Clear,07 - Dark,01 - Dry,10 - No control,,02 - Non-fatal injury,03 - Rear end,0
14-1798,ST. JOSEPH BLVD @ JEANNE D'ARC BLVD,379861.21643,5036472.52877,-75.54013517690,45.46414719270,2014-02-07,3:08:00 PM,01 - Clear,01 - Daylight,01 - Dry,11 - Roundabout,01 - Functioning,03 - P.D. only,04 - Sideswipe,0