Record,Location,X,Y,Longitude,Latitude,Date,Time,Environment,Light,Road_Surface,Traffic_Control,Collision_Location,Collision_Classification,Impact_type,Pedestrian
14-1904,HWY 417 INNES IC112R68 @ INNES RD,374641.21589,5030922.16815,-75.60766641160,45.41474957560,2014-02-10,6:55:00 PM,01 - Clear,07 - Dark,01 - Dry,01 - Traffic signal,01 - Functioning,03 - P.D. only,03 - Rear end,0
14-1905,MERIVALE RD @ 170 N OF HUNTCLUB RD/COSTCO/CANA,365545.42885,5022105.13397,-75.72495271310,45.33626435180,2014-02-10,6:45:00 PM,01 - Clear,07 - Dark,06 - Ice,01 - Traffic signal,01 - Functioning,03 - P.D. only,04 - Sideswipe,0
14-1906,MURRAY ST @ SUSSEX DR,367706.10730,5032391.65370,-75.69607665860,45.42862934870,2014-02-10,8:29:00 PM,01 - Clear,07 - Dark,01 - Dry,01 - Traffic signal,01 - Functioning,03 - P.D. only,02 - Angle,0
14-1907,HUNTMAR DR btwn BRADLEY SIDE RD & RICHARDSON SIDE RD,348106.17719,5019099.82625,-75.94770942030,45.31051482180,2014-02-10,9:25:00 PM,01 - Clear,07 - Dark,01 - Dry,10 - No control,,03 - P.D. only,07 - SMV other,0
14-1908,BOOTHFIELD ST btwn COOKS MILL CRES & SPRATT RD,370067.76400,5016942.89300,-75.66793842350,45.28940955160,2014-02-10,10:04:00 PM,01 - Clear,07 - Dark,05 - Packed snow,10 - No control,,03 - P.D. only,01 - Approaching,0
14-1909,HEMLOCK RD @ ST. LAURENT BLVD,371144.75878,5034782.07286,-75.65181411520,45.44981952310,2014-02-10,11:41:00 PM,01 - Clear,07 - Dark,01 - Dry,01 - Traffic signal,01 - Functioning,03 - P.D. only,05 - Turning movement,0
14-1910,MACKENZIE KING BRIDGE @ MACKENZIE KING BRIDGE,368165.68283,5031866.89510,-75.69027150490,45.42386626770,2014-02-11,12:57:00 AM,01 - Clear,07 - Dark,01 - Dry,01 - Traffic signal,01 - Functioning,02 - Non-fatal injury,07 - SMV other,1
14-1911,LONGFIELDS DR @ PAUL METIVIER DR,364841.33400,5014200.43700,-75.73489268780,45.26519892110,2014-02-11,6:20:00 AM,01 - Clear,07 - Dark,01 - Dry,02 - Stop sign,01 - Functioning,03 - P.D. only,02 - Angle,0
14-1912,PARKDALE AVE @ SCOTT ST,364949.70360,5029727.82723,-75.73162465720,45.40490337330,2014-02-11,6:48:00 AM,01 - Clear,03 - Dawn,01 - Dry,01 - Traffic signal,01 - Functioning,03 - P.D. only,05 - Turning movement,0
14-1913,AVIATION PKWY @ OGILVIE RD,373110.20723,5032377.85303,-75.62702335760,45.42799825220,2014-02-11,6:55:00 AM,01 - Clear,03 - Dawn,01 - Dry,01 - Traffic signal,01 - Functioning,03 - P.D. only,05 - Turning movement,0
14-1914,BLACKBURN BYPASS @ INNES RD W,377186.72607,5032176.63787,-75.57496331670,45.42577783350,2014-02-11,7:22:00 AM,01 - Clear,01 - Daylight,01 - Dry,01 - Traffic signal,01 - Functioning,03 - P.D. only,03 - Rear end,0
14-1915,WALKLEY RD @ 160 W OF CONROY RD,372769.19428,5027384.15639,-75.63206922960,45.38310044170,2014-02-11,7:22:00 AM,01 - Clear,01 - Daylight,01 - Dry,01 - Traffic signal,01 - Functioning,03 - P.D. only,03 - Rear end,0
14-1916,MONTREAL RD @ DEN HAAG DR/LANG'S RD,372386.71800,5034221.33021,-75.63601509380,45.44465524500,2014-02-11,7:46:00 AM,01 - Clear,01 - Daylight,06 - Ice,01 - Traffic signal,01 - Functioning,03 - P.D. only,03 - Rear end,0
14-1917,JOCKVALE RD btwn WEYBRIDGE DR & TARTAN DR,363204.11409,5014851.87484,-75.75567739570,45.27119843450,2014-02-11,7:46:00 AM,01 - Clear,01 - Daylight,02 - Wet,10 - No control,,03 - P.D. only,03 - Rear end,0
14-1918,JOCKVALE RD btwn WEYBRIDGE DR & TARTAN DR,363031.26244,5014925.07487,-75.75787150850,45.27187142610,2014-02-11,7:48:00 AM,01 - Clear,01 - Daylight,06 - Ice,08 - Traffic gate,01 - Functioning,03 - P.D. only,03 - Rear end,0
14-1919,LAURIER AVE @ WALLER ST/TRANSITWAY,368454.80816,5031859.72874,-75.68657816960,45.42377553720,2014-02-11,7:50:00 AM,01 - Clear,01 - Daylight,01 - Dry,01 - Traffic signal,01 - Functioning,02 - Non-fatal injury,04 - Sideswipe,0
14-1920,BANTREE ST @ INNES RD,373707.14500,5030406.55540,-75.61967132240,45.41020294940,2014-02-11,7:56:00 AM,01 - Clear,01 - Daylight,99 - Other,01 - Traffic signal,01 - Functioning,02 - Non-fatal injury,03 - Rear end,0
14-1921,MACLAREN ST btwn LYON ST N & KENT ST,367517.51473,5030707.04504,-75.69870103720,45.41348871840,2014-02-11,7:54:00 AM,01 - Clear,01 - Daylight,05 - Packed snow,10 - No control,,02 - Non-fatal injury,02 - Angle,0
14-1922,MCCARTHY RD btwn PAUL ANKA DR & HUNTVIEW PRIV,369720.09995,5023867.02633,-75.67146252040,45.35174356400,2014-02-11,8:06:00 AM,01 - Clear,01 - Daylight,01 - Dry,10 - No control,,03 - P.D. only,03 - Rear end,0
14-1923,PRINCE OF WALES DR @ STEPHANIE AVE,367512.70380,5022815.05682,-75.69976481170,45.34247902910,2014-02-11,8:13:00 AM,01 - Clear,01 - Daylight,01 - Dry,02 - Stop sign,00 - Unknown,03 - P.D. only,03 - Rear end,0
14-1924,WEST HUNT CLUB RD @ CLEOPATRA DR/LANCELOT DR,365237.10741,5021732.49400,-75.72893171560,45.33293800670,2014-02-11,8:16:00 AM,01 - Clear,01 - Daylight,01 - Dry,01 - Traffic signal,01 - Functioning,03 - P.D. only,03 - Rear end,0
14-1925,MELBOURNE AVE @ DOVERCOURT AVE,363460.80953,5027359.10678,-75.75092434670,45.38371638350,2014-02-11,8:18:00 AM,01 - Clear,01 - Daylight,05 - Packed snow,02 - Stop sign,01 - Functioning,03 - P.D. only,02 - Angle,0
14-1926,GREENBANK RD @ JOCKVALE RD,364122.16173,5014328.51757,-75.74404100460,45.26641241450,2014-02-11,8:25:00 AM,01 - Clear,01 - Daylight,02 - Wet,01 - Traffic signal,01 - Functioning,03 - P.D. only,03 - Rear end,0
14-1927,HAWTHORNE RD/RUSSELL RD @ WALKLEY RD,374674.81453,5028501.67780,-75.60758017080,45.39296787480,2014-02-11,8:30:00 AM,01 - Clear,01 - Daylight,01 - Dry,01 - Traffic signal,01 - Functioning,03 - P.D. only,03 - Rear end,0
14-1928,PRINCE OF WALES DR btwn MELFA CRES & NORMANDY CRES,367415.86550,5025314.76911,-75.70068379980,45.36497956530,2014-02-11,8:31:00 AM,01 - Clear,01 - Daylight,01 - Dry,10 - No control,,03 - P.D. only,07 - SMV other,0
14-1929,MANOTICK MAIN ST btwn HIGHCROFT DR & MAPLE AVE,368631.73711,5009978.96595,-75.68713822910,45.22688066120,2014-02-11,6:35:00 AM,01 - Clear,03 - Dawn,01 - Dry,10 - No control,,03 - P.D. only,03 - Rear end,0
14-1930,TRIM RD btwn ST. JOSEPH BLVD & WATTERS RD,384712.65922,5039235.78043,-75.47765622490,45.48847014090,2014-02-11,8:51:00 AM,01 - Clear,01 - Daylight,01 - Dry,10 - No control,,03 - P.D. only,03 - Rear end,0
14-1931,REGIONAL ROAD 174 EB btwn HWY417 IC113 RAMP65 & OR174 BLAIR IC112 RAMP51,374387.85833,5032510.31276,-75.61067874050,45.42906410540,2014-10-15,1:38:00 PM,01 - Clear,01 - Daylight,01 - Dry,10 - No control,,03 - P.D. only,03 - Rear end,0
14-1932,FALLOWFIELD RD @ 482 E OF HOLITMAN DR/BARRHAVE,364166.04844,5017378.94237,-75.74311692730,45.29385642450,2014-02-11,8:56:00 AM,01 - Clear,01 - Daylight,01 - Dry,01 - Traffic signal,01 - Functioning,03 - P.D. only,04 - Sideswipe,0
14-1933,MEADOWLANDS DR @ NESS ST,366415.17793,5024944.51810,-75.71350291670,45.36173679650,2014-02-11,9:06:00 AM,01 - Clear,01 - Daylight,01 - Dry,02 - Stop sign,00 - Unknown,02 - Non-fatal injury,03 - Rear end,0
14-1934,ARGYLE AVE @ O'CONNOR ST,368184.23687,5030487.46873,-75.69021186990,45.41145297020,2014-02-11,8:20:00 AM,01 - Clear,01 - Daylight,03 - Loose snow,01 - Traffic signal,01 - Functioning,03 - P.D. only,03 - Rear end,0
14-1935,MONTREAL RD @ CARSON'S RD/CODD'S RD,372770.98223,5034398.80616,-75.63107895890,45.44621482380,2014-02-11,7:50:00 AM,01 - Clear,01 - Daylight,05 - Packed snow,01 - Traffic signal,01 - Functioning,03 - P.D. only,04 - Sideswipe,0
14-1936,CARP RD btwn FALLDOWN LANE & DONALD B. MUNRO DR,341028.96191,5023002.73335,-76.03767741930,45.34603555910,2014-02-11,9:22:00 AM,01 - Clear,01 - Daylight,01 - Dry,10 - No control,,03 - P.D. only,07 - SMV other,0
14-1937,MACKENZIE AVE @ MURRAY ST,367642.07277,5032383.58630,-75.69689595100,45.42856251730,2014-02-11,9:21:00 AM,01 - Clear,01 - Daylight,04 - Slush,01 - Traffic signal,01 - Functioning,03 - P.D. only,04 - Sideswipe,0
14-1938,LOLA ST @ QUEEN MARY ST,371129.24967,5032042.68777,-75.65238149630,45.42517324820,2014-02-11,9:23:00 AM,01 - Clear,01 - Daylight,01 - Dry,02 - Stop sign,01 - Functioning,03 - P.D. only,02 - Angle,0
14-1939,EAGLESON RD btwn HWY417 IC138 RAMP35 & HWY417 IC138 RAMP25,352970.52319,5020167.32141,-75.88557324640,45.31980355740,2014-02-11,9:58:00 AM,01 - Clear,01 - Daylight,01 - Dry,10 - No control,,03 - P.D. only,03 - Rear end,0
14-1940,ALBERT ST @ ELGIN ST/MACKENZIE KING BRIDGE,367851.06627,5031710.96279,-75.69431143940,45.42249166940,2014-02-11,10:03:00 AM,01 - Clear,01 - Daylight,01 - Dry,01 - Traffic signal,01 - Functioning,03 - P.D. only,02 - Angle,0
14-1941,HWY 417 VANIER IC117R63 @ VANIER PKWY,370800.36071,5031396.64161,-75.65667044750,45.41939150420,2014-02-11,9:00:00 AM,01 - Clear,01 - Daylight,06 - Ice,01 - Traffic signal,00 - Unknown,03 - P.D. only,03 - Rear end,0
14-1942,MERIVALE RD @ WEST HUNT CLUB RD,365613.16913,5021940.60247,-75.72410871770,45.33477805100,2014-02-11,9:20:00 AM,01 - Clear,01 - Daylight,01 - Dry,01 - Traffic signal,01 - Functioning,03 - P.D. only,03 - Rear end,0
14-1943,WEST HUNT CLUB RD @ ANTARES DR/LASER ST,367107.23737,5022081.50170,-75.70503057100,45.33591476160,2014-02-11,10:42:00 AM,01 - Clear,01 - Daylight,01 - Dry,01 - Traffic signal,01 - Functioning,02 - Non-fatal injury,03 - Rear end,0
14-1944,WEST HUNT CLUB RD btwn PRINCE OF WALES DR & HUNT CLUB RD,367759.97412,5021884.86823,-75.69672822720,45.33408722450,2014-02-11,11:08:00 AM,01 - Clear,01 - Daylight,01 - Dry,10 - No control,,03 - P.D. only,04 - Sideswipe,0
14-1945,MCCARTHY RD btwn CAHILL DR W & PLANTE DR,370310.83480,5023724.20158,-75.66394304080,45.35040353340,2014-02-11,11:31:00 AM,01 - Clear,01 - Daylight,01 - Dry,10 - No control,,03 - P.D. only,01 - Approaching,0
14-1946,CATHERINE ST/HWY 417 O'CONN IC119BR76 @ O'CONN,368244.02448,5030392.57213,-75.68946032270,45.41059370400,2014-02-11,11:35:00 AM,01 - Clear,01 - Daylight,01 - Dry,01 - Traffic signal,01 - Functioning,03 - P.D. only,04 - Sideswipe,0
14-1947,PERCY ST @ GLOUCESTER ST,366942.59115,5030858.43644,-75.70602664170,45.41490218490,2014-02-11,11:51:00 AM,01 - Clear,01 - Daylight,01 - Dry,02 - Stop sign,02 - Not functioning,03 - P.D. only,06 - SMV unattended vehicle,0
14-1948,CYRVILLE RD @ INNES RD,375048.95927,5031119.56420,-75.60242933850,45.41648482380,2014-02-03,11:00:00 AM,01 - Clear,01 - Daylight,01 - Dry,01 - Traffic signal,01 - Functioning,03 - P.D. only,05 - Turning movement,0
14-1949,RIVERSIDE DR NB btwn RIVERSIDE DR NB RAMP FROM EB TO WB & NEIL WAY,369397.70407,5028176.03990,-75.67501313400,45.39054456960,2014-02-11,1:00:00 PM,01 - Clear,01 - Daylight,06 - Ice,10 - No control,,03 - P.D. only,04 - Sideswipe,0
14-1950,CONROY RD @ WALKLEY RD,372904.19653,5027464.47917,-75.63033444070,45.38381004080,2014-02-11,1:47:00 PM,01 - Clear,01 - Daylight,01 - Dry,01 - Traffic signal,01 - Functioning,02 - Non-fatal injury,03 - Rear end,0
14-1951,GREENBANK RD @ STRANDHERD DR,363935.10570,5014781.57360,-75.74637055760,45.27050477400,2014-02-11,12:35:00 PM,01 - Clear,01 - Daylight,02 - Wet,01 - Traffic signal,01 - Functioning,03 - P.D. only,04 - Sideswipe,0
14-1952,CONCORD ST @ GREENFIELD AVE,369033.59873,5031064.98916,-75.67928638660,45.41657185270,2014-02-11,1:15:00 PM,01 - Clear,01 - Daylight,01 - Dry,02 - Stop sign,00 - Unknown,02 - Non-fatal injury,04 - Sideswipe,0
14-1953,PRESTON ST @ PRINCE OF WALES DR/QUEEN ELIZABET,366898.50835,5028778.46461,-75.70685177380,45.39619109320,2014-02-11,1:38:00 PM,01 - Clear,01 - Daylight,01 - Dry,01 - Traffic signal,01 - Functioning,03 - P.D. only,02 - Angle,0
14-1954,ALTA VISTA DR btwn SMYTH RD & VALOUR DR,370414.37026,5029521.47975,-75.66185156880,45.40255583320,2014-02-11,3:24:00 PM,01 - Clear,01 - Daylight,01 - Dry,10 - No control,,03 - P.D. only,02 - Angle,0
14-1955,WALKLEY RD @ HEATHERINGTON RD,371766.45794,5026794.02116,-75.64495224360,45.37788720400,2014-02-11,3:42:00 PM,01 - Clear,01 - Daylight,01 - Dry,01 - Traffic signal,01 - Functioning,02 - Non-fatal injury,07 - SMV other,1
14-1956,RIVERSIDE DR SB btwn SMYTH RD SOUTH SIDE RAMP & SMYTH RD NORTH SIDE RA,369808.18211,5029143.28518,-75.66964395720,45.39920952720,2014-02-11,3:54:00 PM,01 - Clear,01 - Daylight,01 - Dry,10 - No control,,03 - P.D. only,04 - Sideswipe,0
14-1957,CANOTEK RD @ SHEFFORD RD,376028.44952,5035092.67734,-75.58934116210,45.45213349390,2014-02-11,3:15:00 PM,01 - Clear,01 - Daylight,01 - Dry,01 - Traffic signal,01 - Functioning,03 - P.D. only,02 - Angle,0
14-1958,MCCARTHY RD @ WALKLEY RD,369250.22427,5025300.26891,-75.67727177060,45.36468283520,2014-02-11,4:09:00 PM,01 - Clear,01 - Daylight,01 - Dry,01 - Traffic signal,00 - Unknown,03 - P.D. only,03 - Rear end,0
14-1959,ARGYLE AVE N @ ELGIN ST,368494.23868,5030672.19617,-75.68622785990,45.41308694050,2014-02-11,2:20:00 PM,01 - Clear,01 - Daylight,01 - Dry,01 - Traffic signal,00 - Unknown,03 - P.D. only,04 - Sideswipe,0
14-1960,RIVERSIDE DR @ RIVERSIDE HOSPITAL,369713.78210,5028625.48507,-75.67091774910,45.39455929960,2014-02-11,4:20:00 PM,01 - Clear,01 - Daylight,01 - Dry,01 - Traffic signal,01 - Functioning,03 - P.D. only,04 - Sideswipe,0
14-1961,RICHMOND RD btwn ROBERTSON RD & STINSON AVE,357720.55520,5020835.45125,-75.82491806880,45.32547346320,2014-02-11,4:22:00 PM,01 - Clear,01 - Daylight,01 - Dry,10 - No control,,03 - P.D. only,03 - Rear end,0
14-1962,BRONSON AVE @ SOMERSET ST,366968.20307,5030476.82569,-75.70574757350,45.41146628890,2014-02-11,4:23:00 PM,01 - Clear,01 - Daylight,01 - Dry,01 - Traffic signal,01 - Functioning,03 - P.D. only,02 - Angle,0
14-1963,BANK ST @ RIVERSIDE DR S,369306.13890,5027892.65717,-75.67621944700,45.38800322290,2014-02-11,4:33:00 PM,01 - Clear,01 - Daylight,02 - Wet,01 - Traffic signal,01 - Functioning,03 - P.D. only,02 - Angle,0
14-1964,BROMLEY RD @ CARLING AVE,362560.16113,5026245.52370,-75.76255457630,45.37377133900,2014-02-11,3:40:00 PM,01 - Clear,01 - Daylight,02 - Wet,02 - Stop sign,01 - Functioning,03 - P.D. only,04 - Sideswipe,0
14-1965,MEADOWLANDS DR/TALLWOOD DR @ WOODROFFE AVE,363056.93901,5022730.78263,-75.75662679920,45.34210492290,2014-02-11,4:45:00 PM,01 - Clear,01 - Daylight,02 - Wet,01 - Traffic signal,01 - Functioning,02 - Non-fatal injury,03 - Rear end,0
14-1966,ARLINGTON AVE @ BRONSON AVE,367222.31035,5029867.39475,-75.70257861530,45.40596018910,2014-02-11,4:49:00 PM,01 - Clear,01 - Daylight,01 - Dry,01 - Traffic signal,01 - Functioning,02 - Non-fatal injury,03 - Rear end,0
14-1967,LEES AVE @ ROBINSON AVE W,369576.20725,5031231.86848,-75.67233225640,45.41802334780,2014-02-11,5:05:00 PM,01 - Clear,05 - Dusk,01 - Dry,02 - Stop sign,00 - Unknown,03 - P.D. only,03 - Rear end,0
14-1968,FLANDERS ST btwn FRAMINGHAM CRES & PEACOCK CRES,362067.13298,5014608.08189,-75.77019440590,45.26909827740,2014-02-10,12:00:00 AM,01 - Clear,00 - Unknown,05 - Packed snow,10 - No control,,03 - P.D. only,06 - SMV unattended vehicle,0
14-1969,RICHMOND RD @ EDGEWORTH AVE/MCEWEN AVE,361075.68260,5025883.78219,-75.78154716130,45.37063720450,2014-02-11,5:49:00 PM,01 - Clear,05 - Dusk,01 - Dry,01 - Traffic signal,01 - Functioning,02 - Non-fatal injury,07 - SMV other,1
14-1970,KING EDWARD AVE @ LAURIER AVE,368739.20023,5032033.82214,-75.68292179960,45.42531603010,2014-02-11,6:06:00 PM,01 - Clear,07 - Dark,01 - Dry,01 - Traffic signal,01 - Functioning,03 - P.D. only,05 - Turning movement,0
14-1971,CAMPEAU DR/HWY 417 MARCH IC138R63 @ MARCH RD,352842.13187,5020476.72019,-75.88718080100,45.32259638820,2014-02-11,6:00:00 PM,01 - Clear,05 - Dusk,01 - Dry,01 - Traffic signal,01 - Functioning,03 - P.D. only,03 - Rear end,0
14-1972,KELLY FARM DR btwn SHEPODY CIRC & FINDLAY CREEK DR,375188.95439,5020120.42199,-75.60220785270,45.31750556490,2014-02-11,8:00:00 AM,01 - Clear,01 - Daylight,01 - Dry,10 - No control,,03 - P.D. only,06 - SMV unattended vehicle,0
14-1973,ARGYLE AVE @ O'CONNOR ST,368185.21777,5030486.33346,-75.69019948530,45.41144266720,2014-02-11,8:37:00 PM,01 - Clear,07 - Dark,02 - Wet,01 - Traffic signal,01 - Functioning,02 - Non-fatal injury,07 - SMV other,1
14-1974,BRIDGE ST/MAPLE AVE @ MANOTICK MAIN ST,368700.98244,5009931.62653,-75.68626259570,45.22644842340,2014-02-11,10:36:00 PM,01 - Clear,07 - Dark,01 - Dry,01 - Traffic signal,01 - Functioning,03 - P.D. only,05 - Turning movement,0
14-1975,NICHOLAS ST SB btwn LAURIER AVE E & Continuation of NICHOLAS ST,368485.17059,5031702.70589,-75.68621051850,45.42235993790,2014-02-12,12:05:00 AM,01 - Clear,07 - Dark,03 - Loose snow,10 - No control,,03 - P.D. only,04 - Sideswipe,0
14-1976,FOXHALL WAY btwn KINGBROOK DR & END,355505.86875,5016567.95733,-75.85360448780,45.28723732090,2014-02-12,4:51:00 AM,01 - Clear,07 - Dark,05 - Packed snow,10 - No control,,03 - P.D. only,07 - SMV other,0
14-1977,HAWTHORNE RD btwn AGES DR & STEVENAGE DR,375127.10805,5027338.12489,-75.60197012780,45.38245352490,2014-02-12,5:56:00 AM,01 - Clear,07 - Dark,02 - Wet,10 - No control,,03 - P.D. only,02 - Angle,0
14-1978,ELGIN ST @ LAURIER AVE,367948.23597,5031548.62793,-75.69309070290,45.42102226970,2014-02-12,6:01:00 AM,01 - Clear,07 - Dark,03 - Loose snow,01 - Traffic signal,01 - Functioning,03 - P.D. only,07 - SMV other,0
14-1979,BRANTHAVEN ST btwn LAKERIDGE DR & VISTAPARK DR,385016.76471,5034803.34594,-75.47448982670,45.44855646560,2014-02-12,6:45:00 AM,01 - Clear,03 - Dawn,05 - Packed snow,10 - No control,,03 - P.D. only,06 - SMV unattended vehicle,0
14-1980,BANTREE ST @ INNES RD,373707.24411,5030406.30191,-75.61967009190,45.41020065870,2014-02-12,6:56:00 AM,01 - Clear,03 - Dawn,01 - Dry,01 - Traffic signal,01 - Functioning,03 - P.D. only,05 - Turning movement,0
14-1981,BRIAN COBURN BLVD btwn GERRY LALONDE DR & STRASBOURG ST,383536.26400,5034620.05800,-75.49344326550,45.44707574900,2014-02-12,7:54:00 AM,01 - Clear,01 - Daylight,01 - Dry,10 - No control,,03 - P.D. only,99 - Other,0
14-1982,BANK ST @ RIVERSIDE DR S,369307.18624,5027893.31833,-75.67620598730,45.38800907480,2014-02-12,7:50:00 AM,01 - Clear,01 - Daylight,01 - Dry,01 - Traffic signal,01 - Functioning,02 - Non-fatal injury,03 - Rear end,0
14-1983,CAMPEAU DR @ TERRY FOX DR,350457.00790,5019009.88402,-75.91773870400,45.30955659620,2014-02-12,7:58:00 AM,01 - Clear,01 - Daylight,01 - Dry,01 - Traffic signal,01 - Functioning,03 - P.D. only,03 - Rear end,0
14-1985,GALLAGHER RD btwn HARNETT RD & MACKEY RD,362679.99884,4990975.61830,-75.76512384240,45.05639789120,2014-02-11,8:07:00 AM,01 - Clear,01 - Daylight,05 - Packed snow,10 - No control,,03 - P.D. only,07 - SMV other,0
14-1986,HUNT CLUB RD @ LORRY GREENBERG DR/SABLE RIDGE,372822.31690,5024807.50480,-75.63174578920,45.35991159700,2014-02-12,8:39:00 AM,01 - Clear,01 - Daylight,01 - Dry,01 - Traffic signal,01 - Functioning,03 - P.D. only,05 - Turning movement,0
14-1987,COLLIER CRES/CUTHBERT WAY @ REMINGTON WAY S,378108.67612,5014342.90036,-75.56582631440,45.26522315340,2014-02-12,8:35:00 AM,01 - Clear,01 - Daylight,05 - Packed snow,02 - Stop sign,01 - Functioning,03 - P.D. only,02 - Angle,0
14-1988,HOLLAND AVE btwn INGLEWOOD PL & CARLING AVE,365393.09709,5028094.54352,-75.72616172550,45.39016921300,2014-02-12,8:49:00 AM,01 - Clear,01 - Daylight,02 - Wet,10 - No control,,03 - P.D. only,05 - Turning movement,0
14-1989,WINDHURST DR btwn STONEWAY DR & STONEPOINTE AVE,366413.91187,5016130.66517,-75.71461563870,45.28243101750,2014-02-12,8:53:00 AM,01 - Clear,01 - Daylight,06 - Ice,10 - No control,,03 - P.D. only,06 - SMV unattended vehicle,0
14-1990,BRONSON AVE @ HERON RD RAMP 34,368503.65351,5027033.19978,-75.68657751790,45.38034352320,2014-02-12,8:54:00 AM,01 - Clear,01 - Daylight,01 - Dry,10 - No control,,03 - P.D. only,03 - Rear end,0
14-1991,COLONEL BY DR @ HOG'S BACK RD,367602.88226,5025876.91180,-75.69822523360,45.37002086070,2014-02-12,7:55:00 AM,01 - Clear,01 - Daylight,01 - Dry,01 - Traffic signal,01 - Functioning,03 - P.D. only,02 - Angle,0
14-1992,RIVERSIDE DR @ BROOKFIELD RD/HOG'S BACK RD,368171.36843,5026223.58042,-75.69092388830,45.37308892110,2014-02-12,9:32:00 AM,01 - Clear,01 - Daylight,01 - Dry,01 - Traffic signal,01 - Functioning,03 - P.D. only,05 - Turning movement,0
14-1993,BLACKBURN AVE @ LAURIER AVE,369186.29280,5032308.52677,-75.67717308880,45.42774670850,2014-02-12,10:09:00 AM,01 - Clear,01 - Daylight,02 - Wet,02 - Stop sign,01 - Functioning,03 - P.D. only,07 - SMV other,0
14-1994,APELDOORN AVE btwn FALAISE RD & STORMONT ST,367185.90409,5024744.80958,-75.70369101340,45.35987169840,2014-02-12,10:23:00 AM,01 - Clear,01 - Daylight,05 - Packed snow,10 - No control,,03 - P.D. only,02 - Angle,0
14-1995,BELFAST RD @ ST. LAURENT BLVD,372863.09377,5030579.50987,-75.63042942710,45.41184170880,2014-02-12,10:20:00 AM,01 - Clear,01 - Daylight,01 - Dry,01 - Traffic signal,01 - Functioning,02 - Non-fatal injury,02 - Angle,0
14-1996,BANK ST @ WALKLEY RD,370338.32593,5025948.68277,-75.66329725940,45.37041616870,2014-02-10,7:00:00 AM,01 - Clear,03 - Dawn,04 - Slush,01 - Traffic signal,01 - Functioning,03 - P.D. only,05 - Turning movement,0
14-1997,INNES RD btwn O'TOOLE RD & DUNNING RD,389607.76698,5038497.68593,-75.41517027030,45.48125201130,2014-02-11,7:00:00 AM,01 - Clear,03 - Dawn,01 - Dry,10 - No control,,03 - P.D. only,99 - Other,0
14-1998,GREENBANK RD btwn JOCKVALE RD & CAMBRIAN RD,364544.35350,5013179.85629,-75.73879950250,45.25604100510,2014-02-12,10:37:00 AM,01 - Clear,01 - Daylight,01 - Dry,10 - No control,,03 - P.D. only,03 - Rear end,0
14-1999,CORKSTOWN RD btwn MARCH RD & MOODIE DR,356319.42448,5022630.93522,-75.84260351800,45.34173365610,2014-02-11,6:00:00 PM,01 - Clear,07 - Dark,01 - Dry,10 - No control,,03 - P.D. only,07 - SMV other,0
14-2000,CARLING AVE @ KEMPSTER AVE/FAMOUS PLAYERS THEA,359210.19777,5024121.40413,-75.80555543650,45.35492666100,2014-02-11,4:25:00 PM,01 - Clear,01 - Daylight,01 - Dry,01 - Traffic signal,01 - Functioning,02 - Non-fatal injury,03 - Rear end,0
14-2001,CLEGG ST @ COLONEL BY DR,368968.13620,5029741.60771,-75.68029498570,45.40467053040,2014-02-12,11:09:00 AM,01 - Clear,01 - Daylight,01 - Dry,02 - Stop sign,00 - Unknown,03 - P.D. only,03 - Rear end,0
14-2002,SHEFFIELD RD @ WALKLEY RD,375260.10477,5028782.64307,-75.60006581910,45.39543721220,2014-02-12,11:47:00 AM,01 - Clear,01 - Daylight,99 - Other,01 - Traffic signal,01 - Functioning,03 - P.D. only,03 - Rear end,0
14-2003,NAVAN RD @ PAGE RD,381660.54173,5032770.16206,-75.51770759090,45.43064062820,2014-02-12,10:45:00 AM,01 - Clear,01 - Daylight,01 - Dry,02 - Stop sign,01 - Functioning,03 - P.D. only,02 - Angle,0
14-2004,VANIER PKWY/CRICHTON ST @ BEECHWOOD AVE/ST. PA,369127.83669,5033487.33772,-75.67776603940,45.43835857160,2014-02-11,11:15:00 PM,01 - Clear,07 - Dark,99 - Other,01 - Traffic signal,00 - Unknown,03 - P.D. only,07 - SMV other,0
14-2005,NAVAHO DR btwn DEERFIELD DR & Continuation of NAVAHO DR,363168.98184,5023949.04093,-75.75505344820,45.35305739350,2014-02-12,11:58:00 AM,01 - Clear,01 - Daylight,01 - Dry,10 - No control,,03 - P.D. only,02 - Angle,0
14-2006,BASELINE RD @ WOODROFFE AVE,362548.72634,5023769.05892,-75.76298995000,45.35148928290,2014-02-12,12:15:00 PM,01 - Clear,01 - Daylight,01 - Dry,01 - Traffic signal,01 - Functioning,02 - Non-fatal injury,03 - Rear end,0
14-2007,RICHMOND RD btwn STINSON AVE & STAFFORD RD,357982.15345,5020997.67019,-75.82156379600,45.32691334960,2014-02-12,1:15:00 PM,01 - Clear,01 - Daylight,01 - Dry,10 - No control,,03 - P.D. only,02 - Angle,0
14-2008,LISGAR ST btwn BANK ST & O'CONNOR ST,367616.56214,5031070.25610,-75.69738940510,45.41674789340,2014-02-12,1:19:00 PM,01 - Clear,01 - Daylight,01 - Dry,10 - No control,,03 - P.D. only,99 - Other,0