Record,Location,X,Y,Longitude,Latitude,Date,Time,Environment,Light,Road_Surface,Traffic_Control,Collision_Location,Collision_Classification,Impact_type,Pedestrian
14-2009,ARLINGTON AVE @ BRONSON AVE,367225.07907,5029866.61553,-75.70254334830,45.40595293030,2014-02-12,1:22:00 PM,01 - Clear,01 - Daylight,01 - Dry,01 - Traffic signal,01 - Functioning,03 - P.D. only,05 - Turning movement,0
14-2010,FLOWER AVE @ WOODROFFE AVE,361811.20617,5026114.58323,-75.77213109510,45.37265448270,2014-02-11,12:30:00 PM,01 - Clear,01 - Daylight,01 - Dry,02 - Stop sign,01 - Functioning,02 - Non-fatal injury,07 - SMV other,1
14-2011,HIGHWAY 417 btwn HWY417 IC117 RAMP61 & HWY417 IC115 RAMP36,372014.68895,5031472.62969,-75.64114555630,45.41995960360,2014-02-12,1:15:00 PM,01 - Clear,01 - Daylight,01 - Dry,10 - No control,,03 - P.D. only,04 - Sideswipe,0
14-2012,FISHER AVE @ MEADOWLANDS DR,366574.59097,5025045.44600,-75.71145563930,45.36263089630,2014-02-12,8:45:00 AM,01 - Clear,01 - Daylight,01 - Dry,01 - Traffic signal,01 - Functioning,03 - P.D. only,03 - Rear end,0
14-2013,CARLINGWOOD SC @ WOODROFFE AVE,361846.65315,5026036.78310,-75.77168756130,45.37195155970,2014-02-12,2:26:00 PM,01 - Clear,01 - Daylight,01 - Dry,01 - Traffic signal,01 - Functioning,03 - P.D. only,03 - Rear end,0
14-2014,MACKENZIE AVE @ RIDEAU ST,367869.22527,5032011.47593,-75.69404094460,45.42519394840,2014-02-12,3:20:00 PM,01 - Clear,01 - Daylight,01 - Dry,01 - Traffic signal,01 - Functioning,03 - P.D. only,04 - Sideswipe,0
14-2015,PRINCESS AVE @ ROCKCLIFFE PKWY,368228.17493,5034331.54207,-75.68915548080,45.44603660020,2014-02-10,3:20:00 PM,01 - Clear,01 - Daylight,01 - Dry,03 - Yield sign,01 - Functioning,02 - Non-fatal injury,03 - Rear end,0
14-2016,BLOHM DR btwn JOHNSTON RD & SAI CRES,374696.66237,5026521.86829,-75.60758150480,45.37515230930,2014-02-12,2:50:00 PM,01 - Clear,01 - Daylight,01 - Dry,10 - No control,,03 - P.D. only,04 - Sideswipe,0
14-2017,ARROWGRASS WAY btwn MONTMERE AVE & LINARIA WALK,386552.18183,5036336.44139,-75.45460909610,45.46217183130,2014-02-12,9:00:00 AM,01 - Clear,01 - Daylight,01 - Dry,10 - No control,,03 - P.D. only,06 - SMV unattended vehicle,0
14-2018,THORNBURY CRES btwn HEMMINGWOOD WAY E & REDDING WAY,362226.01172,5023228.52423,-75.76717097830,45.34665208640,2014-02-11,2:15:00 PM,01 - Clear,01 - Daylight,01 - Dry,10 - No control,,03 - P.D. only,99 - Other,0
14-2019,CEDARVIEW RD @ FALLOWFIELD RD,361295.14113,5015665.38997,-75.77991148300,45.27867445930,2014-02-11,5:00:00 PM,01 - Clear,01 - Daylight,01 - Dry,01 - Traffic signal,01 - Functioning,03 - P.D. only,04 - Sideswipe,0
14-2020,ST. LAURENT BLVD btwn BELFAST RD & INDUSTRIAL AVE,373042.91016,5030144.55360,-75.62819258210,45.40791066300,2014-02-12,9:15:00 AM,01 - Clear,01 - Daylight,01 - Dry,10 - No control,,03 - P.D. only,03 - Rear end,0
14-2021,JOHN SUTHERLAND DR @ RICHMOND RD,358785.14399,5022150.74749,-75.81119515050,45.33722749340,2014-02-12,5:15:00 PM,01 - Clear,01 - Daylight,01 - Dry,01 - Traffic signal,01 - Functioning,03 - P.D. only,02 - Angle,0
14-2022,RIVERSIDE DR btwn HERON RD & RIVERSIDE DR RAMP 34,368184.19643,5027010.70866,-75.69065909530,45.38017012970,2014-02-12,5:20:00 PM,01 - Clear,05 - Dusk,01 - Dry,10 - No control,,03 - P.D. only,03 - Rear end,0
14-2023,AQUAVIEW DR btwn LAVOIE ST & SCHUBERT CIRC,385221.53505,5035823.98096,-75.47170553500,45.45771564750,2014-02-11,12:00:00 AM,01 - Clear,00 - Unknown,01 - Dry,10 - No control,,03 - P.D. only,06 - SMV unattended vehicle,0
14-2024,RIVERSIDE DR @ 175 S OF HUNT CLUB  RD/RUNWAY C,368029.92180,5021766.30000,-75.69329960240,45.33299609830,2014-02-12,5:30:00 PM,01 - Clear,07 - Dark,01 - Dry,01 - Traffic signal,01 - Functioning,03 - P.D. only,05 - Turning movement,0
14-2025,BANK ST @ 80 S OF HUNT CLUB RD/TOWNGATE PLAZA,371689.34487,5024095.23877,-75.64630208290,45.35361187990,2014-02-12,6:18:00 PM,01 - Clear,07 - Dark,01 - Dry,01 - Traffic signal,01 - Functioning,03 - P.D. only,02 - Angle,0
14-2026,STITTSVILLE MAIN ST btwn RAVENSCROFT CRT & HOBIN ST,349649.17072,5014052.48115,-75.92848862490,45.26500033920,2014-02-12,6:25:00 PM,01 - Clear,07 - Dark,01 - Dry,10 - No control,,03 - P.D. only,02 - Angle,0
14-2027,MCCORDICK RD @ ROGER STEVENS DR,364681.64150,4998309.52009,-75.73883605730,45.12222412050,2014-02-12,6:30:00 PM,01 - Clear,07 - Dark,01 - Dry,02 - Stop sign,01 - Functioning,03 - P.D. only,02 - Angle,0
14-2028,FISHER AVE @ DEER PARK RD/DYNES RD,366410.07917,5025454.57953,-75.71350439930,45.36632667570,2014-02-12,8:15:00 AM,01 - Clear,01 - Daylight,01 - Dry,01 - Traffic signal,01 - Functioning,03 - P.D. only,03 - Rear end,0
14-2029,MARCH RD btwn DONALD B. MUNRO DR & TALL FOREST DR,343243.99439,5022730.39443,-76.00943327420,45.34346704890,2014-02-12,6:43:00 PM,01 - Clear,07 - Dark,01 - Dry,10 - No control,,03 - P.D. only,07 - SMV other,0
14-2030,KING EDWARD AVE @ SUSSEX DR,367664.17393,5033500.75340,-75.69647089000,45.43861241420,2014-02-12,7:30:00 AM,01 - Clear,01 - Daylight,01 - Dry,01 - Traffic signal,01 - Functioning,03 - P.D. only,03 - Rear end,0
14-2031,MANOTICK MAIN ST btwn CURRIER ST & EASTMAN AVE,369118.12197,5009560.56263,-75.68099908360,45.22307164030,2014-02-12,4:00:00 PM,01 - Clear,01 - Daylight,01 - Dry,10 - No control,,03 - P.D. only,06 - SMV unattended vehicle,0
14-2033,COVENTRY RD btwn ARCOLA PRIV & LOLA ST,371116.77750,5031594.81175,-75.65260115410,45.42114463480,2014-02-12,7:33:00 PM,01 - Clear,07 - Dark,01 - Dry,10 - No control,,03 - P.D. only,02 - Angle,0
14-2034,MITCH OWENS RD btwn DAWN TARA DR & JOHN QUINN RD,380425.33449,5017601.90087,-75.53581267170,45.29430077800,2014-02-12,8:45:00 PM,01 - Clear,07 - Dark,01 - Dry,10 - No control,,03 - P.D. only,07 - SMV other,0
14-2035,MACLAREN ST @ O'CONNOR ST,367900.18883,5030940.57700,-75.69378245630,45.41555556250,2014-02-12,9:52:00 PM,01 - Clear,07 - Dark,05 - Packed snow,02 - Stop sign,01 - Functioning,03 - P.D. only,03 - Rear end,0
14-2036,MONTREAL RD @ GRANVILLE ST/LAFONTAINE AVE,370829.08307,5033473.64373,-75.65602500560,45.43807676650,2014-02-12,10:56:00 PM,01 - Clear,07 - Dark,01 - Dry,01 - Traffic signal,01 - Functioning,03 - P.D. only,05 - Turning movement,0
14-2037,RIDEAU ST btwn NICHOLAS ST & DALHOUSIE ST,368175.18212,5032208.08160,-75.69010622990,45.42693528480,2014-02-13,6:50:00 AM,01 - Clear,03 - Dawn,01 - Dry,10 - No control,,03 - P.D. only,04 - Sideswipe,0
14-2038,AQUAVIEW DR btwn SERRANO ST & BOIS VERT PL,384516.99051,5035762.78728,-75.48072253810,45.45724581990,2014-02-12,12:00:00 AM,01 - Clear,00 - Unknown,01 - Dry,10 - No control,,03 - P.D. only,06 - SMV unattended vehicle,0
14-2039,ST. JOSEPH BLVD @ DUFORD DR/PLACE D'ORLEANS DR,381997.20943,5037995.00842,-75.51258545580,45.47761238010,2014-02-13,8:04:00 AM,01 - Clear,01 - Daylight,01 - Dry,01 - Traffic signal,01 - Functioning,03 - P.D. only,02 - Angle,0
14-2040,MAIN ST @ TORONTO ST,369514.22817,5029340.80214,-75.67337234990,45.40101394860,2014-02-13,8:05:00 AM,01 - Clear,01 - Daylight,01 - Dry,02 - Stop sign,01 - Functioning,03 - P.D. only,07 - SMV other,0
14-2041,VALIN ST @ JERSEY ST,385546.13917,5037628.28781,-75.46725931780,45.47391160500,2014-02-13,8:16:00 AM,01 - Clear,01 - Daylight,01 - Dry,02 - Stop sign,01 - Functioning,02 - Non-fatal injury,02 - Angle,0
14-2042,GREENBANK RD btwn WEST HUNT CLUB RD & FALLOWFIELD RD,363074.89029,5016751.07392,-75.75710114380,45.28829819780,2014-02-13,8:26:00 AM,01 - Clear,01 - Daylight,01 - Dry,10 - No control,,03 - P.D. only,03 - Rear end,0
14-2043,MACARA CRES btwn MARCONI AVE & END,350110.07191,5024352.76965,-75.92167379800,45.35765563080,2014-02-13,8:34:00 AM,01 - Clear,01 - Daylight,05 - Packed snow,10 - No control,,03 - P.D. only,06 - SMV unattended vehicle,0
14-2044,HUNT CLUB RD @ LORRY GREENBERG DR/SABLE RIDGE,372823.26477,5024807.50480,-75.63173369140,45.35991150510,2014-02-13,8:48:00 AM,01 - Clear,01 - Daylight,01 - Dry,01 - Traffic signal,01 - Functioning,03 - P.D. only,03 - Rear end,0
14-2045,MERIVALE RD/LOTTA AVE @ CLYDE AVE,364521.22437,5024508.47377,-75.73772910060,45.35797723660,2014-02-13,8:00:00 AM,01 - Clear,01 - Daylight,01 - Dry,01 - Traffic signal,01 - Functioning,03 - P.D. only,03 - Rear end,0
14-2046,CONROY RD @ HUNT CLUB RD,373763.74000,5025405.28326,-75.61964722100,45.36519818920,2014-02-13,9:27:00 AM,01 - Clear,01 - Daylight,01 - Dry,01 - Traffic signal,01 - Functioning,02 - Non-fatal injury,03 - Rear end,0
14-2047,TRIM RD btwn PORTOBELLO BLVD & FRENETTE ST,385766.52631,5037983.68514,-75.46438246350,45.47708359750,2014-02-13,9:33:00 AM,01 - Clear,01 - Daylight,01 - Dry,10 - No control,,03 - P.D. only,99 - Other,0
14-2048,ALBION RD btwn BANK ST & DES MESANGES DR,371952.88904,5024114.33352,-75.64293629610,45.35375849910,2014-02-13,9:36:00 AM,01 - Clear,01 - Daylight,01 - Dry,10 - No control,,03 - P.D. only,03 - Rear end,0
14-2049,MOODIE DR @ HWY 417 MOODIE IC134R63,356389.02655,5022479.20924,-75.84173126500,45.34036329660,2014-02-13,9:38:00 AM,01 - Clear,01 - Daylight,01 - Dry,01 - Traffic signal,01 - Functioning,03 - P.D. only,05 - Turning movement,0
14-2050,BRIDLE PATH DR @ CAROUSEL CRES,371901.20923,5023642.50240,-75.64365983360,45.34951806900,2014-02-12,4:00:00 PM,01 - Clear,01 - Daylight,01 - Dry,10 - No control,,03 - P.D. only,02 - Angle,0
14-2051,CARLING AVE @ MERIVALE RD,364893.28200,5027700.54420,-75.73259229330,45.38666715010,2014-02-13,9:15:00 AM,01 - Clear,01 - Daylight,01 - Dry,01 - Traffic signal,01 - Functioning,03 - P.D. only,03 - Rear end,0
14-2052,ALTA VISTA DR @ RIDGEMONT AVE,370519.14490,5026676.36860,-75.66089223350,45.37694671150,2014-02-10,3:15:00 PM,01 - Clear,01 - Daylight,01 - Dry,01 - Traffic signal,01 - Functioning,03 - P.D. only,07 - SMV other,1
14-2053,GLADSTONE AVE @ KENT ST,367743.28240,5030458.62263,-75.69584856620,45.41123322090,2014-02-13,11:45:00 AM,01 - Clear,01 - Daylight,02 - Wet,01 - Traffic signal,01 - Functioning,03 - P.D. only,07 - SMV other,0
14-2054,ARGYLE AVE @ O'CONNOR ST,368184.85784,5030486.27513,-75.69020409160,45.41144217430,2014-02-13,10:50:00 AM,01 - Clear,01 - Daylight,01 - Dry,01 - Traffic signal,01 - Functioning,02 - Non-fatal injury,03 - Rear end,0
14-2055,REGIONAL ROAD 174 btwn HWY417 IC113 RAMP67 & Continuation of REGIONAL,373671.50604,5031998.73696,-75.61990404700,45.42453211580,2014-02-13,12:07:00 PM,01 - Clear,01 - Daylight,01 - Dry,10 - No control,,03 - P.D. only,03 - Rear end,0
14-2056,OXFORD ST btwn PARKDALE AVE & PINEHURST AVE,365065.18865,5029477.24848,-75.73018016410,45.40263878970,2014-02-11,6:30:00 PM,01 - Clear,07 - Dark,03 - Loose snow,10 - No control,,03 - P.D. only,06 - SMV unattended vehicle,0
14-2057,MARCH RD @ SOLANDT RD,350490.00510,5022711.14149,-75.91697636040,45.34285926720,2014-02-11,4:20:00 PM,01 - Clear,01 - Daylight,01 - Dry,01 - Traffic signal,01 - Functioning,03 - P.D. only,03 - Rear end,0
14-2058,WOODROFFE AVE btwn TURN LANE & KNOXDALE RD,363414.62019,5021838.40081,-75.75216879550,45.33404554500,2014-02-13,11:30:00 AM,01 - Clear,01 - Daylight,01 - Dry,10 - No control,,03 - P.D. only,03 - Rear end,0
14-2059,INDUSTRIAL AVE @ RIVERSIDE DR,370686.14040,5030595.39700,-75.65823687870,45.41219299500,2014-02-13,10:15:00 AM,01 - Clear,01 - Daylight,01 - Dry,01 - Traffic signal,01 - Functioning,03 - P.D. only,03 - Rear end,0
14-2060,HILLSIDE DR @ MONTREAL RD,371706.18593,5033895.53007,-75.64475789210,45.44178931930,2014-02-13,1:00:00 PM,01 - Clear,01 - Daylight,01 - Dry,02 - Stop sign,01 - Functioning,03 - P.D. only,02 - Angle,0
14-2061,RIDEAU ST btwn WELLINGTON ST & MACKENZIE AVE,367828.04634,5031982.59402,-75.69457081270,45.42493779040,2014-02-12,8:30:00 AM,01 - Clear,01 - Daylight,01 - Dry,10 - No control,,03 - P.D. only,99 - Other,0
14-2062,ELGIN ST NB @ WELLINGTON ST/RIDEAU ST,367802.59987,5031964.01593,-75.69489833370,45.42477292330,2014-02-13,1:05:00 PM,01 - Clear,01 - Daylight,01 - Dry,01 - Traffic signal,01 - Functioning,03 - P.D. only,02 - Angle,0
14-2063,BRONSON AVE @ SOMERSET ST,366967.22217,5030477.52007,-75.70576001660,45.41147262400,2014-02-13,2:00:00 PM,01 - Clear,01 - Daylight,01 - Dry,01 - Traffic signal,01 - Functioning,03 - P.D. only,04 - Sideswipe,0
14-2064,ALBION RD btwn BRAMPTON RD & D'AOUST AVE,372182.87841,5023557.41029,-75.64007719460,45.34872543370,2014-02-13,2:25:00 PM,01 - Clear,01 - Daylight,01 - Dry,10 - No control,,03 - P.D. only,04 - Sideswipe,0
14-2065,BASELINE RD btwn CONSTELLATION CRES & WOODROFFE AVE,362283.68598,5023603.69605,-75.76639143370,45.35002313490,2014-02-13,4:20:00 PM,01 - Clear,01 - Daylight,01 - Dry,10 - No control,,03 - P.D. only,03 - Rear end,0
14-2066,HAZELDEAN RD @ TERRY FOX DR,352209.98067,5017241.50313,-75.89555347680,45.29352811700,2014-01-27,6:30:00 AM,03 - Snow,07 - Dark,03 - Loose snow,01 - Traffic signal,01 - Functioning,03 - P.D. only,07 - SMV other,0
14-2067,CARLING AVE WB btwn SHERBOURNE RD & BROADVIEW AVE,363029.38992,5026542.51950,-75.75652924510,45.37640483540,2014-02-13,4:30:00 PM,01 - Clear,01 - Daylight,01 - Dry,10 - No control,,03 - P.D. only,04 - Sideswipe,0
14-2068,COVENTRY RD @ VANIER PKWY,370676.85883,5031611.70300,-75.65821958460,45.42133817780,2014-02-12,8:00:00 AM,01 - Clear,01 - Daylight,01 - Dry,01 - Traffic signal,01 - Functioning,03 - P.D. only,04 - Sideswipe,0
14-2069,BRONSON AVE/BRONSON/HERON RAMP 35 @ HERON RD,368640.45074,5026697.65474,-75.68487433610,45.37731193200,2014-02-13,6:01:00 PM,01 - Clear,07 - Dark,01 - Dry,01 - Traffic signal,01 - Functioning,03 - P.D. only,03 - Rear end,0
14-2070,NORTON AVE btwn CARLING AVE & SACKVILLE ST,360680.82459,5024896.09256,-75.78669949410,45.36178162070,2014-02-13,7:00:00 PM,01 - Clear,07 - Dark,01 - Dry,10 - No control,,03 - P.D. only,06 - SMV unattended vehicle,0
14-2071,ALBERT ST @ PRESTON ST,366161.31224,5030465.37567,-75.71605674920,45.41143447880,2014-02-13,9:06:00 PM,01 - Clear,07 - Dark,01 - Dry,01 - Traffic signal,01 - Functioning,03 - P.D. only,02 - Angle,0
14-2072,DALHOUSIE ST @ RIDEAU ST,368206.23517,5032225.68547,-75.68970716500,45.42709086420,2014-02-13,9:30:00 PM,01 - Clear,07 - Dark,01 - Dry,01 - Traffic signal,01 - Functioning,03 - P.D. only,03 - Rear end,0
14-2073,MACKENZIE AVE @ MURRAY ST,367638.28130,5032385.48203,-75.69694415860,45.42857991490,2014-02-13,9:55:00 PM,01 - Clear,07 - Dark,01 - Dry,01 - Traffic signal,01 - Functioning,03 - P.D. only,02 - Angle,0
14-2074,MARCH RD btwn HALTON TERR/MAXWELL BRIDGE RD & KLONDIKE RD,349004.14515,5024344.69199,-75.93578959010,45.35765354410,2014-02-13,10:55:00 PM,01 - Clear,07 - Dark,01 - Dry,10 - No control,,03 - P.D. only,07 - SMV other,0
14-2075,CYCLONE TAYLOR BLVD btwn FRANK FINNIGAN WAY & PALLADIUM DR,350025.77057,5017816.47236,-75.92334685220,45.29884583750,2014-02-13,11:15:00 PM,01 - Clear,07 - Dark,01 - Dry,09 - Traffic controller,01 - Functioning,02 - Non-fatal injury,07 - SMV other,1
14-2076,PRINCE OF WALES DR btwn WINDING WAY & MERIVALE RD,367450.72524,5017563.48215,-75.70121985070,45.29523171270,2014-02-14,4:43:00 AM,03 - Snow,07 - Dark,05 - Packed snow,10 - No control,,03 - P.D. only,01 - Approaching,0
14-2077,KELLY FARM DR btwn SHEPODY CIRC & FINDLAY CREEK DR,375206.15424,5020108.51440,-75.60199019340,45.31739670030,2014-02-14,4:30:00 AM,03 - Snow,07 - Dark,03 - Loose snow,10 - No control,,03 - P.D. only,06 - SMV unattended vehicle,0
14-2078,MITCH OWENS RD btwn TURN LANE & SALE BARN RD,378701.59178,5016548.67746,-75.55794345710,45.28500774970,2014-02-14,5:11:00 AM,03 - Snow,07 - Dark,03 - Loose snow,10 - No control,,03 - P.D. only,07 - SMV other,0
14-2079,FALLOWFIELD RD btwn EAGLESON RD & RICHMOND RD,357104.60833,5013191.19432,-75.83358091920,45.25673542190,2014-02-14,5:56:00 AM,03 - Snow,07 - Dark,03 - Loose snow,10 - No control,,03 - P.D. only,07 - SMV other,0
14-2080,DUNROBIN RD btwn KINBURN SIDE RD & VANCES SIDE RD,339037.61499,5034820.61340,-76.06226814230,45.45247679590,2014-02-14,6:33:00 AM,03 - Snow,07 - Dark,03 - Loose snow,10 - No control,,03 - P.D. only,07 - SMV other,0
14-2081,PRINCE OF WALES DR btwn DANBURY WAY & STRATTON DR,366703.07118,5000915.06557,-75.71282128090,45.14549511650,2014-02-14,7:15:00 AM,03 - Snow,01 - Daylight,03 - Loose snow,10 - No control,,03 - P.D. only,07 - SMV other,0
14-2082,MER BLEUE RD @ SAPHIR AVE,384025.28137,5032308.29936,-75.48756474060,45.42622130530,2014-02-14,7:28:00 AM,02 - Rain,01 - Daylight,03 - Loose snow,02 - Stop sign,00 - Unknown,03 - P.D. only,01 - Approaching,0
14-2083,RICHMOND RD @ WOODROFFE AVE,361584.21247,5026655.47107,-75.77496672530,45.37753977430,2014-02-14,7:38:00 AM,03 - Snow,01 - Daylight,03 - Loose snow,01 - Traffic signal,01 - Functioning,03 - P.D. only,02 - Angle,0
14-2084,HAWTHORNE AVE @ MAIN ST,368969.18869,5030632.31371,-75.68016560520,45.41268470100,2014-02-14,7:56:00 AM,03 - Snow,01 - Daylight,03 - Loose snow,01 - Traffic signal,01 - Functioning,03 - P.D. only,03 - Rear end,0
14-2085,RUSSELL RD S @ ST. LAURENT BLVD,373568.74746,5029260.97610,-75.62159899040,45.39990918270,2014-02-14,8:01:00 AM,03 - Snow,01 - Daylight,06 - Ice,01 - Traffic signal,01 - Functioning,03 - P.D. only,03 - Rear end,0
14-2086,WALKLEY RD btwn AUDREY AVE & TAWNEY RD,374092.67079,5028160.37621,-75.61506216530,45.38995484780,2014-02-14,8:04:00 AM,03 - Snow,01 - Daylight,03 - Loose snow,10 - No control,,03 - P.D. only,02 - Angle,0
14-2087,ALBERT ST @ BOOTH ST,366429.20017,5030627.83403,-75.71261426240,45.41287269380,2014-02-14,7:30:00 AM,03 - Snow,01 - Daylight,03 - Loose snow,01 - Traffic signal,01 - Functioning,03 - P.D. only,02 - Angle,0
14-2088,HUNT CLUB RD @ RIVERSIDE DR,368036.70300,5021946.25896,-75.69319010200,45.33461472310,2014-02-14,6:50:00 AM,03 - Snow,03 - Dawn,03 - Loose snow,01 - Traffic signal,01 - Functioning,03 - P.D. only,03 - Rear end,0
14-2089,COVENTRY RD @ VANIER PKWY,370676.48135,5031611.09503,-75.65822448780,45.42133274280,2014-02-14,8:12:00 AM,03 - Snow,01 - Daylight,03 - Loose snow,01 - Traffic signal,01 - Functioning,03 - P.D. only,04 - Sideswipe,0
14-2090,DONALD ST @ VANIER PKWY,370315.10048,5032270.58110,-75.66275403470,45.42730046590,2014-02-14,8:13:00 AM,03 - Snow,01 - Daylight,03 - Loose snow,01 - Traffic signal,01 - Functioning,03 - P.D. only,02 - Angle,0
14-2091,CARLING AVE @ PRESTON ST,366830.21697,5028935.80689,-75.70770415100,45.39761287100,2014-02-14,8:00:00 AM,03 - Snow,01 - Daylight,03 - Loose snow,01 - Traffic signal,01 - Functioning,03 - P.D. only,03 - Rear end,0
14-2092,ELGIN ST @ QUEEN ST,367804.70250,5031780.33846,-75.69489496050,45.42312006610,2014-02-14,8:42:00 AM,03 - Snow,01 - Daylight,03 - Loose snow,01 - Traffic signal,01 - Functioning,02 - Non-fatal injury,07 - SMV other,1
14-2093,TERRY FOX DR btwn HUNTSVILLE DR & RICHARDSON SIDE RD,348666.46500,5019616.80900,-75.94051854940,45.31513201390,2014-02-14,9:08:00 AM,03 - Snow,01 - Daylight,03 - Loose snow,10 - No control,,02 - Non-fatal injury,01 - Approaching,0
14-2094,REGIONAL ROAD 174 btwn OR174 IC112 RAMP51 & OR174 IC112 RAMP15,374867.83930,5032872.18639,-75.60449392280,45.43227212220,2014-02-14,9:02:00 AM,03 - Snow,01 - Daylight,03 - Loose snow,10 - No control,,03 - P.D. only,07 - SMV other,0
14-2095,ELEANOR DR btwn TRILLIUM AVE & GREENCREST PL,365063.36700,5025151.81395,-75.73073146950,45.36371952180,2014-02-14,9:02:00 AM,03 - Snow,01 - Daylight,03 - Loose snow,10 - No control,,03 - P.D. only,06 - SMV unattended vehicle,0
14-2096,LEES AVE / GRAHAM AVE @ MAIN ST,369002.21377,5030560.31681,-75.67975309340,45.41203386900,2014-02-14,9:05:00 AM,03 - Snow,01 - Daylight,05 - Packed snow,01 - Traffic signal,01 - Functioning,03 - P.D. only,03 - Rear end,0
14-2097,TRAIL SIDE CIRC @ VALIN ST,386985.22295,5037679.95834,-75.44884792680,45.47420860230,2014-02-14,9:10:00 AM,03 - Snow,01 - Daylight,06 - Ice,02 - Stop sign,01 - Functioning,03 - P.D. only,01 - Approaching,0
14-2098,MOODIE DR btwn WEST HUNT CLUB RD & ALTI PL,358723.77493,5016484.21644,-75.81259478340,45.28624429160,2014-02-14,9:12:00 AM,03 - Snow,01 - Daylight,03 - Loose snow,10 - No control,,03 - P.D. only,07 - SMV other,0
14-2099,GREENBANK RD btwn WEST HUNT CLUB RD & FALLOWFIELD RD,362259.20153,5018640.42541,-75.76727991110,45.30536578000,2014-02-14,9:14:00 AM,03 - Snow,01 - Daylight,03 - Loose snow,10 - No control,,03 - P.D. only,01 - Approaching,0
14-2100,CHAPEL ST @ LAURIER AVE,369117.28740,5032265.53267,-75.67806046910,45.42736621270,2014-02-14,9:17:00 AM,03 - Snow,01 - Daylight,03 - Loose snow,01 - Traffic signal,01 - Functioning,03 - P.D. only,02 - Angle,0
14-2101,WOODROFFE AVE @ ALGONQUIN COLLEGE/TRANSITWAY S,362821.36177,5023271.40632,-75.75956915680,45.34698894030,2014-02-14,9:17:00 AM,03 - Snow,01 - Daylight,03 - Loose snow,01 - Traffic signal,01 - Functioning,03 - P.D. only,04 - Sideswipe,0
14-2102,GLADSTONE AVE btwn BAY ST & LYON ST N,367522.29643,5030323.24905,-75.69868878830,45.41003501210,2014-02-14,9:25:00 AM,01 - Clear,01 - Daylight,03 - Loose snow,10 - No control,,03 - P.D. only,06 - SMV unattended vehicle,0
14-2103,O'CONNOR ST @ SLATER ST,367580.21187,5031449.81574,-75.69780544760,45.42016631190,2014-02-14,8:50:00 AM,03 - Snow,01 - Daylight,05 - Packed snow,01 - Traffic signal,01 - Functioning,03 - P.D. only,03 - Rear end,0
14-2104,CAMEO DR @ MAITLAND AVE,364153.15157,5025147.36216,-75.74234997510,45.36375712510,2014-02-14,9:42:00 AM,03 - Snow,01 - Daylight,03 - Loose snow,02 - Stop sign,00 - Unknown,03 - P.D. only,07 - SMV other,0
14-2105,BRIDGE ST btwn KITOMAN CRES & RIVER RD,369427.05945,5010729.62070,-75.67691379520,45.23356247330,2014-02-14,9:43:00 AM,03 - Snow,01 - Daylight,03 - Loose snow,10 - No control,,03 - P.D. only,03 - Rear end,0
14-2106,BLACKBURN BYPASS @ INNES RD W,377185.65972,5032175.92697,-75.57497704710,45.42577154760,2014-02-14,9:50:00 AM,03 - Snow,01 - Daylight,03 - Loose snow,01 - Traffic signal,01 - Functioning,03 - P.D. only,03 - Rear end,0
14-2107,PRINCE OF WALES DR btwn WELLSMERE CRT & TURN LANE,367404.39551,5022236.71935,-75.70121990480,45.33728493180,2014-02-14,9:53:00 AM,05 - Drifting Snow,01 - Daylight,03 - Loose snow,10 - No control,,03 - P.D. only,03 - Rear end,0
14-2108,COLONNADE RD    N btwn COLONNADE RD & CORINTH PRIV,366278.32322,5023058.86187,-75.71548412420,45.34478201260,2014-02-14,9:55:00 AM,03 - Snow,01 - Daylight,03 - Loose snow,10 - No control,,03 - P.D. only,01 - Approaching,0
14-2109,MARCH RD @ MORGAN'S GRANT WAY/SHIRLEY'S BROOK,349661.10167,5023618.24471,-75.92747070110,45.35107508750,2014-02-14,8:30:00 AM,03 - Snow,01 - Daylight,04 - Slush,01 - Traffic signal,01 - Functioning,03 - P.D. only,05 - Turning movement,0
14-2110,CARP RD btwn BAIRD SIDE RD & THOMAS A. DOLAN PKWY,336358.14393,5026002.21303,-76.09708923690,45.37325188600,2014-02-14,10:11:00 AM,03 - Snow,01 - Daylight,05 - Packed snow,10 - No control,,03 - P.D. only,01 - Approaching,0
14-2111,CARLING AVE @ MERIVALE RD,364895.21077,5027700.79769,-75.73256763340,45.38666926560,2014-02-14,10:23:00 AM,01 - Clear,01 - Daylight,03 - Loose snow,01 - Traffic signal,01 - Functioning,03 - P.D. only,05 - Turning movement,0
14-2112,BANKFIELD RD btwn KILREEN LANE & PRINCE OF WALES DR,366249.39839,5008904.66397,-75.71760570140,45.21742593530,2014-02-14,7:00:00 AM,03 - Snow,03 - Dawn,03 - Loose snow,10 - No control,,03 - P.D. only,01 - Approaching,0
14-2113,HUNT CLUB RD btwn BILLY BISHOP PRIV & HUNT CLUB PL,369588.62567,5022793.22500,-75.67328093640,45.34209393910,2014-02-14,10:00:00 AM,03 - Snow,01 - Daylight,05 - Packed snow,10 - No control,,03 - P.D. only,04 - Sideswipe,0
14-2114,CYRVILLE RD btwn STAR TOP RD & MEADOWBROOK RD,374235.74005,5031336.49136,-75.61278800920,45.41851779540,2014-02-14,10:29:00 AM,03 - Snow,01 - Daylight,03 - Loose snow,10 - No control,,03 - P.D. only,99 - Other,0