Record,Location,X,Y,Longitude,Latitude,Date,Time,Environment,Light,Road_Surface,Traffic_Control,Collision_Location,Collision_Classification,Impact_type,Pedestrian
14-2220,EAGLESON RD/MCCORDICK RD @ BROPHY DR,359087.42804,5004726.05172,-75.80924232650,45.18041397140,2014-02-16,10:18:00 AM,01 - Clear,01 - Daylight,05 - Packed snow,02 - Stop sign,01 - Functioning,02 - Non-fatal injury,07 - SMV other,0
14-2221,CARLING AVE @ HWY 417 CARLING IC124R67,364332.25416,5027523.98456,-75.73977743060,45.38512640700,2014-02-16,10:36:00 AM,01 - Clear,01 - Daylight,01 - Dry,03 - Yield sign,01 - Functioning,03 - P.D. only,03 - Rear end,0
14-2222,BRITTANY DR btwn QUARRY RD & KRISTIN WAY,371845.50413,5034153.65711,-75.64294206100,45.44409847420,2014-02-16,9:00:00 AM,01 - Clear,01 - Daylight,01 - Dry,10 - No control,,03 - P.D. only,06 - SMV unattended vehicle,0
14-2223,SHEA RD btwn ABBOTT ST E & FERNBANK RD,351474.19630,5013779.66577,-75.90525925630,45.26242672270,2014-02-16,11:52:00 AM,01 - Clear,01 - Daylight,01 - Dry,10 - No control,,03 - P.D. only,02 - Angle,0
14-2224,NEW ORCHARD AVE @ RICHMOND RD,361292.66346,5026220.78863,-75.77873871440,45.37365210500,2014-02-16,12:00:00 PM,01 - Clear,01 - Daylight,01 - Dry,01 - Traffic signal,01 - Functioning,03 - P.D. only,03 - Rear end,0
14-2225,BYRON AVE btwn HIGHLAND AVE & BRIERWOOD AVE,362798.65345,5027917.98055,-75.75931343340,45.38880018990,2014-02-16,12:00:00 AM,01 - Clear,00 - Unknown,01 - Dry,10 - No control,,03 - P.D. only,06 - SMV unattended vehicle,0
14-2226,WALKLEY RD @ DON REID DR/RYDER ST,372603.14870,5027282.64827,-75.63420324230,45.38220320450,2014-02-16,1:00:00 PM,01 - Clear,01 - Daylight,01 - Dry,01 - Traffic signal,01 - Functioning,02 - Non-fatal injury,02 - Angle,0
14-2227,HODGSON CRT btwn LONGBOAT CRT & END,350464.07258,5019952.00910,-75.91756177900,45.31803362730,2014-02-16,12:00:00 PM,01 - Clear,01 - Daylight,01 - Dry,10 - No control,,03 - P.D. only,06 - SMV unattended vehicle,0
14-2228,CAMPEAU DR @ TERRY FOX DR,350455.12677,5019009.50733,-75.91776272700,45.30955332890,2014-02-16,2:04:00 PM,01 - Clear,01 - Daylight,01 - Dry,01 - Traffic signal,01 - Functioning,03 - P.D. only,02 - Angle,0
14-2229,CHAPEL ST btwn DALY AVE & STEWART ST,368975.32203,5032499.23419,-75.67984406790,45.42948201120,2014-02-16,2:44:00 PM,01 - Clear,01 - Daylight,03 - Loose snow,10 - No control,,03 - P.D. only,06 - SMV unattended vehicle,0
14-2230,HAWTHORNE RD/RUSSELL RD @ WALKLEY RD,374674.52103,5028499.92261,-75.60758416740,45.39295211170,2014-02-16,3:50:00 PM,01 - Clear,01 - Daylight,01 - Dry,01 - Traffic signal,01 - Functioning,03 - P.D. only,03 - Rear end,0
14-2231,AMIENS ST btwn PRESTWICK DR & TAMMY ST,383182.45340,5037497.53045,-75.49750691970,45.47300447780,2014-02-16,4:02:00 PM,01 - Clear,01 - Daylight,01 - Dry,10 - No control,,03 - P.D. only,06 - SMV unattended vehicle,0
14-2232,PRESTONE DR @ ST. JOSEPH BLVD,382325.27047,5038275.48063,-75.50834565330,45.48009947420,2014-02-16,4:21:00 PM,01 - Clear,01 - Daylight,01 - Dry,01 - Traffic signal,01 - Functioning,03 - P.D. only,02 - Angle,0
14-2233,INNES RD btwn 260 E OF BELCOURT BLVD/WALMART SC & JEANNE D'ARC BLVD/ME,382569.03322,5035531.53474,-75.50566226040,45.45538473100,2014-02-16,5:01:00 PM,01 - Clear,01 - Daylight,01 - Dry,10 - No control,,02 - Non-fatal injury,03 - Rear end,0
14-2234,WELLINGTON ST btwn LYON ST N & KENT ST,366971.53930,5031450.21619,-75.70558215320,45.42022427010,2014-02-15,8:00:00 PM,01 - Clear,07 - Dark,01 - Dry,10 - No control,,03 - P.D. only,04 - Sideswipe,0
14-2235,NICHOLAS ST NB btwn HWY417 IC118 RAMP52 & WALLER ST/TRANSITWAY,368534.99220,5031680.04292,-75.68557687890,45.42215148690,2014-02-16,7:01:00 PM,01 - Clear,07 - Dark,01 - Dry,10 - No control,,02 - Non-fatal injury,03 - Rear end,0
14-2236,BYRON AVE @ TWEEDSMUIR AVE,363592.69010,5028304.29901,-75.74912782910,45.39221001400,2014-02-16,8:58:00 PM,01 - Clear,07 - Dark,05 - Packed snow,02 - Stop sign,01 - Functioning,02 - Non-fatal injury,02 - Angle,0
14-2237,CARP RD btwn MARCH RD & JOHN CAVANAUGH DR,343076.01647,5020723.34855,-76.01173191250,45.32541609490,2014-02-16,10:19:00 PM,01 - Clear,07 - Dark,01 - Dry,10 - No control,,03 - P.D. only,01 - Approaching,0
14-2238,REGIONAL RD 174 @ TRIM RD,384354.22297,5039988.44497,-75.48211907630,45.49528282990,2014-02-17,12:53:00 AM,01 - Clear,07 - Dark,01 - Dry,01 - Traffic signal,01 - Functioning,01 - Fatal injury,07 - SMV other,0
14-2239,RUSSELL AVE @ TEMPLETON ST,369360.78524,5031686.53479,-75.67502491320,45.42213417660,2014-02-17,2:51:00 AM,01 - Clear,07 - Dark,01 - Dry,02 - Stop sign,01 - Functioning,02 - Non-fatal injury,02 - Angle,0
14-2240,REGIONAL RD 174 @ TRIM RD,384352.84798,5039989.92728,-75.48213642610,45.49529632290,2014-02-17,8:40:00 AM,01 - Clear,01 - Daylight,02 - Wet,01 - Traffic signal,01 - Functioning,03 - P.D. only,99 - Other,0
14-2241,LOUISA ST @ PRESTON ST,366522.22537,5029636.66557,-75.71154996120,45.40394623290,2014-02-17,9:14:00 AM,01 - Clear,01 - Daylight,01 - Dry,02 - Stop sign,00 - Unknown,03 - P.D. only,05 - Turning movement,0
14-2242,BURLINGTON CRES btwn HUNTERSFIELD DR & HUNTERSFIELD DR,373362.72226,5025195.34250,-75.62479491730,45.36334856580,2014-02-17,12:00:00 AM,01 - Clear,00 - Unknown,05 - Packed snow,10 - No control,,03 - P.D. only,06 - SMV unattended vehicle,0
14-2243,THIRD AVE btwn CHRYSLER ST & PERCY ST,367867.62496,5029273.93237,-75.69441168030,45.40056254780,2014-02-17,11:42:00 AM,01 - Clear,01 - Daylight,01 - Dry,10 - No control,,03 - P.D. only,06 - SMV unattended vehicle,0
14-2244,ST. JOSEPH BLVD @ JEANNE D'ARC BLVD,379862.16430,5036472.52877,-75.54012305710,45.46414709090,2014-02-17,12:15:00 PM,01 - Clear,01 - Daylight,01 - Dry,11 - Roundabout,01 - Functioning,03 - P.D. only,04 - Sideswipe,0
14-2245,CHRYSLER ST btwn FIRST AVE & SECOND AVE,367651.58202,5029305.85585,-75.69716694390,45.40086921490,2014-02-14,12:00:00 AM,01 - Clear,00 - Unknown,05 - Packed snow,10 - No control,,03 - P.D. only,06 - SMV unattended vehicle,0
14-2246,FRANK ST btwn ELGIN ST & CARTIER ST,368485.35879,5030965.57456,-75.68630338960,45.41572746830,2014-02-15,4:30:00 PM,01 - Clear,01 - Daylight,05 - Packed snow,10 - No control,,03 - P.D. only,06 - SMV unattended vehicle,0
14-2247,INNES RD btwn HWY417 IC112 RAMP65 & HWY417 IC112 RAMP56,374418.16122,5030826.16548,-75.61052950830,45.41390802000,2014-02-17,1:39:00 PM,01 - Clear,01 - Daylight,01 - Dry,10 - No control,,03 - P.D. only,04 - Sideswipe,0
14-2248,CAMERON ST btwn THIRD ST & REGIONAL ROAD 174,389846.08166,5042647.89605,-75.41140301410,45.51856167240,2014-02-17,2:30:00 PM,01 - Clear,01 - Daylight,01 - Dry,10 - No control,,03 - P.D. only,04 - Sideswipe,0
14-2249,SOMERSET ST    W btwn MACDONALD ST & DRIVEWAY (THE),368558.65458,5031451.54035,-75.68530411660,45.42009334550,2014-02-17,12:00:00 AM,01 - Clear,00 - Unknown,01 - Dry,10 - No control,,03 - P.D. only,06 - SMV unattended vehicle,0
14-2250,REGIONAL ROAD 174 btwn OR174 IC101 RAMP63 & OR174 IC101 RAMP45,382689.28105,5038858.20641,-75.50359774260,45.48530180180,2014-02-17,3:46:00 PM,01 - Clear,01 - Daylight,01 - Dry,10 - No control,,03 - P.D. only,03 - Rear end,0
14-2251,RENAUD RD @ RENAUD RD S,379959.41513,5031597.21251,-75.53962418460,45.42027214880,2014-02-17,4:11:00 PM,01 - Clear,01 - Daylight,01 - Dry,10 - No control,,03 - P.D. only,03 - Rear end,0
14-2252,CARLING AVE @ CROYDON AVE,360658.61916,5025042.47057,-75.78696637140,45.36310049300,2014-02-17,4:32:00 PM,01 - Clear,01 - Daylight,01 - Dry,01 - Traffic signal,01 - Functioning,03 - P.D. only,02 - Angle,0
14-2253,DWYER HILL RD @ ROGER STEVENS DR,354336.54200,4989351.01831,-75.87121021000,45.04241125390,2014-02-17,4:33:00 PM,01 - Clear,01 - Daylight,01 - Dry,02 - Stop sign,01 - Functioning,03 - P.D. only,02 - Angle,0
14-2254,OR174 IC101 RAMP63 @ REGIONAL RD 174 EB,382611.55593,5038812.70878,-75.50459910460,45.48490112380,2014-02-17,3:45:00 PM,01 - Clear,01 - Daylight,01 - Dry,10 - No control,,03 - P.D. only,03 - Rear end,0
14-2255,EAGLESON RD btwn HAZELDEAN RD & 146 N OF ABBEYHILL DR/HAZELDEAN MALL S,353747.53850,5018238.71090,-75.87585332380,45.30239579180,2014-02-17,4:46:00 PM,01 - Clear,01 - Daylight,01 - Dry,10 - No control,,03 - P.D. only,07 - SMV other,0
14-2256,CEDARVIEW RD @ WEST HUNT CLUB RD,359718.17043,5019555.74513,-75.79957922990,45.31380515460,2014-02-17,5:00:00 PM,01 - Clear,01 - Daylight,06 - Ice,01 - Traffic signal,01 - Functioning,03 - P.D. only,03 - Rear end,0
14-2257,QUEEN ST btwn BAY ST & LYON ST N,366914.20440,5031219.68024,-75.70634376090,45.41815506950,2014-02-17,6:25:00 PM,01 - Clear,07 - Dark,02 - Wet,10 - No control,,03 - P.D. only,06 - SMV unattended vehicle,0
14-2258,LEITRIM RD btwn FARMERS WAY & FOUBERT CRT,381852.90694,5025821.16232,-75.51633505120,45.36809747140,2014-02-17,6:57:00 PM,01 - Clear,07 - Dark,01 - Dry,10 - No control,,03 - P.D. only,07 - SMV other,0
14-2259,BLAIS RD btwn BANK ST & HAWTHORNE RD,376441.36914,5019891.73499,-75.58626873590,45.31532126120,2014-02-17,7:15:00 PM,03 - Snow,07 - Dark,03 - Loose snow,10 - No control,,03 - P.D. only,07 - SMV other,0
14-2260,HAWTHORNE RD/RUSSELL RD @ WALKLEY RD,374674.21545,5028499.95738,-75.60758806380,45.39295245530,2014-02-17,7:29:00 PM,01 - Clear,07 - Dark,01 - Dry,01 - Traffic signal,01 - Functioning,02 - Non-fatal injury,05 - Turning movement,0
14-2261,LAURIER AVE   W btwn BAY ST & LYON ST N,367051.15105,5031008.07075,-75.70462084520,45.41623890100,2014-02-17,7:00:00 PM,01 - Clear,07 - Dark,01 - Dry,10 - No control,,03 - P.D. only,06 - SMV unattended vehicle,0
14-2262,CRAIG HENRY DR @ KNOXDALE RD,363116.21397,5021653.59477,-75.75599744470,45.33240753480,2014-02-17,8:20:00 PM,01 - Clear,07 - Dark,01 - Dry,01 - Traffic signal,01 - Functioning,03 - P.D. only,03 - Rear end,0
14-2263,DUMAURIER AVE @ PINECREST RD,360323.10080,5023833.56303,-75.79138471390,45.35224943310,2014-02-17,11:58:00 PM,03 - Snow,07 - Dark,03 - Loose snow,01 - Traffic signal,01 - Functioning,03 - P.D. only,99 - Other,0
14-2264,FALLOWFIELD RD @ WOODROFFE AVE,365085.65697,5017902.93651,-75.73132979670,45.29849300110,2014-02-18,6:21:00 AM,03 - Snow,03 - Dawn,03 - Loose snow,01 - Traffic signal,01 - Functioning,03 - P.D. only,02 - Angle,0
14-2265,HAWTHORNE RD @ HUNT CLUB RD,375507.15748,5026404.87043,-75.59725139390,45.37401830310,2014-02-18,6:33:00 AM,03 - Snow,03 - Dawn,03 - Loose snow,01 - Traffic signal,01 - Functioning,03 - P.D. only,03 - Rear end,0
14-2266,COLONY HEIGHTS RD @ BANKFIELD RD,368240.61019,5010048.16800,-75.69210969380,45.22753867750,2014-02-18,6:51:00 AM,03 - Snow,03 - Dawn,03 - Loose snow,02 - Stop sign,00 - Unknown,03 - P.D. only,01 - Approaching,0
14-2267,HUNTLEY RD @ PERTH ST,356891.89936,5006390.41063,-75.83700265300,45.19555595360,2014-02-18,7:01:00 AM,03 - Snow,03 - Dawn,03 - Loose snow,01 - Traffic signal,01 - Functioning,03 - P.D. only,02 - Angle,0
14-2268,RASTILA CRES/WINGALE PRIV @ TAPIOLA CRES E,372198.78179,5025301.03485,-75.63963653640,45.36441242270,2014-02-18,7:07:00 AM,03 - Snow,03 - Dawn,03 - Loose snow,03 - Yield sign,01 - Functioning,03 - P.D. only,02 - Angle,0
14-2269,MARCH RD btwn BEARHILL RD & ROB LYTLE'S LANE,338273.07061,5018083.14730,-76.07317724810,45.30190377870,2014-02-18,7:21:00 AM,03 - Snow,01 - Daylight,03 - Loose snow,10 - No control,,03 - P.D. only,07 - SMV other,0
14-2270,GREENBANK RD @ STRANDHERD DR,363934.19087,5014784.67069,-75.74638184620,45.27053271870,2014-02-18,7:29:00 AM,03 - Snow,01 - Daylight,03 - Loose snow,01 - Traffic signal,01 - Functioning,03 - P.D. only,05 - Turning movement,0
14-2271,FALLOWFIELD RD @ TRANSITWAY/VIARAIL,364468.16648,5017549.57783,-75.73924490560,45.29536620670,2014-02-18,7:35:00 AM,03 - Snow,01 - Daylight,03 - Loose snow,01 - Traffic signal,01 - Functioning,03 - P.D. only,03 - Rear end,0
14-2272,DAVID DR @ ROWLEY AVE,364243.06427,5023570.61987,-75.74139193030,45.34956218150,2014-02-18,7:50:00 AM,03 - Snow,01 - Daylight,05 - Packed snow,02 - Stop sign,01 - Functioning,03 - P.D. only,02 - Angle,0
14-2273,DAVIDSON RD @ HAWTHORNE RD,376281.33190,5024510.46397,-75.58764248580,45.35689482800,2014-02-18,7:52:00 AM,03 - Snow,01 - Daylight,03 - Loose snow,02 - Stop sign,01 - Functioning,02 - Non-fatal injury,03 - Rear end,0
14-2274,WEST HUNT CLUB RD EB btwn 545 E OF ROYDON PL/SUNDERLAND ST & ANTARES D,366766.32109,5022514.99301,-75.70932557200,45.33984543440,2014-02-18,7:55:00 AM,03 - Snow,01 - Daylight,03 - Loose snow,10 - No control,,03 - P.D. only,99 - Other,0
14-2275,BEAVERBROOK RD @ LEACOCK DR W/VARLEY DR E,351440.75648,5020990.22964,-75.90500721100,45.32731157080,2014-02-18,8:05:00 AM,03 - Snow,01 - Daylight,05 - Packed snow,02 - Stop sign,01 - Functioning,02 - Non-fatal injury,07 - SMV other,1
14-2276,CARP RD btwn KITTIWAKE DR & HAZELDEAN RD,348773.77021,5014389.82009,-75.93961341400,45.26809111350,2014-02-18,8:00:00 AM,03 - Snow,01 - Daylight,03 - Loose snow,10 - No control,,03 - P.D. only,05 - Turning movement,0
14-2277,MERIVALE RD/LOTTA AVE @ CLYDE AVE,364522.17223,5024507.52590,-75.73771711870,45.35796862670,2014-02-18,8:07:00 AM,03 - Snow,01 - Daylight,03 - Loose snow,01 - Traffic signal,00 - Unknown,03 - P.D. only,03 - Rear end,0
14-2278,LYON ST @ WELLINGTON ST,366935.77797,5031426.92646,-75.70604199830,45.42001789350,2014-02-18,7:00:00 AM,03 - Snow,03 - Dawn,04 - Slush,01 - Traffic signal,01 - Functioning,03 - P.D. only,03 - Rear end,0
14-2279,ALBERT ST @ EMPRESS AVE,366575.27920,5030720.56570,-75.71073648600,45.41369418730,2014-02-18,8:17:00 AM,03 - Snow,01 - Daylight,03 - Loose snow,01 - Traffic signal,01 - Functioning,03 - P.D. only,07 - SMV other,0
14-2280,FOURTH LINE RD btwn CALLENDOR RD & DILWORTH RD,370479.83759,4994911.54382,-75.66558745960,45.09113383070,2014-02-18,8:18:00 AM,03 - Snow,01 - Daylight,05 - Packed snow,10 - No control,,03 - P.D. only,07 - SMV other,0
14-2281,HUNT CLUB RD btwn MOUNTAIN CRES & TURN LANE,371455.63130,5023965.45424,-75.64930209730,45.35246637480,2014-02-18,8:22:00 AM,03 - Snow,01 - Daylight,05 - Packed snow,10 - No control,,03 - P.D. only,04 - Sideswipe,0
14-2282,MCCARTHY RD @ SOUTHMORE DR,369448.92608,5024838.68859,-75.67479592470,45.36051136830,2014-02-18,8:28:00 AM,03 - Snow,01 - Daylight,03 - Loose snow,02 - Stop sign,01 - Functioning,03 - P.D. only,02 - Angle,0
14-2283,ST. JOSEPH BLVD btwn ST. JEAN ST & BELCOURT BLVD,381188.15252,5037344.37859,-75.52303358630,45.47184753780,2014-02-18,8:35:00 AM,03 - Snow,01 - Daylight,03 - Loose snow,10 - No control,,03 - P.D. only,03 - Rear end,0
14-2284,EMOND ST @ MONTREAL RD,370195.21767,5033134.84229,-75.66417112530,45.43508794830,2014-02-18,8:35:00 AM,03 - Snow,01 - Daylight,03 - Loose snow,02 - Stop sign,00 - Unknown,03 - P.D. only,05 - Turning movement,0
14-2285,PRINCE OF WALES DR @ LODGE RD S,366789.17323,5013756.42790,-75.71012909070,45.26103478270,2014-02-18,7:50:00 AM,03 - Snow,01 - Daylight,03 - Loose snow,02 - Stop sign,00 - Unknown,03 - P.D. only,04 - Sideswipe,0
14-2286,GEORGE ST @ SUSSEX DR,367869.68983,5032130.69290,-75.69401974390,45.42626658060,2014-02-18,8:54:00 AM,03 - Snow,01 - Daylight,03 - Loose snow,01 - Traffic signal,01 - Functioning,02 - Non-fatal injury,03 - Rear end,0
14-2287,MAPLE GROVE RD @ TERRY FOX DR,351554.08253,5017865.41237,-75.90385647260,45.29918616810,2014-02-18,8:15:00 AM,03 - Snow,01 - Daylight,03 - Loose snow,01 - Traffic signal,01 - Functioning,03 - P.D. only,03 - Rear end,0
14-2288,ST. LAURENT BLVD/DUNBARTON CRT @ BRITTANY DR,371330.29490,5034335.64693,-75.64950275780,45.44578515710,2014-02-18,9:00:00 AM,03 - Snow,01 - Daylight,04 - Slush,01 - Traffic signal,00 - Unknown,02 - Non-fatal injury,07 - SMV other,1
14-2289,RUSSELL RD btwn CLAYTON RD & RUISSELLET RD,398881.91524,5028937.35136,-75.29839096230,45.39405385300,2014-02-18,9:01:00 AM,03 - Snow,01 - Daylight,03 - Loose snow,10 - No control,,02 - Non-fatal injury,01 - Approaching,0
14-2290,GREENBANK RD @ HWY 417 IC129 RAMP57/IRIS ST,360530.80203,5023313.76143,-75.78879270700,45.34755579400,2014-02-18,8:10:00 AM,03 - Snow,01 - Daylight,03 - Loose snow,01 - Traffic signal,01 - Functioning,03 - P.D. only,02 - Angle,0
14-2291,ANDERSON RD btwn INNES RD & DESJARDINS ST,377247.70350,5031627.03074,-75.57426501220,45.42082649580,2014-02-18,9:10:00 AM,02 - Rain,01 - Daylight,03 - Loose snow,10 - No control,,03 - P.D. only,07 - SMV other,0
14-2292,BLAIR RD @ REGIONAL RD 174 S/OR174 IC112 RAMP15,374906.34453,5032662.74343,-75.60403168480,45.43038381200,2014-02-18,8:30:00 AM,03 - Snow,01 - Daylight,03 - Loose snow,01 - Traffic signal,01 - Functioning,03 - P.D. only,03 - Rear end,0
14-2293,WOODROFFE AVE btwn PINELAND AVE & SLACK RD,364214.92558,5020028.97757,-75.74217616340,45.31769718910,2014-02-18,9:30:00 AM,03 - Snow,01 - Daylight,03 - Loose snow,10 - No control,,03 - P.D. only,99 - Other,0
14-2294,ELGIN ST NB @ WELLINGTON ST/RIDEAU ST,367802.61849,5031965.72906,-75.69489787690,45.42478833640,2014-02-18,8:15:00 AM,03 - Snow,01 - Daylight,03 - Loose snow,01 - Traffic signal,01 - Functioning,03 - P.D. only,03 - Rear end,0
14-2295,EAGLESON RD btwn FLEWELLYN RD & FAULKNER TR,355403.71302,5014053.11250,-75.85516303260,45.26461556030,2014-02-18,8:42:00 AM,03 - Snow,01 - Daylight,03 - Loose snow,10 - No control,,03 - P.D. only,07 - SMV other,0
14-2296,COVENTRY RD @ VANIER PKWY,370677.80670,5031608.85940,-75.65820785380,45.42131250300,2014-02-18,7:45:00 AM,03 - Snow,01 - Daylight,04 - Slush,01 - Traffic signal,01 - Functioning,03 - P.D. only,03 - Rear end,0
14-2297,CARLING AVE @ TAVISTOCK RD,360698.59516,5025069.48319,-75.78645306310,45.36334036450,2014-02-18,9:47:00 AM,03 - Snow,01 - Daylight,03 - Loose snow,02 - Stop sign,00 - Unknown,03 - P.D. only,03 - Rear end,0
14-2298,SMYTH RD/OTHELLO AVE @ RUSSELL RD W,373255.62879,5029373.41910,-75.62558246030,45.40095157950,2014-02-18,9:50:00 AM,01 - Clear,01 - Daylight,04 - Slush,01 - Traffic signal,01 - Functioning,03 - P.D. only,03 - Rear end,0
14-2299,RICHMOND RD @ WOODROFFE AVE,361583.26460,5026654.52320,-75.77497893630,45.37753132200,2014-02-18,9:00:00 AM,03 - Snow,01 - Daylight,03 - Loose snow,01 - Traffic signal,01 - Functioning,03 - P.D. only,03 - Rear end,0
14-2300,KENT ST @ WELLINGTON ST,367097.19083,5031526.82699,-75.70396706740,45.42090241310,2014-02-18,10:09:00 AM,03 - Snow,01 - Daylight,04 - Slush,01 - Traffic signal,01 - Functioning,03 - P.D. only,02 - Angle,0
14-2301,RUSSELL RD @ SOUTHVALE CRES N,373797.18348,5029097.94293,-75.61870427080,45.39841981140,2014-02-18,8:30:00 AM,03 - Snow,01 - Daylight,05 - Packed snow,01 - Traffic signal,01 - Functioning,03 - P.D. only,03 - Rear end,0
14-2302,HAWTHORNE RD @ LEITRIM RD,377039.26867,5022709.75579,-75.57823278450,45.34061526300,2014-02-18,9:00:00 AM,03 - Snow,01 - Daylight,06 - Ice,01 - Traffic signal,01 - Functioning,03 - P.D. only,02 - Angle,0
14-2303,DAKOTA AVE @ HALIFAX DR,373561.11898,5027957.29780,-75.62187811280,45.38818002910,2014-02-18,8:55:00 AM,03 - Snow,01 - Daylight,03 - Loose snow,03 - Yield sign,00 - Unknown,03 - P.D. only,03 - Rear end,0
14-2304,HALIFAX DR btwn CANTERBURY AVE & BINGHAM ST,373292.54662,5028094.67461,-75.62528847910,45.38944240070,2014-02-18,8:57:00 AM,03 - Snow,01 - Daylight,03 - Loose snow,10 - No control,,03 - P.D. only,03 - Rear end,0
14-2305,ANALDEA DR/ WHITE ALDER AVE @ BANK ST,375697.06796,5020814.02162,-75.59562852300,45.32369517070,2014-02-18,10:30:00 AM,01 - Clear,01 - Daylight,06 - Ice,02 - Stop sign,01 - Functioning,03 - P.D. only,02 - Angle,0
14-2306,WELLINGTON ST    W btwn FAIRMONT AVE & IRVING AVE,365569.23508,5029713.05578,-75.72371307200,45.40471695340,2014-02-18,12:00:00 AM,03 - Snow,00 - Unknown,03 - Loose snow,10 - No control,,03 - P.D. only,06 - SMV unattended vehicle,0
14-2307,WOODROFFE AVE @ QUEENSBURY DR/RIDEAUCREST DR,365727.70150,5016327.68574,-75.72333767010,45.28426360860,2014-02-18,9:00:00 AM,03 - Snow,01 - Daylight,03 - Loose snow,01 - Traffic signal,01 - Functioning,03 - P.D. only,05 - Turning movement,0
14-2308,COVENTRY RD @ VANIER PKWY,370675.91097,5031612.65087,-75.65823156760,45.42134679580,2014-02-18,10:57:00 AM,03 - Snow,01 - Daylight,03 - Loose snow,01 - Traffic signal,01 - Functioning,03 - P.D. only,03 - Rear end,0
14-2309,INDUSTRIAL AVE/INNES RD @ ST. LAURENT BLVD,373097.70168,5030003.05896,-75.62751229970,45.40663221580,2014-02-12,11:30:00 AM,03 - Snow,01 - Daylight,03 - Loose snow,01 - Traffic signal,01 - Functioning,03 - P.D. only,03 - Rear end,0
14-2310,ROBERTSON RD btwn FITZGERALD RD & MOODIE DR,356926.03358,5020376.55510,-75.83510101060,45.32140371920,2014-02-18,9:15:00 AM,03 - Snow,01 - Daylight,04 - Slush,10 - No control,,03 - P.D. only,02 - Angle,0
14-2311,JOCKVALE RD @ EXETER DR/TARTAN DR,363323.17253,5014774.17656,-75.75416935970,45.27048940550,2014-02-18,7:55:00 AM,03 - Snow,01 - Daylight,03 - Loose snow,11 - Roundabout,01 - Functioning,03 - P.D. only,03 - Rear end,0
14-2312,BANK ST @ MITCH OWENS RD,377758.25873,5015948.21996,-75.57005521810,45.27970362390,2014-02-18,11:58:00 AM,01 - Clear,01 - Daylight,02 - Wet,01 - Traffic signal,01 - Functioning,02 - Non-fatal injury,02 - Angle,0
14-2313,BANK ST @ SLATER ST,367426.12420,5031352.68117,-75.69978650630,45.41930613660,2014-02-18,12:10:00 PM,03 - Snow,01 - Daylight,03 - Loose snow,01 - Traffic signal,01 - Functioning,03 - P.D. only,04 - Sideswipe,0
14-2314,PRINCE OF WALES DR @ MEADOWLANDS DR/HOG'S BACK,367369.54923,5025692.52913,-75.70122714870,45.36838269880,2014-02-18,9:14:00 AM,03 - Snow,01 - Daylight,03 - Loose snow,01 - Traffic signal,01 - Functioning,03 - P.D. only,03 - Rear end,0
14-2315,RIVERSIDE DR btwn 175 S OF HUNT CLUB  RD & GL/OT BOUNDARY,367975.80024,5021463.44451,-75.69402868210,45.33027593670,2014-02-18,12:31:00 PM,01 - Clear,01 - Daylight,02 - Wet,10 - No control,,02 - Non-fatal injury,03 - Rear end,0
14-2316,FALLOWFIELD RD @ RICHMOND RD,357722.10953,5013529.41600,-75.82567778590,45.25973263020,2014-02-13,8:58:00 AM,01 - Clear,01 - Daylight,01 - Dry,01 - Traffic signal,01 - Functioning,03 - P.D. only,03 - Rear end,0
14-2317,OGILVIE RD btwn MONTREAL RD & GREGORY CRT,375677.54869,5034364.19066,-75.59393183360,45.44561469340,2014-02-18,12:50:00 PM,02 - Rain,01 - Daylight,02 - Wet,10 - No control,,03 - P.D. only,04 - Sideswipe,0
14-2318,HUNT CLUB RD btwn DUNSTON TER & CAHILL DR,372328.10214,5024493.63725,-75.63809623210,45.35713530740,2014-02-18,2:14:00 PM,03 - Snow,01 - Daylight,04 - Slush,10 - No control,,03 - P.D. only,07 - SMV other,0
14-2319,CARLING AVE @ MELROSE AVE,365972.12710,5028393.44663,-75.71873052910,45.39280833750,2014-02-18,2:15:00 PM,01 - Clear,01 - Daylight,04 - Slush,02 - Stop sign,01 - Functioning,03 - P.D. only,02 - Angle,0
14-2320,FOREST CREEK DR btwn AMY ST & AMY ST,351164.14657,5014250.77310,-75.90916584530,45.26668640470,2014-02-18,1:15:00 PM,01 - Clear,01 - Daylight,05 - Packed snow,10 - No control,,03 - P.D. only,01 - Approaching,0
14-2321,UPLANDS DR @ AIRPORT PKWY RAMP 35,371124.20933,5021376.32690,-75.65387852040,45.32920159820,2014-02-18,2:58:00 PM,03 - Snow,01 - Daylight,04 - Slush,01 - Traffic signal,01 - Functioning,03 - P.D. only,01 - Approaching,0
14-2322,CAMBRIDGE ST    N btwn GLADSTONE AVE & ARLINGTON AVE,367075.30279,5029934.26785,-75.70444795300,45.40657498880,2014-02-18,3:05:00 PM,03 - Snow,01 - Daylight,03 - Loose snow,10 - No control,,03 - P.D. only,06 - SMV unattended vehicle,0
14-2323,O'CONNOR ST @ SLATER ST,367579.70490,5031449.81574,-75.69781192530,45.42016635740,2014-02-18,3:30:00 PM,03 - Snow,01 - Daylight,03 - Loose snow,01 - Traffic signal,01 - Functioning,03 - P.D. only,03 - Rear end,0