Record,Location,X,Y,Longitude,Latitude,Date,Time,Environment,Light,Road_Surface,Traffic_Control,Collision_Location,Collision_Classification,Impact_type,Pedestrian
14-2324,CUMMINGS AVE @ MONTREAL RD,372006.28590,5034039.63833,-75.64090255480,45.44305714950,2014-02-18,3:40:00 PM,03 - Snow,01 - Daylight,03 - Loose snow,01 - Traffic signal,01 - Functioning,02 - Non-fatal injury,05 - Turning movement,0
14-2325,BRONSON AVE @ HOLMWOOD AVE,367700.23377,5028727.64777,-75.69661928550,45.39566229670,2014-02-18,3:50:00 PM,01 - Clear,01 - Daylight,04 - Slush,01 - Traffic signal,01 - Functioning,02 - Non-fatal injury,07 - SMV other,0
14-2326,GLEN PARK DR btwn BEDDOE LANE & COMPATA WAY,377915.78970,5032565.92463,-75.56558999380,45.42920455560,2014-02-18,3:56:00 PM,03 - Snow,01 - Daylight,05 - Packed snow,10 - No control,,03 - P.D. only,01 - Approaching,0
14-2327,CENTRAL PARK DR S @ MERIVALE RD,364985.83559,5025597.96339,-75.73166673200,45.36774056250,2014-02-18,4:14:00 PM,01 - Clear,01 - Daylight,02 - Wet,01 - Traffic signal,00 - Unknown,03 - P.D. only,03 - Rear end,0
14-2328,BOOTH ST @ OTTAWA RIVER PKWY/WELLINGTON ST,366264.73093,5031003.84430,-75.71466845840,45.41627039570,2014-02-18,4:15:00 PM,03 - Snow,01 - Daylight,03 - Loose snow,01 - Traffic signal,01 - Functioning,03 - P.D. only,03 - Rear end,0
14-2329,BANK ST @ GLEN AVE,368804.73955,5028434.78927,-75.68255162950,45.39292715910,2014-02-18,4:16:00 PM,01 - Clear,01 - Daylight,02 - Wet,01 - Traffic signal,01 - Functioning,03 - P.D. only,02 - Angle,0
14-2330,CEDARVIEW RD @ WEST HUNT CLUB RD,359718.17043,5019555.23816,-75.79957928600,45.31380059350,2014-02-18,4:10:00 PM,03 - Snow,01 - Daylight,03 - Loose snow,01 - Traffic signal,01 - Functioning,03 - P.D. only,03 - Rear end,0
14-2331,ST. LAURENT BLVD btwn FOLEY AVE & WALKLEY RD,373838.16130,5028195.01189,-75.61830727700,45.39029161880,2014-02-18,4:34:00 PM,03 - Snow,01 - Daylight,04 - Slush,10 - No control,,03 - P.D. only,03 - Rear end,0
14-2332,MERIVALE RD btwn MEADOWLANDS DR W & TURN LANE,364864.56414,5023711.27837,-75.73344401990,45.35077485550,2014-02-18,4:20:00 PM,01 - Clear,01 - Daylight,02 - Wet,10 - No control,,03 - P.D. only,04 - Sideswipe,0
14-2333,MCBEAN ST @ PERTH ST,356743.76603,5006254.97907,-75.83890199900,45.19434822660,2014-02-18,7:45:00 AM,01 - Clear,01 - Daylight,05 - Packed snow,01 - Traffic signal,01 - Functioning,03 - P.D. only,03 - Rear end,0
14-2334,BLAIR RD @ INNES RD,375578.73490,5031440.31556,-75.59561517070,45.41931737770,2014-02-18,5:09:00 PM,03 - Snow,05 - Dusk,04 - Slush,01 - Traffic signal,01 - Functioning,03 - P.D. only,02 - Angle,0
14-2335,TENTH LINE RD @ LAKEPOINTE DR,384261.68593,5035416.91179,-75.48404228280,45.45416302810,2014-02-18,5:17:00 PM,03 - Snow,05 - Dusk,02 - Wet,01 - Traffic signal,01 - Functioning,03 - P.D. only,03 - Rear end,0
14-2336,KIRKWOOD AVE @ RICHMOND RD,363778.18273,5028642.82243,-75.74671854460,45.39524039060,2014-02-18,5:20:00 PM,01 - Clear,07 - Dark,04 - Slush,01 - Traffic signal,01 - Functioning,03 - P.D. only,02 - Angle,0
14-2338,ARMSTRONG ST @ MERTON ST,365452.88900,5029675.97153,-75.72520374140,45.40439336860,2014-02-18,4:30:00 PM,03 - Snow,01 - Daylight,04 - Slush,02 - Stop sign,01 - Functioning,03 - P.D. only,02 - Angle,0
14-2339,MERIVALE RD @ WOODFIELD DR/ROYDON PL,365464.60762,5022296.01095,-75.72596041230,45.33798883070,2014-02-18,5:00:00 PM,03 - Snow,07 - Dark,02 - Wet,01 - Traffic signal,01 - Functioning,03 - P.D. only,04 - Sideswipe,0
14-2340,PARKDALE AVE @ SCOTT ST,364950.21057,5029726.30631,-75.73161836670,45.40488964500,2014-02-18,7:18:00 PM,03 - Snow,07 - Dark,04 - Slush,01 - Traffic signal,01 - Functioning,03 - P.D. only,05 - Turning movement,0
14-2341,FISHER AVE @ NORMANDY CRES N,366685.17843,5024781.57453,-75.71007718260,45.36024688010,2014-02-18,6:50:00 PM,01 - Clear,07 - Dark,04 - Slush,02 - Stop sign,01 - Functioning,03 - P.D. only,02 - Angle,0
14-2342,LONGFIELDS DR @ WHITECHAPEL,364251.25687,5015780.70563,-75.74222217040,45.27946831120,2014-02-18,9:13:00 PM,01 - Clear,07 - Dark,04 - Slush,02 - Stop sign,01 - Functioning,03 - P.D. only,02 - Angle,0
14-2343,DALHOUSIE ST btwn MURRAY ST & CLARENCE ST,368026.55461,5032530.24859,-75.69196404180,45.42984748230,2014-02-14,6:30:00 PM,01 - Clear,07 - Dark,01 - Dry,10 - No control,,03 - P.D. only,06 - SMV unattended vehicle,0
14-2344,INNES RD btwn BLAIR RD & ANDERSON RD,376013.20892,5031691.43512,-75.59002802610,45.42153271840,2014-02-18,9:23:00 PM,01 - Clear,07 - Dark,02 - Wet,10 - No control,,03 - P.D. only,07 - SMV other,0
14-2345,TENTH LINE RD @ CHARLEMAGNE BLVD S/DES EPINETT,383640.97510,5036900.45590,-75.49173924100,45.46758093120,2014-02-18,10:38:00 PM,01 - Clear,07 - Dark,02 - Wet,01 - Traffic signal,01 - Functioning,03 - P.D. only,05 - Turning movement,0
14-2346,BLACKBURN AVE @ OSGOODE ST,369297.77425,5032127.29240,-75.67577228870,45.42610575930,2014-02-18,11:11:00 PM,03 - Snow,07 - Dark,03 - Loose snow,02 - Stop sign,01 - Functioning,03 - P.D. only,02 - Angle,0
14-2347,LYNDALE AVE @ PARKDALE AVE,364862.17623,5029928.63153,-75.73271820400,45.40671768120,2014-02-19,12:56:00 AM,03 - Snow,07 - Dark,03 - Loose snow,01 - Traffic signal,01 - Functioning,03 - P.D. only,05 - Turning movement,0
14-2348,ERINDALE DR btwn FORLAN DR & AINSLEY DR,363737.28686,5024815.62360,-75.74769763890,45.36080727070,2014-02-19,2:00:00 AM,01 - Clear,07 - Dark,05 - Packed snow,10 - No control,,03 - P.D. only,06 - SMV unattended vehicle,0
14-2349,KING EDWARD AVE SB btwn GUIGUES AVE & ST. PATRICK ST,368243.48803,5032836.85894,-75.68915240500,45.43258660660,2014-02-19,4:20:00 AM,01 - Clear,07 - Dark,01 - Dry,10 - No control,,03 - P.D. only,02 - Angle,0
14-2350,MARCH RD btwn BURNT LANDS RD & UPPER DWYER HILL RD,333683.46978,5013994.16120,-76.13193699020,45.26531236760,2014-02-19,5:38:00 AM,01 - Clear,07 - Dark,02 - Wet,10 - No control,,03 - P.D. only,07 - SMV other,0
14-2351,BANTREE ST @ INNES RD,373707.14500,5030405.60753,-75.61967145490,45.41019442060,2014-02-19,6:49:00 AM,01 - Clear,07 - Dark,06 - Ice,01 - Traffic signal,01 - Functioning,02 - Non-fatal injury,05 - Turning movement,0
14-2352,GOLDENEYE WAY btwn NAKINA WAY & NORTH BLUFF DR,369455.12347,5016279.44436,-75.67583426730,45.28349657510,2014-02-18,10:00:00 PM,01 - Clear,07 - Dark,03 - Loose snow,10 - No control,,03 - P.D. only,07 - SMV other,0
14-2353,ST. JOSEPH BLVD @ JEANNE D'ARC BLVD,379861.21643,5036470.63303,-75.54013546640,45.46413013580,2014-02-19,7:31:00 AM,01 - Clear,01 - Daylight,02 - Wet,11 - Roundabout,01 - Functioning,03 - P.D. only,02 - Angle,0
14-2354,ROBERTSON RD btwn FITZGERALD RD & MOODIE DR,356887.64505,5020350.13290,-75.83559342490,45.32116881870,2014-02-19,8:06:00 AM,01 - Clear,01 - Daylight,02 - Wet,10 - No control,,03 - P.D. only,05 - Turning movement,0
14-2355,EVANS BLVD btwn BANK ST & WILLOWDALE AVE,369955.10731,5027036.61463,-75.66804561210,45.38024076560,2014-02-19,8:04:00 AM,01 - Clear,01 - Daylight,05 - Packed snow,10 - No control,,03 - P.D. only,06 - SMV unattended vehicle,0
14-2356,DUFFERIN RD btwn TAYLOR LANE & LISGAR RD,368806.34309,5033886.56692,-75.68182300690,45.44198018570,2014-02-19,8:32:00 AM,01 - Clear,01 - Daylight,02 - Wet,10 - No control,,03 - P.D. only,02 - Angle,0
14-2357,MONTREAL RD/HANNAH ST @ CODY AVE,370255.19113,5033169.59220,-75.66340005570,45.43539500190,2014-02-19,8:38:00 AM,01 - Clear,01 - Daylight,02 - Wet,01 - Traffic signal,01 - Functioning,03 - P.D. only,05 - Turning movement,0
14-2358,INNES RD @ JEANNE D'ARC BLVD/MER BLEUE RD,382638.26057,5035567.80719,-75.50477152730,45.45570337200,2014-02-19,8:41:00 AM,01 - Clear,01 - Daylight,02 - Wet,01 - Traffic signal,01 - Functioning,03 - P.D. only,05 - Turning movement,0
14-2359,O'CONNOR ST btwn ARGYLE AVE & CATHERINE ST,368211.37898,5030444.54854,-75.68987066250,45.41106432940,2014-02-14,3:25:00 PM,03 - Snow,01 - Daylight,03 - Loose snow,10 - No control,,03 - P.D. only,04 - Sideswipe,0
14-2360,WOODROFFE AVE @ KNOXDALE RD/MEDHURST DR,363419.21597,5021824.59127,-75.75211180090,45.33392090420,2014-02-19,10:07:00 AM,01 - Clear,01 - Daylight,01 - Dry,01 - Traffic signal,01 - Functioning,02 - Non-fatal injury,02 - Angle,0
14-2362,MONTREAL RD btwn AVIATION PKWY & DEN HAAG DR/LANG'S RD,372296.75319,5034179.62776,-75.63717073470,45.44428872030,2014-02-19,6:50:00 AM,03 - Snow,03 - Dawn,04 - Slush,10 - No control,,03 - P.D. only,04 - Sideswipe,0
14-2363,WEST HUNT CLUB RD @ WOODROFFE AVE,363670.21707,5021247.43687,-75.74897834260,45.32870669770,2014-02-19,10:57:00 AM,01 - Clear,01 - Daylight,01 - Dry,01 - Traffic signal,01 - Functioning,03 - P.D. only,02 - Angle,0
14-2364,BESSERER ST btwn WALLER ST & CUMBERLAND ST,368329.67738,5032203.35221,-75.68813268920,45.42687871600,2014-02-19,11:00:00 AM,01 - Clear,01 - Daylight,02 - Wet,10 - No control,,03 - P.D. only,04 - Sideswipe,0
14-2365,RUSSELL RD btwn LEITRIM RD & HALL RD,383930.40009,5026923.05402,-75.48964112960,45.37777998240,2014-02-19,11:20:00 AM,01 - Clear,01 - Daylight,02 - Wet,10 - No control,,02 - Non-fatal injury,07 - SMV other,0
14-2367,PLEASANT PARK RD @ ALTA VISTA DR,370367.14490,5028466.60033,-75.66259497170,45.39306883840,2014-02-16,1:30:00 PM,01 - Clear,01 - Daylight,01 - Dry,01 - Traffic signal,01 - Functioning,03 - P.D. only,03 - Rear end,0
14-2368,ALBION RD @ HUNT CLUB RD,371867.74832,5024320.83927,-75.64399480000,45.35562471610,2014-02-18,8:50:00 AM,03 - Snow,01 - Daylight,05 - Packed snow,01 - Traffic signal,01 - Functioning,02 - Non-fatal injury,03 - Rear end,0
14-2369,FINDLAY CREEK DR btwn BUFFLEHEAD WAY & GOLDEN SEDGE WAY,374773.72528,5019792.81772,-75.60754961400,45.31459940670,2014-02-19,1:30:00 PM,01 - Clear,01 - Daylight,02 - Wet,10 - No control,,03 - P.D. only,04 - Sideswipe,0
14-2370,CATHCART ST btwn SUSSEX DR & PARENT AVE,367611.19755,5032832.33488,-75.69723324820,45.43260297830,2014-02-16,6:00:00 PM,01 - Clear,07 - Dark,01 - Dry,10 - No control,,03 - P.D. only,06 - SMV unattended vehicle,0
14-2371,LEBRETON ST    S btwn PLYMOUTH ST & DANIEL MCCANN ST,367029.52954,5029517.36095,-75.70508525400,45.40282784900,2014-02-18,2:00:00 PM,01 - Clear,01 - Daylight,03 - Loose snow,10 - No control,,03 - P.D. only,06 - SMV unattended vehicle,0
14-2372,ALBERT ST @ PRESTON ST,366160.37902,5030464.29166,-75.71606880550,45.41142480710,2014-02-18,2:50:00 PM,01 - Clear,01 - Daylight,04 - Slush,01 - Traffic signal,01 - Functioning,03 - P.D. only,03 - Rear end,0
14-2373,INNES RD EB btwn INNES RD & INNES RD W,376846.52382,5032160.65519,-75.57931256530,45.42566915420,2014-02-19,3:14:00 PM,01 - Clear,01 - Daylight,02 - Wet,10 - No control,,03 - P.D. only,05 - Turning movement,0
14-2374,TENTH LINE RD @ CHARLEMAGNE BLVD S/DES EPINETT,383640.97510,5036900.45590,-75.49173924100,45.46758093120,2014-02-19,3:27:00 PM,01 - Clear,01 - Daylight,01 - Dry,01 - Traffic signal,01 - Functioning,02 - Non-fatal injury,03 - Rear end,0
14-2375,SHERWAY DR btwn TEDWYN DR & BURNETT'S GROVE CIRC,363140.67052,5015625.35110,-75.75639498210,45.27816346560,2014-02-18,6:15:00 PM,01 - Clear,05 - Dusk,03 - Loose snow,10 - No control,,03 - P.D. only,06 - SMV unattended vehicle,0
14-2376,ST. LAURENT BLVD btwn SHORE ST & BELFAST RD,372850.77149,5030604.15442,-75.63058343560,45.41206464700,2014-02-19,4:11:00 PM,02 - Rain,01 - Daylight,02 - Wet,10 - No control,,03 - P.D. only,03 - Rear end,0
14-2377,LAURIER AVE @ LYON ST,367154.00541,5031068.71787,-75.70329913470,45.41677542700,2014-02-19,4:14:00 PM,01 - Clear,01 - Daylight,02 - Wet,01 - Traffic signal,01 - Functioning,03 - P.D. only,02 - Angle,0
14-2378,RIVERSIDE DR @ HERON RD,368120.63097,5026647.22110,-75.69151728180,45.37690531450,2014-02-19,4:17:00 PM,03 - Snow,01 - Daylight,03 - Loose snow,01 - Traffic signal,01 - Functioning,03 - P.D. only,03 - Rear end,0
14-2379,CHIMO DR btwn ANIK WAY & LARSEN CRT,352715.70324,5018997.54828,-75.88893648760,45.30929512470,2014-02-19,3:15:00 PM,01 - Clear,01 - Daylight,01 - Dry,10 - No control,,03 - P.D. only,02 - Angle,0
14-2380,OLD TENTH LINE RD @ TENTH LINE RD,383044.38477,5038357.08317,-75.49913560310,45.48075343980,2014-02-19,3:30:00 PM,01 - Clear,01 - Daylight,01 - Dry,01 - Traffic signal,01 - Functioning,03 - P.D. only,03 - Rear end,0
14-2381,CYRVILLE RD btwn STAR TOP RD & MEADOWBROOK RD,374579.90541,5031263.36139,-75.60840134330,45.41782557000,2014-02-14,11:00:00 AM,03 - Snow,01 - Daylight,03 - Loose snow,10 - No control,,03 - P.D. only,01 - Approaching,0
14-2382,HAWTHORNE RD @ STEVENAGE DR,375137.24747,5027313.79029,-75.60184413760,45.38223355610,2014-02-19,4:39:00 PM,01 - Clear,01 - Daylight,02 - Wet,01 - Traffic signal,01 - Functioning,03 - P.D. only,05 - Turning movement,0
14-2383,EAGLESON RD @ HAZELDEAN RD/ROBERTSON RD,353674.13187,5018424.71349,-75.87677096220,45.30407459390,2014-02-19,3:40:00 PM,01 - Clear,01 - Daylight,02 - Wet,01 - Traffic signal,01 - Functioning,03 - P.D. only,04 - Sideswipe,0
14-2384,CHAPEL ST @ RIDEAU ST,368892.29621,5032643.90819,-75.68088619250,45.43079134690,2014-02-19,6:11:00 PM,01 - Clear,05 - Dusk,02 - Wet,01 - Traffic signal,01 - Functioning,03 - P.D. only,05 - Turning movement,0
14-2386,ALTA VISTA DR @ BANK ST,370245.43494,5026201.76334,-75.66444950490,45.37270198670,2014-02-19,4:20:00 PM,01 - Clear,01 - Daylight,02 - Wet,01 - Traffic signal,01 - Functioning,03 - P.D. only,03 - Rear end,0
14-2387,HUNT CLUB RD @ CANADAIR PRIV,368663.84707,5022311.18788,-75.68514235450,45.33784147580,2014-02-19,10:00:00 AM,01 - Clear,01 - Daylight,01 - Dry,01 - Traffic signal,00 - Unknown,03 - P.D. only,04 - Sideswipe,0
14-2388,CARLING AVE/STATION RD @ MARCH RD,350906.05740,5022246.17905,-75.91171096910,45.33864821470,2014-02-14,9:00:00 AM,03 - Snow,01 - Daylight,05 - Packed snow,01 - Traffic signal,01 - Functioning,03 - P.D. only,07 - SMV other,0
14-2389,L'ALLEMAND ST @ MONTREAL RD,370572.18233,5033347.64153,-75.65932515720,45.43696726750,2014-01-24,9:05:00 AM,01 - Clear,01 - Daylight,01 - Dry,02 - Stop sign,00 - Unknown,03 - P.D. only,03 - Rear end,0
14-2390,EVERLASTING CRES btwn SULTAN ST & END (1),385108.99756,5038766.64044,-75.47266331610,45.48420379460,2014-02-19,8:12:00 PM,01 - Clear,07 - Dark,01 - Dry,10 - No control,,03 - P.D. only,06 - SMV unattended vehicle,0
14-2391,HUNTMAR DR btwn OLD CARP RD & BRADLEY SIDE RD,345302.57285,5022270.00959,-75.98320340680,45.33920851810,2014-02-19,7:15:00 PM,01 - Clear,07 - Dark,02 - Wet,10 - No control,,03 - P.D. only,07 - SMV other,0
14-2392,SABLE RIDGE DR btwn QUAIL RUN AVE & CARRIAGE HILL PL,372778.83502,5024357.01222,-75.63236269230,45.35586245040,2014-02-19,6:30:00 PM,01 - Clear,07 - Dark,04 - Slush,10 - No control,,03 - P.D. only,02 - Angle,0
14-2393,ANDERSON RD btwn DOLMAN RIDGE RD & RIDGE RD,378624.39593,5029511.67118,-75.55699285510,45.40164993960,2014-02-19,10:10:00 PM,01 - Clear,07 - Dark,02 - Wet,10 - No control,,03 - P.D. only,07 - SMV other,0
14-2394,COOPER HILL RD btwn VEENA WAY & 9TH LINE RD,385050.49615,5015663.78278,-75.47716666220,45.27634988370,2014-02-20,5:51:00 AM,01 - Clear,07 - Dark,05 - Packed snow,10 - No control,,03 - P.D. only,07 - SMV other,0
14-2395,CASTLEFRANK RD @ TERRY FOX DR,352993.50203,5016304.04744,-75.88565573260,45.28503935520,2014-02-20,8:07:00 AM,01 - Clear,01 - Daylight,02 - Wet,01 - Traffic signal,01 - Functioning,03 - P.D. only,03 - Rear end,0
14-2396,RIVERSIDE DR NB btwn BANK ST & RIVERSIDE DR NB RAMP FROM EB TO WB,369334.57492,5027929.62399,-75.67585150670,45.38833321880,2014-02-20,8:23:00 AM,01 - Clear,01 - Daylight,02 - Wet,10 - No control,,03 - P.D. only,04 - Sideswipe,0
14-2397,LABELLE ST/RAMP @ LEMIEUX ST/HWY417 IC115 RAMP,372542.19433,5031686.67347,-75.63437655030,45.42183459200,2014-02-20,8:26:00 AM,01 - Clear,01 - Daylight,02 - Wet,02 - Stop sign,01 - Functioning,03 - P.D. only,02 - Angle,0
14-2398,TERRY FOX DR btwn MAPLE GROVE RD & WALTER BAKER PL,351764.93393,5017629.92685,-75.90119043790,45.29705314420,2014-02-20,10:16:00 AM,01 - Clear,01 - Daylight,02 - Wet,10 - No control,,03 - P.D. only,03 - Rear end,0
14-2399,BRONSON AVE @ SUNNYSIDE AVE/UNIVERSITY RD - CA,367922.23617,5028092.49497,-75.69386534270,45.38992739660,2014-02-20,9:28:00 AM,01 - Clear,01 - Daylight,02 - Wet,01 - Traffic signal,01 - Functioning,03 - P.D. only,03 - Rear end,0
14-2400,MAIN ST btwn OBLATE AVE & HAZEL ST,369112.29118,5030303.00837,-75.67838046140,45.40970859090,2014-02-20,9:32:00 AM,01 - Clear,01 - Daylight,02 - Wet,10 - No control,,03 - P.D. only,06 - SMV unattended vehicle,0
14-2401,RUSSELL RD btwn CUBA AVE & SMYTH RD,373095.09403,5029477.16461,-75.62761844460,45.40190071340,2014-02-20,9:42:00 AM,01 - Clear,01 - Daylight,02 - Wet,10 - No control,,03 - P.D. only,04 - Sideswipe,0
14-2402,KING EDWARD AVE @ ST. PATRICK ST,368248.22737,5032823.58880,-75.68909354860,45.43246677710,2014-02-20,9:44:00 AM,01 - Clear,01 - Daylight,01 - Dry,01 - Traffic signal,01 - Functioning,03 - P.D. only,03 - Rear end,0
14-2403,BANTREE ST @ BLACKWELL ST,374450.72780,5029962.31286,-75.61023552900,45.40613227370,2014-02-20,9:50:00 AM,01 - Clear,01 - Daylight,02 - Wet,02 - Stop sign,01 - Functioning,02 - Non-fatal injury,02 - Angle,0
14-2404,NORICE ST @ WOODROFFE AVE,363195.15793,5022396.54433,-75.75490269080,45.33908597970,2014-02-20,10:07:00 AM,01 - Clear,01 - Daylight,02 - Wet,01 - Traffic signal,01 - Functioning,03 - P.D. only,03 - Rear end,0
14-2405,ACACIA AVE @ CORONA AVE/RIDEAU TER,369548.11959,5034178.92227,-75.67230358730,45.44454237000,2014-02-20,7:10:00 AM,01 - Clear,03 - Dawn,01 - Dry,02 - Stop sign,01 - Functioning,03 - P.D. only,02 - Angle,0
14-2406,INDUSTRIAL AVE @ RIVERSIDE DR,370685.22557,5030592.29991,-75.65824897890,45.41216521470,2014-02-19,3:00:00 PM,01 - Clear,01 - Daylight,01 - Dry,01 - Traffic signal,01 - Functioning,03 - P.D. only,03 - Rear end,0
14-2407,AVENUE K @ TREMBLAY RD,371425.29910,5031305.61443,-75.64869839400,45.41851324810,2014-02-20,10:54:00 AM,01 - Clear,01 - Daylight,01 - Dry,02 - Stop sign,00 - Unknown,02 - Non-fatal injury,05 - Turning movement,0
14-2408,ST. LAURENT BLVD @ COVENTRY RD/OGILVIE RD,372306.19343,5031951.57460,-75.63735557240,45.42424086180,2014-02-20,10:50:00 AM,01 - Clear,01 - Daylight,01 - Dry,01 - Traffic signal,01 - Functioning,03 - P.D. only,03 - Rear end,0
14-2409,CAMBRIAN RD/GOLFLINKS DR W @ LONGFIELDS DR,365377.67801,5013223.95050,-75.72817773280,45.25636651270,2014-02-20,12:23:00 PM,01 - Clear,01 - Daylight,01 - Dry,11 - Roundabout,01 - Functioning,03 - P.D. only,04 - Sideswipe,0
14-2410,CHARLOTTE ST @ RIDEAU ST,369249.70900,5032860.35266,-75.67629052050,45.43270598440,2014-02-20,12:00:00 PM,01 - Clear,01 - Daylight,04 - Slush,01 - Traffic signal,01 - Functioning,03 - P.D. only,03 - Rear end,0
14-2411,BELCOURT BLVD @ INNES RD,382123.02878,5035266.26478,-75.51140562290,45.45304754880,2014-02-20,12:48:00 PM,01 - Clear,01 - Daylight,02 - Wet,01 - Traffic signal,01 - Functioning,03 - P.D. only,04 - Sideswipe,0
14-2412,PRINCE OF WALES DR @ WEST HUNT CLUB RD,367458.71030,5021892.26376,-75.70057057360,45.33418073470,2014-02-11,5:20:00 PM,01 - Clear,05 - Dusk,02 - Wet,01 - Traffic signal,01 - Functioning,03 - P.D. only,03 - Rear end,0
14-2413,CEDARWOOD DR btwn WALKLEY RD & BAYCREST DR,371120.80135,5026620.15917,-75.65321861960,45.37638426870,2014-02-19,12:00:00 AM,01 - Clear,00 - Unknown,03 - Loose snow,10 - No control,,03 - P.D. only,06 - SMV unattended vehicle,0
14-2414,WOODROFFE AVE @ GEORGINA DR/LENESTER AVE,361910.16053,5025368.62347,-75.77095407370,45.36593434530,2014-02-20,3:38:00 PM,01 - Clear,01 - Daylight,01 - Dry,01 - Traffic signal,01 - Functioning,03 - P.D. only,05 - Turning movement,0
14-2415,PARKDALE AVE/SPENCER ST @ OXFORD ST,365059.22097,5029474.56540,-75.73025671570,45.40261516150,2014-02-20,2:57:00 PM,01 - Clear,01 - Daylight,01 - Dry,02 - Stop sign,01 - Functioning,03 - P.D. only,02 - Angle,0
14-2416,STONE SCHOOL RD btwn BANK ST & JOHN QUINN RD,382292.81462,5011620.19859,-75.51293998660,45.24027715840,2014-02-19,6:05:00 AM,01 - Clear,07 - Dark,01 - Dry,10 - No control,,03 - P.D. only,07 - SMV other,0
14-2417,GARFIELD AVE @ MAITLAND AVE,363343.16197,5025563.37772,-75.75263940700,45.36756849790,2014-02-20,3:08:00 PM,01 - Clear,01 - Daylight,02 - Wet,01 - Traffic signal,01 - Functioning,02 - Non-fatal injury,03 - Rear end,0
14-2418,BANKFIELD RD @ PRINCE OF WALES DR,366378.26810,5008974.43853,-75.71595641470,45.21804251740,2014-02-20,4:00:00 PM,01 - Clear,01 - Daylight,02 - Wet,01 - Traffic signal,00 - Unknown,03 - P.D. only,03 - Rear end,0
14-2419,TRIM RD @ DAIRY DR/TAYLOR CREEK DR,384535.55797,5039595.13751,-75.47986319560,45.49172353900,2014-02-20,4:32:00 PM,01 - Clear,01 - Daylight,02 - Wet,02 - Stop sign,01 - Functioning,02 - Non-fatal injury,02 - Angle,0
14-2420,BRONSON AVE btwn MACLAREN ST & GILMOUR ST,367004.13689,5030388.29782,-75.70529970420,45.41066654760,2014-02-16,1:00:00 PM,03 - Snow,01 - Daylight,03 - Loose snow,10 - No control,,03 - P.D. only,06 - SMV unattended vehicle,0
14-2421,BASELINE RD @ FARLANE BLVD,365359.06177,5025518.48127,-75.72691229800,45.36699324800,2014-02-20,4:50:00 PM,01 - Clear,01 - Daylight,01 - Dry,01 - Traffic signal,01 - Functioning,03 - P.D. only,03 - Rear end,0
14-2422,RIVERSIDE DR @ TREMBLAY RD/HWY417 IC117 RAMP52,370804.44777,5031014.96003,-75.65666935540,45.41595690440,2014-02-20,5:20:00 PM,01 - Clear,05 - Dusk,02 - Wet,01 - Traffic signal,01 - Functioning,03 - P.D. only,03 - Rear end,0
14-2423,YORK ST WB btwn BYWARD MARKE SQ & SUSSEX DR,367808.83001,5032268.79166,-75.69477973900,45.42751463170,2014-02-14,5:59:00 PM,03 - Snow,07 - Dark,04 - Slush,10 - No control,,03 - P.D. only,03 - Rear end,0
14-2424,SOUTHPORT DR btwn Continuation of SOUTHPORT DR & Continuation of SOUTH,372551.83597,5024820.30613,-75.63519612550,45.36005296950,2014-02-20,12:00:00 AM,01 - Clear,00 - Unknown,01 - Dry,10 - No control,,03 - P.D. only,06 - SMV unattended vehicle,0
14-2425,CRAIG HENRY DR btwn MARKHAM AVE & CONOVER ST,361864.11027,5021619.57252,-75.77197448810,45.33220433810,2014-02-20,5:15:00 PM,01 - Clear,01 - Daylight,02 - Wet,10 - No control,,03 - P.D. only,06 - SMV unattended vehicle,0
14-2426,MONTREAL RD @ ST. LAURENT BLVD,371547.12470,5033816.64683,-75.64680159610,45.44109476920,2014-02-20,6:18:00 PM,01 - Clear,07 - Dark,02 - Wet,01 - Traffic signal,00 - Unknown,03 - P.D. only,03 - Rear end,0
14-2427,METCALFE ST @ SOMERSET ST,368011.17823,5031106.46853,-75.69234323110,45.41703818220,2014-02-20,6:53:00 PM,01 - Clear,07 - Dark,01 - Dry,01 - Traffic signal,01 - Functioning,03 - P.D. only,05 - Turning movement,0
14-2428,STEVENAGE DR btwn OVERTON DR & BELGREEN DR,375606.35053,5027252.61421,-75.59586355260,45.38163586740,2014-02-20,7:16:00 PM,02 - Rain,07 - Dark,02 - Wet,10 - No control,,03 - P.D. only,02 - Angle,0
14-2429,MARCH RD btwn CARLING AVE/STATION RD & 280 S OF CARLING AVE/STATION RD,351008.32695,5022135.29914,-75.91041648680,45.33764376450,2014-02-20,7:30:00 PM,01 - Clear,07 - Dark,02 - Wet,10 - No control,,03 - P.D. only,02 - Angle,0
14-2430,BASELINE RD @ MERIVALE RD,365054.22247,5025323.61917,-75.73082723970,45.36526618320,2014-02-20,8:00:00 PM,01 - Clear,07 - Dark,02 - Wet,01 - Traffic signal,01 - Functioning,03 - P.D. only,99 - Other,0
14-2431,ALTA VISTA DR @ KILBORN AVE,370365.24917,5027749.64337,-75.66271443760,45.38661809090,2014-02-20,10:21:00 PM,01 - Clear,07 - Dark,02 - Wet,01 - Traffic signal,01 - Functioning,03 - P.D. only,02 - Angle,0
14-2432,OLD MONTREAL RD btwn CAMERON ST & ST. PETER ST,389939.26120,5042444.29443,-75.41024588860,45.51671854170,2014-02-21,3:24:00 AM,04 - Freezing Rain,07 - Dark,02 - Wet,10 - No control,,03 - P.D. only,07 - SMV other,0