Record,Location,X,Y,Longitude,Latitude,Date,Time,Environment,Light,Road_Surface,Traffic_Control,Collision_Location,Collision_Classification,Impact_type,Pedestrian
14-2539,KLONDIKE RD @ MARCH RD,349261.80826,5024060.56870,-75.93252656050,45.35508064770,2014-02-25,9:15:00 AM,01 - Clear,01 - Daylight,01 - Dry,01 - Traffic signal,01 - Functioning,03 - P.D. only,03 - Rear end,0
14-2540,BLAIR RD @ REGIONAL RD 174 N/OR174 IC112 RAMP61,374634.04265,5032992.02370,-75.60746461160,45.43337373780,2014-02-25,10:04:00 AM,01 - Clear,01 - Daylight,01 - Dry,01 - Traffic signal,01 - Functioning,03 - P.D. only,03 - Rear end,0
14-2541,LEGGET DR @ TERRY FOX DR,350178.03960,5023444.49330,-75.92088968360,45.34947837660,2014-02-25,9:00:00 AM,01 - Clear,01 - Daylight,01 - Dry,02 - Stop sign,01 - Functioning,03 - P.D. only,02 - Angle,0
14-2542,JOCKVALE RD @ EXETER DR/TARTAN DR,363324.15343,5014773.41610,-75.75415694960,45.27048248090,2014-02-18,7:56:00 AM,03 - Snow,01 - Daylight,03 - Loose snow,11 - Roundabout,01 - Functioning,03 - P.D. only,03 - Rear end,0
14-2543,RIVER RD btwn MULLIGAN ST & LEITRIM RD,367982.16345,5017395.48341,-75.69446622520,45.29367249580,2014-02-25,12:34:00 PM,01 - Clear,01 - Daylight,01 - Dry,10 - No control,,03 - P.D. only,03 - Rear end,0
14-2544,BRONSON AVE @ LAKESIDE AVE,367655.74964,5028838.15888,-75.69717331420,45.39666063860,2014-02-25,1:04:00 PM,01 - Clear,01 - Daylight,01 - Dry,02 - Stop sign,01 - Functioning,03 - P.D. only,03 - Rear end,0
14-2545,MONTREAL RD btwn HOCHELAGA ST & BURMA RD,373186.33377,5034523.22727,-75.62575255260,45.44729378600,2014-02-25,1:57:00 PM,01 - Clear,01 - Daylight,01 - Dry,10 - No control,,02 - Non-fatal injury,02 - Angle,0
14-2546,CARLING AVE @ KIRKWOOD AVE N,364276.16613,5027493.53420,-75.74049727740,45.38485718430,2014-02-25,2:07:00 PM,01 - Clear,01 - Daylight,01 - Dry,01 - Traffic signal,01 - Functioning,02 - Non-fatal injury,05 - Turning movement,0
14-2547,ST. LAURENT BLVD btwn BELFAST RD & INDUSTRIAL AVE,373065.09047,5030071.35858,-75.62791939520,45.40724992530,2014-01-25,2:18:00 PM,01 - Clear,01 - Daylight,01 - Dry,10 - No control,,03 - P.D. only,03 - Rear end,0
14-2548,SHANEGAL CRES btwn DOWNPATRICK RD & DOWNPATRICK RD,370527.98578,5022964.94842,-75.66127293220,45.34355167420,2014-02-24,12:00:00 AM,01 - Clear,07 - Dark,01 - Dry,10 - No control,,03 - P.D. only,06 - SMV unattended vehicle,0
14-2549,MARCH RD @ 280 S OF CARLING AVE/GATEWAY MALL S,351107.00527,5022027.22170,-75.90916760700,45.33666475510,2014-02-25,4:20:00 PM,02 - Rain,01 - Daylight,02 - Wet,01 - Traffic signal,01 - Functioning,02 - Non-fatal injury,05 - Turning movement,0
14-2550,BAYCREST DR @ WALKLEY RD,371422.20453,5026588.63127,-75.64937499560,45.37607199890,2014-02-25,4:50:00 PM,01 - Clear,01 - Daylight,01 - Dry,01 - Traffic signal,01 - Functioning,03 - P.D. only,02 - Angle,0
14-2551,BANK ST btwn ORVILLE KEMP ST & LEITRIM RD,375299.15314,5021772.57742,-75.60056724640,45.33235994500,2014-02-25,5:02:00 PM,01 - Clear,01 - Daylight,01 - Dry,10 - No control,,03 - P.D. only,03 - Rear end,0
14-2552,COPE DR @ TEMPLEFORD AVE,354192.19210,5015580.33700,-75.87044843300,45.27844402850,2014-02-25,6:25:00 PM,01 - Clear,07 - Dark,01 - Dry,02 - Stop sign,01 - Functioning,03 - P.D. only,03 - Rear end,0
14-2553,MEADOWLANDS DR/TALLWOOD DR @ WOODROFFE AVE,363055.14932,5022730.25733,-75.75664969620,45.34210034490,2014-02-25,7:10:00 PM,01 - Clear,07 - Dark,01 - Dry,01 - Traffic signal,01 - Functioning,03 - P.D. only,03 - Rear end,0
14-2554,HAZELDEAN RD @ HUNTMAR DR/IBER RD,350942.12397,5016078.48433,-75.91182513150,45.28314732910,2014-02-25,7:38:00 PM,01 - Clear,07 - Dark,01 - Dry,01 - Traffic signal,01 - Functioning,03 - P.D. only,03 - Rear end,0
14-2555,KANATA AVE btwn MACASSA CIRC & CAMPEAU DR,350563.95972,5019425.08873,-75.91633647700,45.31328575730,2014-02-25,6:50:00 PM,01 - Clear,07 - Dark,01 - Dry,10 - No control,,03 - P.D. only,04 - Sideswipe,0
14-2556,BLACKBURN BYPASS EB btwn 1700 W OF NAVAN RD & NAVAN RD,379556.82150,5033192.39903,-75.54452561550,45.43466764940,2014-02-26,3:44:00 AM,01 - Clear,07 - Dark,01 - Dry,10 - No control,,02 - Non-fatal injury,03 - Rear end,0
14-2557,ANDERSON ST @ BOOTH ST,366652.11850,5030124.56820,-75.70982963790,45.40832478190,2014-02-25,6:40:00 PM,01 - Clear,07 - Dark,01 - Dry,02 - Stop sign,01 - Functioning,02 - Non-fatal injury,07 - SMV other,1
14-2558,"OLD MONTREAL RD btwn GRAND-CH-NE, COUR DU CRT & TED KELLY LANE",386098.97282,5040772.11779,-75.45966915940,45.50213240490,2014-02-26,7:51:00 AM,01 - Clear,01 - Daylight,03 - Loose snow,10 - No control,,03 - P.D. only,07 - SMV other,0
14-2559,LEACOCK DR btwn TIFFANY CRES & LEACOCK WAY,351528.62204,5020664.42489,-75.90391712620,45.32437406310,2014-02-26,8:07:00 AM,01 - Clear,01 - Daylight,01 - Dry,10 - No control,,03 - P.D. only,03 - Rear end,0
14-2560,MONTREAL RD @ VANIER PKWY,370073.18373,5033065.59210,-75.66573988030,45.43447626600,2014-02-26,8:33:00 AM,01 - Clear,01 - Daylight,01 - Dry,01 - Traffic signal,01 - Functioning,03 - P.D. only,03 - Rear end,0
14-2561,ALTA VISTA DR @ SMYTH RD,370431.64955,5029081.32053,-75.66168944250,45.39859382400,2014-02-26,9:38:00 AM,01 - Clear,01 - Daylight,01 - Dry,01 - Traffic signal,00 - Unknown,03 - P.D. only,04 - Sideswipe,0
14-2562,BLACKBURN BYPASS @ NAVAN RD,379617.78045,5033274.69224,-75.54373409530,45.43540154510,2014-02-26,10:02:00 AM,01 - Clear,01 - Daylight,01 - Dry,01 - Traffic signal,01 - Functioning,03 - P.D. only,03 - Rear end,0
14-2563,BANK ST btwn WHITE ALDER AVE & FINDLAY CREEK DR,375835.54750,5020487.15538,-75.59390916860,45.32074016310,2014-02-26,7:55:00 AM,01 - Clear,01 - Daylight,06 - Ice,10 - No control,,03 - P.D. only,03 - Rear end,0
14-2564,EAGLESON RD btwn EAGLESON BUSINESS CENTRE & MICHAEL COWPLAND DR/STONEH,354373.62126,5016649.98438,-75.86802922580,45.28805619220,2014-02-25,1:50:00 PM,01 - Clear,01 - Daylight,02 - Wet,10 - No control,,02 - Non-fatal injury,02 - Angle,0
14-2565,LYON ST @ WELLINGTON ST,366935.74493,5031426.16600,-75.70604251710,45.42001105370,2014-02-26,10:37:00 AM,01 - Clear,01 - Daylight,01 - Dry,01 - Traffic signal,01 - Functioning,03 - P.D. only,04 - Sideswipe,0
14-2566,REGIONAL ROAD 174 btwn HWY417 IC113 RAMP67 & Continuation of REGIONAL,373521.94562,5031898.32032,-75.62182903410,45.42364332600,2014-02-26,8:38:00 AM,01 - Clear,01 - Daylight,01 - Dry,10 - No control,,03 - P.D. only,04 - Sideswipe,0
14-2567,JEANNE D'ARC BLVD @ MONTCERF CRT,381117.92615,5036287.12677,-75.52409578380,45.46234293130,2014-02-26,11:30:00 AM,01 - Clear,01 - Daylight,04 - Slush,01 - Traffic signal,01 - Functioning,03 - P.D. only,03 - Rear end,0
14-2568,YORKVILLE ST btwn CENTRAL PARK DR & MANHATTAN CRES,364794.25201,5025451.17852,-75.73413009510,45.36643624070,2014-02-26,12:23:00 PM,01 - Clear,01 - Daylight,06 - Ice,10 - No control,,03 - P.D. only,06 - SMV unattended vehicle,0
14-2569,ALTA VISTA DR @ KILBORN AVE,370366.19703,5027751.53910,-75.66270208340,45.38663505900,2014-02-26,12:33:00 PM,01 - Clear,01 - Daylight,01 - Dry,01 - Traffic signal,01 - Functioning,02 - Non-fatal injury,02 - Angle,0
14-2570,ST. JOSEPH BLVD btwn GABRIEL ST & PLACE D'ORLEANS DR,381575.59134,5037665.57995,-75.51802897640,45.47469495070,2014-02-26,11:55:00 AM,01 - Clear,01 - Daylight,00 - Unknown,10 - No control,,02 - Non-fatal injury,02 - Angle,0
14-2571,BYRON AVE @ ROOSEVELT AVE,363036.65326,5028060.10322,-75.75625748140,45.39005923840,2014-02-26,2:44:00 PM,01 - Clear,01 - Daylight,01 - Dry,01 - Traffic signal,01 - Functioning,02 - Non-fatal injury,02 - Angle,0
14-2572,CHURCHILL AVE @ RICHMOND RD,363228.20077,5028291.79084,-75.75378399540,45.39212797290,2014-02-26,2:52:00 PM,01 - Clear,01 - Daylight,01 - Dry,01 - Traffic signal,01 - Functioning,03 - P.D. only,02 - Angle,0
14-2573,STAR TOP RD btwn CYRVILLE RD & ALGOMA RD,373918.81082,5031239.51764,-75.61685067640,45.41767665520,2014-02-26,3:08:00 PM,01 - Clear,01 - Daylight,01 - Dry,10 - No control,,02 - Non-fatal injury,02 - Angle,0
14-2574,OGILVIE RD @ BATHGATE DR/CITYPARK DR W,373828.24817,5032800.57650,-75.61778891950,45.43173120130,2014-02-26,4:41:00 PM,01 - Clear,01 - Daylight,01 - Dry,01 - Traffic signal,01 - Functioning,02 - Non-fatal injury,07 - SMV other,1
14-2575,EAGLESON RD @ KAKULU RD,353381.05128,5019152.68638,-75.88043666480,45.31064538010,2014-02-26,4:43:00 PM,01 - Clear,01 - Daylight,01 - Dry,01 - Traffic signal,01 - Functioning,03 - P.D. only,05 - Turning movement,0
14-2576,BANK ST @ CATHERINE ST,368038.28360,5030267.57200,-75.69210457200,45.40948761390,2014-02-26,3:30:00 PM,01 - Clear,01 - Daylight,01 - Dry,01 - Traffic signal,01 - Functioning,02 - Non-fatal injury,07 - SMV other,1
14-2577,BANK ST @ GLOUCESTER ST,367525.12880,5031199.52977,-75.69854108270,45.41791925990,2014-02-26,4:59:00 PM,01 - Clear,01 - Daylight,01 - Dry,01 - Traffic signal,01 - Functioning,02 - Non-fatal injury,07 - SMV other,1
14-2578,CORDOVA ST @ WITHROW AVE,363962.65076,5023807.02637,-75.74494194960,45.35171305200,2014-02-26,4:55:00 PM,01 - Clear,01 - Daylight,01 - Dry,02 - Stop sign,01 - Functioning,02 - Non-fatal injury,02 - Angle,0
14-2579,HINCKS LANE @ RIVERSIDE DR,370167.20709,5030205.54648,-75.66491776980,45.40873393300,2014-02-26,5:05:00 PM,01 - Clear,01 - Daylight,01 - Dry,02 - Stop sign,01 - Functioning,03 - P.D. only,03 - Rear end,0
14-2580,CLEGG ST @ COLONEL BY DR,368969.55800,5029742.80907,-75.68027666870,45.40468120990,2014-02-26,5:38:00 PM,01 - Clear,07 - Dark,01 - Dry,02 - Stop sign,01 - Functioning,03 - P.D. only,02 - Angle,0
14-2581,KENT ST btwn NEPEAN ST & LISGAR ST,367410.46226,5031008.77271,-75.70003030630,45.41621315750,2014-02-26,5:37:00 PM,01 - Clear,05 - Dusk,01 - Dry,10 - No control,,03 - P.D. only,06 - SMV unattended vehicle,0
14-2582,KIRKWOOD AVE @ LEPAGE AVE,364790.16833,5026653.54310,-75.73403619260,45.37725526560,2014-02-26,9:30:00 AM,01 - Clear,01 - Daylight,05 - Packed snow,02 - Stop sign,01 - Functioning,03 - P.D. only,02 - Angle,0
14-2583,OLD TENTH LINE RD/OR174 IC101 RAMP63 @ ST. JOS,383119.71375,5038784.93621,-75.49810394410,45.48459442310,2014-02-26,6:09:00 PM,01 - Clear,05 - Dusk,01 - Dry,01 - Traffic signal,01 - Functioning,03 - P.D. only,05 - Turning movement,0
14-2584,INNES RD @ TRIM RD,386567.24603,5037273.55590,-75.45426059990,45.47060127560,2014-02-26,5:50:00 PM,01 - Clear,05 - Dusk,01 - Dry,01 - Traffic signal,00 - Unknown,03 - P.D. only,02 - Angle,0
14-2585,BAYSHORE DR @ WOODRIDGE CRES S,359235.09080,5023508.55813,-75.80530521680,45.34941033670,2014-02-26,5:05:00 PM,01 - Clear,05 - Dusk,01 - Dry,01 - Traffic signal,01 - Functioning,03 - P.D. only,03 - Rear end,0
14-2586,ST. JOSEPH BLVD btwn ORLEANS BLVD & COUSINEAU ST,380693.97142,5037021.99305,-75.52940279100,45.46900085330,2014-02-26,7:00:00 PM,01 - Clear,07 - Dark,01 - Dry,10 - No control,,02 - Non-fatal injury,03 - Rear end,0
14-2587,BLAIR RD @ OGILVIE RD,374509.14550,5033199.52287,-75.60903132440,45.43525316270,2014-02-26,5:00:00 PM,01 - Clear,01 - Daylight,01 - Dry,01 - Traffic signal,01 - Functioning,03 - P.D. only,05 - Turning movement,0
14-2588,ALBION RD @ HUNT CLUB RD,371867.66946,5024320.73412,-75.64399581990,45.35562377710,2014-02-27,1:56:00 AM,03 - Snow,07 - Dark,03 - Loose snow,01 - Traffic signal,01 - Functioning,03 - P.D. only,02 - Angle,0
14-2589,"OLD MONTREAL RD btwn GRAND-CH-NE, COUR DU CRT & TED KELLY LANE",386003.34450,5040711.98342,-75.46090260420,45.50160251600,2014-02-27,7:01:00 AM,03 - Snow,03 - Dawn,03 - Loose snow,10 - No control,,02 - Non-fatal injury,07 - SMV other,0
14-2590,JEANNE D'ARC BLVD  S btwn WOODCLIFFE PRIV & HENRI LAUZON ST,380370.01155,5036194.79347,-75.53367244880,45.46159349340,2014-02-27,7:11:00 AM,03 - Snow,03 - Dawn,03 - Loose snow,10 - No control,,03 - P.D. only,03 - Rear end,0
14-2591,ST. JOSEPH BLVD btwn R.C.M.P. COMPLEX & YOUVILLE DR,379070.25588,5036126.93924,-75.55030059510,45.46112237680,2014-02-27,7:20:00 AM,03 - Snow,01 - Daylight,03 - Loose snow,10 - No control,,03 - P.D. only,05 - Turning movement,0
14-2592,HEMLOCK RD @ LANSDOWNE RD,369850.94860,5034512.51957,-75.66838872930,45.44751582000,2014-02-27,8:29:00 AM,03 - Snow,01 - Daylight,03 - Loose snow,02 - Stop sign,01 - Functioning,03 - P.D. only,02 - Angle,0
14-2593,DIAMONDVIEW RD btwn THOMAS A. DOLAN PKWY & OLD COACH RD,336588.70171,5024039.71286,-76.09427197550,45.35558205770,2014-02-27,6:00:00 AM,03 - Snow,07 - Dark,03 - Loose snow,10 - No control,,03 - P.D. only,07 - SMV other,0
14-2594,WOODLAND PL btwn MARINA DR & END,372615.22690,5003695.42986,-75.63727117740,45.16996981650,2014-02-27,8:40:00 AM,03 - Snow,01 - Daylight,03 - Loose snow,10 - No control,,03 - P.D. only,06 - SMV unattended vehicle,0
14-2595,GREY FOX DR btwn TO BE DETERMINED & MARCH RD,336247.50549,5016584.15402,-76.09910008910,45.28850862850,2014-02-27,10:22:00 AM,03 - Snow,01 - Daylight,03 - Loose snow,10 - No control,,03 - P.D. only,07 - SMV other,0
14-2596,CARLING AVE @ KIRKWOOD AVE N,364275.39718,5027493.94720,-75.74050704550,45.38486096570,2014-02-27,10:47:00 AM,03 - Snow,01 - Daylight,02 - Wet,01 - Traffic signal,01 - Functioning,03 - P.D. only,05 - Turning movement,0
14-2597,PRETORIA AVE btwn METCALFE ST & ELGIN ST,368510.82252,5030342.82063,-75.68605857580,45.41012181940,2014-02-27,11:31:00 AM,01 - Clear,01 - Daylight,03 - Loose snow,10 - No control,,03 - P.D. only,06 - SMV unattended vehicle,0
14-2598,COVENTRY RD btwn LOLA ST & BELFAST RD,371479.88027,5031637.96470,-75.64795608390,45.42149839190,2014-02-27,11:20:00 AM,01 - Clear,01 - Daylight,02 - Wet,10 - No control,,03 - P.D. only,02 - Angle,0
14-2599,ALERT RD/AIRPORT PKWY/UPLANDS DR RAMP 62 @ LES,371304.59848,5021354.41581,-75.65158042800,45.32898737810,2014-02-27,7:10:00 AM,03 - Snow,03 - Dawn,02 - Wet,01 - Traffic signal,00 - Unknown,02 - Non-fatal injury,03 - Rear end,0
14-2600,CARLING AVE @ RITCHIE ST,359589.61013,5024366.48028,-75.80068614620,45.35710231100,2014-02-27,12:18:00 PM,01 - Clear,01 - Daylight,02 - Wet,01 - Traffic signal,01 - Functioning,03 - P.D. only,03 - Rear end,0
14-2601,QUINLAN RD @ RUTH ST,372562.72880,5029065.49367,-75.63447449780,45.39824841070,2014-02-27,12:27:00 PM,03 - Snow,01 - Daylight,03 - Loose snow,02 - Stop sign,01 - Functioning,03 - P.D. only,02 - Angle,0
14-2602,TENTH LINE RD @ CHARLEMAGNE BLVD N/TOMPKINS AV,383184.40383,5037975.98617,-75.49740564020,45.47730897010,2014-02-27,12:28:00 PM,01 - Clear,01 - Daylight,02 - Wet,01 - Traffic signal,01 - Functioning,03 - P.D. only,03 - Rear end,0
14-2603,VIEWMOUNT DR @ MERIVALE RD,365195.11890,5022947.54753,-75.72931905840,45.34387452180,2014-02-27,12:10:00 PM,01 - Clear,01 - Daylight,02 - Wet,01 - Traffic signal,01 - Functioning,03 - P.D. only,03 - Rear end,0
14-2604,AVENUE K @ TREMBLAY RD,371426.65489,5031306.90173,-75.64868089810,45.41852470150,2014-02-27,6:50:00 AM,03 - Snow,03 - Dawn,04 - Slush,02 - Stop sign,00 - Unknown,03 - P.D. only,03 - Rear end,0
14-2605,HENDERSON AVE btwn OSGOODE ST & SOMERSET ST E,369019.59850,5031735.59148,-75.67937784260,45.42260697450,2014-02-27,12:50:00 PM,01 - Clear,01 - Daylight,02 - Wet,10 - No control,,03 - P.D. only,04 - Sideswipe,0
14-2606,NEWMARKET ST btwn LIVERPOOL CRT & BANTREE ST,373542.84442,5030408.01787,-75.62176990540,45.41023226570,2014-02-27,2:45:00 PM,01 - Clear,01 - Daylight,02 - Wet,10 - No control,,03 - P.D. only,99 - Other,0
14-2607,DEAKIN ST @ PRINCE OF WALES DR,367389.19019,5021523.74129,-75.70150405760,45.33087103820,2014-02-27,1:50:00 PM,01 - Clear,01 - Daylight,02 - Wet,01 - Traffic signal,01 - Functioning,03 - P.D. only,04 - Sideswipe,0
14-2608,MERIVALE RD @ WEST HUNT CLUB RD,365612.69520,5021942.75169,-75.72411449940,45.33479743030,2014-02-27,3:21:00 PM,01 - Clear,01 - Daylight,02 - Wet,01 - Traffic signal,01 - Functioning,03 - P.D. only,03 - Rear end,0
14-2609,BRUNEL ST @ MONTREAL RD,372825.13570,5034418.47823,-75.63038403690,45.44638655410,2014-02-27,3:30:00 PM,01 - Clear,01 - Daylight,01 - Dry,02 - Stop sign,00 - Unknown,03 - P.D. only,03 - Rear end,0
14-2610,BOW VALLEY DR btwn ANTIQUE CRT & GOLDENEYE WAY,369036.22010,5015967.17086,-75.68121394370,45.28072518720,2014-02-27,8:15:00 AM,01 - Clear,01 - Daylight,01 - Dry,10 - No control,,03 - P.D. only,02 - Angle,0
14-2611,LAURIER AVE   E btwn LAURIER AVE W & NICHOLAS ST,368317.23890,5031765.09454,-75.68834814250,45.42293655650,2014-02-27,3:35:00 PM,01 - Clear,01 - Daylight,02 - Wet,10 - No control,,02 - Non-fatal injury,03 - Rear end,0
14-2612,MORRISON DR @ GREENBANK RD,360553.29972,5023128.27393,-75.78852653460,45.34588499260,2014-02-27,4:07:00 PM,01 - Clear,01 - Daylight,02 - Wet,02 - Stop sign,01 - Functioning,02 - Non-fatal injury,07 - SMV other,1
14-2613,VALIN ST btwn CHARLEMAGNE BLVD & NORTHLANDS DR,384881.14650,5037602.43368,-75.47576739480,45.47375556990,2014-02-27,3:45:00 PM,01 - Clear,01 - Daylight,03 - Loose snow,10 - No control,,03 - P.D. only,02 - Angle,0
14-2614,CARLING AVE @ BROADVIEW AVE,363181.16053,5026640.43733,-75.75458003190,45.37727325750,2014-02-27,5:21:00 PM,01 - Clear,05 - Dusk,01 - Dry,01 - Traffic signal,01 - Functioning,03 - P.D. only,05 - Turning movement,0
14-2615,RICHARDSON SIDE RD @ TERRY FOX DR,348803.08600,5019506.07210,-75.93878597800,45.31412702200,2014-02-27,5:59:00 PM,03 - Snow,07 - Dark,05 - Packed snow,01 - Traffic signal,01 - Functioning,03 - P.D. only,05 - Turning movement,0
14-2616,MOODIE DR btwn 340 S OF CARLING AVE/NORTEL NORTH ENT & 715 S OF CARLIN,356151.05578,5023289.30770,-75.84468344090,45.34767009680,2014-02-27,5:59:00 PM,03 - Snow,07 - Dark,03 - Loose snow,10 - No control,,03 - P.D. only,07 - SMV other,0
14-2617,CARP RD @ HAZELDEAN RD,348803.15410,5014358.54047,-75.93924174520,45.26780781020,2014-02-27,5:58:00 PM,03 - Snow,07 - Dark,03 - Loose snow,01 - Traffic signal,01 - Functioning,03 - P.D. only,05 - Turning movement,0
14-2618,CARLING AVE @ PARKDALE AVE,365625.50607,5028172.87000,-75.72318423440,45.39085383120,2014-02-27,4:00:00 PM,05 - Drifting Snow,01 - Daylight,03 - Loose snow,01 - Traffic signal,01 - Functioning,03 - P.D. only,04 - Sideswipe,0
14-2619,DUNROBIN RD btwn CONSTANCE BAY RD & KINBURN SIDE RD,337086.84655,5036914.34821,-76.08707076000,45.47140962120,2014-02-27,6:15:00 PM,05 - Drifting Snow,07 - Dark,03 - Loose snow,10 - No control,,03 - P.D. only,07 - SMV other,0
14-2620,RIVERSIDE DR @ WALKLEY RD,368420.14570,5024855.42503,-75.68792418740,45.36075607260,2014-02-27,6:00:00 PM,03 - Snow,05 - Dusk,03 - Loose snow,01 - Traffic signal,01 - Functioning,03 - P.D. only,03 - Rear end,0
14-2621,GREENBANK RD @ HWY 417 IC129 RAMP57/IRIS ST,360531.30900,5023313.25446,-75.78878629450,45.34755119260,2014-02-27,5:20:00 PM,03 - Snow,05 - Dusk,03 - Loose snow,01 - Traffic signal,01 - Functioning,03 - P.D. only,04 - Sideswipe,0
14-2622,MITCH OWENS RD @ STAGECOACH RD,375397.38503,5014483.51033,-75.60035199790,45.26676566910,2014-02-27,6:34:00 PM,03 - Snow,07 - Dark,03 - Loose snow,01 - Traffic signal,01 - Functioning,03 - P.D. only,03 - Rear end,0
14-2623,225 E OF RIVERSIDE DR / T & T SC @ HUNT CLUB RD,368235.69760,5022055.97860,-75.69063740580,45.33558399620,2014-02-27,6:36:00 PM,03 - Snow,07 - Dark,03 - Loose snow,01 - Traffic signal,01 - Functioning,03 - P.D. only,03 - Rear end,0
14-2624,MARCH RD btwn DIAMONDVIEW RD & THOMAS ARGUE RD,340318.56656,5020037.60430,-76.04695536400,45.31939042230,2014-02-27,7:00:00 PM,06 - Strong wind,07 - Dark,06 - Ice,10 - No control,,03 - P.D. only,07 - SMV other,0
14-2625,FALLOWFIELD RD btwn HWY416 IC66 RAMP63 & HWY416 IC66 RAMP52,360052.39864,5014791.62789,-75.79584753890,45.27091101610,2014-02-27,7:04:00 PM,05 - Drifting Snow,07 - Dark,05 - Packed snow,10 - No control,,02 - Non-fatal injury,07 - SMV other,0
14-2626,DWYER HILL RD btwn FRANKTOWN RD & JOCK TR,349043.36308,4997961.33221,-75.93763589260,45.12024272490,2014-02-27,7:11:00 PM,03 - Snow,07 - Dark,06 - Ice,10 - No control,,03 - P.D. only,07 - SMV other,0
14-2627,FRANKTOWN RD btwn GREEN'S RD & CONLEY RD,352916.89722,5002716.17665,-75.88794562960,45.16277609820,2014-02-27,7:16:00 PM,05 - Drifting Snow,07 - Dark,05 - Packed snow,10 - No control,,02 - Non-fatal injury,07 - SMV other,0
14-2628,CUMBERLAND ST btwn CLARENCE ST & YORK ST,368248.95462,5032550.03562,-75.68911950410,45.43000537760,2014-02-27,8:20:00 PM,03 - Snow,07 - Dark,03 - Loose snow,10 - No control,,03 - P.D. only,02 - Angle,0
14-2629,KING EDWARD AVE btwn THOMAS MORE PRIV & MARIE CURIE PRIV,368912.73998,5031746.41386,-75.68074177170,45.42271415190,2014-02-27,6:00:00 PM,03 - Snow,05 - Dusk,02 - Wet,10 - No control,,02 - Non-fatal injury,03 - Rear end,0
14-2630,PRESLAND RD @ LOLA ST,371174.71820,5031861.81554,-75.65182489250,45.42354152460,2014-02-27,8:43:00 PM,03 - Snow,07 - Dark,03 - Loose snow,02 - Stop sign,01 - Functioning,02 - Non-fatal injury,03 - Rear end,0
14-2631,PRINCE OF WALES DR @ FALLOWFIELD RD,367399.71000,5019166.21671,-75.70166783400,45.30965746090,2014-02-27,9:35:00 PM,05 - Drifting Snow,07 - Dark,03 - Loose snow,01 - Traffic signal,01 - Functioning,03 - P.D. only,02 - Angle,0
14-2632,CLOVER ST @ HERON RD,369293.22267,5026764.79729,-75.67653172480,45.37785627950,2014-02-27,9:44:00 PM,01 - Clear,07 - Dark,02 - Wet,01 - Traffic signal,01 - Functioning,03 - P.D. only,02 - Angle,0
14-2633,MARCH RD btwn DIAMONDVIEW RD & THOMAS ARGUE RD,340664.28188,5020365.85700,-76.04252208350,45.32232660590,2014-02-27,9:59:00 PM,03 - Snow,07 - Dark,03 - Loose snow,10 - No control,,03 - P.D. only,07 - SMV other,0
14-2634,CARP RD btwn MCGEE SIDE RD & ARBOURBROOK BLVD,344324.21295,5019294.85451,-75.99592389200,45.31249279670,2014-02-27,9:00:00 PM,05 - Drifting Snow,07 - Dark,06 - Ice,10 - No control,,02 - Non-fatal injury,07 - SMV other,0
14-2635,BRONSON AVE @ SUNNYSIDE AVE/UNIVERSITY RD - CA,367922.23617,5028090.59923,-75.69386558520,45.38991033880,2014-02-27,11:12:00 PM,01 - Clear,07 - Dark,01 - Dry,01 - Traffic signal,01 - Functioning,03 - P.D. only,05 - Turning movement,0
14-2636,EVERGREEN DR btwn ASCOT AVE & DORLAND CRES,358326.14256,5020476.66442,-75.81723221360,45.32219915280,2014-02-27,11:33:00 PM,03 - Snow,07 - Dark,03 - Loose snow,10 - No control,,02 - Non-fatal injury,07 - SMV other,1
14-2637,PINECREST RD @ RICHMOND RD,360072.67050,5024471.99433,-75.79450921550,45.35801380920,2014-02-28,12:34:00 AM,05 - Drifting Snow,07 - Dark,05 - Packed snow,01 - Traffic signal,01 - Functioning,02 - Non-fatal injury,03 - Rear end,0
14-2638,COLONIAL RD btwn BIRCHGROVE RD & CANAAN RD,398823.10391,5035747.80470,-75.29784200000,45.45533248860,2014-02-28,3:22:00 AM,05 - Drifting Snow,07 - Dark,03 - Loose snow,10 - No control,,03 - P.D. only,07 - SMV other,0
14-2639,CEDARVIEW RD @ WEST HUNT CLUB RD,359725.93614,5019556.08949,-75.79948015620,45.31380764620,2014-02-28,6:56:00 AM,01 - Clear,03 - Dawn,02 - Wet,01 - Traffic signal,01 - Functioning,03 - P.D. only,03 - Rear end,0
14-2640,ABETTI RIDGE btwn ESPIN HTS & JOCKVALE RD,365050.70900,5013483.50300,-75.73231180870,45.25873004360,2014-02-28,7:04:00 AM,03 - Snow,03 - Dawn,06 - Ice,10 - No control,,03 - P.D. only,01 - Approaching,0
14-2641,210 W OF MERIVALE RD @ WEST HUNT CLUB RD,365429.45877,5021828.47952,-75.72646612560,45.33378507970,2014-02-28,7:10:00 AM,01 - Clear,03 - Dawn,04 - Slush,01 - Traffic signal,01 - Functioning,03 - P.D. only,02 - Angle,0
14-2642,BANK ST @ WELLINGTON ST,367256.69306,5031629.84083,-75.70191608770,45.42181507740,2014-02-28,7:20:00 AM,01 - Clear,01 - Daylight,02 - Wet,01 - Traffic signal,01 - Functioning,02 - Non-fatal injury,04 - Sideswipe,0