Record,Location,X,Y,Longitude,Latitude,Date,Time,Environment,Light,Road_Surface,Traffic_Control,Collision_Location,Collision_Classification,Impact_type,Pedestrian
14-2749,DONALD ST @ VANIER PKWY,370312.18703,5032270.58540,-75.66279126300,45.42730077750,2014-03-02,12:40:00 AM,03 - Snow,07 - Dark,03 - Loose snow,01 - Traffic signal,01 - Functioning,03 - P.D. only,02 - Angle,0
14-2750,RIDEAU ST btwn CHAPEL ST & AUGUSTA ST,368954.71956,5032681.46943,-75.68008359600,45.43112358490,2014-03-02,12:58:00 AM,03 - Snow,07 - Dark,04 - Slush,10 - No control,,03 - P.D. only,06 - SMV unattended vehicle,0
14-2751,CHESTERTON DR btwn ASSINIBOINE DR & FOUR SEASONS DR,365907.58548,5023753.17330,-75.72012882380,45.35106171140,2014-03-02,3:10:00 AM,03 - Snow,07 - Dark,03 - Loose snow,10 - No control,,03 - P.D. only,01 - Approaching,0
14-2752,BANK ST btwn SPRINGHILL RD & DALMENY RD,385170.90211,5006175.01186,-75.47716503900,45.19096169180,2014-03-02,9:02:00 AM,01 - Clear,01 - Daylight,02 - Wet,10 - No control,,02 - Non-fatal injury,01 - Approaching,0
14-2753,REGIONAL ROAD 174 btwn OR174 IC102 RAMP61 & OR174 IC101 RAMP36,382245.50991,5038636.16354,-75.50930886930,45.48335343240,2014-03-02,9:30:00 AM,01 - Clear,01 - Daylight,01 - Dry,10 - No control,,03 - P.D. only,04 - Sideswipe,0
14-2754,BANK ST @ RIVERSIDE DR N,369226.18983,5027982.59813,-75.67722859570,45.38881984120,2014-03-02,9:35:00 AM,01 - Clear,01 - Daylight,02 - Wet,01 - Traffic signal,01 - Functioning,03 - P.D. only,02 - Angle,0
14-2755,HINTON AVE @ SPENCER ST,364912.70160,5029406.82623,-75.73213642280,45.40201825610,2014-03-02,9:59:00 AM,01 - Clear,01 - Daylight,04 - Slush,02 - Stop sign,00 - Unknown,03 - P.D. only,02 - Angle,0
14-2756,DERBY PL btwn GILMOUR ST & LEWIS ST,367871.87644,5030810.20109,-75.69416084720,45.41438503470,2014-03-01,2:00:00 PM,01 - Clear,01 - Daylight,03 - Loose snow,10 - No control,,03 - P.D. only,02 - Angle,0
14-2757,VANIER PKWY/CRICHTON ST @ BEECHWOOD AVE/ST. PA,369127.02126,5033486.78463,-75.67777653290,45.43835367010,2014-03-02,11:47:00 AM,01 - Clear,01 - Daylight,02 - Wet,01 - Traffic signal,00 - Unknown,03 - P.D. only,03 - Rear end,0
14-2758,BASELINE RD/HERON RD @ PRINCE OF WALES DR,366873.23257,5026438.53230,-75.70746884510,45.37513920060,2014-03-02,11:44:00 AM,01 - Clear,01 - Daylight,01 - Dry,01 - Traffic signal,01 - Functioning,03 - P.D. only,05 - Turning movement,0
14-2759,KING EDWARD AVE btwn RIDEAU ST & BESSERER ST,368517.86834,5032405.05839,-75.68570188170,45.42867647730,2014-03-02,10:45:00 AM,01 - Clear,01 - Daylight,02 - Wet,10 - No control,,03 - P.D. only,02 - Angle,0
14-2760,FALLOWFIELD RD btwn MOODIE DR & HWY416 IC66 RAMP53,359567.53268,5014654.42238,-75.80204147930,45.26971435110,2014-03-02,12:28:00 PM,01 - Clear,01 - Daylight,01 - Dry,10 - No control,,03 - P.D. only,05 - Turning movement,0
14-2761,RIVERSIDE DR @ HERON RD,368121.57883,5026649.11683,-75.69150493840,45.37692228590,2014-03-01,7:45:00 AM,01 - Clear,01 - Daylight,02 - Wet,01 - Traffic signal,01 - Functioning,03 - P.D. only,02 - Angle,0
14-2762,OLMSTEAD ST btwn MONTREAL RD & LEVIS AVE,370376.48972,5033124.95294,-75.66185581930,45.43498199150,2014-03-02,1:29:00 PM,01 - Clear,01 - Daylight,02 - Wet,10 - No control,,03 - P.D. only,04 - Sideswipe,0
14-2763,RIVERSIDE DR btwn MARILYN AVE & REVELSTOKE DR,368206.81183,5024402.66472,-75.69070508260,45.35670157170,2014-03-02,1:37:00 PM,01 - Clear,01 - Daylight,01 - Dry,10 - No control,,03 - P.D. only,03 - Rear end,0
14-2764,MERIVALE RD btwn VIEWMOUNT DR & COLONNADE RD,365348.05519,5022582.41109,-75.72741235930,45.34057588950,2014-03-02,1:39:00 PM,01 - Clear,01 - Daylight,02 - Wet,10 - No control,,03 - P.D. only,03 - Rear end,0
14-2765,STITTSVILLE MAIN ST @ HAZELDEAN RD,349557.89113,5014878.46351,-75.92957729720,45.27243863490,2014-03-02,1:15:00 PM,01 - Clear,01 - Daylight,02 - Wet,01 - Traffic signal,01 - Functioning,03 - P.D. only,03 - Rear end,0
14-2766,CHARDONNAY DR btwn VALENCEVILLE CRES & VALENCEVILLE CRES,385162.08338,5036207.79448,-75.47240284870,45.46117567690,2014-03-02,3:02:00 PM,03 - Snow,01 - Daylight,05 - Packed snow,10 - No control,,03 - P.D. only,06 - SMV unattended vehicle,0
14-2767,RICHARD ST @ VAN VLIET RD,369143.24417,5010289.50767,-75.68058498690,45.22962835500,2014-03-02,3:05:00 PM,01 - Clear,01 - Daylight,02 - Wet,02 - Stop sign,01 - Functioning,03 - P.D. only,99 - Other,0
14-2768,IBER RD btwn HUNTMAR DR & HARRY DOUGLAS DR,351451.68652,5015462.25149,-75.90538799810,45.27756864990,2014-03-02,4:07:00 PM,01 - Clear,01 - Daylight,01 - Dry,10 - No control,,02 - Non-fatal injury,07 - SMV other,0
14-2769,GREENBANK RD btwn WEST HUNT CLUB RD & FALLOWFIELD RD,363000.57431,5016921.30194,-75.75802848700,45.28983606960,2014-03-02,4:12:00 PM,01 - Clear,01 - Daylight,03 - Loose snow,10 - No control,,03 - P.D. only,07 - SMV other,0
14-2770,FALLOWFIELD RD @ GREENBANK RD,363082.09750,5016729.61170,-75.75701179420,45.28810448310,2014-03-02,4:20:00 PM,01 - Clear,01 - Daylight,01 - Dry,01 - Traffic signal,01 - Functioning,03 - P.D. only,03 - Rear end,0
14-2771,BASELINE RD @ FISHER AVE,366167.70754,5026029.29316,-75.71652676000,45.37151909670,2014-03-02,4:25:00 PM,01 - Clear,01 - Daylight,02 - Wet,01 - Traffic signal,01 - Functioning,03 - P.D. only,03 - Rear end,0
14-2772,TWEEDSMUIR AVE @ SCOTT ST,363399.05497,5028777.50587,-75.75154442620,45.39648408050,2014-03-02,4:00:00 PM,01 - Clear,01 - Daylight,02 - Wet,01 - Traffic signal,01 - Functioning,03 - P.D. only,03 - Rear end,0
14-2773,MONTREAL RD btwn CARSON'S RD/CODD'S RD & DEN HAAG DR/LANG'S RD,372756.02646,5034390.04999,-75.63127133550,45.44613749410,2014-03-02,5:25:00 PM,01 - Clear,01 - Daylight,01 - Dry,10 - No control,,02 - Non-fatal injury,03 - Rear end,0
14-2774,CALEDON ST btwn DALE AVE & ALTA VISTA DR,370678.74642,5030412.30324,-75.65835580480,45.41054628580,2014-03-02,6:05:00 PM,01 - Clear,05 - Dusk,05 - Packed snow,10 - No control,,03 - P.D. only,06 - SMV unattended vehicle,0
14-2775,PALMADEO DR btwn ALAMEDA WAY & GLEESON WAY,365133.41227,5015759.22332,-75.73098165910,45.27919986250,2014-03-01,2:27:00 AM,03 - Snow,07 - Dark,03 - Loose snow,10 - No control,,03 - P.D. only,06 - SMV unattended vehicle,0
14-2776,LOLA ST btwn KING GEORGE ST & QUEEN MARY ST,371128.87754,5032056.28821,-75.65238442070,45.42529565400,2014-03-02,9:21:00 PM,01 - Clear,07 - Dark,01 - Dry,10 - No control,,03 - P.D. only,02 - Angle,0
14-2777,BRIAN COBURN BLVD @ ESPRIT DR,385141.57096,5035343.88239,-75.47280624700,45.45340537220,2014-03-03,7:38:00 AM,01 - Clear,01 - Daylight,05 - Packed snow,02 - Stop sign,01 - Functioning,03 - P.D. only,03 - Rear end,0
14-2778,WEST HUNT CLUB RD @ CLEOPATRA DR/LANCELOT DR,365235.86540,5021732.49400,-75.72894755980,45.33293811360,2014-03-03,8:13:00 AM,01 - Clear,01 - Daylight,06 - Ice,01 - Traffic signal,01 - Functioning,02 - Non-fatal injury,03 - Rear end,0
14-2779,NAVAHO DR btwn GAGE CRES & BASELINE RD,363076.56522,5024115.50377,-75.75621321360,45.35456289750,2014-03-03,8:17:00 AM,01 - Clear,01 - Daylight,01 - Dry,10 - No control,,03 - P.D. only,02 - Angle,0
14-2780,CAHILL DR @ HUNT CLUB RD,372407.26077,5024540.61357,-75.63707957000,45.35755035490,2014-03-03,8:17:00 AM,01 - Clear,01 - Daylight,01 - Dry,01 - Traffic signal,00 - Unknown,03 - P.D. only,04 - Sideswipe,0
14-2781,WEST HUNT CLUB RD @ CLEOPATRA DR/LANCELOT DR,365235.22607,5021730.59827,-75.72895594690,45.33292111140,2014-03-03,8:33:00 AM,01 - Clear,01 - Daylight,06 - Ice,01 - Traffic signal,01 - Functioning,03 - P.D. only,03 - Rear end,0
14-2782,BASELINE RD btwn CONSTELLATION CRES & WOODROFFE AVE,362460.66309,5023716.62502,-75.76411986530,45.35102473270,2014-02-28,11:00:00 AM,01 - Clear,01 - Daylight,01 - Dry,10 - No control,,03 - P.D. only,04 - Sideswipe,0
14-2783,ALTA VISTA DR @ KILBORN AVE,370365.21613,5027752.80653,-75.66271444010,45.38664655450,2014-03-03,9:04:00 AM,01 - Clear,01 - Daylight,01 - Dry,01 - Traffic signal,01 - Functioning,03 - P.D. only,05 - Turning movement,0
14-2784,SOMERO PRIV btwn TAPIOLA CRES & TAPIOLA CRES,372321.58340,5025309.55085,-75.63806795570,45.36447722840,2014-03-03,7:30:00 AM,01 - Clear,01 - Daylight,06 - Ice,10 - No control,,03 - P.D. only,01 - Approaching,0
14-2785,EAGLESON RD @ KAKULU RD,353383.03940,5019149.57307,-75.88041161700,45.31061722850,2014-03-03,10:14:00 AM,01 - Clear,01 - Daylight,01 - Dry,01 - Traffic signal,01 - Functioning,03 - P.D. only,05 - Turning movement,0
14-2786,LILY POND ST btwn CROWNRIDGE DR & MEADOWBREEZE DR,355945.06000,5015338.44100,-75.84813277610,45.27614206870,2014-02-28,12:00:00 AM,01 - Clear,00 - Unknown,03 - Loose snow,10 - No control,,03 - P.D. only,06 - SMV unattended vehicle,0
14-2787,CONROY RD @ JOHNSTON RD,373396.30013,5026309.22026,-75.62421168600,45.37336749720,2014-03-03,10:54:00 AM,01 - Clear,01 - Daylight,01 - Dry,01 - Traffic signal,01 - Functioning,03 - P.D. only,02 - Angle,0
14-2788,FALLOWFIELD RD @ GREENBANK RD,363080.67570,5016733.21576,-75.75702949460,45.28813703070,2014-03-03,11:08:00 AM,01 - Clear,01 - Daylight,01 - Dry,01 - Traffic signal,01 - Functioning,03 - P.D. only,03 - Rear end,0
14-2789,GOSSET ST btwn PARISIEN ST & KENASTON ST,372952.32192,5031336.56943,-75.62918489250,45.41864468930,2014-03-03,8:30:00 AM,01 - Clear,01 - Daylight,01 - Dry,10 - No control,,03 - P.D. only,02 - Angle,0
14-2790,BASELINE RD/HERON RD @ PRINCE OF WALES DR,366876.07617,5026438.53230,-75.70743254240,45.37513894870,2014-01-11,7:15:00 AM,02 - Rain,03 - Dawn,02 - Wet,01 - Traffic signal,00 - Unknown,03 - P.D. only,04 - Sideswipe,0
14-2791,PURDY RD btwn ASHTON STATION RD & DWYER HILL RD,349909.50098,4996313.27119,-75.92677570360,45.10535775000,2014-03-03,11:36:00 AM,01 - Clear,01 - Daylight,01 - Dry,10 - No control,,03 - P.D. only,99 - Other,0
14-2792,RICHMOND RD btwn WINSTON AVE & CHURCHILL AVE N,363139.98784,5028232.47525,-75.75491752530,45.39160161560,2014-03-03,11:00:00 AM,01 - Clear,01 - Daylight,01 - Dry,10 - No control,,03 - P.D. only,04 - Sideswipe,0
14-2793,WOODROFFE AVE btwn TURN LANE & TALLWOOD DR,363049.95591,5022744.85071,-75.75671424140,45.34223208650,2014-03-03,11:43:00 AM,01 - Clear,01 - Daylight,01 - Dry,10 - No control,,03 - P.D. only,05 - Turning movement,0
14-2794,PHELAN RD @ RIDEAU VALLEY DR,372524.07967,5005468.47227,-75.63818995790,45.18593227240,2014-03-03,11:45:00 AM,01 - Clear,01 - Daylight,01 - Dry,02 - Stop sign,00 - Unknown,03 - P.D. only,99 - Other,0
14-2795,MCCARTHY RD btwn WALKLEY RD & PROVOST DR,369269.14858,5025272.08638,-75.67703389770,45.36442751680,2014-03-03,9:30:00 AM,01 - Clear,01 - Daylight,01 - Dry,10 - No control,,03 - P.D. only,01 - Approaching,0
14-2796,BRIDGE ST btwn NORTH RIVERSIDE DR & BRIDGE ST,369155.31414,5010482.33835,-75.68040635360,45.23136233110,2014-03-03,12:06:00 PM,01 - Clear,01 - Daylight,02 - Wet,10 - No control,,03 - P.D. only,03 - Rear end,0
14-2797,ST. LAURENT BLVD btwn SHORE ST & BELFAST RD,372818.74879,5030687.20398,-75.63098104950,45.41281500200,2014-03-03,12:22:00 PM,01 - Clear,01 - Daylight,01 - Dry,10 - No control,,02 - Non-fatal injury,03 - Rear end,0
14-2798,MERIVALE RD @ BASIL MACDONALD WAY/MERIVALE MAL,365097.75643,5023173.13263,-75.73053385520,45.34591268270,2014-02-24,1:30:00 PM,01 - Clear,01 - Daylight,01 - Dry,01 - Traffic signal,01 - Functioning,02 - Non-fatal injury,07 - SMV other,1
14-2799,FROBISHER LANE W @ RIVERSIDE DR,370119.19703,5029600.14166,-75.66561124740,45.40329120810,2014-03-03,1:23:00 PM,01 - Clear,01 - Daylight,01 - Dry,01 - Traffic signal,01 - Functioning,02 - Non-fatal injury,02 - Angle,0
14-2800,OGILVIE RD @ BATHGATE DR/CITYPARK DR W,373827.30030,5032799.62863,-75.61780116550,45.43172276610,2014-03-03,1:35:00 PM,01 - Clear,01 - Daylight,01 - Dry,01 - Traffic signal,01 - Functioning,03 - P.D. only,02 - Angle,0
14-2801,ARLINGTON AVE @ KENT ST,367867.85014,5030257.40249,-75.69428301520,45.40941149090,2014-03-03,12:40:00 PM,01 - Clear,01 - Daylight,01 - Dry,01 - Traffic signal,00 - Unknown,03 - P.D. only,05 - Turning movement,0
14-2802,WEST HUNT CLUB RD @ CLEOPATRA DR/LANCELOT DR,365238.06967,5021730.59827,-75.72891967100,45.33292086650,2014-03-03,2:02:00 PM,01 - Clear,01 - Daylight,01 - Dry,01 - Traffic signal,01 - Functioning,03 - P.D. only,02 - Angle,0
14-2803,ALTA VISTA DR @ SMYTH RD,370432.24197,5029079.66177,-75.66168209730,45.39857884410,2014-03-03,2:16:00 PM,01 - Clear,01 - Daylight,01 - Dry,01 - Traffic signal,01 - Functioning,02 - Non-fatal injury,03 - Rear end,0
14-2804,INDUSTRIAL AVE @ RIVERSIDE DR,370684.24467,5030590.65767,-75.65826172910,45.41215053120,2014-03-03,2:30:00 PM,01 - Clear,01 - Daylight,01 - Dry,01 - Traffic signal,01 - Functioning,03 - P.D. only,03 - Rear end,0
14-2805,BANKFIELD RD btwn FIRST LINE RD & LOCKMASTER CRES,367293.28994,5009510.94622,-75.70423970290,45.22278944880,2014-03-03,3:08:00 PM,01 - Clear,01 - Daylight,01 - Dry,10 - No control,,03 - P.D. only,05 - Turning movement,0
14-2806,BRONSON AVE btwn BRONSON AVE SB ON RAMP 43 & SUNNYSIDE AVE/UNIVERSITY,367849.25038,5028224.24852,-75.69478051830,45.39111945190,2014-03-03,3:18:00 PM,01 - Clear,01 - Daylight,01 - Dry,10 - No control,,02 - Non-fatal injury,03 - Rear end,0
14-2807,MERIVALE RD btwn CLEOPATRA DR & SLACK RD,366011.64343,5020979.18968,-75.71914409790,45.32609273970,2014-03-03,3:48:00 PM,01 - Clear,01 - Daylight,01 - Dry,10 - No control,,03 - P.D. only,02 - Angle,0
14-2808,COVENTRY RD @ ST. LAURENT SC WEST,371922.59180,5031787.71213,-75.64227929310,45.42280341510,2014-03-03,4:08:00 PM,01 - Clear,01 - Daylight,01 - Dry,01 - Traffic signal,02 - Not functioning,03 - P.D. only,03 - Rear end,0
14-2809,CLARENCE ST @ DALHOUSIE ST,368041.27770,5032502.65003,-75.69177944350,45.42959782860,2014-03-03,4:25:00 PM,01 - Clear,01 - Daylight,04 - Slush,01 - Traffic signal,01 - Functioning,03 - P.D. only,03 - Rear end,0
14-2810,ALBION RD btwn LESTER RD & LEITRIM RD,372871.74219,5021838.32194,-75.63152363070,45.33319115520,2014-03-03,4:31:00 PM,01 - Clear,01 - Daylight,01 - Dry,10 - No control,,03 - P.D. only,03 - Rear end,0
14-2811,HAMPSTEAD PL @ WALKLEY RD,370682.24027,5026148.58653,-75.65888044790,45.37218259000,2014-03-03,5:04:00 PM,01 - Clear,01 - Daylight,01 - Dry,01 - Traffic signal,01 - Functioning,03 - P.D. only,05 - Turning movement,0
14-2812,GREENBANK RD btwn MALVERN DR & HIGHBURY PARK DR,363461.41917,5015853.98014,-75.75228007550,45.28019398430,2014-03-03,3:29:00 PM,01 - Clear,01 - Daylight,01 - Dry,10 - No control,,03 - P.D. only,03 - Rear end,0
14-2813,HARDING RD @ WALKLEY RD,373149.20463,5027607.58743,-75.62718632620,45.38507380420,2014-03-03,5:18:00 PM,01 - Clear,01 - Daylight,01 - Dry,01 - Traffic signal,01 - Functioning,03 - P.D. only,05 - Turning movement,0
14-2814,REGIONAL ROAD 174 btwn OR174 IC112 RAMP61 & TRANSIT,375186.05687,5033139.89100,-75.60038915700,45.43464881990,2014-03-03,5:54:00 PM,01 - Clear,01 - Daylight,01 - Dry,10 - No control,,03 - P.D. only,07 - SMV other,0
14-2815,KINCARDINE DR btwn TO BE DETERMINED & NAIRN ST,352099.98303,5016910.57658,-75.89698735560,45.29055776550,2014-03-03,6:01:00 PM,01 - Clear,05 - Dusk,05 - Packed snow,10 - No control,,03 - P.D. only,06 - SMV unattended vehicle,0
14-2816,WOODROFFE AVE @ GEORGINA DR/LENESTER AVE,361909.68660,5025370.77269,-75.77095987440,45.36595372230,2014-03-03,6:15:00 PM,01 - Clear,05 - Dusk,01 - Dry,01 - Traffic signal,01 - Functioning,03 - P.D. only,04 - Sideswipe,0
14-2817,EARL MULLIGAN DR @ WOODROFFE AVE,365252.12300,5017506.46000,-75.72925580290,45.29491122520,2014-03-03,6:56:00 PM,01 - Clear,05 - Dusk,01 - Dry,01 - Traffic signal,01 - Functioning,03 - P.D. only,05 - Turning movement,0
14-2818,HAZELDEAN RD @ HUNTMAR DR/IBER RD,350942.59790,5016080.19266,-75.91181893210,45.28316267060,2014-02-11,6:55:00 PM,01 - Clear,07 - Dark,01 - Dry,01 - Traffic signal,01 - Functioning,03 - P.D. only,99 - Other,0
14-2819,AIRPORT PKWY @ HUNT CLUB RD,371018.05407,5023703.94607,-75.65492111900,45.35015486160,2014-03-03,6:20:00 PM,01 - Clear,05 - Dusk,01 - Dry,01 - Traffic signal,01 - Functioning,03 - P.D. only,03 - Rear end,0
14-2820,BANK ST @ HUNT CLUB RD,371607.31470,5024097.45407,-75.64734860520,45.35363963230,2014-03-03,8:26:00 PM,01 - Clear,07 - Dark,01 - Dry,01 - Traffic signal,01 - Functioning,03 - P.D. only,03 - Rear end,0
14-2821,FALLOWFIELD RD @ WOODROFFE AVE,365084.67607,5017904.13787,-75.73134215640,45.29850389540,2014-03-03,8:45:00 AM,01 - Clear,01 - Daylight,01 - Dry,01 - Traffic signal,01 - Functioning,03 - P.D. only,03 - Rear end,0
14-2822,CUMBERLAND ST @ YORK ST,368265.06837,5032521.59960,-75.68891725450,45.42974805850,2014-03-03,5:20:00 PM,01 - Clear,05 - Dusk,06 - Ice,01 - Traffic signal,01 - Functioning,03 - P.D. only,03 - Rear end,0
14-2823,GLADSTONE AVE btwn PERCY ST & BAY ST,367347.19191,5030218.88837,-75.70093886490,45.40911167680,2014-03-04,12:29:00 AM,01 - Clear,07 - Dark,01 - Dry,10 - No control,,03 - P.D. only,06 - SMV unattended vehicle,0
14-2824,BREEZEHILL AVE   S btwn BEECH ST & HICKORY ST,366311.66236,5029033.45755,-75.71431470790,45.39853725630,2014-02-15,6:30:00 PM,01 - Clear,07 - Dark,03 - Loose snow,10 - No control,,03 - P.D. only,06 - SMV unattended vehicle,0
14-2825,COVENTRY RD btwn ST. LAURENT SC WEST & ST. LAURENT SC EAST,371912.93355,5031926.85493,-75.64238373900,45.42405628560,2014-03-04,4:30:00 AM,01 - Clear,07 - Dark,01 - Dry,10 - No control,,03 - P.D. only,07 - SMV other,0
14-2826,CATHCART ST @ KING EDWARD AVE SB/MACDONALD-CAR,368088.33896,5033095.20432,-75.69110189840,45.43492516420,2014-03-04,7:26:00 AM,01 - Clear,01 - Daylight,01 - Dry,02 - Stop sign,00 - Unknown,02 - Non-fatal injury,03 - Rear end,0
14-2827,OGILVIE RD btwn NASKAPI DR & MONTREAL RD,375642.88666,5034583.12638,-75.59434335840,45.44758805780,2014-03-04,8:03:00 AM,01 - Clear,01 - Daylight,01 - Dry,10 - No control,,03 - P.D. only,02 - Angle,0
14-2828,INDUSTRIAL AVE btwn NEIGHBORHOOD WAY & TRAINYARDS DR,371154.80701,5030531.34857,-75.65225846050,45.41157243290,2014-03-04,8:05:00 AM,01 - Clear,01 - Daylight,01 - Dry,10 - No control,,03 - P.D. only,05 - Turning movement,0
14-2829,KELLY AVE @ PINECREST RD,360276.26070,5023953.51240,-75.79196900770,45.35333244240,2014-03-04,8:32:00 AM,01 - Clear,01 - Daylight,01 - Dry,02 - Stop sign,00 - Unknown,03 - P.D. only,03 - Rear end,0
14-2830,ST. JOSEPH BLVD @ TENTH LINE RD,382886.62910,5038661.35262,-75.50110484900,45.48350864230,2014-03-03,10:45:00 PM,01 - Clear,07 - Dark,01 - Dry,01 - Traffic signal,01 - Functioning,03 - P.D. only,03 - Rear end,0
14-2831,ALBERT ST btwn BANK ST & O'CONNOR ST,367507.89681,5031497.82418,-75.69872327590,45.42060476250,2014-03-04,9:06:00 AM,01 - Clear,01 - Daylight,03 - Loose snow,10 - No control,,03 - P.D. only,03 - Rear end,0
14-2832,DEERFIELD DR btwn NAVAHO DR & DEERFIELD DR,363208.30530,5023990.54028,-75.75454671390,45.35342752690,2014-03-04,9:00:00 AM,01 - Clear,01 - Daylight,01 - Dry,10 - No control,,03 - P.D. only,02 - Angle,0
14-2833,CARLING AVE @ PINECREST  RD/GREENVIEW AVE,360008.63728,5024635.03198,-75.79530825150,45.35948586380,2014-03-04,9:48:00 AM,01 - Clear,01 - Daylight,01 - Dry,01 - Traffic signal,01 - Functioning,03 - P.D. only,03 - Rear end,0
14-2834,BRIDGESTONE DR/STEEPLE CHASE DR @ STONEHAVEN D,355105.32636,5016987.10114,-75.85866775380,45.29103764500,2014-03-04,9:49:00 AM,01 - Clear,01 - Daylight,01 - Dry,03 - Yield sign,01 - Functioning,03 - P.D. only,03 - Rear end,0
14-2835,RIVERSIDE DR NB btwn INDUSTRIAL AVE & TREMBLAY RD,370760.84587,5030831.07378,-75.65725100260,45.41430648260,2014-02-28,2:30:00 PM,01 - Clear,01 - Daylight,01 - Dry,10 - No control,,03 - P.D. only,03 - Rear end,0
14-2836,TERRACE DR @ WESTCLIFFE RD,356431.20599,5019990.69674,-75.84145263740,45.31796828500,2014-03-04,10:40:00 AM,01 - Clear,01 - Daylight,01 - Dry,02 - Stop sign,01 - Functioning,02 - Non-fatal injury,03 - Rear end,0
14-2837,RICHMOND RD btwn NEW ORCHARD AVE & WOODROFFE AVE,361564.30725,5026626.08718,-75.77522423790,45.37727699370,2014-03-04,10:45:00 AM,01 - Clear,01 - Daylight,01 - Dry,10 - No control,,03 - P.D. only,05 - Turning movement,0
14-2838,MOODIE DR btwn HWY417 IC134 RAMP25 & HWY417 IC134 RAMP53,356476.85139,5021927.84134,-75.84066828860,45.33539557220,2014-03-04,11:41:00 AM,03 - Snow,01 - Daylight,02 - Wet,10 - No control,,03 - P.D. only,07 - SMV other,0
14-2839,BERTONA ST btwn CRAIG HENRY DR & CHARING RD,362615.69298,5021743.80480,-75.76237205690,45.33326065570,2014-03-04,11:25:00 AM,01 - Clear,01 - Daylight,01 - Dry,10 - No control,,03 - P.D. only,06 - SMV unattended vehicle,0
14-2840,ST. JOSEPH BLVD/OLD MONTREAL RD @ TRIM RD,384678.42134,5039288.46234,-75.47808559750,45.48894804020,2014-03-04,8:13:00 AM,01 - Clear,01 - Daylight,05 - Packed snow,01 - Traffic signal,01 - Functioning,02 - Non-fatal injury,03 - Rear end,0
14-2841,GARFIELD AVE @ MAITLAND AVE,363343.16573,5025561.57983,-75.75263957280,45.36755232030,2014-03-04,11:00:00 AM,01 - Clear,01 - Daylight,01 - Dry,01 - Traffic signal,01 - Functioning,03 - P.D. only,02 - Angle,0
14-2842,ASSINIBOINE DR btwn REDPINE DR & CHESTERTON DR,365518.21002,5023628.80924,-75.72511294910,45.34997652260,2014-03-04,8:15:00 AM,01 - Clear,01 - Daylight,05 - Packed snow,10 - No control,,03 - P.D. only,01 - Approaching,0
14-2843,CARLING AVE @ KIRKWOOD AVE S,364350.09978,5027339.97970,-75.73957176210,45.38346924640,2014-03-04,12:20:00 PM,00 - Unknown,01 - Daylight,00 - Unknown,01 - Traffic signal,01 - Functioning,02 - Non-fatal injury,03 - Rear end,0
14-2844,PARKDALE AVE @ GLADSTONE AVE,365216.68418,5029119.21881,-75.72828901580,45.39940426100,2014-03-04,10:00:00 AM,01 - Clear,01 - Daylight,06 - Ice,01 - Traffic signal,01 - Functioning,03 - P.D. only,03 - Rear end,0
14-2845,EAGLESON RD @ HOPE SIDE RD/TERRY FOX DR,355187.76996,5014616.55742,-75.85785743060,45.26970107360,2014-03-04,1:56:00 PM,01 - Clear,01 - Daylight,01 - Dry,01 - Traffic signal,01 - Functioning,03 - P.D. only,02 - Angle,0
14-2846,ROCHESTER ST @ SOMERSET ST,366480.28330,5030203.51357,-75.71201477270,45.40905027550,2014-03-04,1:59:00 PM,01 - Clear,01 - Daylight,02 - Wet,01 - Traffic signal,01 - Functioning,03 - P.D. only,03 - Rear end,0
14-2847,CARLING AVE @ CHURCHILL AVE,363776.16953,5027014.48567,-75.74693884100,45.38058905730,2014-03-04,2:04:00 PM,01 - Clear,01 - Daylight,01 - Dry,01 - Traffic signal,01 - Functioning,03 - P.D. only,03 - Rear end,0
14-2848,GREENBANK RD @ MARKETPLACE AVE,364006.93410,5014602.18960,-75.74547662910,45.26888463000,2014-03-04,2:07:00 PM,03 - Snow,01 - Daylight,02 - Wet,01 - Traffic signal,01 - Functioning,03 - P.D. only,02 - Angle,0
14-2849,PRESTONE DR @ ST. JOSEPH BLVD,382327.16620,5038272.63703,-75.50832185730,45.48007367950,2014-03-04,2:34:00 PM,01 - Clear,01 - Daylight,01 - Dry,01 - Traffic signal,01 - Functioning,03 - P.D. only,03 - Rear end,0
14-2850,CLAYMOR AVE @ DYNES RD,366744.30542,5025671.23910,-75.70921101210,45.36824667490,2014-03-04,2:55:00 PM,01 - Clear,01 - Daylight,02 - Wet,01 - Traffic signal,01 - Functioning,02 - Non-fatal injury,02 - Angle,0
14-2851,MONTREAL RD @ OLMSTEAD ST,370332.23937,5033213.58640,-75.66240953070,45.43578362640,2014-03-04,3:26:00 PM,01 - Clear,01 - Daylight,01 - Dry,01 - Traffic signal,01 - Functioning,02 - Non-fatal injury,03 - Rear end,0
14-2852,HERITAGE GLEN DR @ WOODROFFE AVE,366011.46765,5015623.26597,-75.71980763960,45.27790062480,2014-03-04,4:01:00 PM,03 - Snow,01 - Daylight,03 - Loose snow,02 - Stop sign,01 - Functioning,03 - P.D. only,02 - Angle,0