Record,Location,X,Y,Longitude,Latitude,Date,Time,Environment,Light,Road_Surface,Traffic_Control,Collision_Location,Collision_Classification,Impact_type,Pedestrian
14-2853,MARCH RD @ RICHARDSON SIDE RD,351414.94356,5021779.99931,-75.90526211260,45.33441980500,2014-03-04,4:05:00 PM,02 - Rain,01 - Daylight,02 - Wet,01 - Traffic signal,01 - Functioning,02 - Non-fatal injury,05 - Turning movement,0
14-2854,HWY 417 CASTLEFR IC139R61 @ KANATA AVE,351615.39890,5019222.46735,-75.90294651960,45.31139321030,2014-03-04,4:35:00 PM,03 - Snow,01 - Daylight,06 - Ice,01 - Traffic signal,01 - Functioning,03 - P.D. only,02 - Angle,0
14-2855,LESTER RD btwn ALBION RD & UPLANDS DR,372532.35749,5022217.19896,-75.63580123680,45.33663300670,2014-03-04,4:55:00 PM,03 - Snow,01 - Daylight,03 - Loose snow,10 - No control,,03 - P.D. only,07 - SMV other,0
14-2856,JOCKVALE RD @ LONGFIELDS DR,364829.29290,5014001.02790,-75.73507021200,45.26340566480,2014-03-04,5:30:00 PM,03 - Snow,05 - Dusk,02 - Wet,02 - Stop sign,01 - Functioning,02 - Non-fatal injury,03 - Rear end,0
14-2857,GRANT CARMAN DR @ VIEWMOUNT DR,365435.17863,5023082.45607,-75.72623948370,45.34506770070,2014-03-04,5:32:00 PM,03 - Snow,01 - Daylight,03 - Loose snow,02 - Stop sign,01 - Functioning,02 - Non-fatal injury,02 - Angle,0
14-2858,HWY 417 ST.LAURE IC115R51 @ ST. LAURENT BLVD,372529.95464,5031410.87606,-75.63457084790,45.41935428100,2014-03-04,5:00:00 PM,03 - Snow,01 - Daylight,03 - Loose snow,01 - Traffic signal,01 - Functioning,03 - P.D. only,03 - Rear end,0
14-2859,BLACKBURN BYPASS EB btwn 1700 W OF NAVAN RD & NAVAN RD,378618.61164,5032638.28726,-75.55659839610,45.42978180030,2014-03-04,6:45:00 PM,03 - Snow,07 - Dark,03 - Loose snow,10 - No control,,03 - P.D. only,07 - SMV other,0
14-2860,INDUSTRIAL AVE @ RUSSELL RD,372466.20253,5030278.60523,-75.63554081260,45.40917279170,2014-03-04,6:45:00 PM,02 - Rain,05 - Dusk,02 - Wet,01 - Traffic signal,01 - Functioning,03 - P.D. only,05 - Turning movement,0
14-2861,STITTSVILLE MAIN ST @ HAZELDEAN RD,349558.87203,5014877.76913,-75.92956485920,45.27243232400,2014-03-04,6:45:00 PM,01 - Clear,07 - Dark,03 - Loose snow,01 - Traffic signal,01 - Functioning,02 - Non-fatal injury,07 - SMV other,2
14-2862,BESSERER ST @ WALLER ST,368315.58709,5032191.81459,-75.68831422370,45.42677618440,2014-03-04,7:15:00 PM,03 - Snow,07 - Dark,03 - Loose snow,01 - Traffic signal,01 - Functioning,03 - P.D. only,04 - Sideswipe,0
14-2863,BANK ST @ KILBORN AVE/BELANGER AVE,369655.14170,5027427.54780,-75.67182406110,45.38378609030,2014-03-04,8:20:00 PM,01 - Clear,07 - Dark,05 - Packed snow,01 - Traffic signal,01 - Functioning,03 - P.D. only,02 - Angle,0
14-2864,HALTON TER btwn FLAMBOROUGH WAY & Continuation of HALTON TER,348861.44333,5024182.39100,-75.93762537900,45.35620210530,2014-03-04,8:42:00 PM,03 - Snow,07 - Dark,03 - Loose snow,10 - No control,,03 - P.D. only,06 - SMV unattended vehicle,0
14-2865,KING EDWARD AVE @ ST. PATRICK ST,368249.17523,5032821.69307,-75.68908168070,45.43244963430,2014-03-04,6:30:00 PM,03 - Snow,05 - Dusk,03 - Loose snow,01 - Traffic signal,01 - Functioning,03 - P.D. only,04 - Sideswipe,0
14-2866,CAMPEAU DR @ HERLIHEY WAY,350510.00670,5019176.53623,-75.91704747570,45.31105273000,2014-03-04,9:57:00 PM,03 - Snow,07 - Dark,05 - Packed snow,01 - Traffic signal,01 - Functioning,03 - P.D. only,05 - Turning movement,0
14-2867,MEADOWLANDS DR btwn ROWLEY AVE & PERRY ST,364428.61027,5023487.04345,-75.73903429270,45.34879442020,2014-03-05,2:39:00 AM,01 - Clear,07 - Dark,02 - Wet,10 - No control,,02 - Non-fatal injury,07 - SMV other,0
14-2868,WOODROFFE AVE btwn TURN LANE & TALLWOOD DR,363054.77408,5022735.58499,-75.75665385610,45.34214831440,2014-03-05,8:17:00 AM,01 - Clear,01 - Daylight,02 - Wet,10 - No control,,03 - P.D. only,04 - Sideswipe,0
14-2869,SLACK RD btwn VAAN DR & GRENFELL CRES,365113.11216,5020462.46710,-75.73066824140,45.32152110520,2014-03-05,8:25:00 AM,01 - Clear,01 - Daylight,02 - Wet,10 - No control,,03 - P.D. only,03 - Rear end,0
14-2870,REGIONAL ROAD 174 btwn QUIGLEY HILL RD & REGIONAL ROAD 174 DIVIDED,387972.16017,5042391.37725,-75.43542867400,45.51647986210,2014-03-05,8:43:00 AM,01 - Clear,01 - Daylight,01 - Dry,10 - No control,,02 - Non-fatal injury,03 - Rear end,0
14-2871,TERRY FOX DR btwn INNOVATION DR & MARCH RD,349469.60074,5023031.76791,-75.92996753940,45.34581005930,2014-03-05,8:40:00 AM,01 - Clear,01 - Daylight,02 - Wet,10 - No control,,03 - P.D. only,03 - Rear end,0
14-2872,OLD TENTH LINE RD @ TENTH LINE RD,383040.59330,5038358.03103,-75.49918394370,45.48076239210,2014-03-05,8:47:00 AM,01 - Clear,01 - Daylight,02 - Wet,01 - Traffic signal,01 - Functioning,03 - P.D. only,03 - Rear end,0
14-2873,HUNT CLUB RD @ UPLANDS DR,370156.86248,5023121.25280,-75.66598752250,45.34499273420,2014-03-05,9:37:00 AM,01 - Clear,01 - Daylight,01 - Dry,01 - Traffic signal,01 - Functioning,02 - Non-fatal injury,05 - Turning movement,0
14-2874,BANK ST @ FRANK ST,367891.69816,5030604.82799,-75.69393390850,45.41253536630,2014-03-04,10:22:00 AM,01 - Clear,01 - Daylight,02 - Wet,02 - Stop sign,01 - Functioning,03 - P.D. only,02 - Angle,0
14-2876,SHERBOURNE RD btwn BROMLEY RD & CARLING AVE,362928.26186,5026536.60953,-75.75782103050,45.37636005490,2014-03-05,10:20:00 AM,01 - Clear,01 - Daylight,01 - Dry,10 - No control,,03 - P.D. only,02 - Angle,0
14-2877,BANK ST btwn CHESLEY ST & RIVERDALE AVE,369020.22101,5028178.84071,-75.67983316400,45.39060448690,2014-03-05,12:22:00 PM,01 - Clear,01 - Daylight,02 - Wet,10 - No control,,03 - P.D. only,02 - Angle,0
14-2878,NORWOOD AVE btwn HEATH ST & BALMORAL PL,370120.19914,5028989.23063,-75.66567935760,45.39779435840,2014-03-05,12:15:00 PM,01 - Clear,01 - Daylight,05 - Packed snow,10 - No control,,03 - P.D. only,02 - Angle,0
14-2879,PRINCE OF WALES DR btwn FOREST HILL AVE & BASELINE RD/HERON RD,366844.43882,5026340.00199,-75.70784881810,45.37425519760,2014-03-05,8:35:00 AM,01 - Clear,01 - Daylight,02 - Wet,10 - No control,,03 - P.D. only,03 - Rear end,0
14-2880,MARCH RD btwn SOLANDT RD & STATION RD,350550.11403,5022638.46449,-75.91621610680,45.34220138620,2014-03-05,2:40:00 PM,01 - Clear,01 - Daylight,02 - Wet,10 - No control,,03 - P.D. only,03 - Rear end,0
14-2881,INNES RD btwn BANTREE ST & STAR TOP RD,373839.56350,5030483.86845,-75.61796897270,45.41088552450,2014-03-05,3:08:00 PM,03 - Snow,01 - Daylight,02 - Wet,10 - No control,,03 - P.D. only,03 - Rear end,0
14-2882,MINTO PL btwn WILLINGDON RD & MARIPOSA AVE,368750.74959,5034568.72294,-75.68244491350,45.44812304340,2014-03-02,3:30:00 PM,01 - Clear,01 - Daylight,05 - Packed snow,10 - No control,,03 - P.D. only,02 - Angle,0
14-2883,RICHMOND RD btwn EDGEWOOD AVE & ATHLONE AVE,363423.09334,5028421.18010,-75.75127976510,45.39327590870,2014-03-05,12:00:00 PM,03 - Snow,01 - Daylight,03 - Loose snow,10 - No control,,03 - P.D. only,03 - Rear end,0
14-2884,MONTREAL RD @ BATHGATE DR/BURMA RD,373224.21543,5034517.35266,-75.62526914990,45.44723722210,2014-03-05,2:20:00 PM,01 - Clear,01 - Daylight,02 - Wet,01 - Traffic signal,01 - Functioning,02 - Non-fatal injury,03 - Rear end,0
14-2885,BASELINE RD @ CENTREPOINTE DR W/COBDEN RD,361635.10320,5023205.61467,-75.77471374520,45.34649407870,2014-03-05,3:51:00 PM,01 - Clear,01 - Daylight,02 - Wet,01 - Traffic signal,01 - Functioning,02 - Non-fatal injury,03 - Rear end,0
14-2886,ROYAL FERN WAY btwn EYE BRIGHT CRES & EYE BRIGHT CRES,369668.85329,5015885.93050,-75.67316155100,45.27993610830,2014-03-04,3:53:00 PM,01 - Clear,01 - Daylight,02 - Wet,10 - No control,,03 - P.D. only,06 - SMV unattended vehicle,0
14-2887,RIDEAU RD btwn POWER RD & HAWTHORNE RD,378496.25341,5018797.90915,-75.56022641040,45.30526687660,2014-03-05,3:53:00 PM,01 - Clear,01 - Daylight,02 - Wet,10 - No control,,02 - Non-fatal injury,01 - Approaching,0
14-2888,ECHO DR btwn GRAHAM AVE & HAZEL ST,368922.81880,5030171.07917,-75.68081797080,45.40853892240,2014-03-05,4:03:00 PM,01 - Clear,01 - Daylight,05 - Packed snow,10 - No control,,02 - Non-fatal injury,01 - Approaching,0
14-2889,ST. JOSEPH BLVD @ JEANNE D'ARC BLVD,379860.26857,5036470.63303,-75.54014758500,45.46413023760,2014-03-05,3:50:00 PM,01 - Clear,01 - Daylight,01 - Dry,11 - Roundabout,01 - Functioning,03 - P.D. only,02 - Angle,0
14-2890,RICHMOND RD btwn 140 E OF POULIN AVE & FOREST ST,360456.72359,5025118.61159,-75.78953478750,45.36380166550,2014-03-05,4:10:00 PM,01 - Clear,01 - Daylight,02 - Wet,10 - No control,,03 - P.D. only,02 - Angle,0
14-2891,MONTREAL RD btwn ALTHA AVE & BRADLEY AVE,370625.91657,5033376.57698,-75.65863455110,45.43722255990,2014-03-05,4:00:00 PM,01 - Clear,01 - Daylight,02 - Wet,10 - No control,,03 - P.D. only,04 - Sideswipe,0
14-2892,GLADWIN CRES @ LANCASTER RD,373459.22653,5029476.82293,-75.62296771680,45.40186202120,2014-03-05,5:58:00 PM,01 - Clear,01 - Daylight,02 - Wet,02 - Stop sign,01 - Functioning,03 - P.D. only,02 - Angle,0
14-2893,DALHOUSIE ST @ RIDEAU ST,368206.96508,5032227.72908,-75.68969757520,45.42710918560,2014-03-05,6:04:00 PM,01 - Clear,05 - Dusk,01 - Dry,01 - Traffic signal,01 - Functioning,02 - Non-fatal injury,07 - SMV other,1
14-2894,RIVERSIDE DR NB btwn BANK ST & RIVERSIDE DR NB RAMP FROM EB TO WB,369333.62705,5027926.78039,-75.67586398130,45.38830772030,2014-03-05,6:22:00 PM,01 - Clear,05 - Dusk,02 - Wet,10 - No control,,02 - Non-fatal injury,03 - Rear end,0
14-2895,RICHMOND RD btwn WEST HUNT CLUB RD & SEYTON DR,357381.88151,5019251.65762,-75.82940619590,45.31124777390,2014-03-05,7:06:00 PM,01 - Clear,07 - Dark,01 - Dry,10 - No control,,03 - P.D. only,07 - SMV other,0
14-2896,HAWTHORNE RD/RUSSELL RD @ WALKLEY RD,374673.86982,5028500.57382,-75.60759239110,45.39295803580,2014-03-05,6:40:00 PM,01 - Clear,07 - Dark,06 - Ice,01 - Traffic signal,01 - Functioning,03 - P.D. only,03 - Rear end,0
14-2897,HWY 417 VANIER IC117R63 @ VANIER PKWY,370800.16319,5031399.11855,-75.65667263900,45.41941380980,2014-03-05,8:00:00 PM,01 - Clear,07 - Dark,02 - Wet,01 - Traffic signal,00 - Unknown,03 - P.D. only,03 - Rear end,0
14-2898,BASELINE RD @ CLYDE AVE,364357.16302,5024891.93470,-75.73977675870,45.36144152090,2014-03-05,9:06:00 PM,01 - Clear,07 - Dark,01 - Dry,01 - Traffic signal,01 - Functioning,03 - P.D. only,05 - Turning movement,0
14-2899,STRANDHERD DR @ 215 W OF GREENBANK RD/BARRHAVE,363745.27750,5014678.40643,-75.74880180250,45.26959240970,2014-03-05,9:25:00 PM,01 - Clear,07 - Dark,02 - Wet,01 - Traffic signal,01 - Functioning,03 - P.D. only,02 - Angle,0
14-2900,WILHAVEN DR btwn BECKETT'S CREEK RD & CANAAN RD,396293.03416,5041600.21133,-75.32909372880,45.50831999750,2014-03-06,1:15:00 AM,01 - Clear,07 - Dark,03 - Loose snow,10 - No control,,03 - P.D. only,07 - SMV other,0
14-2901,QUEEN ST @ LYON ST,367021.07337,5031285.68477,-75.70497005330,45.41873946320,2014-03-06,7:09:00 AM,01 - Clear,01 - Daylight,01 - Dry,01 - Traffic signal,01 - Functioning,03 - P.D. only,04 - Sideswipe,0
14-2902,GOLDENEYE WAY btwn NAKINA WAY & NORTH BLUFF DR,369404.09527,5016254.52361,-75.67648790600,45.28327703320,2014-03-06,7:16:00 AM,01 - Clear,01 - Daylight,05 - Packed snow,10 - No control,,03 - P.D. only,06 - SMV unattended vehicle,0
14-2903,INNES RD btwn INNES RD & PAGE RD,380643.25955,5034398.77267,-75.53045583330,45.44540469230,2014-03-06,7:29:00 AM,01 - Clear,01 - Daylight,01 - Dry,10 - No control,,03 - P.D. only,03 - Rear end,0
14-2904,ANWATIN ST @ MOODIE DR,357500.63076,5019431.74313,-75.82787269820,45.31285930200,2014-03-06,7:35:00 AM,01 - Clear,01 - Daylight,01 - Dry,02 - Stop sign,01 - Functioning,03 - P.D. only,02 - Angle,0
14-2905,INNES RD btwn PAGE RD & 473 E OF PAGE RD/BUILDERS' WAREHOUSE SC,380911.91962,5034551.92891,-75.52699821610,45.44675347120,2014-03-06,7:58:00 AM,01 - Clear,01 - Daylight,01 - Dry,10 - No control,,02 - Non-fatal injury,02 - Angle,0
14-2906,INNES RD btwn 260 E OF BELCOURT BLVD/WALMART SC & JEANNE D'ARC BLVD/ME,382622.70621,5035560.20773,-75.50497157600,45.45563673070,2014-03-05,9:00:00 PM,01 - Clear,07 - Dark,02 - Wet,10 - No control,,03 - P.D. only,05 - Turning movement,0
14-2907,BANK ST @ CAMERON AVE,368943.20703,5028263.30836,-75.68080564120,45.39137155860,2014-03-06,8:21:00 AM,01 - Clear,01 - Daylight,02 - Wet,01 - Traffic signal,01 - Functioning,03 - P.D. only,03 - Rear end,0
14-2908,PRESTON ST btwn ECCLES ST & ANDERSON ST,366334.00424,5030064.45680,-75.71390071420,45.40781195590,2014-03-06,8:20:00 AM,01 - Clear,01 - Daylight,01 - Dry,10 - No control,,03 - P.D. only,04 - Sideswipe,0
14-2909,INDUSTRIAL AVE btwn TRAINYARDS DR & RUSSELL RD,371887.62216,5030500.55930,-75.64290133450,45.41122553800,2014-03-06,8:51:00 AM,01 - Clear,01 - Daylight,01 - Dry,10 - No control,,03 - P.D. only,03 - Rear end,0
14-2910,COBOURG ST @ ST. PATRICK ST,368801.98994,5033236.21689,-75.68196321280,45.43612898680,2014-03-06,8:18:00 AM,01 - Clear,01 - Daylight,01 - Dry,01 - Traffic signal,01 - Functioning,02 - Non-fatal injury,03 - Rear end,0
14-2911,DALHOUSIE ST btwn RIDEAU ST & BESSERER ST,368211.77881,5032221.24406,-75.68963690010,45.42705039950,2014-03-06,9:02:00 AM,01 - Clear,01 - Daylight,01 - Dry,10 - No control,,03 - P.D. only,06 - SMV unattended vehicle,0
14-2912,REVELSTOKE DR @ RIVERSIDE DR,368217.20533,5024424.78523,-75.69056960030,45.35689966670,2014-03-06,9:10:00 AM,01 - Clear,01 - Daylight,01 - Dry,01 - Traffic signal,01 - Functioning,02 - Non-fatal injury,07 - SMV other,1
14-2913,ARLINGTON AVE @ KENT ST,367868.20253,5030257.82449,-75.69427845960,45.40941525620,2014-03-06,9:53:00 AM,01 - Clear,01 - Daylight,01 - Dry,01 - Traffic signal,01 - Functioning,03 - P.D. only,02 - Angle,0
14-2914,OGILVIE RD @ ELMRIDGE DR/JASMINE CRES N,375420.73010,5034060.83169,-75.59725801850,45.44291124340,2014-03-06,10:16:00 AM,01 - Clear,01 - Daylight,01 - Dry,01 - Traffic signal,01 - Functioning,02 - Non-fatal injury,02 - Angle,0
14-2915,JEANNE D'ARC BLVD  N btwn VINEYARD DR & VOYAGEUR DR,379237.09181,5037689.83564,-75.54793082950,45.47516637720,2014-03-06,10:31:00 AM,01 - Clear,01 - Daylight,02 - Wet,10 - No control,,03 - P.D. only,03 - Rear end,0
14-2916,SOMERSET ST    W btwn ELGIN ST & CARTIER ST,368180.08440,5031208.53031,-75.69017218560,45.41794122050,2014-03-06,11:24:00 AM,01 - Clear,01 - Daylight,01 - Dry,10 - No control,,03 - P.D. only,06 - SMV unattended vehicle,0
14-2917,CASTLEFRANK RD @ KATIMAVIK RD,351949.97897,5018944.46377,-75.89870618720,45.30886928300,2014-03-06,11:24:00 AM,01 - Clear,01 - Daylight,01 - Dry,01 - Traffic signal,01 - Functioning,03 - P.D. only,05 - Turning movement,0
14-2918,WOODRIDGE CRES btwn 220 W OF BAYSHORE DR/BAYSHORE SC & BAYSHORE DR,359142.62673,5023439.56544,-75.80649272820,45.34879671020,2014-03-06,10:30:00 AM,01 - Clear,01 - Daylight,01 - Dry,10 - No control,,03 - P.D. only,05 - Turning movement,0
14-2919,SHEFFIELD RD @ WALKLEY RD,375257.73510,5028784.28531,-75.60009584720,45.39545222630,2014-03-06,11:44:00 AM,01 - Clear,01 - Daylight,01 - Dry,01 - Traffic signal,00 - Unknown,02 - Non-fatal injury,03 - Rear end,0
14-2920,LORNE AVE btwn ALBERT ST & PRIMROSE AVE,366542.18268,5030565.23328,-75.71117875690,45.41229947100,2014-03-06,12:40:00 PM,01 - Clear,01 - Daylight,01 - Dry,10 - No control,,03 - P.D. only,06 - SMV unattended vehicle,0
14-2921,BASELINE RD/HERON RD @ PRINCE OF WALES DR,366874.72175,5026438.56940,-75.70744982870,45.37513940250,2014-03-06,12:47:00 PM,01 - Clear,01 - Daylight,01 - Dry,01 - Traffic signal,01 - Functioning,03 - P.D. only,03 - Rear end,0
14-2922,ALTA VISTA DR btwn 75 S OF CALEDON ST & CALEDON ST,370773.78521,5030388.59977,-75.65714492620,45.41032405940,2014-03-06,12:49:00 PM,01 - Clear,01 - Daylight,01 - Dry,10 - No control,,03 - P.D. only,05 - Turning movement,0
14-2923,BRONSON AVE @ LAKESIDE AVE,367655.71310,5028838.79749,-75.69717369900,45.39666638780,2014-03-06,12:56:00 PM,01 - Clear,01 - Daylight,01 - Dry,02 - Stop sign,00 - Unknown,03 - P.D. only,03 - Rear end,0
14-2924,HAWTHORNE RD btwn HAWTHORNE RD & WHYTE SIDE RD,375565.49326,5026155.92705,-75.59654235560,45.37177254310,2014-03-06,2:03:00 PM,01 - Clear,01 - Daylight,01 - Dry,10 - No control,,03 - P.D. only,01 - Approaching,0
14-2925,RIDEAU ST btwn KING EDWARD AVE & NELSON ST,368587.97016,5032461.15072,-75.68479882290,45.42917478550,2014-03-06,11:45:00 AM,01 - Clear,01 - Daylight,01 - Dry,10 - No control,,03 - P.D. only,02 - Angle,0
14-2926,ASHMORE DR btwn WHITEWATER ST & HARBOUR VIEW ST,366904.14752,5014679.96828,-75.70854874920,45.26933460960,2014-02-27,9:00:00 PM,01 - Clear,07 - Dark,05 - Packed snow,10 - No control,,03 - P.D. only,06 - SMV unattended vehicle,0
14-2927,QUEEN MARY ST @ VANIER PKWY,370363.71670,5031958.34997,-75.66217437550,45.42448658350,2014-03-06,2:17:00 PM,01 - Clear,01 - Daylight,01 - Dry,01 - Traffic signal,01 - Functioning,02 - Non-fatal injury,07 - SMV other,1
14-2928,NORTH BOWESVILLE RD @ UPLANDS DR,368302.13700,5022787.54203,-75.68969591660,45.34216043950,2014-03-06,2:50:00 PM,01 - Clear,01 - Daylight,01 - Dry,02 - Stop sign,01 - Functioning,03 - P.D. only,02 - Angle,0
14-2929,RIDGEWOOD AVE @ RIVERSIDE DR,368283.07437,5025611.42803,-75.68957652590,45.36757082310,2014-03-06,1:00:00 PM,01 - Clear,01 - Daylight,01 - Dry,01 - Traffic signal,01 - Functioning,03 - P.D. only,03 - Rear end,0
14-2930,ALBERT ST @ BOOTH ST,366428.21927,5030627.51447,-75.71262683340,45.41286990540,2014-03-06,4:06:00 PM,01 - Clear,01 - Daylight,01 - Dry,01 - Traffic signal,01 - Functioning,03 - P.D. only,03 - Rear end,0
14-2931,ESSON ST @ HUNT CLUB RD,374640.24507,5025907.77449,-75.60838856570,45.36963259770,2014-03-06,7:20:00 AM,01 - Clear,01 - Daylight,01 - Dry,02 - Stop sign,00 - Unknown,03 - P.D. only,03 - Rear end,0
14-2932,WALKLEY RD btwn LANCASTER RD & SHEFFIELD RD,374993.25168,5028647.01779,-75.60349301010,45.39424372520,2014-03-06,4:16:00 PM,01 - Clear,01 - Daylight,01 - Dry,10 - No control,,03 - P.D. only,03 - Rear end,0
14-2933,COLDREY AVE @ LAPERRIERE AVE,364312.22933,5026828.99388,-75.74011690450,45.37887470120,2014-03-06,4:25:00 PM,01 - Clear,01 - Daylight,01 - Dry,02 - Stop sign,01 - Functioning,03 - P.D. only,03 - Rear end,0
14-2934,PRINCE OF WALES DR btwn COLONNADE RD & STEPHANIE AVE,367413.97649,5023220.63524,-75.70097314380,45.34613716350,2014-03-06,4:30:00 PM,01 - Clear,01 - Daylight,01 - Dry,10 - No control,,02 - Non-fatal injury,03 - Rear end,0
14-2935,BERTONA ST @ CRAIG HENRY DR,362580.21347,5021846.59347,-75.76281267620,45.33418846580,2014-03-06,4:38:00 PM,01 - Clear,01 - Daylight,01 - Dry,02 - Stop sign,01 - Functioning,03 - P.D. only,02 - Angle,0
14-2936,KING EDWARD AVE @ LAURIER AVE,368739.23327,5032033.63473,-75.68292140100,45.42531434100,2014-03-06,3:15:00 PM,01 - Clear,01 - Daylight,01 - Dry,01 - Traffic signal,01 - Functioning,03 - P.D. only,03 - Rear end,0
14-2937,BYRON AVE @ ROOSEVELT AVE,363036.89060,5028062.14960,-75.75625420960,45.39007763190,2014-03-06,4:43:00 PM,01 - Clear,01 - Daylight,01 - Dry,01 - Traffic signal,01 - Functioning,03 - P.D. only,02 - Angle,0
14-2938,CAMPEAU DR btwn CONACHER GT & KNUDSON DR,351758.17106,5019823.21195,-75.90106885510,45.31678932010,2014-03-06,5:06:00 PM,01 - Clear,01 - Daylight,06 - Ice,10 - No control,,02 - Non-fatal injury,03 - Rear end,0
14-2939,MONTREAL RD btwn THOMSON ST & AVIATION PKWY,372064.09075,5034068.96231,-75.64015971190,45.44331543290,2014-03-06,5:14:00 PM,01 - Clear,01 - Daylight,01 - Dry,10 - No control,,03 - P.D. only,02 - Angle,0
14-2940,CARLING AVE @ MAITLAND AVE/SHERBOURNE RD,362942.19093,5026489.79453,-75.75764871250,45.37593766370,2014-03-06,5:22:00 PM,01 - Clear,05 - Dusk,01 - Dry,01 - Traffic signal,00 - Unknown,03 - P.D. only,04 - Sideswipe,0
14-2941,CORKSTOWN RD @ MARCH RD,352655.24343,5020881.59027,-75.88952546180,45.32625225630,2014-03-06,5:39:00 PM,01 - Clear,05 - Dusk,01 - Dry,02 - Stop sign,01 - Functioning,03 - P.D. only,03 - Rear end,0
14-2942,CUMBERLAND ST btwn MURRAY ST & CLARENCE ST,368206.29194,5032616.45924,-75.68965612760,45.43060690260,2014-03-06,5:38:00 PM,01 - Clear,01 - Daylight,01 - Dry,10 - No control,,03 - P.D. only,99 - Other,0
14-2943,BILLINGS AVE @ RIVERSIDE DR,369673.19093,5028554.60203,-75.67144544800,45.39392527930,2014-03-06,5:00:00 PM,01 - Clear,01 - Daylight,01 - Dry,02 - Stop sign,00 - Unknown,03 - P.D. only,03 - Rear end,0
14-2944,STITTSVILLE MAIN ST @ HAZELDEAN RD,349558.87203,5014876.82127,-75.92956494460,45.27242379540,2014-03-06,4:10:00 PM,01 - Clear,01 - Daylight,01 - Dry,01 - Traffic signal,01 - Functioning,03 - P.D. only,03 - Rear end,0
14-2945,BRONSON AVE @ SUNNYSIDE AVE/UNIVERSITY RD - CA,367923.18403,5028091.54710,-75.69385336080,45.38991878230,2014-03-06,6:37:00 PM,01 - Clear,05 - Dusk,01 - Dry,01 - Traffic signal,01 - Functioning,03 - P.D. only,03 - Rear end,0
14-2946,ST. PATRICK ST WB btwn ISLAND LODGE RD & CRICHTON ST,369042.74368,5033377.05584,-75.67886797290,45.43737412210,2014-03-06,5:35:00 PM,01 - Clear,01 - Daylight,01 - Dry,10 - No control,,02 - Non-fatal injury,03 - Rear end,0
14-2947,BANK ST @ SUNNYSIDE AVE,368735.18263,5028582.49707,-75.68342075800,45.39426254180,2014-03-06,6:30:00 PM,01 - Clear,07 - Dark,01 - Dry,01 - Traffic signal,01 - Functioning,03 - P.D. only,03 - Rear end,0
14-2948,CLAREMONT DR @ ST. LAURENT BLVD,371101.22127,5034892.35886,-75.65235579540,45.45081595590,2014-03-06,4:45:00 PM,01 - Clear,01 - Daylight,01 - Dry,02 - Stop sign,01 - Functioning,03 - P.D. only,02 - Angle,0
14-2949,BEARBROOK RD/ROCKCLIFFE PKWY @ ST. JOSEPH BLVD,377134.03133,5035243.37040,-75.57518592790,45.45337577220,2014-03-06,5:10:00 PM,01 - Clear,01 - Daylight,01 - Dry,01 - Traffic signal,01 - Functioning,03 - P.D. only,03 - Rear end,0
14-2950,KAREN WAY @ ST. LAURENT BLVD,371271.71784,5034481.86613,-75.65023174730,45.44710634140,2014-03-06,5:30:00 PM,01 - Clear,01 - Daylight,01 - Dry,02 - Stop sign,00 - Unknown,03 - P.D. only,02 - Angle,0
14-2951,FISHER AVE @ MEADOWLANDS DR,366576.07884,5025045.69949,-75.71143661790,45.36263304620,2014-03-06,7:28:00 PM,"07 - Fog, mist, smoke, dust",07 - Dark,01 - Dry,01 - Traffic signal,01 - Functioning,02 - Non-fatal injury,05 - Turning movement,0
14-2952,EAGLESON RD @ 146 N OF ABBEYHILL DR/HAZELDEAN,353773.55790,5018173.68532,-75.87552798510,45.30180886410,2014-03-06,7:56:00 PM,03 - Snow,07 - Dark,03 - Loose snow,01 - Traffic signal,01 - Functioning,03 - P.D. only,03 - Rear end,0
14-2953,COVENTRY RD btwn ARCOLA PRIV & LOLA ST,370906.04105,5031662.62767,-75.65528455900,45.42177475840,2014-03-06,8:45:00 PM,01 - Clear,07 - Dark,01 - Dry,10 - No control,,03 - P.D. only,07 - SMV other,0
14-2954,HAWTHORNE AVE/ISABELLA ST @ QUEEN ELIZABETH DR,368665.23757,5030476.57220,-75.68406870860,45.41131119720,2014-03-06,7:20:00 PM,01 - Clear,07 - Dark,01 - Dry,01 - Traffic signal,01 - Functioning,03 - P.D. only,05 - Turning movement,0
14-2955,BANK ST @ JOHNSTON RD,370852.02205,5024838.36172,-75.65688823300,45.36037763670,2014-03-06,8:00:00 AM,01 - Clear,01 - Daylight,01 - Dry,01 - Traffic signal,01 - Functioning,03 - P.D. only,03 - Rear end,0
14-2957,DALHOUSIE ST @ YORK ST,368093.53341,5032419.77617,-75.69112233650,45.42884743210,2014-03-07,12:16:00 AM,01 - Clear,07 - Dark,01 - Dry,01 - Traffic signal,01 - Functioning,03 - P.D. only,99 - Other,0
14-2958,RIDEAU ST @ 88 W OF WILLIAM ST/FREIMAN MALL,368023.21733,5032110.35739,-75.69206059140,45.42606974870,2014-03-07,5:34:00 AM,01 - Clear,07 - Dark,01 - Dry,01 - Traffic signal,01 - Functioning,02 - Non-fatal injury,07 - SMV other,1
14-2959,INDUSTRIAL AVE @ RIVERSIDE DR,370685.19253,5030592.55340,-75.65824936790,45.41216749870,2014-03-07,6:46:00 AM,01 - Clear,01 - Daylight,01 - Dry,01 - Traffic signal,01 - Functioning,03 - P.D. only,03 - Rear end,0