Record,Location,X,Y,Longitude,Latitude,Date,Time,Environment,Light,Road_Surface,Traffic_Control,Collision_Location,Collision_Classification,Impact_type,Pedestrian
14-2960,RIDEAU RD btwn POWER RD & HAWTHORNE RD,378591.76248,5018925.31252,-75.55898967750,45.30640316410,2014-03-07,7:44:00 AM,01 - Clear,01 - Daylight,01 - Dry,10 - No control,,03 - P.D. only,03 - Rear end,0
14-2961,VANIER PKWY/CRICHTON ST @ BEECHWOOD AVE/ST. PA,369127.82447,5033487.10380,-75.67776622580,45.43835646820,2014-03-07,7:45:00 AM,01 - Clear,01 - Daylight,01 - Dry,01 - Traffic signal,01 - Functioning,03 - P.D. only,03 - Rear end,0
14-2962,KING EDWARD AVE @ ST. ANDREW ST,368161.20697,5032967.31537,-75.69018711370,45.43376786720,2014-03-07,9:30:00 AM,01 - Clear,01 - Daylight,01 - Dry,01 - Traffic signal,01 - Functioning,03 - P.D. only,03 - Rear end,0
14-2963,LARKIN DR @ TRIPP CRES E,363008.73238,5016411.92936,-75.75798425430,45.28525205240,2014-03-07,8:40:00 AM,01 - Clear,01 - Daylight,01 - Dry,02 - Stop sign,01 - Functioning,03 - P.D. only,02 - Angle,0
14-2964,BELFAST RD @ COVENTRY RD,371523.21413,5031641.81809,-75.64740189890,45.42152893150,2014-03-06,3:40:00 PM,01 - Clear,01 - Daylight,02 - Wet,01 - Traffic signal,01 - Functioning,03 - P.D. only,03 - Rear end,0
14-2965,ALTA VISTA DR @ SMYTH RD,370432.71590,5029081.30401,-75.66167582630,45.39859357560,2014-03-06,5:30:00 PM,01 - Clear,05 - Dusk,01 - Dry,01 - Traffic signal,01 - Functioning,03 - P.D. only,05 - Turning movement,0
14-2966,COBOURG ST @ HENEY ST,368991.70980,5032992.34546,-75.67957036960,45.43391733500,2014-03-07,11:10:00 AM,01 - Clear,01 - Daylight,01 - Dry,02 - Stop sign,00 - Unknown,03 - P.D. only,03 - Rear end,0
14-2967,KING EDWARD AVE @ ST. ANDREW ST,368159.27820,5032967.63493,-75.69021172190,45.43377091670,2014-03-07,11:11:00 AM,01 - Clear,01 - Daylight,01 - Dry,01 - Traffic signal,01 - Functioning,03 - P.D. only,03 - Rear end,0
14-2968,BASELINE RD @ MONTEREY DR,359794.17807,5022155.24531,-75.79832118900,45.33718960120,2014-03-07,11:34:00 AM,01 - Clear,01 - Daylight,01 - Dry,01 - Traffic signal,01 - Functioning,03 - P.D. only,02 - Angle,0
14-2969,INNES RD btwn 260 E OF BELCOURT BLVD/WALMART SC & JEANNE D'ARC BLVD/ME,382472.83148,5035470.16787,-75.50690178010,45.45484330460,2014-03-07,10:50:00 AM,01 - Clear,01 - Daylight,01 - Dry,10 - No control,,03 - P.D. only,04 - Sideswipe,0
14-2970,BANK ST @ RIVERSIDE DR N,369226.18983,5027982.59813,-75.67722859570,45.38881984120,2014-03-07,12:33:00 PM,01 - Clear,01 - Daylight,01 - Dry,01 - Traffic signal,01 - Functioning,03 - P.D. only,02 - Angle,0
14-2971,COBDEN RD btwn EDWIN CRES & BADGER CRES,361446.27506,5023656.50724,-75.77707158620,45.35056646560,2014-03-07,12:46:00 PM,01 - Clear,01 - Daylight,01 - Dry,10 - No control,,03 - P.D. only,05 - Turning movement,0
14-2972,GLENHAVEN PRIV btwn WESTVALLEY PRIV & WESTVALLEY PRIV,370144.88643,5025988.73469,-75.66576126570,45.37079460600,2014-03-07,1:12:00 PM,01 - Clear,01 - Daylight,02 - Wet,10 - No control,,03 - P.D. only,06 - SMV unattended vehicle,0
14-2973,BLAIR RD @ INNES RD,375579.24187,5031440.31556,-75.59560869320,45.41931732640,2014-03-07,1:51:00 PM,01 - Clear,01 - Daylight,01 - Dry,01 - Traffic signal,01 - Functioning,03 - P.D. only,02 - Angle,0
14-2974,PRESLAND RD btwn LOLA ST & NAUGHTON ST,371210.82271,5031879.20308,-75.65136123480,45.42369454400,2014-03-03,1:15:00 PM,01 - Clear,01 - Daylight,01 - Dry,10 - No control,,03 - P.D. only,05 - Turning movement,0
14-2975,DONNELLY DR btwn JOE DREW LANE & WEEDMARK RD,362544.66415,4984641.46742,-75.76756926530,44.99941142690,2014-03-07,3:04:00 PM,01 - Clear,01 - Daylight,01 - Dry,10 - No control,,03 - P.D. only,05 - Turning movement,0
14-2976,HEATHERINGTON RD btwn WALKLEY RD & FAIRLEA CRES,371779.16437,5026766.01237,-75.64479382060,45.37763397680,2014-03-07,3:13:00 PM,01 - Clear,01 - Daylight,01 - Dry,10 - No control,,03 - P.D. only,02 - Angle,0
14-2977,BEARMAN ST @ ROCKY HILL DR,366875.18452,5014448.47976,-75.70894675070,45.26725424630,2014-03-07,3:24:00 PM,01 - Clear,01 - Daylight,01 - Dry,02 - Stop sign,01 - Functioning,03 - P.D. only,02 - Angle,0
14-2978,INNES RD @ JEANNE D'ARC BLVD/MER BLEUE RD,382638.22753,5035566.60583,-75.50477214060,45.45569256650,2014-03-07,3:30:00 PM,01 - Clear,01 - Daylight,01 - Dry,01 - Traffic signal,01 - Functioning,03 - P.D. only,03 - Rear end,0
14-2979,BANK ST btwn TO BE DETERMINED & LEDBURY AVE,370554.25542,5025460.67850,-75.66060581790,45.36600503790,2014-03-07,5:31:00 PM,01 - Clear,01 - Daylight,01 - Dry,10 - No control,,02 - Non-fatal injury,07 - SMV other,1
14-2980,CONSTELLATION CRES @ BASELINE RD,362271.96620,5023596.31790,-75.76654184730,45.34995770690,2014-03-07,3:55:00 PM,01 - Clear,01 - Daylight,02 - Wet,01 - Traffic signal,01 - Functioning,03 - P.D. only,03 - Rear end,0
14-2981,JOCKVALE RD btwn CEDARVIEW RD & JENNIFER LANE,361515.53282,5015269.96176,-75.77714776730,45.27509862390,2014-03-07,4:19:00 PM,01 - Clear,01 - Daylight,01 - Dry,10 - No control,,03 - P.D. only,02 - Angle,0
14-2982,HERON RD btwn WILDWOOD AVE & BANK ST,369963.01858,5026847.75073,-75.66796953020,45.37854069370,2014-03-07,4:41:00 PM,01 - Clear,01 - Daylight,02 - Wet,10 - No control,,03 - P.D. only,02 - Angle,0
14-2983,BASELINE RD @ CLYDE AVE,364360.12510,5024890.51290,-75.73973912340,45.36142847610,2014-03-07,5:24:00 PM,01 - Clear,01 - Daylight,06 - Ice,01 - Traffic signal,01 - Functioning,03 - P.D. only,03 - Rear end,0
14-2984,HOLLAND AVE @ SPENCER ST,364832.22727,5029371.60773,-75.73316857440,45.40170827320,2014-03-07,4:00:00 PM,01 - Clear,01 - Daylight,01 - Dry,01 - Traffic signal,00 - Unknown,03 - P.D. only,04 - Sideswipe,0
14-2985,TENTH LINE RD @ CHARLEMAGNE BLVD N/TOMPKINS AV,383183.92990,5037978.64236,-75.49741127700,45.47733292140,2014-03-07,5:15:00 PM,01 - Clear,01 - Daylight,01 - Dry,01 - Traffic signal,01 - Functioning,03 - P.D. only,04 - Sideswipe,0
14-2986,GREENBANK RD @ MALVERN DR/FOXFIELD DR,363312.16033,5016194.43330,-75.75414228220,45.28326982650,2014-03-07,5:49:00 PM,01 - Clear,01 - Daylight,02 - Wet,01 - Traffic signal,01 - Functioning,03 - P.D. only,05 - Turning movement,0
14-2987,INNES RD @ STONEHENGE CRES W,375201.16300,5031218.45933,-75.60047074470,45.41735933080,2014-03-07,2:30:00 PM,01 - Clear,01 - Daylight,01 - Dry,01 - Traffic signal,01 - Functioning,03 - P.D. only,04 - Sideswipe,0
14-2988,ISABELLA ST btwn O'CONNOR ST & METCALFE ST,368309.35707,5030317.43340,-75.68863541990,45.40991170480,2014-03-06,6:00:00 PM,01 - Clear,01 - Daylight,01 - Dry,10 - No control,,03 - P.D. only,04 - Sideswipe,0
14-2989,MEADOWLANDS DR @ MERIVALE RD,364859.17383,5023723.61467,-75.73351130750,45.35088631750,2014-03-07,7:10:00 PM,01 - Clear,07 - Dark,01 - Dry,01 - Traffic signal,01 - Functioning,03 - P.D. only,05 - Turning movement,0
14-2990,DOHENY ST btwn CAMPBELL AVE & CLYDE AVE,363516.83567,5026671.51253,-75.75029075020,45.37752481760,2014-03-07,3:30:00 PM,01 - Clear,01 - Daylight,01 - Dry,10 - No control,,03 - P.D. only,04 - Sideswipe,0
14-2991,HUNT CLUB RD @ UPLANDS DR,370156.72720,5023121.74559,-75.66598918380,45.34499718080,2014-03-07,10:44:00 PM,01 - Clear,07 - Dark,01 - Dry,01 - Traffic signal,01 - Functioning,02 - Non-fatal injury,05 - Turning movement,0
14-2992,FINDLAY CREEK DR btwn DEVONWOOD CIRC & BANK ST,375678.33760,5020355.02683,-75.59593310970,45.31956721280,2014-03-07,10:45:00 PM,01 - Clear,07 - Dark,01 - Dry,10 - No control,,02 - Non-fatal injury,07 - SMV other,0
14-2993,PORTAGE BRIDGE NB btwn PROVINCIAL BOUNDARY & WELLINGTON ST,366488.90500,5031383.22500,-75.71175697440,45.41966422590,2014-03-08,1:16:00 AM,01 - Clear,07 - Dark,01 - Dry,10 - No control,,03 - P.D. only,03 - Rear end,0
14-2994,REGIONAL ROAD 174 EB btwn HWY417 IC113 RAMP65 & OR174 BLAIR IC112 RAMP51,374148.80186,5032327.34144,-75.61375923800,45.42744156990,2014-03-08,2:20:00 AM,01 - Clear,07 - Dark,01 - Dry,10 - No control,,02 - Non-fatal injury,07 - SMV other,0
14-2995,WEST HUNT CLUB RD @ WOODROFFE AVE,363673.06067,5021244.59327,-75.74894240740,45.32868087260,2014-03-08,5:35:00 AM,01 - Clear,07 - Dark,01 - Dry,01 - Traffic signal,01 - Functioning,03 - P.D. only,02 - Angle,0
14-2996,ROCHESTER ST btwn ABERDEEN ST & BEECH ST,366827.14012,5029409.26980,-75.70768390530,45.40187323590,2014-03-07,12:00:00 AM,01 - Clear,00 - Unknown,01 - Dry,10 - No control,,03 - P.D. only,06 - SMV unattended vehicle,0
14-2997,ST. LAURENT BLVD btwn INDUSTRIAL AVE & BOURASSA ST,373222.04006,5029724.83622,-75.62596269800,45.40411675270,2014-03-08,8:42:00 AM,01 - Clear,01 - Daylight,02 - Wet,10 - No control,,03 - P.D. only,04 - Sideswipe,0
14-2998,LEES AVE @  TRANSITWAY/HWY 417 NICHOLAS IC118R,369366.89600,5031277.93397,-75.67500038280,45.41845717510,2014-03-08,8:47:00 AM,01 - Clear,01 - Daylight,02 - Wet,01 - Traffic signal,01 - Functioning,03 - P.D. only,03 - Rear end,0
14-2999,LESTER RD btwn ALBION RD & UPLANDS DR,371482.37012,5021425.68037,-75.64930319280,45.32961172860,2014-03-08,9:24:00 AM,01 - Clear,01 - Daylight,01 - Dry,10 - No control,,02 - Non-fatal injury,07 - SMV other,0
14-3001,LYON ST @ SOMERSET ST,367365.27850,5030715.61743,-75.70064477660,45.41357947780,2014-03-08,10:00:00 AM,01 - Clear,01 - Daylight,01 - Dry,01 - Traffic signal,01 - Functioning,03 - P.D. only,02 - Angle,0
14-3002,LAURIER AVE @ NICHOLAS ST,368375.05880,5031797.32203,-75.68760520940,45.42322127600,2014-03-08,2:35:00 AM,01 - Clear,07 - Dark,01 - Dry,01 - Traffic signal,00 - Unknown,03 - P.D. only,07 - SMV other,0
14-3003,BLACKLEAF DR @ KILBIRNIE DR,365346.64967,5012753.09187,-75.72863039160,45.25213239450,2014-03-08,11:07:00 AM,01 - Clear,01 - Daylight,02 - Wet,02 - Stop sign,01 - Functioning,03 - P.D. only,07 - SMV other,0
14-3004,KENT ST @ WELLINGTON ST,367098.17173,5031528.46923,-75.70395432700,45.42091710180,2014-03-06,7:20:00 PM,01 - Clear,07 - Dark,01 - Dry,01 - Traffic signal,01 - Functioning,03 - P.D. only,03 - Rear end,0
14-3005,ST. LAURENT BLVD btwn FOLEY AVE & WALKLEY RD,373894.69323,5028062.02098,-75.61760400950,45.38908945270,2014-03-07,4:00:00 PM,01 - Clear,01 - Daylight,01 - Dry,10 - No control,,03 - P.D. only,03 - Rear end,0
14-3006,CHAPEL ST btwn TEMPLETON ST & MANN AVE,369456.31458,5031708.67162,-75.67380143510,45.42232453250,2014-03-08,12:30:00 PM,01 - Clear,01 - Daylight,01 - Dry,10 - No control,,03 - P.D. only,02 - Angle,0
14-3007,BARRICK HILL RD btwn MOORPARK AVE & OAKGLADE AVE,354334.86500,5016029.70800,-75.86858518880,45.28247753670,2014-03-08,1:25:00 PM,01 - Clear,01 - Daylight,02 - Wet,10 - No control,,03 - P.D. only,06 - SMV unattended vehicle,0
14-3008,BRONSON AVE @ SUNNYSIDE AVE/UNIVERSITY RD - CA,367922.23617,5028091.54710,-75.69386546390,45.38991886770,2014-03-08,1:29:00 PM,01 - Clear,01 - Daylight,01 - Dry,01 - Traffic signal,01 - Functioning,03 - P.D. only,04 - Sideswipe,0
14-3009,PRINCE OF WALES DR btwn VILLA CRES & MARYLAND AVE,366956.92118,5026005.61236,-75.70645492050,45.37123646770,2014-03-08,1:31:00 PM,01 - Clear,01 - Daylight,01 - Dry,10 - No control,,02 - Non-fatal injury,05 - Turning movement,0
14-3010,EARL ARMSTRONG RD @ LIMEBANK RD,370155.24697,5015958.55497,-75.66695291920,45.28054452320,2014-03-08,1:55:00 PM,01 - Clear,01 - Daylight,01 - Dry,01 - Traffic signal,01 - Functioning,03 - P.D. only,05 - Turning movement,0
14-3011,MOUNTSHANNON DR btwn DAVENTRY CRES S & DEWBERRY CRES,364346.73019,5016748.73276,-75.74088919350,45.28817052650,2014-03-07,4:30:00 PM,01 - Clear,01 - Daylight,01 - Dry,10 - No control,,03 - P.D. only,05 - Turning movement,0
14-3012,HUNT CLUB RD @ RIVERSIDE DR,368036.22907,5021944.55063,-75.69319636590,45.33459939400,2014-03-08,2:25:00 PM,01 - Clear,01 - Daylight,01 - Dry,01 - Traffic signal,01 - Functioning,03 - P.D. only,03 - Rear end,0
14-3013,RIDEAU ST @ 88 W OF WILLIAM ST/FREIMAN MALL,368024.07975,5032111.76267,-75.69204939140,45.42608231510,2014-03-08,11:30:00 AM,01 - Clear,01 - Daylight,01 - Dry,01 - Traffic signal,01 - Functioning,02 - Non-fatal injury,03 - Rear end,0
14-3014,GIBBARD AVE @ GREENBANK RD,361428.26210,5020615.53233,-75.77764944850,45.32320529970,2014-03-08,3:16:00 PM,01 - Clear,01 - Daylight,01 - Dry,02 - Stop sign,00 - Unknown,03 - P.D. only,03 - Rear end,0
14-3015,CLEARBROOK DR @ CHAPMAN MILLS DR,365922.83713,5015085.27856,-75.72100344470,45.27306754800,2014-03-08,3:40:00 PM,01 - Clear,01 - Daylight,01 - Dry,02 - Stop sign,01 - Functioning,03 - P.D. only,03 - Rear end,0
14-3016,BASELINE RD @ GUTHRIE ST,360245.04627,5022373.39543,-75.79254449000,45.33911703240,2014-03-08,3:57:00 PM,01 - Clear,01 - Daylight,01 - Dry,01 - Traffic signal,01 - Functioning,03 - P.D. only,03 - Rear end,0
14-3017,CLEARWATER CRES btwn SOUTHGATE RD & KODIAK ST (1),371406.22308,5024507.57861,-75.64985956580,45.35734892720,2014-03-08,4:10:00 PM,01 - Clear,01 - Daylight,01 - Dry,10 - No control,,03 - P.D. only,06 - SMV unattended vehicle,0
14-3018,MACKENZIE AVE @ RIDEAU ST,367870.05135,5032009.89325,-75.69403059160,45.42517963420,2014-03-08,4:20:00 PM,01 - Clear,01 - Daylight,01 - Dry,01 - Traffic signal,01 - Functioning,03 - P.D. only,02 - Angle,0
14-3019,GLADSTONE AVE @ ROCHESTER ST,366663.17193,5029785.66987,-75.70973096520,45.40527449130,2014-03-08,4:39:00 PM,01 - Clear,01 - Daylight,01 - Dry,01 - Traffic signal,01 - Functioning,03 - P.D. only,02 - Angle,0
14-3020,KATIMAVIK RD @ MCGIBBON DR/SEWELL WAY,351726.11777,5018738.20541,-75.90158041530,45.30702831220,2014-03-08,4:38:00 PM,01 - Clear,01 - Daylight,01 - Dry,02 - Stop sign,01 - Functioning,02 - Non-fatal injury,02 - Angle,0
14-3021,ARLINGTON AVE @ KENT ST,367869.18343,5030256.62313,-75.69426608310,45.40940435790,2014-03-08,4:15:00 PM,01 - Clear,01 - Daylight,01 - Dry,01 - Traffic signal,01 - Functioning,03 - P.D. only,02 - Angle,0
14-3022,CARLING AVE @ CROYDON AVE,360657.85122,5025043.22840,-75.78697608840,45.36310737290,2014-03-08,5:45:00 PM,01 - Clear,05 - Dusk,01 - Dry,01 - Traffic signal,01 - Functioning,03 - P.D. only,02 - Angle,0
14-3023,RIVERSIDE DR NB btwn BANK ST & RIVERSIDE DR NB RAMP FROM EB TO WB,369365.85454,5028007.34911,-75.67544191870,45.38902968140,2014-03-08,6:25:00 PM,01 - Clear,07 - Dark,01 - Dry,10 - No control,,02 - Non-fatal injury,04 - Sideswipe,0
14-3024,DEERCROFT AVE @ LONGFIELDS DR,364481.09643,5015293.09999,-75.73935147210,45.27506136570,2014-03-08,7:09:00 PM,01 - Clear,07 - Dark,01 - Dry,02 - Stop sign,01 - Functioning,03 - P.D. only,03 - Rear end,0
14-3025,BANK ST @ RIVERSIDE DR N,369226.07135,5027983.54600,-75.67722998390,45.38882838100,2014-03-08,7:48:00 PM,01 - Clear,07 - Dark,01 - Dry,01 - Traffic signal,01 - Functioning,03 - P.D. only,07 - SMV other,1
14-3026,CLARKSON CRES btwn PICKFORD DR & TO BE DETERMINED,353495.55911,5018712.45581,-75.87901966840,45.30667616280,2014-03-09,1:01:00 AM,01 - Clear,07 - Dark,01 - Dry,10 - No control,,03 - P.D. only,07 - SMV other,0
14-3027,CASTLEFRANK RD btwn SHELDRAKE DR & GLAMORGAN DR,353361.38349,5016553.21178,-75.88094206870,45.28725607830,2014-03-09,12:00:00 AM,01 - Clear,00 - Unknown,01 - Dry,10 - No control,,03 - P.D. only,06 - SMV unattended vehicle,0
14-3028,EAGLESON RD @ PERTH ST/RICHMOND RD,358017.55821,5007410.82723,-75.82256791910,45.20465388450,2014-03-09,8:16:00 AM,01 - Clear,01 - Daylight,01 - Dry,01 - Traffic signal,01 - Functioning,02 - Non-fatal injury,02 - Angle,0
14-3029,MERIVALE RD @ WEST HUNT CLUB RD,365614.11700,5021941.55033,-75.72409650850,45.33478649710,2014-03-09,9:48:00 AM,01 - Clear,01 - Daylight,01 - Dry,01 - Traffic signal,01 - Functioning,03 - P.D. only,02 - Angle,0
14-3030,CATHERINE ST @ KENT ST,367908.18143,5030187.61653,-75.69377675160,45.40877994280,2014-03-08,11:15:00 PM,01 - Clear,07 - Dark,01 - Dry,01 - Traffic signal,01 - Functioning,03 - P.D. only,05 - Turning movement,0
14-3031,QUEENSDALE AVE btwn ALBION RD & FIRST (1ST) ST,372457.89436,5022926.39032,-75.63665422710,45.34302125690,2014-03-09,11:35:00 AM,01 - Clear,01 - Daylight,01 - Dry,10 - No control,,02 - Non-fatal injury,07 - SMV other,1
14-3032,PRINCE OF WALES DR @ MERIVALE RD,367449.23737,5017616.46060,-75.70123212520,45.29570853880,2014-03-09,12:38:00 PM,01 - Clear,01 - Daylight,01 - Dry,01 - Traffic signal,01 - Functioning,03 - P.D. only,05 - Turning movement,0
14-3033,BANK ST @ LISGAR ST,367605.30622,5031064.56890,-75.69753393290,45.41669773220,2014-03-09,12:52:00 PM,01 - Clear,01 - Daylight,01 - Dry,01 - Traffic signal,01 - Functioning,02 - Non-fatal injury,07 - SMV other,1
14-3034,ST. JOSEPH BLVD btwn JEANNE D'ARC BLVD S & NOTRE DAME ST,379889.65245,5036487.69464,-75.53976927760,45.46428058680,2014-03-08,3:05:00 PM,01 - Clear,01 - Daylight,01 - Dry,10 - No control,,03 - P.D. only,03 - Rear end,0
14-3035,EAGLESON RD @ MICHAEL COWPLAND DR/STONEHAVEN D,354383.09993,5016622.49623,-75.86791114610,45.28780817860,2014-03-09,1:28:00 PM,01 - Clear,01 - Daylight,01 - Dry,01 - Traffic signal,01 - Functioning,03 - P.D. only,03 - Rear end,0
14-3036,BASELINE RD @ MERIVALE RD,365055.71034,5025325.26141,-75.73080804870,45.36528083150,2014-03-09,2:00:00 PM,01 - Clear,01 - Daylight,01 - Dry,01 - Traffic signal,01 - Functioning,03 - P.D. only,04 - Sideswipe,0
14-3037,SHEPODY CIRC btwn TO BE DETERMINED & LARUE MILLS PL (1),375234.25515,5020193.43099,-75.60161974340,45.31815792880,2014-03-01,9:00:00 AM,03 - Snow,01 - Daylight,03 - Loose snow,10 - No control,,03 - P.D. only,99 - Other,0
14-3038,ST. JOSEPH BLVD @ TENTH LINE RD,382891.27773,5038665.50493,-75.50104473220,45.48354548090,2014-03-09,3:14:00 PM,01 - Clear,01 - Daylight,01 - Dry,01 - Traffic signal,01 - Functioning,02 - Non-fatal injury,02 - Angle,0
14-3039,BRIDGESTONE DR/STEEPLE CHASE DR @ STONEHAVEN D,355105.15817,5016985.39497,-75.85867007100,45.29102230520,2014-03-09,3:23:00 PM,01 - Clear,01 - Daylight,08 - Loose sand or gravel,03 - Yield sign,01 - Functioning,03 - P.D. only,07 - SMV other,0
14-3040,OLD TENTH LINE RD btwn TENTH LINE RD & OR174 IC101 RAMP63,383147.07427,5038597.28466,-75.49778393110,45.48290303690,2014-03-09,4:10:00 PM,01 - Clear,01 - Daylight,01 - Dry,10 - No control,,03 - P.D. only,05 - Turning movement,0
14-3041,STONEWAY DR btwn WINDHURST DR & LEWISTON AVE,366124.55202,5016070.77380,-75.71831112620,45.28191742070,2014-03-09,4:16:00 PM,01 - Clear,01 - Daylight,01 - Dry,10 - No control,,03 - P.D. only,06 - SMV unattended vehicle,0
14-3042,ST. JOSEPH BLVD @ TENTH LINE RD,382890.32987,5038665.50493,-75.50105685480,45.48354558690,2014-03-09,4:35:00 PM,01 - Clear,01 - Daylight,01 - Dry,01 - Traffic signal,01 - Functioning,03 - P.D. only,02 - Angle,0
14-3043,BLAIR RD @ OGILVIE RD,374509.14550,5033196.67927,-75.60903172710,45.43522757760,2014-03-09,5:34:00 PM,01 - Clear,01 - Daylight,01 - Dry,01 - Traffic signal,01 - Functioning,03 - P.D. only,03 - Rear end,0
14-3044,BAYNE AVE btwn DAVID DR & MEADOWLANDS DR W,364763.68896,5023692.93188,-75.73473351730,45.35061840860,2014-03-07,4:30:00 PM,01 - Clear,01 - Daylight,01 - Dry,10 - No control,,03 - P.D. only,02 - Angle,0
14-3045,JACKMAN TER btwn AIRD PL & AIRD PL,352091.00446,5019178.15369,-75.89688551690,45.31096259800,2014-03-09,12:00:00 AM,01 - Clear,00 - Unknown,01 - Dry,10 - No control,,03 - P.D. only,06 - SMV unattended vehicle,0
14-3046,DUNROBIN RD btwn MARCH RD & RIDDELL DR,347176.67056,5026226.04906,-75.95895258000,45.37469529270,2014-03-09,8:10:00 PM,01 - Clear,07 - Dark,01 - Dry,10 - No control,,03 - P.D. only,07 - SMV other,0
14-3047,HELMSDALE DR @ TERRY FOX DR,350583.27120,5023784.83833,-75.91568691250,45.35251453280,2014-03-10,9:16:00 AM,01 - Clear,01 - Daylight,02 - Wet,02 - Stop sign,01 - Functioning,02 - Non-fatal injury,05 - Turning movement,0
14-3048,FALLOWFIELD RD @ GREENBANK RD,363080.20177,5016730.55957,-75.75703584750,45.28811316950,2014-03-10,8:20:00 AM,01 - Clear,01 - Daylight,02 - Wet,01 - Traffic signal,01 - Functioning,02 - Non-fatal injury,03 - Rear end,0
14-3049,COBOURG ST @ RIDEAU ST,369128.23227,5032787.57530,-75.67785241950,45.43206234630,2014-03-10,9:30:00 AM,01 - Clear,01 - Daylight,01 - Dry,01 - Traffic signal,01 - Functioning,03 - P.D. only,03 - Rear end,0
14-3050,CEDARVIEW RD @ WEST HUNT CLUB RD,359719.15133,5019553.52983,-75.79956696610,45.31378514450,2014-03-10,11:22:00 AM,01 - Clear,01 - Daylight,02 - Wet,01 - Traffic signal,01 - Functioning,03 - P.D. only,07 - SMV other,0
14-3051,BELFAST RD @ TRIOLE ST,372981.94170,5030625.20562,-75.62890488790,45.41224128840,2014-03-10,12:25:00 PM,01 - Clear,01 - Daylight,02 - Wet,02 - Stop sign,01 - Functioning,03 - P.D. only,05 - Turning movement,0
14-3052,CHAPMAN MILLS DR/TRANSITWAY SOUTHWEST @ WOODROFFE AVE,366177.09010,5015219.37010,-75.71774677460,45.27425195100,2014-03-10,12:10:00 PM,01 - Clear,01 - Daylight,01 - Dry,01 - Traffic signal,01 - Functioning,03 - P.D. only,03 - Rear end,0
14-3053,CEDARCROFT CRES btwn MARIGOLD CRES & MARIGOLD CRES,374333.68111,5032211.92755,-75.61141315980,45.42638478320,2014-03-10,9:00:00 AM,01 - Clear,01 - Daylight,01 - Dry,10 - No control,,03 - P.D. only,02 - Angle,0
14-3054,COBOURG ST @ RIDEAU ST,369127.28440,5032788.52317,-75.67786440910,45.43207096240,2014-03-10,1:32:00 PM,01 - Clear,01 - Daylight,01 - Dry,01 - Traffic signal,01 - Functioning,03 - P.D. only,05 - Turning movement,0
14-3055,COLONNADE RD @ PRINCE OF WALES DR,367393.28980,5023267.46397,-75.70123117800,45.34656036610,2014-03-10,3:00:00 PM,01 - Clear,01 - Daylight,01 - Dry,01 - Traffic signal,01 - Functioning,03 - P.D. only,03 - Rear end,0
14-3056,BILLINGS BRIDGESC RAMP SB @ RIVERSIDE DR EB,369177.92350,5027786.48895,-75.67787051050,45.38705975170,2014-03-10,4:02:00 PM,01 - Clear,01 - Daylight,01 - Dry,02 - Stop sign,01 - Functioning,03 - P.D. only,02 - Angle,0
14-3057,RODEO DR @ SAN MATEO DR,364828.48468,5015683.86906,-75.73487707430,45.27854792880,2014-03-10,8:15:00 AM,01 - Clear,01 - Daylight,03 - Loose snow,03 - Yield sign,01 - Functioning,03 - P.D. only,07 - SMV other,0
14-3058,BANK ST @ WALKLEY RD,370340.22167,5025948.68277,-75.66327305900,45.37041599140,2014-03-10,1:36:00 PM,01 - Clear,01 - Daylight,02 - Wet,01 - Traffic signal,00 - Unknown,02 - Non-fatal injury,03 - Rear end,0
14-3059,BAY ST @ SLATER ST,366983.22387,5031078.57030,-75.70547976550,45.41687927440,2014-03-10,4:48:00 PM,01 - Clear,01 - Daylight,01 - Dry,01 - Traffic signal,01 - Functioning,03 - P.D. only,04 - Sideswipe,0
14-3060,FALLOWFIELD RD @ GREENBANK RD,363080.20177,5016731.50743,-75.75703573610,45.28812169780,2014-03-10,5:07:00 PM,01 - Clear,01 - Daylight,01 - Dry,01 - Traffic signal,01 - Functioning,03 - P.D. only,07 - SMV other,0
14-3062,BRONSON AVE @ SUNNYSIDE AVE/UNIVERSITY RD - CA,367923.21707,5028090.78664,-75.69385303540,45.38991193650,2014-03-10,5:44:00 PM,01 - Clear,01 - Daylight,01 - Dry,01 - Traffic signal,01 - Functioning,02 - Non-fatal injury,07 - SMV other,1
14-3063,SAUNDERSON DR btwn PLEASANT PARK RD & ELSETT DR,373153.48152,5028563.04545,-75.62699937690,45.39367018230,2014-03-10,6:00:00 PM,03 - Snow,01 - Daylight,03 - Loose snow,10 - No control,,03 - P.D. only,06 - SMV unattended vehicle,0
14-3064,CAMPEAU DR @ TERON RD/COLCHESTER SQ,352564.19643,5020468.47367,-75.89072670360,45.32254115090,2014-03-06,4:25:00 PM,01 - Clear,01 - Daylight,01 - Dry,01 - Traffic signal,01 - Functioning,03 - P.D. only,04 - Sideswipe,0
14-3065,KENT ST @ SOMERSET ST,367526.22727,5030814.61703,-75.69857604240,45.41445583690,2014-02-24,6:30:00 PM,01 - Clear,07 - Dark,01 - Dry,01 - Traffic signal,01 - Functioning,03 - P.D. only,05 - Turning movement,0
14-3066,LEGGET DR btwn FARRAR RD & 386 W OF SCHNEIDER RD/MITEL ACCESS,351054.91897,5022533.43342,-75.90978481950,45.34122319080,2014-02-20,7:45:00 AM,01 - Clear,01 - Daylight,01 - Dry,10 - No control,,03 - P.D. only,02 - Angle,0