Record,Location,X,Y,Longitude,Latitude,Date,Time,Environment,Light,Road_Surface,Traffic_Control,Collision_Location,Collision_Classification,Impact_type,Pedestrian
14-3067,HUNT CLUB RD @ RIVERSIDE DR,368039.07267,5021944.55063,-75.69316008930,45.33459913770,2014-03-10,6:15:00 PM,01 - Clear,05 - Dusk,02 - Wet,01 - Traffic signal,01 - Functioning,03 - P.D. only,03 - Rear end,0
14-3068,MEADOWLANDS DR @ MERIVALE RD,364856.33023,5023725.51040,-75.73354736460,45.35090361830,2014-03-10,8:20:00 PM,03 - Snow,07 - Dark,03 - Loose snow,01 - Traffic signal,01 - Functioning,02 - Non-fatal injury,02 - Angle,0
14-3069,LYON ST @ SOMERSET ST,367366.22637,5030717.51317,-75.70063242650,45.41359645090,2014-03-10,8:24:00 PM,03 - Snow,07 - Dark,02 - Wet,01 - Traffic signal,01 - Functioning,02 - Non-fatal injury,07 - SMV other,1
14-3070,HAWTHORNE AVE/ISABELLA ST @ QUEEN ELIZABETH DR,368666.18543,5030479.41580,-75.68405623240,45.41133669640,2014-03-10,8:59:00 PM,03 - Snow,07 - Dark,03 - Loose snow,01 - Traffic signal,01 - Functioning,03 - P.D. only,05 - Turning movement,0
14-3071,INNES RD @ TENTH LINE RD,383951.28637,5036158.61293,-75.48789088640,45.46087141110,2014-03-10,9:17:00 PM,03 - Snow,07 - Dark,05 - Packed snow,01 - Traffic signal,01 - Functioning,03 - P.D. only,03 - Rear end,0
14-3072,GRANT CARMAN DR btwn FAMILY BROWN LANE & BASIL MACDONALD WAY,365235.13491,5023473.67517,-75.72874418820,45.34860509980,2014-03-10,9:32:00 PM,03 - Snow,07 - Dark,05 - Packed snow,10 - No control,,03 - P.D. only,03 - Rear end,0
14-3073,CHAPEL CRES @ LEES AVE,369690.98556,5031286.25915,-75.67085868620,45.41850209900,2014-03-10,9:35:00 PM,03 - Snow,07 - Dark,03 - Loose snow,02 - Stop sign,01 - Functioning,03 - P.D. only,02 - Angle,0
14-3074,FRANK KENNY RD @ RUSSELL RD,392562.37477,5026366.42317,-75.37954474650,45.37174400690,2014-03-10,9:35:00 PM,03 - Snow,07 - Dark,03 - Loose snow,02 - Stop sign,00 - Unknown,03 - P.D. only,07 - SMV other,0
14-3075,MAITLAND AVE @ WOODWARD DR,363272.27280,5025661.57953,-75.75353267690,45.36845802340,2014-03-10,9:30:00 PM,03 - Snow,07 - Dark,03 - Loose snow,01 - Traffic signal,01 - Functioning,03 - P.D. only,03 - Rear end,0
14-3076,ALESTHER ST @ DONALD ST,371991.41718,5032460.34673,-75.64130815450,45.42884886480,2014-03-10,9:40:00 PM,03 - Snow,07 - Dark,04 - Slush,02 - Stop sign,01 - Functioning,03 - P.D. only,02 - Angle,0
14-3077,GRENON AVE btwn MICHELE DR & RICHMOND RD,359683.56877,5024135.65892,-75.79951260910,45.35501803400,2014-03-10,9:48:00 PM,03 - Snow,07 - Dark,03 - Loose snow,10 - No control,,03 - P.D. only,01 - Approaching,0
14-3078,BANK ST @ KILBORN AVE/BELANGER AVE,369654.19383,5027428.49567,-75.67183603970,45.38379470700,2014-03-10,9:59:00 PM,03 - Snow,07 - Dark,04 - Slush,01 - Traffic signal,01 - Functioning,03 - P.D. only,03 - Rear end,0
14-3079,RENAUD RD @ NAVAN RD,381820.41722,5032759.28328,-75.51566635610,45.43052516090,2014-03-10,10:19:00 PM,03 - Snow,07 - Dark,03 - Loose snow,01 - Traffic signal,01 - Functioning,03 - P.D. only,07 - SMV other,0
14-3080,RIVERSIDE DR @ SMYTH RD SOUTH SIDE RAMP,369787.02310,5028999.87163,-75.66993308970,45.39792110620,2014-03-10,9:09:00 PM,03 - Snow,07 - Dark,02 - Wet,01 - Traffic signal,01 - Functioning,03 - P.D. only,03 - Rear end,0
14-3081,COLUMBUS AVE btwn QUILL ST & EDITH AVE,370890.53470,5032244.98769,-75.65540454540,45.42701605150,2014-03-11,8:39:00 AM,01 - Clear,01 - Daylight,02 - Wet,10 - No control,,03 - P.D. only,02 - Angle,0
14-3082,UPLANDS DR @ AIRPORT PKWY RAMP 35,371124.06559,5021373.84893,-75.65388068540,45.32917931550,2014-03-11,8:58:00 AM,03 - Snow,01 - Daylight,02 - Wet,01 - Traffic signal,01 - Functioning,03 - P.D. only,02 - Angle,0
14-3083,COLONEL BY DR/SUSSEX DR @ RIDEAU ST,367921.60763,5032044.66446,-75.69336736690,45.42548784320,2014-03-11,6:45:00 AM,01 - Clear,01 - Daylight,02 - Wet,01 - Traffic signal,01 - Functioning,02 - Non-fatal injury,07 - SMV other,1
14-3085,BRONSON/HERON RAMP 42/BRONSON/HERON RAMP 52 @,368752.29908,5026894.81114,-75.68342084770,45.37907568860,2014-03-07,10:00:00 AM,01 - Clear,01 - Daylight,01 - Dry,02 - Stop sign,01 - Functioning,02 - Non-fatal injury,03 - Rear end,0
14-3086,CLAYMOR AVE @ DYNES RD,366744.25998,5025671.40071,-75.70921157140,45.36824813300,2014-03-11,11:44:00 AM,01 - Clear,01 - Daylight,02 - Wet,01 - Traffic signal,01 - Functioning,03 - P.D. only,02 - Angle,0
14-3087,HUNT CLUB RD/AIRPORT PKWY/HUNT CLUB RD RAMP 53,370948.85975,5023663.18777,-75.65580953660,45.34979466070,2014-03-11,12:00:00 PM,01 - Clear,01 - Daylight,02 - Wet,02 - Stop sign,01 - Functioning,03 - P.D. only,03 - Rear end,0
14-3088,BRONSON AVE btwn LAKESIDE AVE & LAKEVIEW TER,367657.13490,5028828.11746,-75.69715690170,45.39657016460,2014-03-11,12:43:00 PM,01 - Clear,01 - Daylight,01 - Dry,10 - No control,,03 - P.D. only,04 - Sideswipe,0
14-3089,ELLIOT AVE @ MAIN ST,369451.61967,5029493.03787,-75.67415203930,45.40238949830,2014-03-11,8:05:00 AM,01 - Clear,01 - Daylight,01 - Dry,02 - Stop sign,00 - Unknown,02 - Non-fatal injury,03 - Rear end,0
14-3090,CAVALIER WAY btwn DES GRANDS CHAMPS & DES GRANDS CHAMPS,380635.41830,5033347.91318,-75.53071797750,45.43595070890,2014-03-11,2:11:00 PM,01 - Clear,01 - Daylight,05 - Packed snow,10 - No control,,03 - P.D. only,99 - Other,0
14-3091,PERTH ST btwn EVELYN DR & GAMBLE DR,357423.71771,5006876.71309,-75.83018308150,45.19989235640,2014-03-11,3:25:00 PM,01 - Clear,01 - Daylight,01 - Dry,10 - No control,,02 - Non-fatal injury,05 - Turning movement,0
14-3092,SNAKE ISLAND RD btwn KEARNS WAY & 5TH LINE RD,378497.85071,5006841.99722,-75.56197865730,45.19769197900,2014-02-14,8:30:00 AM,04 - Freezing Rain,01 - Daylight,06 - Ice,10 - No control,,03 - P.D. only,07 - SMV other,0
14-3093,PRINCE OF WALES DR @ FALLOWFIELD RD,367399.23607,5019166.47020,-75.70167384500,45.30965978410,2014-03-11,3:41:00 PM,01 - Clear,01 - Daylight,01 - Dry,01 - Traffic signal,01 - Functioning,02 - Non-fatal injury,03 - Rear end,0
14-3094,GREENBANK RD btwn HWY 417 IC129 RAMP57 & HWY417 IC129 RAMP53,360527.85466,5023285.36243,-75.78883351590,45.34730049450,2014-03-11,3:50:00 PM,01 - Clear,01 - Daylight,01 - Dry,10 - No control,,03 - P.D. only,04 - Sideswipe,0
14-3095,DALHOUSIE ST @ ST. PATRICK ST,367956.27880,5032641.52897,-75.69284780520,45.43085509410,2014-03-11,4:09:00 PM,01 - Clear,01 - Daylight,01 - Dry,01 - Traffic signal,01 - Functioning,03 - P.D. only,03 - Rear end,0
14-3096,FAIRMONT AVE btwn WELLINGTON ST W & DUHAMEL ST,365594.05981,5029635.69860,-75.72340551940,45.40401875640,2014-03-11,2:15:00 PM,01 - Clear,01 - Daylight,01 - Dry,10 - No control,,03 - P.D. only,04 - Sideswipe,0
14-3097,CHAMPLAIN ST @ PLACE D'ORLEANS DR,381595.82420,5038181.76377,-75.51768953630,45.47933690740,2014-03-11,5:50:00 PM,01 - Clear,01 - Daylight,01 - Dry,01 - Traffic signal,01 - Functioning,03 - P.D. only,03 - Rear end,0
14-3098,WISTERIA CRES btwn VINTAGE LANE & MOSSWOOD CRT (2),369843.85500,5022698.53112,-75.67003693920,45.34121828980,2014-03-11,6:17:00 PM,01 - Clear,05 - Dusk,02 - Wet,10 - No control,,03 - P.D. only,02 - Angle,0
14-3099,DES EPINETTES AVE @ JEANNE D'ARC BLVD,382228.94991,5035961.28518,-75.50994216780,45.45928903010,2014-03-11,6:20:00 PM,01 - Clear,05 - Dusk,02 - Wet,01 - Traffic signal,01 - Functioning,02 - Non-fatal injury,03 - Rear end,0
14-3100,CARLING AVE @ RIFLE RD,353890.16397,5023315.44857,-75.87353144600,45.34806720480,2014-03-11,6:23:00 PM,01 - Clear,07 - Dark,01 - Dry,02 - Stop sign,00 - Unknown,02 - Non-fatal injury,07 - SMV other,0
14-3101,PARENT AVE @ ST. PATRICK ST,367821.44459,5032557.54070,-75.69458159570,45.43011155980,2014-03-11,7:04:00 PM,01 - Clear,07 - Dark,01 - Dry,01 - Traffic signal,01 - Functioning,03 - P.D. only,03 - Rear end,0
14-3102,LYON ST @ WELLINGTON ST,366934.79707,5031425.21813,-75.70605474630,45.42000260900,2014-03-11,7:51:00 PM,01 - Clear,07 - Dark,01 - Dry,01 - Traffic signal,01 - Functioning,03 - P.D. only,05 - Turning movement,0
14-3103,CANTERBURY AVE/SAUNDERSON DR @ HALIFAX DR,373235.79861,5028123.47705,-75.62600912310,45.38970710030,2014-03-11,8:52:00 PM,01 - Clear,07 - Dark,01 - Dry,02 - Stop sign,01 - Functioning,03 - P.D. only,02 - Angle,0
14-3104,HUNT CLUB RD btwn ALBION RD S & TURN LANE (1),371889.02648,5024322.79917,-75.64372298460,45.35564031510,2014-03-11,8:58:00 PM,01 - Clear,07 - Dark,01 - Dry,10 - No control,,03 - P.D. only,03 - Rear end,0
14-3105,COLONNADE RD    N btwn COLONNADE RD & CORINTH PRIV,366268.48496,5023052.88742,-75.71561039860,45.34472911720,2014-03-11,9:34:00 PM,01 - Clear,07 - Dark,01 - Dry,10 - No control,,03 - P.D. only,05 - Turning movement,0
14-3106,SMYTH RD btwn FAIRBANKS AVE & VALOUR DR,370647.96509,5029086.10790,-75.65892611260,45.39861658830,2014-03-12,10:25:00 AM,01 - Clear,01 - Daylight,01 - Dry,10 - No control,,03 - P.D. only,04 - Sideswipe,0
14-3107,BASELINE RD @ WOODROFFE AVE,362549.21627,5023772.40043,-75.76298330670,45.35151930910,2014-03-12,11:35:00 AM,01 - Clear,01 - Daylight,01 - Dry,01 - Traffic signal,01 - Functioning,02 - Non-fatal injury,03 - Rear end,0
14-3108,DON REID DR btwn WALKLEY RD & ST. LAURENT BLVD,372712.66420,5027064.36645,-75.63283499650,45.38022858600,2014-03-12,12:06:00 PM,01 - Clear,01 - Daylight,01 - Dry,10 - No control,,03 - P.D. only,05 - Turning movement,0
14-3109,THORNCLIFF PL @ NORTHSIDE RD,358365.41529,5021187.75136,-75.81665436910,45.32859456800,2014-03-12,12:09:00 PM,01 - Clear,01 - Daylight,01 - Dry,02 - Stop sign,01 - Functioning,03 - P.D. only,02 - Angle,0
14-3110,GLADSTONE AVE @ CAMBRIDGE ST,367067.07427,5030037.51757,-75.70454002010,45.40750473210,2014-03-12,1:18:00 PM,03 - Snow,01 - Daylight,02 - Wet,02 - Stop sign,01 - Functioning,03 - P.D. only,03 - Rear end,0
14-3111,NAVAN RD @ PAGE RD,381661.18180,5032769.60203,-75.51769949890,45.43063551850,2014-03-04,7:00:00 PM,01 - Clear,07 - Dark,02 - Wet,02 - Stop sign,01 - Functioning,03 - P.D. only,02 - Angle,0
14-3112,MOODIE DR @ FITZGERALD RD/STAFFORD RD,356921.21520,5020816.60909,-75.83511615080,45.32536373030,2014-03-12,2:18:00 PM,05 - Drifting Snow,01 - Daylight,05 - Packed snow,01 - Traffic signal,01 - Functioning,03 - P.D. only,02 - Angle,0
14-3113,JOHNSTON RD @ SOUTHGATE RD,371021.19603,5024938.67420,-75.65471563180,45.36126425660,2014-03-12,2:25:00 PM,01 - Clear,01 - Daylight,03 - Loose snow,02 - Stop sign,01 - Functioning,03 - P.D. only,03 - Rear end,0
14-3114,MERIVALE RD @ CAPILANO DR/WITHROW AVE,364641.95507,5024226.82103,-75.73622234890,45.35543266970,2014-03-12,2:17:00 PM,03 - Snow,01 - Daylight,03 - Loose snow,01 - Traffic signal,01 - Functioning,03 - P.D. only,03 - Rear end,0
14-3115,ANDERSON RD btwn DOLMAN RIDGE RD & RIDGE RD,378968.40932,5028706.88221,-75.55272015820,45.39437259820,2014-03-12,3:14:00 PM,05 - Drifting Snow,01 - Daylight,03 - Loose snow,10 - No control,,03 - P.D. only,07 - SMV other,0
14-3116,SCHOONER CRES btwn SHORELINE DR & EVERTON WAY,368125.73130,5015034.93770,-75.69293723180,45.27241965640,2014-03-12,6:30:00 AM,01 - Clear,01 - Daylight,01 - Dry,10 - No control,,03 - P.D. only,06 - SMV unattended vehicle,0
14-3117,EAGLESON RD btwn FLEWELLYN RD & FAULKNER TR,355349.26331,5014216.14568,-75.85584024270,45.26608648680,2014-03-12,3:25:00 PM,03 - Snow,01 - Daylight,03 - Loose snow,10 - No control,,03 - P.D. only,07 - SMV other,0
14-3118,ST. ALBANS CRT @ VORLAGE DR,379314.42849,5037712.33143,-75.54693839930,45.47536052870,2014-03-12,3:33:00 PM,03 - Snow,01 - Daylight,03 - Loose snow,02 - Stop sign,00 - Unknown,03 - P.D. only,01 - Approaching,0
14-3119,ARLINGTON AVE @ KENT ST,367868.23557,5030256.62313,-75.69427819050,45.40940444330,2014-03-12,2:00:00 PM,03 - Snow,01 - Daylight,02 - Wet,01 - Traffic signal,01 - Functioning,03 - P.D. only,02 - Angle,0
14-3120,ALFA ST btwn TARTAN DR & HALLEY ST,362687.15732,5014147.33874,-75.76234724380,45.26490172340,2014-03-12,3:30:00 PM,05 - Drifting Snow,01 - Daylight,05 - Packed snow,10 - No control,,03 - P.D. only,05 - Turning movement,0
14-3121,RIVER RD btwn LOWEN DR & BALMORAL DR,368015.07755,5019454.43253,-75.69378407990,45.31219566080,2014-03-12,3:37:00 PM,03 - Snow,01 - Daylight,06 - Ice,10 - No control,,02 - Non-fatal injury,07 - SMV other,0
14-3122,OGILVIE RD @ MATHESON RD/PALMERSTON DR,373377.82533,5032535.31313,-75.62358178240,45.42938881020,2014-03-12,3:25:00 PM,05 - Drifting Snow,01 - Daylight,03 - Loose snow,01 - Traffic signal,01 - Functioning,03 - P.D. only,03 - Rear end,0
14-3123,BANK ST @ WALKLEY RD,370336.31172,5025947.02400,-75.66332319120,45.37040143170,2014-03-12,3:42:00 PM,03 - Snow,01 - Daylight,05 - Packed snow,01 - Traffic signal,00 - Unknown,03 - P.D. only,04 - Sideswipe,0
14-3124,GREENBANK RD btwn WEST HUNT CLUB RD & FALLOWFIELD RD,361729.85799,5019944.99121,-75.77387967330,45.31714737900,2014-03-12,4:00:00 PM,03 - Snow,01 - Daylight,03 - Loose snow,10 - No control,,03 - P.D. only,07 - SMV other,0
14-3125,RIDEAU ST btwn WURTEMBURG ST & RIDEAU PL,369371.27364,5032935.23282,-75.67472718710,45.43336851190,2014-03-12,5:19:00 PM,03 - Snow,01 - Daylight,03 - Loose snow,10 - No control,,03 - P.D. only,04 - Sideswipe,0
14-3126,VICTORIA ST btwn 9TH LINE RD & YORKS CORNERS RD,388652.58292,5013158.69029,-75.43168695980,45.25339062400,2014-03-12,4:24:00 PM,05 - Drifting Snow,01 - Daylight,03 - Loose snow,10 - No control,,02 - Non-fatal injury,07 - SMV other,0
14-3127,RIVER RD btwn BRIDGE ST & ROYAL PALM CRES,369921.72102,5010357.88914,-75.67066312650,45.23017209070,2014-03-12,4:33:00 PM,05 - Drifting Snow,01 - Daylight,06 - Ice,10 - No control,,03 - P.D. only,07 - SMV other,0
14-3128,HAWTHORNE RD @ STEVENAGE DR,375136.26657,5027312.58893,-75.60185683260,45.38222284490,2014-03-12,3:30:00 PM,03 - Snow,01 - Daylight,03 - Loose snow,01 - Traffic signal,01 - Functioning,03 - P.D. only,05 - Turning movement,0
14-3129,RIVER RD btwn EARL ARMSTRONG RD & NICOLLS ISLAND RD,367613.08106,5013723.21855,-75.69963601190,45.26066288500,2014-03-12,4:39:00 PM,03 - Snow,01 - Daylight,03 - Loose snow,10 - No control,,03 - P.D. only,01 - Approaching,0
14-3130,ANDERSON RD btwn DOLMAN RIDGE RD & RIDGE RD,379017.90906,5028543.60329,-75.55211259450,45.39289827290,2014-03-12,4:44:00 PM,03 - Snow,01 - Daylight,03 - Loose snow,10 - No control,,02 - Non-fatal injury,01 - Approaching,0
14-3131,TARTAN DR btwn RUETER ST & HALLEY ST,362792.57028,5014352.00659,-75.76098018770,45.26673465350,2014-03-12,4:05:00 PM,03 - Snow,01 - Daylight,03 - Loose snow,10 - No control,,03 - P.D. only,03 - Rear end,0
14-3132,CARLING AVE @ CLYDE AVE/COLE AVE,363522.11240,5026850.54210,-75.75020209080,45.37913525790,2014-03-12,5:04:00 PM,05 - Drifting Snow,01 - Daylight,05 - Packed snow,01 - Traffic signal,01 - Functioning,03 - P.D. only,05 - Turning movement,0
14-3133,REGIONAL ROAD 174 btwn EAST SHORE RD & MORIN RD,391942.81752,5042796.35333,-75.38454328670,45.51963840030,2014-03-12,5:05:00 PM,03 - Snow,01 - Daylight,05 - Packed snow,10 - No control,,02 - Non-fatal injury,07 - SMV other,0
14-3134,GREENBANK RD @ KILBIRNIE DR,365285.25590,5011656.86110,-75.72954584620,45.24227376750,2014-03-12,5:08:00 PM,05 - Drifting Snow,01 - Daylight,05 - Packed snow,02 - Stop sign,01 - Functioning,03 - P.D. only,07 - SMV other,0
14-3135,TAPIOLA CRES btwn BRANDO CRES & SOMERO PRIV (2),372385.50085,5025452.71692,-75.63723254160,45.36575922280,2014-03-12,5:18:00 PM,03 - Snow,01 - Daylight,03 - Loose snow,10 - No control,,03 - P.D. only,01 - Approaching,0
14-3136,LESTER RD btwn ALBION RD & UPLANDS DR,371781.55138,5021870.97342,-75.64542657230,45.33358985100,2014-03-12,5:34:00 PM,03 - Snow,01 - Daylight,05 - Packed snow,10 - No control,,03 - P.D. only,01 - Approaching,0
14-3137,CHAPEL ST @ RIDEAU ST,368890.98650,5032643.27130,-75.68090301200,45.43078573640,2014-03-12,4:50:00 PM,03 - Snow,01 - Daylight,03 - Loose snow,01 - Traffic signal,01 - Functioning,03 - P.D. only,05 - Turning movement,0
14-3138,KIRKWOOD AVE @ LAROSE AVE,364649.12140,5026842.59353,-75.73581402610,45.37896837050,2014-03-12,5:38:00 PM,03 - Snow,01 - Daylight,05 - Packed snow,02 - Stop sign,00 - Unknown,03 - P.D. only,04 - Sideswipe,0
14-3139,OTTAWA ROAD 29 btwn KEATLEY RD & MADAWASKA BLVD,318845.19301,5031578.56475,-76.32052090720,45.42400084060,2014-03-12,5:44:00 PM,05 - Drifting Snow,01 - Daylight,03 - Loose snow,10 - No control,,02 - Non-fatal injury,07 - SMV other,0
14-3140,NEPEAN ST @ O'CONNOR ST,367723.07957,5031226.58460,-75.69600859760,45.41814491610,2014-03-12,6:05:00 PM,03 - Snow,05 - Dusk,03 - Loose snow,02 - Stop sign,00 - Unknown,03 - P.D. only,03 - Rear end,0
14-3141,MOJAVE CRES btwn HORSESHOE CRES & CHEROKEE WAY (2),349584.37551,5015502.10016,-75.92918352180,45.27804864590,2014-03-12,5:00:00 PM,03 - Snow,01 - Daylight,03 - Loose snow,10 - No control,,03 - P.D. only,02 - Angle,0
14-3142,SAUMURE RD btwn RUSSELL RD & DEVINE RD,401072.85206,5027021.29942,-75.27078853820,45.37651823460,2014-03-12,6:55:00 PM,03 - Snow,07 - Dark,05 - Packed snow,10 - No control,,03 - P.D. only,05 - Turning movement,0
14-3143,PRESTON ST btwn NORMAN ST & PAMILLA ST,366719.05817,5029185.77835,-75.70909243750,45.39987188790,2014-03-12,7:10:00 PM,03 - Snow,07 - Dark,03 - Loose snow,10 - No control,,03 - P.D. only,02 - Angle,0
14-3144,AIRPORT PKWY btwn RAMP & TO BE DETERMINED,369917.99349,5025711.87137,-75.66869412800,45.36832459410,2014-03-12,6:45:00 PM,05 - Drifting Snow,05 - Dusk,03 - Loose snow,10 - No control,,03 - P.D. only,07 - SMV other,0
14-3145,GREENBANK RD @ STRANDHERD DR,363932.26210,5014784.41720,-75.74640645520,45.27053059990,2014-03-12,7:20:00 PM,05 - Drifting Snow,07 - Dark,03 - Loose snow,01 - Traffic signal,01 - Functioning,02 - Non-fatal injury,05 - Turning movement,0
14-3146,REGIONAL ROAD 174 btwn OLD MONTREAL RD & OLD MONTREAL RD,393658.75382,5042850.35088,-75.36257326520,45.51990762050,2014-03-12,7:22:00 PM,03 - Snow,07 - Dark,03 - Loose snow,10 - No control,,02 - Non-fatal injury,01 - Approaching,0
14-3147,REGIONAL ROAD 174 EB btwn HWY417 IC113 RAMP65 & OR174 BLAIR IC112 RAMP51,374030.98546,5032196.36022,-75.61528309940,45.42627474100,2014-03-12,8:30:00 PM,03 - Snow,07 - Dark,03 - Loose snow,10 - No control,,02 - Non-fatal injury,07 - SMV other,0
14-3148,BANK ST @ QUEENSDALE AVE,373336.26897,5023446.46127,-75.62537500770,45.34761539580,2014-03-12,8:33:00 PM,03 - Snow,07 - Dark,03 - Loose snow,01 - Traffic signal,01 - Functioning,03 - P.D. only,05 - Turning movement,0
14-3149,BREWER RD @ BRONSON AVE,368108.57317,5027763.59230,-75.69152806100,45.38695120490,2014-03-12,8:15:00 PM,03 - Snow,07 - Dark,03 - Loose snow,01 - Traffic signal,01 - Functioning,03 - P.D. only,04 - Sideswipe,0
14-3150,HWY417 IC113 RAMP35 btwn AVIATION PKWY & HWY417 IC113 RAMP85,373363.11297,5031969.14672,-75.62384859690,45.42429617220,2014-03-12,9:23:00 PM,03 - Snow,07 - Dark,03 - Loose snow,10 - No control,,03 - P.D. only,07 - SMV other,0
14-3151,OR174 IC112 RAMP51 btwn REGIONAL ROAD 174 & OR174 IC112 RAMP52,374977.17062,5032730.41232,-75.60311698570,45.43098555560,2014-03-12,9:35:00 PM,03 - Snow,07 - Dark,03 - Loose snow,10 - No control,,03 - P.D. only,07 - SMV other,0
14-3152,HERZBERG RD @ CARLING AVE,352038.09393,5022301.44067,-75.89726229690,45.33907016220,2014-03-12,10:50:00 PM,03 - Snow,07 - Dark,06 - Ice,01 - Traffic signal,01 - Functioning,03 - P.D. only,07 - SMV other,0
14-3153,BANK ST @ CHAMBERLAIN AVE N/ISABELLA ST,368083.18603,5030165.61433,-75.69154407070,45.40856617230,2014-03-13,1:00:00 AM,03 - Snow,07 - Dark,03 - Loose snow,01 - Traffic signal,01 - Functioning,03 - P.D. only,02 - Angle,0
14-3154,RICHARDSON SIDE RD btwn CARP RD & OAK CREEK RD,346392.68888,5017295.03764,-75.96971227300,45.29437825460,2014-03-13,2:01:00 AM,05 - Drifting Snow,07 - Dark,05 - Packed snow,10 - No control,,03 - P.D. only,07 - SMV other,0
14-3155,BASIN CRT @ BELLMAN DR,360990.04338,5020879.89169,-75.78320892990,45.32561922220,2014-03-13,6:13:00 AM,01 - Clear,03 - Dawn,05 - Packed snow,10 - No control,,03 - P.D. only,02 - Angle,0
14-3156,MERIVALE RD btwn MAYVIEW AVE & TRENTON AVE,364881.43858,5026394.27067,-75.73290248810,45.37491455790,2014-03-13,6:17:00 AM,02 - Rain,01 - Daylight,03 - Loose snow,10 - No control,,03 - P.D. only,07 - SMV other,0
14-3157,TERMINAL AVE btwn TRANSIT & RIVERSIDE DR,370653.35857,5030598.21912,-75.65865527740,45.41222147270,2014-03-13,6:57:00 AM,05 - Drifting Snow,01 - Daylight,04 - Slush,10 - No control,,03 - P.D. only,03 - Rear end,0
14-3158,LEES AVE btwn MAIN ST & ROSEMERE AVE,369023.03381,5030570.99684,-75.67948573310,45.41212805360,2014-03-11,7:10:00 PM,03 - Snow,07 - Dark,03 - Loose snow,10 - No control,,03 - P.D. only,06 - SMV unattended vehicle,0
14-3159,FALLOWFIELD RD btwn GREENBANK RD & WOLFGANG DR,363163.77515,5016805.70789,-75.75596169160,45.28878241950,2014-03-13,6:35:00 AM,03 - Snow,01 - Daylight,03 - Loose snow,10 - No control,,03 - P.D. only,04 - Sideswipe,0
14-3160,RICHMOND RD btwn BASELINE RD TURN LANE & NORTHSIDE RD,358343.26132,5021240.70203,-75.81693124540,45.32907271150,2014-03-13,7:56:00 AM,01 - Clear,01 - Daylight,03 - Loose snow,10 - No control,,03 - P.D. only,03 - Rear end,0
14-3161,ELGIN ST @ WELLINGTON ST W,367664.22987,5031876.62953,-75.69667752240,45.42399909830,2014-03-13,8:15:00 AM,01 - Clear,01 - Daylight,03 - Loose snow,01 - Traffic signal,01 - Functioning,02 - Non-fatal injury,03 - Rear end,0
14-3162,ALBION RD btwn DEL ZOTTO AVE & HIGH RD,374233.15442,5018675.18095,-75.61459985890,45.30459695220,2014-03-13,8:19:00 AM,03 - Snow,01 - Daylight,03 - Loose snow,10 - No control,,03 - P.D. only,07 - SMV other,0
14-3163,HAZELDEAN RD btwn KINCARDINE DR & TERRY FOX DR,352191.02332,5017232.02446,-75.89579606360,45.29344410480,2014-03-13,8:22:00 AM,01 - Clear,01 - Daylight,06 - Ice,10 - No control,,03 - P.D. only,07 - SMV other,0
14-3164,RIVER RD btwn EARL ARMSTRONG RD & NICOLLS ISLAND RD,367654.70110,5013350.69320,-75.69915286640,45.25730720800,2014-03-13,8:25:00 AM,01 - Clear,01 - Daylight,05 - Packed snow,10 - No control,,02 - Non-fatal injury,01 - Approaching,0
14-3165,RICHMOND RD @ HOLLY ACRES RD/NANAIMO DR,359058.16459,5022751.21356,-75.80764604380,45.34260944550,2014-03-13,8:45:00 AM,01 - Clear,01 - Daylight,06 - Ice,01 - Traffic signal,01 - Functioning,03 - P.D. only,02 - Angle,0
14-3166,HUNTER'S RUN DR @ JEANNE D'ARC BLVD,380570.11687,5036175.52017,-75.53111700380,45.46139841350,2014-03-13,10:12:00 AM,01 - Clear,01 - Daylight,01 - Dry,01 - Traffic signal,01 - Functioning,03 - P.D. only,07 - SMV other,0
14-3167,BRONSON AVE @ POWELL AVE,367388.47132,5029477.21400,-75.70050570480,45.40243461790,2014-03-13,10:24:00 AM,01 - Clear,01 - Daylight,02 - Wet,01 - Traffic signal,01 - Functioning,03 - P.D. only,02 - Angle,0
14-3168,ST. PATRICK ST btwn DALHOUSIE ST & CUMBERLAND ST,367976.47834,5032650.82747,-75.69258848360,45.43093693430,2014-03-13,10:27:00 AM,01 - Clear,01 - Daylight,05 - Packed snow,10 - No control,,03 - P.D. only,05 - Turning movement,0
14-3169,ST. LAURENT BLVD btwn MCARTHUR AVE & DONALD ST,372086.60390,5032492.49011,-75.64008743490,45.42912892520,2014-03-13,10:36:00 AM,01 - Clear,01 - Daylight,04 - Slush,10 - No control,,03 - P.D. only,03 - Rear end,0
14-3170,BANK ST @ RIVERSIDE DR N,369224.29410,5027984.49387,-75.67725255530,45.38883707340,2014-03-13,10:37:00 AM,01 - Clear,01 - Daylight,02 - Wet,01 - Traffic signal,01 - Functioning,03 - P.D. only,02 - Angle,0
14-3171,RIDEAU RD btwn BANK ST & DONCASTER RD,377383.74523,5018079.67484,-75.57451638160,45.29892035210,2014-03-13,10:44:00 AM,03 - Snow,01 - Daylight,03 - Loose snow,10 - No control,,03 - P.D. only,07 - SMV other,0