Record,Location,X,Y,Longitude,Latitude,Date,Time,Environment,Light,Road_Surface,Traffic_Control,Collision_Location,Collision_Classification,Impact_type,Pedestrian
14-3172,INNES RD @ TENTH LINE RD,383949.39063,5036159.56080,-75.48791497160,45.46088015430,2014-03-12,4:00:00 PM,03 - Snow,01 - Daylight,03 - Loose snow,01 - Traffic signal,01 - Functioning,03 - P.D. only,03 - Rear end,0
14-3173,HOLLAND AVE btwn SCOTT ST & SPENCER ST,364747.94044,5029558.57106,-75.73422240250,45.40339775230,2014-03-13,11:56:00 AM,01 - Clear,01 - Daylight,03 - Loose snow,10 - No control,,03 - P.D. only,06 - SMV unattended vehicle,0
14-3174,CARLING AVE @ RICHMOND RD,360245.20507,5024781.51230,-75.79227246150,45.36078522000,2014-03-13,8:00:00 AM,01 - Clear,01 - Daylight,05 - Packed snow,01 - Traffic signal,01 - Functioning,02 - Non-fatal injury,03 - Rear end,0
14-3175,RICHMOND RD @ WEST HUNT CLUB RD,357146.12123,5018154.35803,-75.83252860740,45.30139174280,2014-03-12,6:40:00 PM,03 - Snow,07 - Dark,04 - Slush,01 - Traffic signal,01 - Functioning,03 - P.D. only,03 - Rear end,0
14-3176,WEST HUNT CLUB RD @ WOODROFFE AVE,363673.06067,5021244.59327,-75.74894240740,45.32868087260,2014-03-13,12:30:00 PM,01 - Clear,01 - Daylight,02 - Wet,01 - Traffic signal,01 - Functioning,03 - P.D. only,03 - Rear end,0
14-3177,ORLEANS BLVD btwn ORLEANS BLVD & ORLEANS BLVD (2),380442.54415,5034371.18120,-75.53302555570,45.44517819380,2014-03-13,1:18:00 PM,01 - Clear,01 - Daylight,02 - Wet,10 - No control,,03 - P.D. only,03 - Rear end,0
14-3178,FALLOWFIELD RD btwn MUNSTER RD & CONLEY RD,347209.53298,5005081.28814,-75.96033976740,45.18442465250,2014-03-13,7:55:00 AM,03 - Snow,01 - Daylight,06 - Ice,10 - No control,,03 - P.D. only,03 - Rear end,0
14-3179,WEST HUNT CLUB RD @ WOODROFFE AVE,363672.11280,5021246.48900,-75.74895427350,45.32869800950,2014-03-13,1:37:00 PM,01 - Clear,01 - Daylight,02 - Wet,01 - Traffic signal,01 - Functioning,03 - P.D. only,03 - Rear end,0
14-3180,ALTA VISTA DR btwn BANK ST & EDGE HILL PL,370324.23393,5026249.63382,-75.66343722490,45.37312534640,2014-03-13,1:40:00 PM,01 - Clear,01 - Daylight,01 - Dry,10 - No control,,02 - Non-fatal injury,05 - Turning movement,0
14-3181,HAWTHORNE RD btwn STEVENAGE DR & HUNT CLUB RD,375306.12473,5026905.16536,-75.59974631830,45.37853997250,2014-03-06,1:45:00 PM,01 - Clear,01 - Daylight,01 - Dry,10 - No control,,03 - P.D. only,03 - Rear end,0
14-3182,FALLOWFIELD RD @ GREENBANK RD,363080.20177,5016732.45530,-75.75703562480,45.28813022700,2014-03-13,3:04:00 PM,01 - Clear,01 - Daylight,01 - Dry,01 - Traffic signal,01 - Functioning,03 - P.D. only,05 - Turning movement,0
14-3183,COLONNADE RD    N btwn COLONNADE RD & CORINTH PRIV,365992.14898,5022885.54507,-75.71915704960,45.34324755830,2014-03-13,3:08:00 PM,01 - Clear,01 - Daylight,02 - Wet,10 - No control,,03 - P.D. only,99 - Other,0
14-3184,MERIVALE RD btwn 170 N OF WEST HUNT CLUB RD/COSTCO SC & WEST HUNT CLUB,365597.97989,5021969.75817,-75.72429891120,45.33504170650,2014-03-13,3:28:00 PM,01 - Clear,01 - Daylight,02 - Wet,10 - No control,,03 - P.D. only,02 - Angle,0
14-3185,BRONSON AVE btwn BRONSON AVE SB ON RAMP 43 & SUNNYSIDE AVE/UNIVERSITY,367908.01816,5028115.24378,-75.69404399360,45.39013336520,2014-03-13,3:42:00 PM,01 - Clear,01 - Daylight,01 - Dry,10 - No control,,03 - P.D. only,03 - Rear end,0
14-3186,BASELINE RD @ WOODROFFE AVE,362550.16413,5023769.55683,-75.76297154370,45.35149364450,2014-03-13,3:00:00 PM,01 - Clear,01 - Daylight,02 - Wet,01 - Traffic signal,01 - Functioning,03 - P.D. only,03 - Rear end,0
14-3187,BANK ST @ SUNNYSIDE AVE,368737.07837,5028581.54920,-75.68339667020,45.39425383980,2014-03-13,3:57:00 PM,01 - Clear,01 - Daylight,01 - Dry,01 - Traffic signal,01 - Functioning,03 - P.D. only,04 - Sideswipe,0
14-3188,BANK ST @ HUNT CLUB RD,371608.73650,5024097.74077,-75.64733042220,45.35364207650,2014-03-12,4:40:00 PM,03 - Snow,01 - Daylight,03 - Loose snow,01 - Traffic signal,01 - Functioning,03 - P.D. only,03 - Rear end,0
14-3189,VISENEAU DR @ D'AMOUR CRES/MARKWELL CRES N,381729.38033,5035396.61943,-75.51641738060,45.45426381760,2014-03-13,4:08:00 PM,01 - Clear,01 - Daylight,01 - Dry,02 - Stop sign,01 - Functioning,03 - P.D. only,05 - Turning movement,0
14-3190,BRONSON AVE btwn BRONSON AVE SB ON RAMP 43 & SUNNYSIDE AVE/UNIVERSITY,367913.70536,5028112.40018,-75.69397173300,45.39010726680,2014-03-13,4:08:00 PM,01 - Clear,01 - Daylight,01 - Dry,10 - No control,,03 - P.D. only,03 - Rear end,0
14-3191,BANK ST @ DAVIDSON RD/LESTER RD,373672.26417,5022921.61727,-75.62116079180,45.34286013670,2014-03-13,4:16:00 PM,01 - Clear,01 - Daylight,01 - Dry,01 - Traffic signal,01 - Functioning,03 - P.D. only,03 - Rear end,0
14-3192,BOOTH ST @ TRANSITWAY,366371.70110,5030745.80667,-75.71333407380,45.41393924090,2014-03-12,3:45:00 PM,03 - Snow,01 - Daylight,03 - Loose snow,01 - Traffic signal,01 - Functioning,03 - P.D. only,03 - Rear end,0
14-3193,BASELINE RD btwn COLLEGE SQUARE SC & WOODROFFE AVE,362642.10726,5023825.48100,-75.76179168720,45.35198926860,2014-03-13,4:20:00 PM,01 - Clear,01 - Daylight,04 - Slush,10 - No control,,03 - P.D. only,03 - Rear end,0
14-3194,OGILVIE RD @ BATHGATE DR/CITYPARK DR W,373828.24817,5032798.68077,-75.61778918530,45.43171414480,2014-03-13,5:22:00 PM,01 - Clear,01 - Daylight,01 - Dry,01 - Traffic signal,01 - Functioning,03 - P.D. only,03 - Rear end,0
14-3195,NELSON ST @ STEWART ST,368768.78489,5032288.17766,-75.68251074070,45.42760192380,2014-03-13,6:29:00 PM,01 - Clear,07 - Dark,05 - Packed snow,02 - Stop sign,01 - Functioning,02 - Non-fatal injury,02 - Angle,0
14-3196,INDUSTRIAL AVE btwn TRAINYARDS DR & RUSSELL RD,372069.98196,5030440.76231,-75.64057996420,45.41067000570,2014-03-13,5:30:00 PM,01 - Clear,01 - Daylight,01 - Dry,10 - No control,,03 - P.D. only,03 - Rear end,0
14-3197,ST. LAURENT BLVD btwn INDUSTRIAL AVE & BOURASSA ST,373112.87986,5029975.39275,-75.62732225740,45.40638180690,2014-03-13,4:30:00 PM,01 - Clear,01 - Daylight,01 - Dry,10 - No control,,03 - P.D. only,02 - Angle,0
14-3198,OLD TENTH LINE RD/OR174 IC101 RAMP63 @ ST. JOS,383120.21803,5038787.49003,-75.49809708780,45.48461734320,2014-03-13,8:20:00 PM,01 - Clear,07 - Dark,01 - Dry,01 - Traffic signal,01 - Functioning,02 - Non-fatal injury,02 - Angle,0
14-3199,BRANTHAVEN ST N @ LAKERIDGE DR,384852.08097,5035014.07214,-75.47656055330,45.45047126660,2014-03-13,7:09:00 PM,01 - Clear,07 - Dark,05 - Packed snow,02 - Stop sign,01 - Functioning,03 - P.D. only,02 - Angle,0
14-3200,HWY 417 MAITLAND IC126R26/62 @ MAITLAND AVE,363146.07534,5025984.00970,-75.75510551670,45.37136972840,2014-03-13,9:50:00 PM,01 - Clear,07 - Dark,01 - Dry,01 - Traffic signal,01 - Functioning,02 - Non-fatal injury,05 - Turning movement,0
14-3201,WALKLEY RD btwn CONROY RD & 160 W OF CONROY RD,372888.30091,5027455.33853,-75.63053865900,45.38372934180,2014-03-13,10:53:00 PM,01 - Clear,07 - Dark,01 - Dry,10 - No control,,02 - Non-fatal injury,02 - Angle,0
14-3202,BRONSON AVE @ SUNNYSIDE AVE/UNIVERSITY RD - CA,367925.07977,5028091.54710,-75.69382915190,45.38991861140,2014-03-13,7:49:00 PM,01 - Clear,07 - Dark,01 - Dry,01 - Traffic signal,01 - Functioning,03 - P.D. only,03 - Rear end,0
14-3203,BANK ST @ HUNT CLUB RD,371606.36683,5024099.34980,-75.64736044560,45.35365677950,2014-03-13,8:02:00 PM,01 - Clear,07 - Dark,01 - Dry,01 - Traffic signal,01 - Functioning,03 - P.D. only,04 - Sideswipe,0
14-3204,AQUAPASS PL btwn GROVEMONT DR & HARBOUR VIEW ST,366667.41822,5014763.20647,-75.71155495470,45.27010444710,2014-03-06,7:30:00 AM,03 - Snow,01 - Daylight,03 - Loose snow,10 - No control,,03 - P.D. only,06 - SMV unattended vehicle,0
14-3205,ALERT RD/AIRPORT PKWY/UPLANDS DR RAMP 62 @ LES,371309.14775,5021355.23362,-75.65152228900,45.32899430530,2014-03-13,9:40:00 PM,01 - Clear,07 - Dark,01 - Dry,01 - Traffic signal,01 - Functioning,02 - Non-fatal injury,02 - Angle,0
14-3206,DALY AVE @ NICHOLAS ST,368225.33133,5032045.62583,-75.68948633990,45.42546901870,2014-03-13,9:50:00 PM,01 - Clear,07 - Dark,02 - Wet,01 - Traffic signal,01 - Functioning,03 - P.D. only,05 - Turning movement,0
14-3207,REGIONAL ROAD 174 btwn REGIONAL ROAD 174 & OR174 IC102 RAMP15,381595.90721,5038238.17443,-75.51767965470,45.47984443250,2014-03-14,12:10:00 AM,01 - Clear,07 - Dark,01 - Dry,10 - No control,,03 - P.D. only,99 - Other,0
14-3208,GLOUCESTER ST @ KENT ST,367357.35694,5031098.41049,-75.70069738480,45.41702444050,2014-03-13,4:59:00 AM,06 - Strong wind,07 - Dark,01 - Dry,01 - Traffic signal,01 - Functioning,03 - P.D. only,99 - Other,0
14-3209,LAURIER AVE @ O'CONNOR ST,367635.27890,5031358.57730,-75.69711351640,45.41934043470,2014-03-13,4:59:00 AM,01 - Clear,07 - Dark,03 - Loose snow,01 - Traffic signal,01 - Functioning,03 - P.D. only,04 - Sideswipe,0
14-3210,RIVERSIDE DR btwn KIMBERWICK CRES & MALHOTRA CRT,368198.03354,5022900.60940,-75.69100968160,45.34318721160,2014-03-14,3:00:00 AM,01 - Clear,07 - Dark,02 - Wet,10 - No control,,03 - P.D. only,07 - SMV other,0
14-3211,HUNT CLUB RD btwn RIVERSIDE DR & LINDBERGH PRIV,368340.62432,5022118.77082,-75.68929074060,45.33613949350,2014-03-14,6:47:00 AM,01 - Clear,01 - Daylight,01 - Dry,10 - No control,,03 - P.D. only,03 - Rear end,0
14-3212,LABELLE ST/RAMP @ LEMIEUX ST/HWY417 IC115 RAMP,372541.21343,5031688.82269,-75.63438878740,45.42185402450,2014-03-14,6:59:00 AM,01 - Clear,01 - Daylight,01 - Dry,02 - Stop sign,01 - Functioning,03 - P.D. only,05 - Turning movement,0
14-3213,VANIER PKWY NB btwn RIVERSIDE DR & HWY417 IC117 RAMP26,370813.51235,5031204.85005,-75.65652811290,45.41766460260,2014-03-14,8:28:00 AM,01 - Clear,01 - Daylight,02 - Wet,10 - No control,,03 - P.D. only,03 - Rear end,0
14-3214,MAIN ST @ RIVERDALE AVE,369431.26717,5029531.54613,-75.67440694450,45.40273786110,2014-03-14,6:30:00 AM,01 - Clear,03 - Dawn,01 - Dry,01 - Traffic signal,01 - Functioning,03 - P.D. only,05 - Turning movement,0
14-3215,HERZBERG RD btwn CARLING AVE & BAYFIELD AVE,352051.36408,5022271.10891,-75.89709588090,45.33879633720,2014-03-12,3:00:00 PM,03 - Snow,01 - Daylight,03 - Loose snow,08 - Traffic gate,00 - Unknown,03 - P.D. only,07 - SMV other,0
14-3216,ST. LAURENT BLVD @ MCARTHUR AVE,371923.14080,5032886.62703,-75.64212250650,45.43269089240,2014-03-13,4:00:00 PM,01 - Clear,01 - Daylight,03 - Loose snow,01 - Traffic signal,01 - Functioning,03 - P.D. only,03 - Rear end,0
14-3217,BRIDGE ST btwn BRIDGE ST & KITOMAN CRES,369403.84199,5010713.07968,-75.67721160770,45.23341576910,2014-03-14,9:59:00 AM,01 - Clear,01 - Daylight,01 - Dry,10 - No control,,03 - P.D. only,06 - SMV unattended vehicle,0
14-3218,WEST HUNT CLUB RD EB btwn MERIVALE RD & SUNDERLAND ST,365784.56871,5022035.08941,-75.72191045670,45.33561335580,2014-03-14,10:05:00 AM,01 - Clear,01 - Daylight,01 - Dry,10 - No control,,03 - P.D. only,99 - Other,0
14-3219,MACKENZIE AVE @ RIDEAU ST,367869.69920,5032009.09827,-75.69403519370,45.42517251280,2014-03-09,12:45:00 PM,01 - Clear,01 - Daylight,01 - Dry,01 - Traffic signal,01 - Functioning,03 - P.D. only,02 - Angle,0
14-3220,HWY 417 VANIER IC117R63 @ VANIER PKWY,370799.65226,5031398.61241,-75.65667923420,45.41940930340,2014-03-14,10:30:00 AM,01 - Clear,01 - Daylight,02 - Wet,01 - Traffic signal,01 - Functioning,03 - P.D. only,05 - Turning movement,0
14-3221,MCARTHUR AVE @ IRWIN MILLER ST,371078.24207,5032782.67927,-75.65293365980,45.43183620350,2014-03-14,12:41:00 PM,01 - Clear,01 - Daylight,01 - Dry,01 - Traffic signal,01 - Functioning,03 - P.D. only,03 - Rear end,0
14-3222,ST. LAURENT BLVD btwn DONALD ST & 125 N OF QUEEN MARY ST,372098.92617,5032460.26263,-75.63993437980,45.42883777160,2014-03-14,1:07:00 PM,01 - Clear,01 - Daylight,02 - Wet,10 - No control,,02 - Non-fatal injury,03 - Rear end,0
14-3223,ORANGEVILLE ST/HWY 417 ROCHEST IC121BR51 @ ROC,366776.48228,5029521.30644,-75.70831685070,45.40288579740,2014-03-14,1:15:00 PM,01 - Clear,01 - Daylight,01 - Dry,01 - Traffic signal,01 - Functioning,03 - P.D. only,02 - Angle,0
14-3224,CUMBERLAND ST @ GEORGE ST,368327.12940,5032417.53737,-75.68813761990,45.42880610970,2014-03-12,3:45:00 PM,03 - Snow,01 - Daylight,03 - Loose snow,01 - Traffic signal,01 - Functioning,02 - Non-fatal injury,03 - Rear end,0
14-3225,LABELLE ST/RAMP @ LEMIEUX ST/HWY417 IC115 RAMP,372541.19860,5031689.63263,-75.63438886520,45.42186131300,2014-03-14,1:56:00 PM,01 - Clear,01 - Daylight,01 - Dry,02 - Stop sign,01 - Functioning,03 - P.D. only,02 - Angle,0
14-3226,REGIONAL RD 174 @ TRIM RD,384351.73482,5039990.81463,-75.48215052320,45.49530443290,2014-03-14,2:18:00 PM,01 - Clear,01 - Daylight,01 - Dry,01 - Traffic signal,01 - Functioning,03 - P.D. only,03 - Rear end,0
14-3227,BAYSHORE DR btwn CARLING AVE & WOODRIDGE CRES N,359022.40655,5023959.33248,-75.80796983940,45.35348288620,2014-03-14,2:02:00 PM,01 - Clear,01 - Daylight,01 - Dry,10 - No control,,03 - P.D. only,05 - Turning movement,0
14-3228,ALTA VISTA DR @ SMYTH RD,370433.18983,5029081.55750,-75.66166974010,45.39859581200,2014-03-14,12:00:00 PM,01 - Clear,01 - Daylight,02 - Wet,01 - Traffic signal,01 - Functioning,02 - Non-fatal injury,03 - Rear end,0
14-3229,ST. LAURENT BLVD btwn DUNBARTON CRT & MONTREAL RD,371412.80642,5034122.09802,-75.64847698970,45.44385588680,2014-03-14,2:50:00 PM,01 - Clear,01 - Daylight,02 - Wet,10 - No control,,03 - P.D. only,03 - Rear end,0
14-3230,MERIVALE RD @ WEST HUNT CLUB RD,365614.11700,5021939.65460,-75.72409674140,45.33476943980,2014-03-14,1:10:00 PM,01 - Clear,01 - Daylight,01 - Dry,01 - Traffic signal,01 - Functioning,03 - P.D. only,03 - Rear end,0
14-3231,BASELINE RD btwn ZENA ST & MARSON ST,365771.95958,5025777.07020,-75.72160988150,45.36928418590,2014-03-14,3:21:00 PM,01 - Clear,01 - Daylight,01 - Dry,10 - No control,,03 - P.D. only,03 - Rear end,0
14-3233,FOREST ST @ RICHMOND RD,360467.15013,5025138.51680,-75.78939945980,45.36397994370,2014-03-14,3:10:00 PM,01 - Clear,01 - Daylight,02 - Wet,02 - Stop sign,01 - Functioning,03 - P.D. only,03 - Rear end,0
14-3234,MERIVALE RD btwn SLACK RD & CAPITAL DR,366029.65291,5020932.74418,-75.71892012190,45.32567325820,2014-03-14,4:24:00 PM,01 - Clear,01 - Daylight,01 - Dry,10 - No control,,03 - P.D. only,03 - Rear end,0
14-3235,BLAKE BLVD btwn LAFONTAINE AVE & JEAN TALON ST,370991.06375,5033042.87784,-75.65401273630,45.43418561150,2014-03-14,4:27:00 PM,01 - Clear,01 - Daylight,02 - Wet,10 - No control,,03 - P.D. only,02 - Angle,0
14-3236,MONTREAL RD @ OGILVIE RD,375654.26107,5034554.69037,-75.59420206140,45.44733105500,2014-03-14,4:27:00 PM,01 - Clear,01 - Daylight,01 - Dry,01 - Traffic signal,01 - Functioning,03 - P.D. only,04 - Sideswipe,0
14-3237,CONROY RD @ ROSEBELLA AVE,374289.25427,5024191.26576,-75.61311028340,45.35422307340,2014-03-14,4:30:00 PM,01 - Clear,01 - Daylight,01 - Dry,02 - Stop sign,01 - Functioning,03 - P.D. only,02 - Angle,0
14-3238,WESTCLIFFE RD btwn ROBERTSON RD & TERRACE DR,356401.46701,5020043.63040,-75.84182641380,45.31844677550,2014-03-14,5:18:00 PM,01 - Clear,01 - Daylight,02 - Wet,10 - No control,,03 - P.D. only,02 - Angle,0
14-3239,LYON ST @ WELLINGTON ST,366934.79707,5031425.21813,-75.70605474630,45.42000260900,2014-03-13,5:30:00 PM,01 - Clear,01 - Daylight,04 - Slush,01 - Traffic signal,01 - Functioning,03 - P.D. only,03 - Rear end,0
14-3240,METCALFE ST @ SLATER ST,367732.17053,5031548.62793,-75.69585131770,45.42104173930,2014-03-14,7:33:00 PM,01 - Clear,07 - Dark,01 - Dry,01 - Traffic signal,01 - Functioning,03 - P.D. only,04 - Sideswipe,0
14-3241,ROYAL YORK ST btwn MCBEAN ST & COLONEL MURRAY ST,357402.03511,5005726.72441,-75.83058038400,45.18954602810,2014-03-14,8:02:00 PM,01 - Clear,07 - Dark,02 - Wet,10 - No control,,03 - P.D. only,06 - SMV unattended vehicle,0
14-3242,SNAKE ISLAND RD btwn GREY'S CREEK RD & SCRIVENS DR,382565.11548,5009423.32571,-75.50981539700,45.22048073510,2014-03-14,10:29:00 PM,01 - Clear,07 - Dark,02 - Wet,10 - No control,,02 - Non-fatal injury,03 - Rear end,0
14-3243,BELL ST    N btwn SOMERSET ST W & ECCLES ST,366814.66876,5030271.61224,-75.70773473470,45.40963345850,2014-03-15,3:09:00 AM,01 - Clear,07 - Dark,02 - Wet,10 - No control,,03 - P.D. only,07 - SMV other,0
14-3244,REGIONAL ROAD 174 btwn HIGHWAY 417 & HWY417 IC113 RAMP65,373333.75642,5031732.87969,-75.62425656360,45.42217323580,2014-03-15,5:20:00 AM,02 - Rain,07 - Dark,02 - Wet,10 - No control,,03 - P.D. only,07 - SMV other,0
14-3245,STRANDHERD DR @ WOODROFFE AVE,366107.57580,5015395.14900,-75.71861094710,45.27583966550,2014-03-15,8:50:00 AM,01 - Clear,01 - Daylight,02 - Wet,01 - Traffic signal,01 - Functioning,03 - P.D. only,03 - Rear end,0
14-3246,PRINCE OF WALES DR @ WEST HUNT CLUB RD,367459.18423,5021890.55543,-75.70056474420,45.33416532050,2014-03-15,10:48:00 AM,01 - Clear,01 - Daylight,02 - Wet,01 - Traffic signal,01 - Functioning,03 - P.D. only,03 - Rear end,0
14-3247,COOPER ST @ PERCY ST,367070.17693,5030643.46383,-75.70442384430,45.41295658320,2014-03-15,10:53:00 AM,01 - Clear,01 - Daylight,02 - Wet,02 - Stop sign,01 - Functioning,03 - P.D. only,02 - Angle,0
14-3248,ST. JOSEPH BLVD btwn MARENGER ST & JEANNE D'ARC BLVD S,379839.50518,5036459.59575,-75.54041474960,45.46403316410,2014-03-15,1:00:00 PM,01 - Clear,01 - Daylight,01 - Dry,10 - No control,,03 - P.D. only,02 - Angle,0
14-3249,VANIER PKWY SB btwn QUEEN MARY ST & PRESLAND RD,370349.96642,5031940.52349,-75.66235244120,45.42432747650,2014-03-15,2:40:00 PM,01 - Clear,01 - Daylight,01 - Dry,10 - No control,,03 - P.D. only,03 - Rear end,0
14-3250,EARL MULLIGAN DR @ WOODROFFE AVE,365253.07087,5017508.35573,-75.72924348750,45.29492820100,2014-03-15,3:35:00 PM,01 - Clear,01 - Daylight,01 - Dry,01 - Traffic signal,01 - Functioning,03 - P.D. only,04 - Sideswipe,0
14-3251,SOMERSET ST    W btwn BREEZEHILL AVE N & PRESTON ST,366295.79120,5030122.36519,-75.71438161730,45.40833635870,2014-03-06,5:38:00 PM,01 - Clear,05 - Dusk,01 - Dry,10 - No control,,02 - Non-fatal injury,03 - Rear end,0
14-3252,CAMBRIAN RD btwn BORRISOKANE RD & GRAND CANAL ST,363820.98840,5012309.70124,-75.74811839150,45.24827235550,2014-03-15,4:05:00 PM,01 - Clear,01 - Daylight,01 - Dry,10 - No control,,02 - Non-fatal injury,01 - Approaching,0
14-3253,BRUYERE ST btwn SUSSEX DR & PARENT AVE,367661.63375,5032750.31286,-75.69659917710,45.43186044060,2014-03-12,4:07:00 PM,03 - Snow,01 - Daylight,03 - Loose snow,10 - No control,,03 - P.D. only,06 - SMV unattended vehicle,0
14-3254,CUMMINGS AVE @ MONTREAL RD,372008.18163,5034042.48193,-75.64087793650,45.44308255260,2014-03-15,4:58:00 PM,01 - Clear,01 - Daylight,01 - Dry,01 - Traffic signal,01 - Functioning,03 - P.D. only,02 - Angle,0
14-3255,PRINCE OF WALES DR btwn RIDEAU SHORE CRT & COLONNADE RD,367313.38810,5023446.47046,-75.70222809850,45.34817815720,2014-03-15,4:58:00 PM,01 - Clear,01 - Daylight,01 - Dry,10 - No control,,02 - Non-fatal injury,03 - Rear end,0
14-3256,DALY AVE btwn MACKENZIE AVE & NICHOLAS ST,368220.59200,5032038.04289,-75.68954787380,45.42540122020,2014-03-15,5:00:00 PM,01 - Clear,01 - Daylight,01 - Dry,10 - No control,,03 - P.D. only,99 - Other,0
14-3257,HWY 417 MARCH IC155R61 @ MARCH RD,339743.86097,5019499.33007,-76.05432356670,45.31457562840,2014-03-15,6:27:00 PM,01 - Clear,05 - Dusk,01 - Dry,02 - Stop sign,01 - Functioning,03 - P.D. only,07 - SMV other,0
14-3258,BLAIR RD btwn MEADOWBROOK RD & LAURA PRIV,375216.06151,5032285.02902,-75.60012795770,45.42695423570,2014-03-15,8:10:00 PM,01 - Clear,07 - Dark,01 - Dry,10 - No control,,03 - P.D. only,07 - SMV other,0
14-3259,CLAUDET CRES btwn KARSH DR & KARSH DR,374254.65292,5026306.39928,-75.61325456180,45.37325756650,2014-03-15,9:58:00 PM,01 - Clear,07 - Dark,01 - Dry,10 - No control,,03 - P.D. only,07 - SMV other,0
14-3260,ELGIN ST @ WELLINGTON ST W,367664.22987,5031880.42100,-75.69667703860,45.42403321300,2014-03-15,10:26:00 PM,01 - Clear,07 - Dark,01 - Dry,01 - Traffic signal,01 - Functioning,03 - P.D. only,05 - Turning movement,0
14-3261,LACASSE AVE @ MCARTHUR AVE,370823.23707,5032755.62443,-75.65619601210,45.43161689640,2014-03-15,10:51:00 PM,01 - Clear,07 - Dark,01 - Dry,02 - Stop sign,00 - Unknown,03 - P.D. only,03 - Rear end,0
14-3262,PRINCE ALBERT ST btwn EDITH AVE & LOLA ST,370967.43302,5031954.63329,-75.65446094620,45.42439629690,2014-03-15,11:44:00 PM,01 - Clear,07 - Dark,01 - Dry,10 - No control,,03 - P.D. only,06 - SMV unattended vehicle,0
14-3263,RIVERSIDE DR @ WALKLEY RD,368419.19783,5024854.47717,-75.68793640760,45.36074763060,2014-03-16,5:41:00 AM,01 - Clear,07 - Dark,01 - Dry,01 - Traffic signal,01 - Functioning,03 - P.D. only,07 - SMV other,0
14-3264,CHATELAIN AVE @ MERIVALE RD,364843.23047,5026764.59603,-75.73334524350,45.37824995460,2014-03-15,2:00:00 PM,01 - Clear,01 - Daylight,02 - Wet,02 - Stop sign,01 - Functioning,03 - P.D. only,02 - Angle,0
14-3265,BANK ST @ STRATHCONA AVE,368139.18383,5030029.50677,-75.69084624510,45.40733645480,2014-03-16,11:23:00 AM,01 - Clear,01 - Daylight,01 - Dry,01 - Traffic signal,01 - Functioning,03 - P.D. only,03 - Rear end,0
14-3266,CARLING AVE @ CONNAUGHT AVE,360771.15013,5025116.56693,-75.78552163740,45.36375823190,2014-03-16,1:00:00 PM,01 - Clear,01 - Daylight,01 - Dry,01 - Traffic signal,01 - Functioning,03 - P.D. only,05 - Turning movement,0
14-3267,JOHN SUTHERLAND DR @ RICHMOND RD,358780.25014,5022156.16229,-75.81125699730,45.33727659250,2014-03-16,2:30:00 PM,01 - Clear,01 - Daylight,01 - Dry,01 - Traffic signal,01 - Functioning,02 - Non-fatal injury,03 - Rear end,0
14-3268,WHERNSIDE TER btwn ROY ERRINGTON WAY & ROY ERRINGTON WAY,348256.31351,5023236.79289,-75.94543164400,45.34773114590,2014-03-16,5:00:00 AM,01 - Clear,07 - Dark,01 - Dry,10 - No control,,03 - P.D. only,06 - SMV unattended vehicle,0
14-3269,EAGLESON RD btwn BROWNLEE RD & CAMBRIAN RD,357009.09046,5009856.23660,-75.83514794660,45.22673377790,2014-03-16,3:12:00 PM,01 - Clear,01 - Daylight,01 - Dry,10 - No control,,03 - P.D. only,07 - SMV other,0
14-3270,SANFORD FLEMING AVE @ TERMINAL AVE,370858.85640,5030830.53667,-75.65599897960,45.41429240450,2014-03-16,3:55:00 PM,01 - Clear,01 - Daylight,01 - Dry,02 - Stop sign,00 - Unknown,03 - P.D. only,07 - SMV other,0
14-3271,ALPINE AVE @ CARLING AVE,360497.15093,5024941.57103,-75.78903872170,45.36220545060,2014-03-16,4:29:00 PM,01 - Clear,01 - Daylight,01 - Dry,01 - Traffic signal,01 - Functioning,03 - P.D. only,02 - Angle,0
14-3272,LONGFIELDS DR btwn LINDENSHADE DR & MARKETPLACE AVE,364653.96300,5014914.62900,-75.73719407080,45.27164119190,2014-03-16,4:40:00 PM,01 - Clear,01 - Daylight,01 - Dry,10 - No control,,03 - P.D. only,07 - SMV other,0
14-3273,RICHMOND RD btwn MCRAE AVE & CLIFTON RD,363674.81063,5028576.48612,-75.74804663630,45.39465220740,2014-03-16,5:00:00 PM,01 - Clear,01 - Daylight,01 - Dry,10 - No control,,03 - P.D. only,06 - SMV unattended vehicle,0
14-3274,FALLOWFIELD RD @ WOODROFFE AVE,365085.62393,5017902.24213,-75.73133030310,45.29848675580,2014-03-16,5:49:00 PM,01 - Clear,01 - Daylight,01 - Dry,01 - Traffic signal,01 - Functioning,03 - P.D. only,03 - Rear end,0
14-3275,VERA ST btwn PRINCE ALBERT ST & QUEEN MARY ST,370523.43912,5031965.78189,-75.66013254360,45.42453846400,2014-03-16,7:24:00 PM,01 - Clear,07 - Dark,01 - Dry,10 - No control,,03 - P.D. only,06 - SMV unattended vehicle,0
14-3276,ROGER STEVENS DR btwn HWY416 IC49 RAMP43 & HWY416 IC49 RAMP42,369155.95620,5000951.13729,-75.68162811730,45.14560045660,2014-03-17,12:00:00 AM,01 - Clear,00 - Unknown,01 - Dry,10 - No control,,03 - P.D. only,07 - SMV other,0
14-3277,DWYER HILL RD btwn DWYER HILL RD & O'NEIL RD,350888.86102,4995175.17037,-75.91443592750,45.09505329960,2014-03-17,7:46:00 AM,01 - Clear,01 - Daylight,01 - Dry,10 - No control,,03 - P.D. only,07 - SMV other,0