Record,Location,X,Y,Longitude,Latitude,Date,Time,Environment,Light,Road_Surface,Traffic_Control,Collision_Location,Collision_Classification,Impact_type,Pedestrian
14-3384,HUNT CLUB RD @ CANADAIR PRIV,368661.81773,5022312.66756,-75.68516805460,45.33785497450,2014-03-20,6:20:00 PM,03 - Snow,07 - Dark,02 - Wet,01 - Traffic signal,01 - Functioning,03 - P.D. only,03 - Rear end,0
14-3385,STRANDHERD DR btwn MCGARRY TER & LONGFIELDS DR,364528.90528,5015166.68963,-75.73875739930,45.27391986590,2014-03-20,6:50:00 PM,02 - Rain,07 - Dark,02 - Wet,10 - No control,,03 - P.D. only,07 - SMV other,0
14-3386,BURLINGTON CRES btwn HUNTERSFIELD DR & HUNTERSFIELD DR,373300.20520,5025194.85059,-75.62559292460,45.36335025170,2014-03-20,9:15:00 PM,01 - Clear,07 - Dark,01 - Dry,10 - No control,,03 - P.D. only,06 - SMV unattended vehicle,0
14-3387,BENTLEY AVE btwn SUNDERLAND ST & CAMELOT DR,365948.53389,5021705.74588,-75.71985934410,45.33263569850,2014-03-20,9:40:00 PM,03 - Snow,07 - Dark,03 - Loose snow,10 - No control,,03 - P.D. only,06 - SMV unattended vehicle,0
14-3388,BRONSON AVE @ IMPERIAL AVE/PLYMOUTH ST,367318.61471,5029644.22176,-75.70137678060,45.40394354820,2014-03-20,6:42:00 PM,03 - Snow,05 - Dusk,02 - Wet,10 - No control,,03 - P.D. only,05 - Turning movement,0
14-3389,GLADSTONE AVE btwn IRVING AVE & SPADINA AVE,365887.95572,5029429.92673,-75.71967707900,45.40214168590,2014-03-20,10:29:00 PM,03 - Snow,07 - Dark,02 - Wet,10 - No control,,03 - P.D. only,03 - Rear end,0
14-3390,JOCKVALE RD btwn GREENBANK RD & BREN-MAUR RD,364589.37920,5014084.95455,-75.73811696500,45.26418127120,2014-03-20,10:52:00 PM,04 - Freezing Rain,07 - Dark,06 - Ice,10 - No control,,02 - Non-fatal injury,07 - SMV other,0
14-3391,AIRPORT PKWY @ UPLANDS DR,370861.56673,5021075.17005,-75.65726896490,45.32651664100,2014-03-21,12:57:00 AM,03 - Snow,07 - Dark,03 - Loose snow,03 - Yield sign,01 - Functioning,03 - P.D. only,03 - Rear end,0
14-3392,CARLING AVE @ CROYDON AVE,360660.10240,5025041.56963,-75.78694754170,45.36309226770,2014-03-21,6:44:00 AM,01 - Clear,03 - Dawn,02 - Wet,01 - Traffic signal,01 - Functioning,03 - P.D. only,05 - Turning movement,0
14-3393,CARLING AVE btwn RIFLE RD & DAVIDSON'S SIDE RD,354189.38788,5023486.57744,-75.86969601410,45.34958603640,2014-03-21,6:45:00 AM,01 - Clear,03 - Dawn,01 - Dry,10 - No control,,03 - P.D. only,07 - SMV other,0
14-3394,ST. JOSEPH BLVD @ JEANNE D'ARC BLVD,379860.26857,5036471.58090,-75.54014744020,45.46413876610,2014-03-21,7:47:00 AM,01 - Clear,01 - Daylight,02 - Wet,11 - Roundabout,01 - Functioning,03 - P.D. only,04 - Sideswipe,0
14-3395,WOODROFFE AVE @ CLARIDGE DR/STONEWAY DR N,365577.17353,5016705.54707,-75.72521003090,45.28767661780,2014-03-21,8:15:00 AM,01 - Clear,01 - Daylight,06 - Ice,01 - Traffic signal,01 - Functioning,02 - Non-fatal injury,05 - Turning movement,0
14-3396,ANDERSON RD btwn DOLMAN RIDGE RD & RIDGE RD,378840.24207,5028989.79181,-75.55431442740,45.39693160460,2014-03-21,8:51:00 AM,01 - Clear,01 - Daylight,03 - Loose snow,10 - No control,,03 - P.D. only,07 - SMV other,0
14-3397,MCCARTHY RD @ PROVOST DR,369331.18973,5025134.46417,-75.67625998050,45.36318352210,2014-03-21,8:52:00 AM,01 - Clear,01 - Daylight,02 - Wet,02 - Stop sign,00 - Unknown,03 - P.D. only,03 - Rear end,0
14-3398,CARP RD @ STITTSVILLE MAIN ST,349524.31217,5014329.25543,-75.93005469050,45.26749880300,2014-03-21,8:58:00 AM,01 - Clear,01 - Daylight,01 - Dry,01 - Traffic signal,01 - Functioning,02 - Non-fatal injury,03 - Rear end,0
14-3399,RUMFORD DR @ VARENNES BLVD,385102.09807,5037887.13760,-75.47289535910,45.47629168580,2014-03-21,8:15:00 AM,01 - Clear,01 - Daylight,06 - Ice,02 - Stop sign,01 - Functioning,03 - P.D. only,07 - SMV other,0
14-3400,RIVERSIDE DR RAMP 42A @ RIVERSIDE DR,368443.09122,5027267.95659,-75.68732048780,45.38246130250,2014-03-21,10:01:00 AM,01 - Clear,01 - Daylight,01 - Dry,03 - Yield sign,01 - Functioning,03 - P.D. only,03 - Rear end,0
14-3401,GREENBANK RD @ BELLMAN DR/BATEMAN DR,361256.20157,5021015.59317,-75.77979846530,45.32681890680,2014-03-21,10:24:00 AM,01 - Clear,01 - Daylight,01 - Dry,01 - Traffic signal,01 - Functioning,03 - P.D. only,03 - Rear end,0
14-3402,IRIS ST @ WOODROFFE AVE,362282.21817,5024441.51950,-75.76631275530,45.35756192940,2014-03-21,10:50:00 AM,01 - Clear,01 - Daylight,01 - Dry,01 - Traffic signal,01 - Functioning,03 - P.D. only,03 - Rear end,0
14-3403,BELCOURT BLVD @ ST. JOSEPH BLVD,381204.26627,5037357.64873,-75.52282546550,45.47196516840,2014-03-21,11:07:00 AM,01 - Clear,01 - Daylight,02 - Wet,01 - Traffic signal,01 - Functioning,03 - P.D. only,02 - Angle,0
14-3404,9TH LINE RD @ MITCH OWENS RD,384106.39955,5019821.36517,-75.48853292270,45.31386425050,2014-03-21,6:45:00 AM,03 - Snow,01 - Daylight,05 - Packed snow,02 - Stop sign,00 - Unknown,03 - P.D. only,07 - SMV other,0
14-3405,FALLOWFIELD RD @ GREENBANK RD,363080.20177,5016731.50743,-75.75703573610,45.28812169780,2014-03-21,11:39:00 AM,01 - Clear,01 - Daylight,02 - Wet,01 - Traffic signal,01 - Functioning,03 - P.D. only,03 - Rear end,0
14-3406,BIRCHLAND CRES btwn BIRCHLAND CRES & BIRCHLAND CRES,349606.62700,5012456.09000,-75.92917468130,45.25063813060,2014-03-21,12:13:00 PM,01 - Clear,01 - Daylight,03 - Loose snow,10 - No control,,03 - P.D. only,06 - SMV unattended vehicle,0
14-3407,BANK ST btwn HERON RD & ANOKA ST,370003.77687,5026825.94978,-75.66745204420,45.37834074430,2014-03-12,5:20:00 PM,03 - Snow,05 - Dusk,03 - Loose snow,10 - No control,,03 - P.D. only,02 - Angle,0
14-3408,CARLING AVE WB btwn WOODLAND AVE & WOODROFFE AVE,361734.98218,5025725.51350,-75.77314902180,45.36915986400,2014-03-21,1:14:00 PM,01 - Clear,01 - Daylight,01 - Dry,10 - No control,,03 - P.D. only,02 - Angle,0
14-3409,HWY 417 TERRYFO IC140R61 @ TERRY FOX DR,350808.23929,5018709.50352,-75.91328759040,45.30683077080,2014-03-21,1:32:00 PM,01 - Clear,01 - Daylight,01 - Dry,01 - Traffic signal,01 - Functioning,03 - P.D. only,03 - Rear end,0
14-3410,LEEDS AVE @ SHEFFIELD RD,374858.72870,5029552.79162,-75.60508227630,45.40240689360,2014-03-21,1:49:00 PM,01 - Clear,01 - Daylight,02 - Wet,03 - Yield sign,01 - Functioning,03 - P.D. only,02 - Angle,0
14-3411,DAVID DR btwn WITHROW AVE & INDIAN RD,363587.60451,5023210.49323,-75.74979894350,45.34637704540,2014-03-21,7:00:00 AM,01 - Clear,01 - Daylight,01 - Dry,10 - No control,,03 - P.D. only,06 - SMV unattended vehicle,0
14-3412,RICHMOND RD btwn GRENON AVE & MARIELLE CRT,359821.34977,5024053.32633,-75.79776338470,45.35426640830,2014-03-21,1:59:00 PM,01 - Clear,01 - Daylight,01 - Dry,10 - No control,,03 - P.D. only,03 - Rear end,0
14-3413,MERIVALE RD btwn CLEOPATRA DR & SLACK RD,366010.69556,5020981.08542,-75.71915595320,45.32610987960,2014-03-21,2:07:00 PM,01 - Clear,01 - Daylight,01 - Dry,10 - No control,,03 - P.D. only,05 - Turning movement,0
14-3414,LEGGET DR @ HERZBERG RD,351867.08973,5022704.50180,-75.89940577080,45.34270847630,2014-03-21,8:45:00 AM,01 - Clear,01 - Daylight,01 - Dry,02 - Stop sign,01 - Functioning,03 - P.D. only,05 - Turning movement,0
14-3415,HOG'S BACK RD btwn PRINCE OF WALES DR & COLONEL BY DR,367408.86204,5025712.00041,-75.70072285670,45.36855438630,2014-03-21,2:09:00 PM,01 - Clear,01 - Daylight,01 - Dry,10 - No control,,03 - P.D. only,04 - Sideswipe,0
14-3416,MORISSET AVE btwn CALDWELL AVE & MERIVALE RD,364667.11789,5026360.92546,-75.73564265220,45.37463286720,2014-03-21,2:11:00 PM,01 - Clear,01 - Daylight,01 - Dry,10 - No control,,03 - P.D. only,02 - Angle,0
14-3417,MONTREAL RD @ OLMSTEAD ST,370331.29150,5033214.53427,-75.66242151870,45.43579224400,2014-03-21,2:40:00 PM,01 - Clear,01 - Daylight,01 - Dry,01 - Traffic signal,01 - Functioning,03 - P.D. only,03 - Rear end,0
14-3418,FISHER AVE @ KINTYRE PRIV,366494.80856,5025235.99126,-75.71245016500,45.36435241080,2014-03-21,2:45:00 PM,01 - Clear,01 - Daylight,01 - Dry,01 - Traffic signal,00 - Unknown,03 - P.D. only,03 - Rear end,0
14-3419,APPLE HILL DR btwn HANK RIVERS DR & BRIGHAM WAY,372485.26991,5024244.32719,-75.63612456370,45.35487695080,2014-03-20,12:01:00 AM,03 - Snow,07 - Dark,05 - Packed snow,10 - No control,,03 - P.D. only,02 - Angle,0
14-3421,CENTENNIAL BLVD @ MAIN ST,369479.89032,5029417.27070,-75.67380089070,45.40170515990,2014-03-21,3:20:00 PM,01 - Clear,01 - Daylight,01 - Dry,02 - Stop sign,01 - Functioning,03 - P.D. only,03 - Rear end,0
14-3422,BRONSON AVE @ CATHERINE ST/RAYMOND ST,367255.06311,5029795.86626,-75.70216931300,45.40531367470,2014-03-21,3:30:00 PM,01 - Clear,01 - Daylight,04 - Slush,01 - Traffic signal,01 - Functioning,03 - P.D. only,05 - Turning movement,0
14-3423,ANDERSON RD @ INNES RD,376278.37143,5031841.56390,-75.58661839390,45.42285644730,2014-03-21,3:05:00 PM,01 - Clear,01 - Daylight,02 - Wet,01 - Traffic signal,01 - Functioning,03 - P.D. only,03 - Rear end,0
14-3424,MAPLE GROVE RD @ GESNER CRT/JARLAN TER,351607.08623,5017910.56347,-75.90317641690,45.29958892020,2014-03-21,4:22:00 PM,01 - Clear,01 - Daylight,01 - Dry,02 - Stop sign,01 - Functioning,03 - P.D. only,05 - Turning movement,0
14-3425,HERON RD @ WALKLEY RD,372267.64903,5027083.45460,-75.63851406180,45.38044333000,2014-03-21,4:33:00 PM,01 - Clear,01 - Daylight,01 - Dry,01 - Traffic signal,01 - Functioning,03 - P.D. only,03 - Rear end,0
14-3426,MARILYN AVE @ RIVERSIDE DR,368121.13580,5024234.51950,-75.69182003900,45.35519638300,2014-03-21,4:45:00 PM,01 - Clear,01 - Daylight,01 - Dry,02 - Stop sign,01 - Functioning,03 - P.D. only,02 - Angle,0
14-3428,CARP RD @ STITTSVILLE MAIN ST,349524.31217,5014331.15117,-75.93005451980,45.26751586210,2014-03-21,2:15:00 PM,01 - Clear,01 - Daylight,01 - Dry,01 - Traffic signal,01 - Functioning,03 - P.D. only,04 - Sideswipe,0
14-3429,IONA ST btwn MAYFAIR AVE & CLARENDON AVE,364534.92310,5028471.47976,-75.73707490310,45.39363453590,2014-03-21,3:40:00 PM,01 - Clear,01 - Daylight,01 - Dry,10 - No control,,03 - P.D. only,06 - SMV unattended vehicle,0
14-3430,DEAKIN ST btwn MACFARLANE RD & PRINCE OF WALES DR,367369.38409,5021530.12287,-75.70175590720,45.33093022490,2014-03-20,4:40:00 PM,00 - Unknown,01 - Daylight,01 - Dry,10 - No control,,03 - P.D. only,04 - Sideswipe,0
14-3431,YORK ST EB btwn BY WARD MARKET SQ & SUSSEX DR,367882.97494,5032287.31419,-75.69382992740,45.42767460760,2014-03-21,5:08:00 PM,01 - Clear,01 - Daylight,01 - Dry,10 - No control,,03 - P.D. only,02 - Angle,0
14-3432,RIVERSIDE DR @ 175 S OF HUNT CLUB  RD/RUNWAY C,368029.92180,5021766.30000,-75.69329960240,45.33299609830,2014-03-21,5:17:00 PM,01 - Clear,01 - Daylight,01 - Dry,01 - Traffic signal,01 - Functioning,03 - P.D. only,05 - Turning movement,0
14-3433,GREENBANK RD @ HWY 417 IC129 RAMP57/IRIS ST,360531.78293,5023309.65040,-75.78878065350,45.34751872530,2014-03-21,5:30:00 PM,01 - Clear,01 - Daylight,01 - Dry,01 - Traffic signal,01 - Functioning,03 - P.D. only,04 - Sideswipe,0
14-3434,GREENBANK RD @ 220 N OF STRANDHERD DR,363848.86643,5014984.37010,-75.74744539680,45.27233678720,2014-03-21,5:55:00 PM,01 - Clear,01 - Daylight,02 - Wet,01 - Traffic signal,01 - Functioning,03 - P.D. only,03 - Rear end,0
14-3435,TERRY FOX DR S @ DIDSBURY RD/CENTRUM KANATA SC,350624.38384,5018914.94533,-75.91561305860,45.30869141110,2014-03-21,6:49:00 PM,01 - Clear,07 - Dark,01 - Dry,01 - Traffic signal,01 - Functioning,03 - P.D. only,04 - Sideswipe,0
14-3436,SAI CRES btwn BLOHM DR & BLOHM DR,374738.31786,5026615.51103,-75.60703646400,45.37599070660,2014-03-21,6:30:00 PM,01 - Clear,07 - Dark,01 - Dry,10 - No control,,03 - P.D. only,06 - SMV unattended vehicle,0
14-3437,HAZELDEAN RD btwn FRINGEWOOD DR & HUNTMAR DR,350829.32776,5015979.90613,-75.91327201530,45.28226768730,2014-03-21,6:10:00 PM,01 - Clear,05 - Dusk,01 - Dry,10 - No control,,03 - P.D. only,04 - Sideswipe,0
14-3438,BASELINE RD @ WOODROFFE AVE,362550.16413,5023770.50470,-75.76297143290,45.35150217370,2014-03-21,8:00:00 PM,01 - Clear,07 - Dark,01 - Dry,01 - Traffic signal,01 - Functioning,03 - P.D. only,03 - Rear end,0
14-3439,ALBERT ST @ LYON ST,367065.06987,5031217.68817,-75.70441653490,45.41812373650,2014-03-21,10:18:00 PM,01 - Clear,07 - Dark,01 - Dry,01 - Traffic signal,01 - Functioning,02 - Non-fatal injury,07 - SMV other,1
14-3440,BEAVERTAIL RD btwn OLD ALMONTE RD & RICHARDSON SIDE RD,341716.98695,5014119.50872,-76.02955938670,45.26606453940,2014-03-21,11:46:00 PM,01 - Clear,07 - Dark,01 - Dry,10 - No control,,03 - P.D. only,07 - SMV other,0
14-3441,DRUMMOND ST @ HERRIDGE ST,369074.62004,5029987.21551,-75.67890285010,45.40687065610,2014-03-22,5:54:00 AM,01 - Clear,07 - Dark,01 - Dry,02 - Stop sign,01 - Functioning,03 - P.D. only,99 - Other,0
14-3442,KING EDWARD AVE btwn RAMP & BOLTON ST,368020.17575,5033211.38120,-75.69195809640,45.43597664820,2014-03-22,9:02:00 AM,03 - Snow,01 - Daylight,03 - Loose snow,10 - No control,,03 - P.D. only,07 - SMV other,0
14-3443,REGIONAL ROAD 174 btwn OR174 IC105 RAMP16 & OR174 IC105 RAMP26,379302.16054,5036980.34392,-75.54720627630,45.46877597570,2014-03-22,8:34:00 AM,03 - Snow,01 - Daylight,03 - Loose snow,10 - No control,,03 - P.D. only,07 - SMV other,0
14-3444,LEES AVE @  TRANSITWAY/HWY 417 NICHOLAS IC118R,369366.89600,5031279.82970,-75.67500013440,45.41847423190,2014-03-22,8:54:00 AM,03 - Snow,01 - Daylight,03 - Loose snow,01 - Traffic signal,01 - Functioning,03 - P.D. only,07 - SMV other,0
14-3445,COLONEL BY DR @ HOG'S BACK RD,367600.06281,5025876.91180,-75.69826122530,45.37002111330,2014-03-21,12:45:00 PM,01 - Clear,01 - Daylight,01 - Dry,01 - Traffic signal,01 - Functioning,03 - P.D. only,04 - Sideswipe,0
14-3446,RUSSELL RD btwn MILTON RD & SAND RD,390198.89161,5025517.19069,-75.40986037300,45.36439544570,2014-03-22,9:14:00 AM,03 - Snow,01 - Daylight,03 - Loose snow,10 - No control,,03 - P.D. only,07 - SMV other,0
14-3447,WOODROFFE AVE btwn HWY417 IC127 RAMP53 & IRIS ST,362265.15655,5024488.91286,-75.76652499720,45.35798977010,2014-03-22,9:24:00 AM,03 - Snow,01 - Daylight,03 - Loose snow,10 - No control,,03 - P.D. only,04 - Sideswipe,0
14-3448,CARLING AVE EB btwn STEVENSON AVE & FISHER AVE,365319.79293,5027966.86320,-75.72711347080,45.38902671090,2014-03-04,5:30:00 AM,03 - Snow,03 - Dawn,05 - Packed snow,10 - No control,,03 - P.D. only,07 - SMV other,0
14-3449,REGIONAL ROAD 174 EB btwn OR174 IC109 RAMP55 & TRANSIT,376533.53008,5035126.48485,-75.58287958370,45.45238601130,2014-03-22,9:56:00 AM,03 - Snow,01 - Daylight,03 - Loose snow,10 - No control,,03 - P.D. only,07 - SMV other,0
14-3450,BAY ST @ SLATER ST,366982.27600,5031078.57030,-75.70549187580,45.41687935860,2014-03-22,9:55:00 AM,03 - Snow,01 - Daylight,05 - Packed snow,01 - Traffic signal,01 - Functioning,03 - P.D. only,02 - Angle,0
14-3451,BANKFIELD RD btwn KILREEN LANE & PRINCE OF WALES DR,365724.51756,5008597.67483,-75.72432559900,45.21470921210,2014-03-22,10:30:00 AM,03 - Snow,01 - Daylight,03 - Loose snow,10 - No control,,03 - P.D. only,01 - Approaching,0
14-3452,AIRPORT PKWY btwn RAMP & RAMP (1),368973.91781,5026186.00921,-75.68068349300,45.37267783030,2014-03-22,10:48:00 AM,03 - Snow,01 - Daylight,03 - Loose snow,10 - No control,,03 - P.D. only,03 - Rear end,0
14-3453,WEST HUNT CLUB RD @ ROYDON PL/SUNDERLAND ST,365974.21457,5022169.74369,-75.71947438340,45.33680844770,2014-03-22,10:48:00 AM,03 - Snow,01 - Daylight,03 - Loose snow,01 - Traffic signal,01 - Functioning,03 - P.D. only,03 - Rear end,0
14-3454,MERIVALE RD btwn BASELINE RD & NE/OT BOUNDARY,365052.80067,5025300.87035,-75.73084816200,45.36506161540,2014-03-22,10:00:00 AM,03 - Snow,01 - Daylight,03 - Loose snow,10 - No control,,03 - P.D. only,07 - SMV other,0
14-3455,BRONSON AVE @ CATHERINE ST/RAYMOND ST,367253.18243,5029797.51437,-75.70219312690,45.40532867170,2014-03-22,11:06:00 AM,03 - Snow,01 - Daylight,03 - Loose snow,01 - Traffic signal,01 - Functioning,03 - P.D. only,05 - Turning movement,0
14-3456,BANK ST @ SUNNYSIDE AVE,368736.13050,5028580.60133,-75.68340889840,45.39424539740,2014-03-22,11:10:00 AM,03 - Snow,01 - Daylight,03 - Loose snow,01 - Traffic signal,01 - Functioning,03 - P.D. only,03 - Rear end,0
14-3457,RIVER RD btwn LORNE BRIDGE RD & ROGER STEVENS DR,372870.09891,5002087.53798,-75.63424829440,45.15547756470,2014-03-22,11:20:00 AM,03 - Snow,01 - Daylight,03 - Loose snow,10 - No control,,03 - P.D. only,07 - SMV other,0
14-3458,ALBERT ST @ BOOTH ST,366428.21927,5030627.51447,-75.71262683340,45.41286990540,2014-03-22,11:47:00 AM,03 - Snow,01 - Daylight,03 - Loose snow,01 - Traffic signal,01 - Functioning,03 - P.D. only,99 - Other,0
14-3459,BORRISOKANE RD btwn CAMBRIAN RD & STRANDHERD DR,362483.63364,5012752.54508,-75.76510244310,45.25236798550,2014-03-22,11:54:00 AM,03 - Snow,01 - Daylight,03 - Loose snow,10 - No control,,03 - P.D. only,07 - SMV other,0
14-3460,GREENBANK RD btwn WEST HUNT CLUB RD & FALLOWFIELD RD,362286.02003,5018497.92151,-75.76695447620,45.30408133470,2014-03-22,12:13:00 PM,03 - Snow,01 - Daylight,02 - Wet,10 - No control,,03 - P.D. only,03 - Rear end,0
14-3461,COVENTRY RD @ VANIER PKWY,370676.50338,5031613.59873,-75.65822387200,45.42135526800,2014-03-21,1:25:00 PM,01 - Clear,01 - Daylight,01 - Dry,01 - Traffic signal,01 - Functioning,03 - P.D. only,05 - Turning movement,0
14-3462,MERIVALE RD/LOTTA AVE @ CLYDE AVE,364520.27650,5024506.57803,-75.73774142740,45.35796025910,2014-03-22,12:32:00 PM,03 - Snow,01 - Daylight,03 - Loose snow,01 - Traffic signal,01 - Functioning,03 - P.D. only,05 - Turning movement,0
14-3463,WALL RD btwn DENISE AVE & MER BLEUE RD,383994.72433,5032683.36093,-75.48789486420,45.42959924750,2014-03-22,12:39:00 PM,03 - Snow,01 - Daylight,04 - Slush,10 - No control,,03 - P.D. only,02 - Angle,0
14-3464,RIVERSIDE DR NB btwn RIVERSIDE DR SPLIT & DATA CENTRE RD,368772.90191,5027553.99223,-75.68307238730,45.38500492510,2014-03-22,1:32:00 PM,03 - Snow,01 - Daylight,02 - Wet,10 - No control,,02 - Non-fatal injury,07 - SMV other,0
14-3465,ISABELLA ST/HWY417 IC119AR75 @ METCALFE ST,368448.56053,5030398.93202,-75.68684668210,45.41063235640,2014-03-22,1:15:00 PM,03 - Snow,01 - Daylight,04 - Slush,01 - Traffic signal,01 - Functioning,03 - P.D. only,04 - Sideswipe,0
14-3466,MARCH RD btwn CORKERY RD & GREY FOX DR,336117.74505,5016289.76559,-76.10077284650,45.28586535310,2014-03-22,4:18:00 PM,01 - Clear,01 - Daylight,01 - Dry,10 - No control,,03 - P.D. only,07 - SMV other,0
14-3467,BANK ST btwn COUNCILLOR'S WAY & ST. BERNARD ST,372944.55023,5023759.68353,-75.63033018300,45.35047182290,2014-03-22,5:13:00 PM,01 - Clear,01 - Daylight,02 - Wet,10 - No control,,03 - P.D. only,07 - SMV other,0
14-3468,BEAVERPOND DR btwn HALLMARK PL & APPLETON DR (2),375109.96924,5031895.37551,-75.60153920120,45.42345902220,2014-03-22,9:46:00 PM,01 - Clear,07 - Dark,02 - Wet,10 - No control,,03 - P.D. only,99 - Other,0
14-3469,GREENBANK RD @ WEST HUNT CLUB RD,361480.15093,5020502.47920,-75.77700054700,45.32218386030,2014-03-22,7:20:00 PM,01 - Clear,07 - Dark,02 - Wet,01 - Traffic signal,01 - Functioning,03 - P.D. only,03 - Rear end,0
14-3470,FISHER AVE btwn MCCOOEY LANE & BASELINE RD,366106.70765,5026170.75522,-75.71728790500,45.37279728200,2014-03-23,4:58:00 AM,05 - Drifting Snow,07 - Dark,05 - Packed snow,10 - No control,,03 - P.D. only,07 - SMV other,0
14-3471,MITCH OWENS RD btwn TURN LANE & SALE BARN RD,378434.27483,5016391.78411,-75.56137388730,45.28362414480,2014-03-23,6:00:00 AM,01 - Clear,07 - Dark,01 - Dry,10 - No control,,03 - P.D. only,07 - SMV other,0
14-3472,HUNT CLUB RD @ DOWNPATRICK RD/MCCARTHY RD,370507.26047,5023399.56113,-75.66147963590,45.34746413670,2014-03-23,8:15:00 AM,01 - Clear,01 - Daylight,01 - Dry,01 - Traffic signal,01 - Functioning,02 - Non-fatal injury,02 - Angle,0
14-3473,MACDONALD-CARTIER BR btwn RAMP & END (2),367210.14317,5033286.64446,-75.70230088330,45.43672661080,2014-03-23,9:14:00 AM,01 - Clear,01 - Daylight,01 - Dry,10 - No control,,02 - Non-fatal injury,03 - Rear end,0
14-3474,PRINCE OF WALES DR btwn BORDEN SIDE RD & NORMANDY CRES,367220.55949,5024273.66100,-75.70330820210,45.35562931810,2014-03-23,10:19:00 AM,01 - Clear,01 - Daylight,01 - Dry,10 - No control,,03 - P.D. only,99 - Other,0
14-3475,HUNTMAR DR @ PALLADIUM DR S,349674.80411,5017366.58090,-75.92786235350,45.29482008080,2014-03-22,10:14:00 AM,03 - Snow,01 - Daylight,05 - Packed snow,01 - Traffic signal,00 - Unknown,03 - P.D. only,04 - Sideswipe,0
14-3476,DWYER HILL RD btwn ROGER STEVENS DR & FLOOD RD,355222.90232,4988271.29405,-75.86006824240,45.03263274560,2014-03-22,7:20:00 PM,01 - Clear,07 - Dark,01 - Dry,10 - No control,,03 - P.D. only,07 - SMV other,0
14-3477,JEANNE D'ARC BLVD  N btwn DECARIE DR & BILBERRY DR,381145.73299,5038615.39654,-75.52337848770,45.48328772960,2014-03-22,11:30:00 AM,03 - Snow,01 - Daylight,03 - Loose snow,10 - No control,,03 - P.D. only,07 - SMV other,0
14-3478,ALBION RD @ BRAMPTON RD,372179.74234,5023567.78243,-75.64011579900,45.34881905960,2014-03-23,11:24:00 AM,01 - Clear,01 - Daylight,01 - Dry,02 - Stop sign,01 - Functioning,03 - P.D. only,02 - Angle,0
14-3479,BESSERER ST btwn DALHOUSIE ST & WALLER ST,368303.61103,5032188.18633,-75.68846772240,45.42674462560,2014-03-23,1:00:00 PM,01 - Clear,01 - Daylight,01 - Dry,10 - No control,,03 - P.D. only,04 - Sideswipe,0
14-3480,INNES RD @ TENTH LINE RD,383950.33850,5036160.50867,-75.48790270010,45.46088857520,2014-03-22,4:25:00 PM,01 - Clear,01 - Daylight,02 - Wet,01 - Traffic signal,01 - Functioning,03 - P.D. only,03 - Rear end,0
14-3481,SHAWGLEN WAY btwn BLACKSHIRE CIRC & BLACKSHIRE CIRC,365750.53750,5013153.72921,-75.72343616650,45.25570246120,2014-03-23,2:05:00 PM,03 - Snow,01 - Daylight,03 - Loose snow,10 - No control,,03 - P.D. only,02 - Angle,0
14-3482,SANDALWOOD DR btwn BAYCREST DR & HERON RD,371466.19781,5026898.31955,-75.64877154640,45.37885427670,2014-03-23,4:31:00 PM,01 - Clear,01 - Daylight,01 - Dry,10 - No control,,03 - P.D. only,02 - Angle,0
14-3483,BEVERLY ST @ STITTSVILLE MAIN ST,349844.05753,5013827.32033,-75.92602573170,45.26296180770,2014-03-23,5:22:00 PM,01 - Clear,01 - Daylight,01 - Dry,01 - Traffic signal,01 - Functioning,03 - P.D. only,03 - Rear end,0
14-3484,BANK ST @ LISGAR ST,367606.13560,5031062.67317,-75.69752357830,45.41668060080,2014-03-23,6:40:00 PM,01 - Clear,05 - Dusk,01 - Dry,01 - Traffic signal,01 - Functioning,03 - P.D. only,07 - SMV other,1
14-3485,HUNTSVILLE DR btwn BATTERSEA CRES & HUNTSVILLE DR/INGERSOLL CRES,349237.28600,5019597.60600,-75.93324026510,45.31492332640,2014-03-23,7:18:00 PM,01 - Clear,07 - Dark,01 - Dry,10 - No control,,03 - P.D. only,06 - SMV unattended vehicle,0
14-3486,DONALD ST @ ST. LAURENT BLVD,372095.13470,5032470.68917,-75.63998140400,45.42893195010,2014-03-23,8:39:00 PM,01 - Clear,07 - Dark,01 - Dry,01 - Traffic signal,01 - Functioning,03 - P.D. only,99 - Other,0
14-3487,ST. LAURENT BLVD @ COVENTRY RD/OGILVIE RD,372305.24557,5031949.67887,-75.63736794250,45.42422389660,2014-03-23,8:15:00 PM,01 - Clear,07 - Dark,01 - Dry,01 - Traffic signal,01 - Functioning,03 - P.D. only,03 - Rear end,0
14-3488,CLARENCE ST @ DALHOUSIE ST,368040.32983,5032505.49363,-75.69179119130,45.42962350000,2014-03-21,2:00:00 AM,04 - Freezing Rain,07 - Dark,06 - Ice,01 - Traffic signal,01 - Functioning,03 - P.D. only,03 - Rear end,0
14-3489,ST. LOUIS DR btwn BUCKSKIN WAY & ST. ANDRE DR,379628.02499,5038302.15710,-75.54283811800,45.48063378150,2014-03-24,7:45:00 AM,01 - Clear,01 - Daylight,01 - Dry,10 - No control,,03 - P.D. only,06 - SMV unattended vehicle,0
14-3490,HAZELDEAN RD @ TERRY FOX DR,352206.18920,5017242.45100,-75.89560172270,45.29353690220,2014-03-24,7:58:00 AM,01 - Clear,01 - Daylight,01 - Dry,01 - Traffic signal,01 - Functioning,03 - P.D. only,03 - Rear end,0