Record,Location,X,Y,Longitude,Latitude,Date,Time,Environment,Light,Road_Surface,Traffic_Control,Collision_Location,Collision_Classification,Impact_type,Pedestrian
14-3598,QUEEN ST btwn BRONSON AVE & BAY ST,366759.71968,5031125.83415,-75.70832927980,45.41732436860,2014-03-25,12:00:00 AM,01 - Clear,00 - Unknown,01 - Dry,10 - No control,,03 - P.D. only,06 - SMV unattended vehicle,0
14-3599,ANDERSON RD btwn EIGHTH LINE RD & NINTH LINE RD,381949.39507,5021284.04810,-75.51581120070,45.32726487370,2014-03-27,5:50:00 AM,01 - Clear,07 - Dark,01 - Dry,10 - No control,,02 - Non-fatal injury,03 - Rear end,0
14-3600,EARL GREY DR btwn ROLAND MICHENER DR & 175 S OF KANATA AVE/WALMART SC,350779.35529,5018964.25408,-75.91363227460,45.30912497610,2014-03-27,8:33:00 AM,01 - Clear,01 - Daylight,01 - Dry,10 - No control,,03 - P.D. only,05 - Turning movement,0
14-3601,CARLING AVE @ RICHMOND RD,360244.25720,5024784.35590,-75.79228424090,45.36081088160,2014-03-27,8:37:00 AM,01 - Clear,01 - Daylight,02 - Wet,01 - Traffic signal,01 - Functioning,03 - P.D. only,03 - Rear end,0
14-3602,SHEA RD btwn BROWNLEE RD & GARVIN RD,356645.89680,5008035.36931,-75.83996229140,45.21037592910,2014-03-27,8:31:00 AM,01 - Clear,01 - Daylight,03 - Loose snow,10 - No control,,03 - P.D. only,07 - SMV other,0
14-3603,JEANNE D'ARC BLVD  N btwn DECARIE DR & BILBERRY DR,381031.16663,5038549.71183,-75.52485401400,45.48270927400,2014-03-27,9:31:00 AM,01 - Clear,01 - Daylight,01 - Dry,10 - No control,,03 - P.D. only,06 - SMV unattended vehicle,0
14-3604,NEPEAN ST @ O'CONNOR ST,367720.58430,5031227.20070,-75.69604039920,45.41815068400,2014-03-27,9:49:00 AM,01 - Clear,01 - Daylight,01 - Dry,02 - Stop sign,01 - Functioning,03 - P.D. only,05 - Turning movement,0
14-3605,EAGLESON RD @ HAZELDEAN RD/ROBERTSON RD,353673.15097,5018425.40787,-75.87678340110,45.30408091050,2014-03-27,9:58:00 AM,01 - Clear,01 - Daylight,99 - Other,01 - Traffic signal,01 - Functioning,03 - P.D. only,03 - Rear end,0
14-3606,BRONSON AVE RAMP 24C btwn BRONSON AVE RAMP 24B/26 & BRONSON AVE,368686.81127,5026795.26739,-75.68426982730,45.37818599750,2014-03-27,9:15:00 AM,01 - Clear,01 - Daylight,01 - Dry,10 - No control,,03 - P.D. only,03 - Rear end,0
14-3607,CARLING AVE @ IROQUOIS RD,362212.26420,5026027.42583,-75.76702129010,45.37183750610,2014-03-26,9:15:00 PM,01 - Clear,07 - Dark,01 - Dry,01 - Traffic signal,01 - Functioning,03 - P.D. only,03 - Rear end,0
14-3608,PORTOBELLO BLVD btwn NESTING WAY & INNES RD,385581.97073,5037006.15204,-75.46690338560,45.46831009560,2014-03-27,10:25:00 AM,01 - Clear,01 - Daylight,01 - Dry,10 - No control,,03 - P.D. only,02 - Angle,0
14-3609,HAWTHORNE RD/RUSSELL RD @ WALKLEY RD,374674.37583,5028499.16035,-75.60758612960,45.39294526830,2014-03-27,11:19:00 AM,01 - Clear,01 - Daylight,01 - Dry,01 - Traffic signal,01 - Functioning,03 - P.D. only,03 - Rear end,0
14-3610,PRESTON ST btwn GEORGE ST W & ABERDEEN ST,366633.33686,5029386.52401,-75.71016210420,45.40168571990,2014-03-22,11:00:00 PM,01 - Clear,07 - Dark,01 - Dry,10 - No control,,03 - P.D. only,06 - SMV unattended vehicle,0
14-3611,HUNT CLUB RD @ RIVERSIDE DR,368038.12480,5021946.44637,-75.69317193970,45.33461628120,2014-03-27,11:40:00 AM,01 - Clear,01 - Daylight,01 - Dry,01 - Traffic signal,01 - Functioning,03 - P.D. only,03 - Rear end,0
14-3612,BELFAST RD btwn TRAINYARDS DR & ST. LAURENT BLVD,372271.31913,5030710.86210,-75.63797106520,45.41308086180,2014-03-27,12:02:00 PM,01 - Clear,01 - Daylight,01 - Dry,10 - No control,,03 - P.D. only,03 - Rear end,0
14-3613,INNES RD btwn BLAIR RD & ANDERSON RD,375929.01797,5031657.22126,-75.59110863210,45.42123344720,2014-03-27,12:37:00 PM,01 - Clear,01 - Daylight,01 - Dry,10 - No control,,03 - P.D. only,04 - Sideswipe,0
14-3614,ALTA VISTA DR btwn BILLINGS AVE & PLEASANT PARK RD,370354.03694,5028589.75115,-75.66274600270,45.39417813320,2014-03-27,12:51:00 PM,01 - Clear,01 - Daylight,01 - Dry,10 - No control,,02 - Non-fatal injury,01 - Approaching,0
14-3615,FISHER AVE @ MEADOWLANDS DR,366573.64310,5025043.55027,-75.71146797500,45.36261392270,2014-03-27,12:58:00 PM,01 - Clear,01 - Daylight,01 - Dry,01 - Traffic signal,01 - Functioning,02 - Non-fatal injury,02 - Angle,0
14-3616,SMYTH RD E/LANCASTER RD @ ST. LAURENT BLVD N/R,373365.64086,5029424.16366,-75.62417033160,45.40139739020,2014-03-27,1:02:00 PM,01 - Clear,01 - Daylight,01 - Dry,01 - Traffic signal,01 - Functioning,03 - P.D. only,03 - Rear end,0
14-3617,KING EDWARD AVE @ RIDEAU ST,368512.18113,5032413.58920,-75.68577345160,45.42875375250,2014-03-27,1:19:00 PM,01 - Clear,01 - Daylight,02 - Wet,01 - Traffic signal,01 - Functioning,03 - P.D. only,02 - Angle,0
14-3618,PINECREST RD @ RICHMOND RD,360072.19657,5024471.51240,-75.79451531770,45.35800951050,2014-03-22,6:00:00 PM,01 - Clear,01 - Daylight,01 - Dry,01 - Traffic signal,01 - Functioning,03 - P.D. only,03 - Rear end,0
14-3619,BLAIR RD @ MEADOWBROOK RD,375194.26057,5032310.62143,-75.60040286680,45.42718669620,2014-03-27,1:23:00 PM,03 - Snow,01 - Daylight,02 - Wet,01 - Traffic signal,01 - Functioning,03 - P.D. only,03 - Rear end,0
14-3620,KLONDIKE RD @ MARCH RD,349265.34067,5024060.67323,-75.93248146870,45.35508136400,2014-03-27,1:27:00 PM,01 - Clear,01 - Daylight,02 - Wet,01 - Traffic signal,01 - Functioning,03 - P.D. only,02 - Angle,0
14-3621,AMBERWOOD CRES btwn MERIVALE RD & BROAD OAKS CRT,366424.39744,5020024.06524,-75.71399808190,45.31746253780,2014-03-27,1:43:00 PM,01 - Clear,01 - Daylight,02 - Wet,10 - No control,,03 - P.D. only,99 - Other,0
14-3622,BERKELEY AVE @ RICHMOND RD,362910.21217,5028062.70580,-75.75787182270,45.39009315890,2014-03-27,2:21:00 PM,01 - Clear,01 - Daylight,02 - Wet,02 - Stop sign,01 - Functioning,03 - P.D. only,02 - Angle,0
14-3623,RIDGEFIELD CRES btwn ARNOLD DR & SYCAMORE DR,357907.19089,5019544.56514,-75.82267582770,45.31384385620,2014-03-27,12:30:00 AM,01 - Clear,07 - Dark,02 - Wet,10 - No control,,03 - P.D. only,06 - SMV unattended vehicle,0
14-3624,BOYER RD @ ORLEANS BLVD,380978.34576,5035512.24037,-75.52600043970,45.45538635950,2014-03-27,2:25:00 PM,01 - Clear,01 - Daylight,01 - Dry,02 - Stop sign,01 - Functioning,03 - P.D. only,04 - Sideswipe,0
14-3625,CARLING AVE @ KIRKWOOD AVE N,364276.34505,5027494.89507,-75.74049482780,45.38486941430,2014-03-27,2:57:00 PM,01 - Clear,01 - Daylight,01 - Dry,01 - Traffic signal,01 - Functioning,02 - Non-fatal injury,04 - Sideswipe,0
14-3626,CHATHAM GDN @ MARAVISTA DR,361821.78359,5014872.48970,-75.77329049490,45.27149737370,2014-03-27,7:30:00 AM,01 - Clear,01 - Daylight,01 - Dry,02 - Stop sign,01 - Functioning,03 - P.D. only,03 - Rear end,0
14-3627,BRONSON AVE btwn SECOND AVE & THIRD AVE,367543.60300,5029105.56758,-75.69857155430,45.39907676430,2014-03-27,4:19:00 PM,01 - Clear,01 - Daylight,02 - Wet,10 - No control,,02 - Non-fatal injury,04 - Sideswipe,0
14-3628,BRIDGE ST @ WEST RIVER DR/ARTHUR CRES S,368975.73744,5010213.15595,-75.68272782380,45.22895663060,2014-03-27,4:23:00 PM,03 - Snow,01 - Daylight,06 - Ice,02 - Stop sign,01 - Functioning,03 - P.D. only,03 - Rear end,0
14-3629,BAYSHORE DR btwn WOODRIDGE CRES S & BAYSHORE CS,359224.66426,5023527.51548,-75.80543618250,45.34958172480,2014-03-26,6:50:00 PM,01 - Clear,05 - Dusk,01 - Dry,10 - No control,,02 - Non-fatal injury,07 - SMV other,1
14-3630,FOUNTAINHEAD DR @ FELICITY CRES,381858.13384,5032118.81359,-75.51528461170,45.42475856050,2014-03-27,4:59:00 PM,01 - Clear,01 - Daylight,01 - Dry,02 - Stop sign,01 - Functioning,03 - P.D. only,02 - Angle,0
14-3631,BAYVIEW RD @ SCOTT ST/ALBERT ST,365519.51093,5030072.51197,-75.72430394000,45.40795556810,2014-03-27,5:00:00 PM,01 - Clear,01 - Daylight,01 - Dry,01 - Traffic signal,01 - Functioning,03 - P.D. only,03 - Rear end,0
14-3632,BOWHILL AVE btwn OVERLAKE DR & HILLHURST PL,365503.85486,5023736.91926,-75.72528286090,45.35095052350,2014-03-27,7:44:00 PM,01 - Clear,07 - Dark,01 - Dry,10 - No control,,03 - P.D. only,02 - Angle,0
14-3634,CARP RD @ RICHARDSON SIDE RD,346209.08177,5017159.50873,-75.97206439500,45.29316955850,2014-03-27,9:30:00 PM,01 - Clear,07 - Dark,01 - Dry,01 - Traffic signal,01 - Functioning,03 - P.D. only,02 - Angle,0
14-3635,REGIONAL ROAD 174 btwn OR174 IC112 RAMP26 & OR174 IC112 RAMP61,375016.41639,5033012.86014,-75.60257519730,45.43352292260,2014-03-28,5:30:00 AM,03 - Snow,03 - Dawn,06 - Ice,10 - No control,,03 - P.D. only,07 - SMV other,0
14-3636,POWELL AVE btwn LYON ST S & BANK ST,368146.78401,5029928.35736,-75.69076215880,45.40642565680,2014-03-28,8:21:00 AM,03 - Snow,01 - Daylight,03 - Loose snow,10 - No control,,03 - P.D. only,06 - SMV unattended vehicle,0
14-3637,COLONEL BY DR @ COLONEL BY DR SB ON RAMP 43,367640.23397,5028441.49777,-75.69742199280,45.39309298690,2014-03-28,7:25:00 AM,03 - Snow,01 - Daylight,03 - Loose snow,02 - Stop sign,01 - Functioning,03 - P.D. only,03 - Rear end,0
14-3638,GREENBANK RD @ MARKETPLACE AVE,364007.88197,5014602.18960,-75.74546455030,45.26888455020,2014-03-28,9:00:00 AM,01 - Clear,01 - Daylight,02 - Wet,01 - Traffic signal,01 - Functioning,03 - P.D. only,04 - Sideswipe,0
14-3639,RIVERSIDE DR @ HERON RD,368121.57883,5026648.16897,-75.69150505990,45.37691375780,2014-03-28,9:50:00 AM,01 - Clear,01 - Daylight,02 - Wet,01 - Traffic signal,01 - Functioning,02 - Non-fatal injury,05 - Turning movement,0
14-3640,CARLING AVE @ GRANDVIEW RD/NORTEL ENTRANCE,355726.12353,5024052.51200,-75.85002726030,45.35456846120,2014-03-28,11:22:00 AM,01 - Clear,01 - Daylight,02 - Wet,01 - Traffic signal,01 - Functioning,03 - P.D. only,02 - Angle,0
14-3641,CANOTEK RD @ SHEFFORD RD,376029.10150,5035098.13970,-75.58933203630,45.45218257470,2014-03-28,11:49:00 AM,01 - Clear,01 - Daylight,02 - Wet,01 - Traffic signal,01 - Functioning,03 - P.D. only,07 - SMV other,0
14-3642,OLD CARP RD btwn MARCH RD & LADY LOCHEAD LANE,343454.40469,5022478.62978,-76.00676809380,45.34119001960,2014-03-27,7:50:00 PM,01 - Clear,07 - Dark,02 - Wet,10 - No control,,03 - P.D. only,07 - SMV other,0
14-3643,TENTH LINE RD @ CHARLEMAGNE BLVD N/TOMPKINS AV,383184.40383,5037976.93403,-75.49740548900,45.47731749760,2014-03-28,1:30:00 PM,02 - Rain,01 - Daylight,02 - Wet,01 - Traffic signal,01 - Functioning,03 - P.D. only,03 - Rear end,0
14-3644,8TH LINE RD @ PARKWAY RD,383164.97268,5016892.17263,-75.50100093850,45.28761488470,2014-03-28,2:45:00 AM,02 - Rain,07 - Dark,02 - Wet,02 - Stop sign,01 - Functioning,02 - Non-fatal injury,02 - Angle,0
14-3645,BEECHWOOD AVE @ CHARLEVOIX ST/MACKAY ST,369186.34493,5033592.35100,-75.67700453240,45.43929805400,2014-03-28,12:46:00 PM,02 - Rain,01 - Daylight,02 - Wet,01 - Traffic signal,01 - Functioning,03 - P.D. only,05 - Turning movement,0
14-3646,MARLBOROUGH AVE @ TEMPLETON ST,369644.28900,5031859.57570,-75.67137982820,45.42366491090,2014-03-28,12:50:00 PM,02 - Rain,01 - Daylight,02 - Wet,02 - Stop sign,01 - Functioning,03 - P.D. only,02 - Angle,0
14-3647,BANK ST btwn TURN LANE & SNAKE ISLAND RD,383662.54659,5010216.22006,-75.49571831380,45.22749279820,2014-03-28,2:00:00 AM,03 - Snow,07 - Dark,02 - Wet,10 - No control,,03 - P.D. only,07 - SMV other,0
14-3648,SHEFFIELD RD @ WALKLEY RD,375257.26117,5028785.48667,-75.60010172770,45.39546308360,2014-03-28,2:07:00 PM,02 - Rain,01 - Daylight,02 - Wet,01 - Traffic signal,01 - Functioning,03 - P.D. only,03 - Rear end,0
14-3649,OGILVIE RD btwn MONTREAL RD & GREGORY CRT,375677.82827,5034368.10166,-75.59392769640,45.44564985380,2014-03-26,2:46:00 PM,02 - Rain,01 - Daylight,02 - Wet,10 - No control,,03 - P.D. only,02 - Angle,0
14-3650,LAURIER AVE   W btwn O'CONNOR ST & METCALFE ST,367771.34920,5031440.23523,-75.69536459510,45.42006293190,2014-03-27,3:30:00 PM,01 - Clear,01 - Daylight,01 - Dry,10 - No control,,03 - P.D. only,06 - SMV unattended vehicle,0
14-3651,WEST HUNT CLUB RD @ ROYDON PL/SUNDERLAND ST,365975.12940,5022169.49020,-75.71946274390,45.33680608690,2014-03-28,2:15:00 PM,02 - Rain,01 - Daylight,02 - Wet,01 - Traffic signal,01 - Functioning,03 - P.D. only,03 - Rear end,0
14-3652,DU GRAND BOIS AVE @ INNES RD,383109.89332,5035763.74214,-75.49871102400,45.45741352730,2014-03-28,3:31:00 PM,02 - Rain,01 - Daylight,02 - Wet,02 - Stop sign,01 - Functioning,02 - Non-fatal injury,07 - SMV other,0
14-3653,FOWLER ST @ HAMILTON ST,356657.13677,5005897.34920,-75.84004166720,45.19113653360,2014-03-28,7:06:00 PM,02 - Rain,07 - Dark,02 - Wet,02 - Stop sign,01 - Functioning,02 - Non-fatal injury,02 - Angle,0
14-3654,WOODROFFE AVE btwn EARL MULLIGAN DR & LONGFIELDS DR,365393.20781,5017169.50414,-75.72749834880,45.29186716320,2014-03-28,4:48:00 PM,02 - Rain,01 - Daylight,02 - Wet,10 - No control,,03 - P.D. only,05 - Turning movement,0
14-3655,CLEMENTINE BLVD @ HERON RD,369547.24687,5026784.64017,-75.67328600660,45.37801139120,2014-03-28,4:48:00 PM,02 - Rain,01 - Daylight,02 - Wet,01 - Traffic signal,01 - Functioning,03 - P.D. only,05 - Turning movement,0
14-3656,MARCH RD @ MORGAN'S GRANT WAY/SHIRLEY'S BROOK,349662.08313,5023618.45787,-75.92745815750,45.35107694310,2014-03-28,4:45:00 PM,02 - Rain,01 - Daylight,02 - Wet,01 - Traffic signal,01 - Functioning,02 - Non-fatal injury,07 - SMV other,1
14-3657,AVIATION PKWY @ OGILVIE RD,373110.24027,5032377.53347,-75.62702297890,45.42799537430,2014-03-27,6:00:00 PM,01 - Clear,05 - Dusk,01 - Dry,01 - Traffic signal,01 - Functioning,03 - P.D. only,03 - Rear end,0
14-3658,RICHMOND RD btwn WINSTON AVE & CHURCHILL AVE N,363218.80754,5028288.75983,-75.75390431060,45.39210148410,2014-03-28,5:16:00 PM,02 - Rain,01 - Daylight,02 - Wet,10 - No control,,03 - P.D. only,06 - SMV unattended vehicle,0
14-3659,INDUSTRIAL AVE/INNES RD @ ST. LAURENT BLVD,373103.77466,5030005.74343,-75.62743435570,45.40665577620,2014-03-28,8:40:00 AM,01 - Clear,01 - Daylight,01 - Dry,01 - Traffic signal,01 - Functioning,03 - P.D. only,03 - Rear end,0
14-3660,RICHARDSON SIDE RD btwn DAVID MANCHESTER RD & WILLIAM MOONEY RD,344308.05307,5015395.08098,-75.99644065290,45.27740194050,2014-03-27,7:45:00 AM,01 - Clear,01 - Daylight,01 - Dry,10 - No control,,03 - P.D. only,07 - SMV other,0
14-3661,WOODROFFE AVE/HWY 417 WOODROFF IC127R25 @ HWY,362179.84330,5024694.01997,-75.76759002090,45.35984229500,2014-03-28,6:14:00 PM,02 - Rain,05 - Dusk,02 - Wet,01 - Traffic signal,01 - Functioning,03 - P.D. only,99 - Other,0
14-3662,BATHGATE DR @ LEIGH CRES N,373773.74042,5033070.05643,-75.61844771950,45.43416121780,2014-03-28,5:05:00 PM,02 - Rain,01 - Daylight,04 - Slush,02 - Stop sign,01 - Functioning,03 - P.D. only,03 - Rear end,0
14-3663,MONTREAL RD @ VANIER PKWY,370072.23587,5033066.53997,-75.66575186730,45.43448488330,2014-03-28,3:20:00 PM,01 - Clear,01 - Daylight,01 - Dry,01 - Traffic signal,01 - Functioning,03 - P.D. only,03 - Rear end,0
14-3664,CHARLOTTE ST @ RIDEAU ST,369250.18293,5032859.59220,-75.67628456390,45.43269909800,2014-03-28,4:30:00 PM,02 - Rain,01 - Daylight,02 - Wet,01 - Traffic signal,01 - Functioning,03 - P.D. only,02 - Angle,0
14-3665,BROPHY DR btwn EAGLESON RD & FOURTH LINE RD,359168.56559,5004763.08399,-75.80820596500,45.18074095000,2014-03-28,3:30:00 PM,02 - Rain,01 - Daylight,02 - Wet,10 - No control,,03 - P.D. only,07 - SMV other,0
14-3666,ROLAND MICHENER DR btwn EARL GREY DR & END,350811.14229,5018931.33565,-75.91322997750,45.30882668590,2014-03-28,7:04:00 PM,01 - Clear,07 - Dark,02 - Wet,10 - No control,,03 - P.D. only,05 - Turning movement,0
14-3667,BASELINE RD @ WOODROFFE AVE,362551.11200,5023772.40043,-75.76295911510,45.35151915300,2014-03-28,6:30:00 PM,02 - Rain,05 - Dusk,02 - Wet,01 - Traffic signal,01 - Functioning,03 - P.D. only,03 - Rear end,0
14-3668,TENTH LINE RD @ CHARLEMAGNE BLVD S/DES EPINETT,383640.97510,5036900.45590,-75.49173924100,45.46758093120,2014-03-28,7:30:00 PM,02 - Rain,07 - Dark,02 - Wet,01 - Traffic signal,01 - Functioning,03 - P.D. only,99 - Other,0
14-3669,CARLING AVE @ PRESTON ST,366829.23607,5028936.50127,-75.70771659130,45.39761920590,2014-03-28,4:30:00 PM,01 - Clear,01 - Daylight,01 - Dry,01 - Traffic signal,01 - Functioning,03 - P.D. only,03 - Rear end,0
14-3670,CHAPMAN MILLS DR btwn LEAMINGTON WAY & TEMAGAMI DR,365193.69116,5014768.31066,-75.73033394710,45.27027847700,2014-03-28,8:13:00 PM,01 - Clear,07 - Dark,01 - Dry,10 - No control,,02 - Non-fatal injury,06 - SMV unattended vehicle,0
14-3671,FALLOWFIELD RD btwn VIA PARK PL/275 W OF WOODROFFE AVE & TRANSIT,364837.28469,5017760.33370,-75.73451364050,45.29723113630,2014-03-28,6:30:00 PM,02 - Rain,05 - Dusk,02 - Wet,10 - No control,,03 - P.D. only,03 - Rear end,0
14-3672,INNES RD @ VISENEAU DR,381799.28522,5035073.23832,-75.51557436710,45.45134660060,2014-03-28,8:40:00 PM,02 - Rain,07 - Dark,02 - Wet,01 - Traffic signal,00 - Unknown,03 - P.D. only,03 - Rear end,0
14-3673,HUNT CLUB RD @ RIVERSIDE DR,368035.28120,5021945.49850,-75.69320833750,45.33460800840,2014-03-28,9:57:00 PM,01 - Clear,07 - Dark,02 - Wet,01 - Traffic signal,01 - Functioning,03 - P.D. only,02 - Angle,0
14-3674,RIDEAU ST btwn AUGUSTA ST & COBOURG ST,369098.84838,5032769.56582,-75.67823027370,45.43190300610,2014-03-28,11:04:00 PM,02 - Rain,07 - Dark,02 - Wet,10 - No control,,03 - P.D. only,03 - Rear end,0
14-3675,ELVASTON AVE btwn CRAIG HENRY DR & BAINBRIDGE AVE,361217.72651,5021381.69553,-75.78024752530,45.33011618730,2014-03-28,12:00:00 AM,01 - Clear,00 - Unknown,01 - Dry,10 - No control,,03 - P.D. only,06 - SMV unattended vehicle,0
14-3676,COVENTRY RD btwn ST. LAURENT SC WEST & ST. LAURENT SC EAST,371914.82929,5031928.75066,-75.64235925880,45.42407316120,2014-03-29,12:55:00 AM,01 - Clear,07 - Dark,01 - Dry,10 - No control,,03 - P.D. only,07 - SMV other,0
14-3677,BANK ST btwn ARENA PL & WHITE ALDER AVE,375406.91384,5021502.42579,-75.59923113320,45.32991839800,2014-03-29,3:12:00 AM,01 - Clear,07 - Dark,01 - Dry,10 - No control,,03 - P.D. only,07 - SMV other,0
14-3678,CAHILL DR btwn SANDHAMN PRIV & SANDHAMN PRIV,371810.37365,5024723.73143,-75.64467239030,45.35925528630,2014-03-29,7:06:00 AM,01 - Clear,01 - Daylight,02 - Wet,10 - No control,,03 - P.D. only,07 - SMV other,0
14-3679,MARCH RD btwn DONALD B. MUNRO DR & TALL FOREST DR,343339.93046,5022820.15277,-76.00820212830,45.34426946200,2014-03-28,8:00:00 PM,01 - Clear,07 - Dark,02 - Wet,10 - No control,,03 - P.D. only,07 - SMV other,0
14-3680,BOUNDARY RD @ MITCH OWENS RD,388067.25390,5022163.41737,-75.43763122110,45.33447758470,2014-03-29,10:14:00 AM,01 - Clear,01 - Daylight,01 - Dry,02 - Stop sign,01 - Functioning,03 - P.D. only,07 - SMV other,0
14-3681,ARMSTRONG ST @ PARKDALE AVE,365091.16603,5029405.50657,-75.72985713440,45.40199103540,2014-03-29,11:55:00 AM,01 - Clear,01 - Daylight,01 - Dry,01 - Traffic signal,01 - Functioning,03 - P.D. only,02 - Angle,0
14-3682,ARLINGTON AVE @ BRONSON AVE,367221.28760,5029866.61553,-75.70259177860,45.40595326840,2014-03-29,11:58:00 AM,01 - Clear,01 - Daylight,01 - Dry,01 - Traffic signal,01 - Functioning,02 - Non-fatal injury,07 - SMV other,0
14-3683,KILMAR CRES btwn BRUNSKILL WAY & BRUNSKILL WAY,349364.87153,5020297.79407,-75.93155010530,45.32121572860,2014-03-29,9:40:00 AM,01 - Clear,01 - Daylight,01 - Dry,10 - No control,,03 - P.D. only,06 - SMV unattended vehicle,0
14-3684,BILL LEATHEM DR @ LEIKIN DR S,366925.22997,5017437.55777,-75.70793490350,45.29414531590,2014-03-29,1:17:00 PM,01 - Clear,01 - Daylight,01 - Dry,02 - Stop sign,01 - Functioning,03 - P.D. only,03 - Rear end,0
14-3685,ROGER STEVENS DR @ THIRD LINE RD,368210.25280,5000395.39247,-75.69372328930,45.14068534090,2014-03-29,2:14:00 PM,01 - Clear,01 - Daylight,01 - Dry,02 - Stop sign,00 - Unknown,03 - P.D. only,03 - Rear end,0
14-3686,VIEWMOUNT DR btwn MERIVALE RD & GRANT CARMAN DR,365258.14392,5022988.67403,-75.72850986520,45.34423914340,2014-03-29,2:56:00 PM,01 - Clear,01 - Daylight,01 - Dry,10 - No control,,03 - P.D. only,05 - Turning movement,0
14-3687,INNES RD @ WILDFLOWER DR,382937.22913,5035693.39910,-75.50092958880,45.45679997200,2014-03-29,3:04:00 PM,01 - Clear,01 - Daylight,02 - Wet,01 - Traffic signal,01 - Functioning,03 - P.D. only,03 - Rear end,0
14-3688,GREENBANK RD @ STRANDHERD DR,363933.20997,5014784.41720,-75.74639437610,45.27053052020,2014-03-29,3:28:00 PM,01 - Clear,01 - Daylight,01 - Dry,01 - Traffic signal,01 - Functioning,03 - P.D. only,03 - Rear end,0
14-3689,CARLING AVE @ CARLINGWOOD SC,362072.53817,5025919.97637,-75.76881747520,45.37088211980,2014-03-29,3:34:00 PM,01 - Clear,01 - Daylight,01 - Dry,01 - Traffic signal,01 - Functioning,03 - P.D. only,05 - Turning movement,0
14-3690,JAMIE AVE @ SUNDERLAND ST,366060.76286,5022023.37853,-75.71838833030,45.33548392350,2014-03-29,3:43:00 PM,01 - Clear,01 - Daylight,01 - Dry,02 - Stop sign,01 - Functioning,03 - P.D. only,02 - Angle,0
14-3691,HWY417 IC115 RAMP61 btwn RAMP & HIGHWAY 417,372685.32230,5031562.50285,-75.63256495200,45.42070348960,2014-03-29,4:07:00 PM,01 - Clear,01 - Daylight,02 - Wet,10 - No control,,03 - P.D. only,07 - SMV other,0
14-3692,INDIAN RD @ MEADOWLANDS DR,364032.16433,5023266.56833,-75.74411960080,45.34684420210,2014-03-29,4:31:00 PM,01 - Clear,01 - Daylight,01 - Dry,02 - Stop sign,01 - Functioning,03 - P.D. only,02 - Angle,0
14-3693,PRESTON ST btwn POPLAR ST & LAUREL ST,366398.83934,5029920.73946,-75.71309047780,45.40651312310,2014-03-29,4:36:00 PM,01 - Clear,01 - Daylight,01 - Dry,10 - No control,,03 - P.D. only,04 - Sideswipe,0
14-3694,CARLING AVE @ CROYDON AVE,360659.15453,5025042.51750,-75.78695953350,45.36310087240,2014-03-29,6:01:00 PM,01 - Clear,05 - Dusk,01 - Dry,01 - Traffic signal,01 - Functioning,03 - P.D. only,07 - SMV other,0
14-3695,MARCH RD @ 280 S OF CARLING AVE/GATEWAY MALL S,351109.84887,5022028.16957,-75.90913123870,45.33667309680,2014-03-29,6:02:00 PM,01 - Clear,05 - Dusk,01 - Dry,01 - Traffic signal,01 - Functioning,03 - P.D. only,05 - Turning movement,0
14-3696,CARLING AVE @ GRENON AVE,359594.13983,5024349.56283,-75.80063021040,45.35694973350,2014-03-29,6:18:00 PM,01 - Clear,05 - Dusk,01 - Dry,01 - Traffic signal,01 - Functioning,03 - P.D. only,04 - Sideswipe,0
14-3697,LEITRIM RD N @ RAMSAYVILLE RD,378727.24583,5023872.55683,-75.55652344170,45.35090167460,2014-03-29,7:27:00 PM,01 - Clear,07 - Dark,01 - Dry,02 - Stop sign,01 - Functioning,03 - P.D. only,02 - Angle,0
14-3698,CARLING AVE @ PINECREST  RD/GREENVIEW AVE,360005.25390,5024632.52800,-75.79535171410,45.35946359930,2014-03-29,8:59:00 PM,01 - Clear,07 - Dark,01 - Dry,01 - Traffic signal,01 - Functioning,03 - P.D. only,03 - Rear end,0
14-3699,ALTA VISTA DR btwn KILBORN AVE & CAVENDISH RD,370363.35343,5027773.34005,-75.66273549710,45.38683148300,2014-03-29,9:09:00 PM,01 - Clear,07 - Dark,01 - Dry,10 - No control,,02 - Non-fatal injury,01 - Approaching,0
14-3700,HUNTMAR DR btwn PALLADIUM DR & MAPLE GROVE RD,350011.06386,5016995.76815,-75.92360918030,45.29146183900,2014-03-29,10:53:00 PM,01 - Clear,07 - Dark,01 - Dry,10 - No control,,03 - P.D. only,03 - Rear end,0
14-3701,BASELINE RD @ CEDARVIEW RD,358967.19097,5021672.59437,-75.80892488890,45.33291102170,2014-03-30,4:00:00 AM,03 - Snow,07 - Dark,03 - Loose snow,01 - Traffic signal,01 - Functioning,02 - Non-fatal injury,07 - SMV other,0
14-3702,CARP RD btwn THOMAS A. DOLAN PKWY & NORMA LANE,336562.38170,5025990.43137,-76.09448250460,45.37313664260,2014-03-30,6:01:00 AM,03 - Snow,07 - Dark,03 - Loose snow,10 - No control,,02 - Non-fatal injury,07 - SMV other,0
14-3703,AIRPORT PKWY btwn AIRPORT PKWY/HUNT CLUB RAMP 42 & WALKLEY RD NB RAMP,370333.19478,5024814.75841,-75.66351314860,45.36021395120,2014-03-30,4:13:00 AM,03 - Snow,07 - Dark,03 - Loose snow,10 - No control,,03 - P.D. only,04 - Sideswipe,0