Record,Location,X,Y,Longitude,Latitude,Date,Time,Environment,Light,Road_Surface,Traffic_Control,Collision_Location,Collision_Classification,Impact_type,Pedestrian
14-3918,DONALD ST @ VANIER PKWY,370311.71310,5032271.34586,-75.66279721730,45.42730766450,2014-04-05,8:34:00 PM,01 - Clear,07 - Dark,01 - Dry,01 - Traffic signal,01 - Functioning,03 - P.D. only,05 - Turning movement,0
14-3919,KENT ST btwn SPARKS ST & QUEEN ST,367157.49507,5031427.45443,-75.70320915180,45.42000291680,2014-04-05,11:45:00 PM,01 - Clear,07 - Dark,01 - Dry,10 - No control,,03 - P.D. only,04 - Sideswipe,0
14-3920,PATRICIA AVE @ RICHMOND RD,363953.21217,5028751.66007,-75.74447017670,45.39620492790,2014-04-06,2:05:00 AM,01 - Clear,07 - Dark,01 - Dry,01 - Traffic signal,01 - Functioning,03 - P.D. only,07 - SMV other,0
14-3921,BASELINE RD @ WOODROFFE AVE,362551.11200,5023771.45257,-75.76295922580,45.35151062470,2014-04-06,8:13:00 AM,01 - Clear,01 - Daylight,01 - Dry,01 - Traffic signal,01 - Functioning,03 - P.D. only,02 - Angle,0
14-3922,MITCH OWENS RD btwn HALL RD & BLACKCREEK RD,386651.68840,5021337.78922,-75.45582525120,45.32721578520,2014-04-05,8:30:00 PM,01 - Clear,07 - Dark,01 - Dry,10 - No control,,03 - P.D. only,07 - SMV other,0
14-3923,BANK ST @ ST. BERNARD ST,373004.90322,5023709.11582,-75.62956701380,45.35001096640,2014-04-06,11:58:00 AM,01 - Clear,01 - Daylight,01 - Dry,01 - Traffic signal,01 - Functioning,03 - P.D. only,05 - Turning movement,0
14-3924,ST. JOSEPH BLVD btwn EDGAR BRAULT ST & MAISONNEUVE ST,381433.66717,5037556.89880,-75.51986089080,45.47373271840,2014-04-06,10:45:00 AM,01 - Clear,01 - Daylight,01 - Dry,10 - No control,,03 - P.D. only,05 - Turning movement,0
14-3925,BANK ST @ STRATHCONA AVE,368141.07957,5030028.55890,-75.69082215060,45.40732775440,2014-04-06,11:45:00 AM,01 - Clear,01 - Daylight,01 - Dry,01 - Traffic signal,01 - Functioning,03 - P.D. only,03 - Rear end,0
14-3926,NEIL WAY @ RIVERSIDE DR,369466.62557,5028289.89403,-75.67411809850,45.39156263070,2014-04-05,8:00:00 PM,01 - Clear,07 - Dark,01 - Dry,02 - Stop sign,00 - Unknown,03 - P.D. only,04 - Sideswipe,0
14-3927,BANK ST @ MITCH OWENS RD,377759.23963,5015948.40737,-75.57004268940,45.27970520820,2014-04-06,1:42:00 PM,01 - Clear,01 - Daylight,01 - Dry,01 - Traffic signal,01 - Functioning,03 - P.D. only,03 - Rear end,0
14-3928,INNES RD btwn JEANNE D'ARC BLVD S & WILDFLOWER DR,382780.40763,5035629.16507,-75.50294460410,45.45623956890,2014-04-06,2:07:00 PM,01 - Clear,01 - Daylight,01 - Dry,10 - No control,,02 - Non-fatal injury,03 - Rear end,0
14-3929,CLYDE AVE btwn STARWOOD RD & LOTTA AVE,364513.64143,5024532.17045,-75.73782301740,45.35819110210,2014-04-06,1:15:00 PM,01 - Clear,01 - Daylight,01 - Dry,10 - No control,,03 - P.D. only,04 - Sideswipe,0
14-3930,HILSON AVE btwn IONA ST & CLARE ST,364097.43434,5028190.07362,-75.74269576800,45.39113967710,2014-04-04,12:00:00 AM,02 - Rain,00 - Unknown,02 - Wet,10 - No control,,03 - P.D. only,06 - SMV unattended vehicle,0
14-3931,CARLING AVE @ MERIVALE RD,364896.12560,5027700.54420,-75.73255598300,45.38666690610,2014-04-06,4:04:00 PM,01 - Clear,01 - Daylight,01 - Dry,01 - Traffic signal,01 - Functioning,03 - P.D. only,02 - Angle,0
14-3932,CARLING AVE @ BROADVIEW AVE,363180.21267,5026636.64587,-75.75459258080,45.37723922200,2014-04-06,4:09:00 PM,01 - Clear,01 - Daylight,01 - Dry,01 - Traffic signal,01 - Functioning,02 - Non-fatal injury,03 - Rear end,0
14-3933,RIVER RD btwn KNOTT CRES & KNOTT CRES,368539.91322,5011407.05521,-75.68812448700,45.23973885570,2014-04-06,4:25:00 PM,01 - Clear,01 - Daylight,01 - Dry,10 - No control,,02 - Non-fatal injury,07 - SMV other,0
14-3934,DALY AVE @ WALLER ST,368340.70607,5032121.39687,-75.68800233700,45.42614030940,2014-04-06,5:04:00 PM,01 - Clear,01 - Daylight,01 - Dry,01 - Traffic signal,01 - Functioning,03 - P.D. only,03 - Rear end,0
14-3935,OGILVIE RD @ ELMLEA GT/SHOPPERS CITY EAST SC,374988.25877,5033485.63493,-75.60286762570,45.43777950850,2014-04-06,5:12:00 PM,01 - Clear,01 - Daylight,01 - Dry,01 - Traffic signal,01 - Functioning,02 - Non-fatal injury,03 - Rear end,0
14-3936,ORLEANS BLVD @ MAPLE RUN AVE/BEAUSEJOUR DR S,380573.22783,5035314.62143,-75.53120988910,45.45365238560,2014-04-06,5:20:00 PM,01 - Clear,01 - Daylight,01 - Dry,01 - Traffic signal,01 - Functioning,03 - P.D. only,02 - Angle,0
14-3937,INNES RD btwn JEANNE D'ARC BLVD S & WILDFLOWER DR,382751.97161,5035615.89493,-75.50331023410,45.45612334790,2014-04-06,1:50:00 PM,01 - Clear,01 - Daylight,01 - Dry,10 - No control,,03 - P.D. only,03 - Rear end,0
14-3938,RIDGEWOOD AVE @ RIVERSIDE DR,368280.19773,5025610.79973,-75.68961332680,45.36756543040,2014-04-06,10:35:00 PM,01 - Clear,07 - Dark,01 - Dry,01 - Traffic signal,01 - Functioning,03 - P.D. only,05 - Turning movement,0
14-3939,WEST HUNT CLUB RD btwn HWY416 IC72 RAMP63 & CEDARVIEW RD,359616.90543,5019506.56913,-75.80087609750,45.31337057860,2014-04-07,5:53:00 AM,01 - Clear,03 - Dawn,01 - Dry,10 - No control,,02 - Non-fatal injury,07 - SMV other,0
14-3940,TERRY FOX DR @ WESTPHALIAN AVE,353455.22610,5015759.78900,-75.87982363390,45.28011017200,2014-04-07,7:50:00 AM,01 - Clear,01 - Daylight,01 - Dry,01 - Traffic signal,01 - Functioning,03 - P.D. only,03 - Rear end,0
14-3941,PRIMROSE AVE btwn CAMBRIDGE ST N & BRONSON AVE,366878.57434,5030664.34709,-75.70686893060,45.41316150840,2014-04-07,7:59:00 AM,01 - Clear,01 - Daylight,01 - Dry,10 - No control,,03 - P.D. only,06 - SMV unattended vehicle,0
14-3942,REDCAR CRES btwn LAXFORD DR & LAXFORD DR,349141.76848,5023567.04655,-75.93410283360,45.35064742460,2014-04-04,12:00:00 AM,01 - Clear,00 - Unknown,01 - Dry,10 - No control,,03 - P.D. only,06 - SMV unattended vehicle,0
14-3943,PINECREST RD @ RICHMOND RD,360072.19657,5024470.56453,-75.79451542370,45.35800098130,2014-04-07,7:15:00 AM,01 - Clear,01 - Daylight,01 - Dry,01 - Traffic signal,01 - Functioning,02 - Non-fatal injury,03 - Rear end,0
14-3944,BYRON AVE @ KIRKWOOD AVE,363867.65486,5028432.03663,-75.74560112320,45.39333623590,2014-04-07,10:36:00 AM,01 - Clear,01 - Daylight,01 - Dry,01 - Traffic signal,01 - Functioning,02 - Non-fatal injury,02 - Angle,0
14-3945,ST. JOSEPH BLVD/OLD MONTREAL RD @ TRIM RD,384682.28007,5039286.52977,-75.47803655280,45.48893021180,2014-04-05,11:30:00 AM,02 - Rain,01 - Daylight,02 - Wet,01 - Traffic signal,01 - Functioning,03 - P.D. only,03 - Rear end,0
14-3946,DALY AVE btwn FRIEL ST & CHAPEL ST,368949.06937,5032491.70231,-75.68018052080,45.42941665040,2014-04-06,12:00:00 AM,01 - Clear,00 - Unknown,01 - Dry,10 - No control,,03 - P.D. only,06 - SMV unattended vehicle,0
14-3947,FITZGERALD RD @ ROBERTSON RD,356791.42834,5020290.51876,-75.83682689860,45.32063953660,2014-04-07,12:15:00 PM,01 - Clear,01 - Daylight,01 - Dry,01 - Traffic signal,01 - Functioning,03 - P.D. only,04 - Sideswipe,0
14-3948,BLACKWELL ST btwn BANTREE ST & LEEDS AVE,374501.29246,5029832.83229,-75.60960796390,45.40496223920,2014-04-07,12:30:00 PM,01 - Clear,01 - Daylight,01 - Dry,10 - No control,,03 - P.D. only,06 - SMV unattended vehicle,0
14-3949,PINETRAIL CRES btwn ROCKCRESS GDN & ROCKCRESS GDN,362787.55458,5022396.13595,-75.76010314560,45.33911611370,2014-04-07,10:00:00 AM,01 - Clear,01 - Daylight,01 - Dry,10 - No control,,03 - P.D. only,06 - SMV unattended vehicle,0
14-3950,BAY ST btwn LAURIER AVE W & GLOUCESTER ST,367042.76227,5030981.45876,-75.70473137800,45.41600020050,2014-04-07,12:30:00 PM,01 - Clear,01 - Daylight,01 - Dry,10 - No control,,03 - P.D. only,06 - SMV unattended vehicle,0
14-3951,ST. CHARLES ST btwn LAVAL ST & GENEST ST,369530.26098,5033672.50025,-75.67259846680,45.43998744820,2014-04-07,1:51:00 PM,01 - Clear,01 - Daylight,01 - Dry,10 - No control,,03 - P.D. only,06 - SMV unattended vehicle,0
14-3952,CONROY RD @ JOHNSTON RD,373399.17677,5026307.51193,-75.62417520000,45.37335184420,2014-04-07,2:37:00 PM,01 - Clear,01 - Daylight,01 - Dry,01 - Traffic signal,01 - Functioning,03 - P.D. only,03 - Rear end,0
14-3953,MONTREAL RD btwn BLAIR RD & CLOVELLY RD,374040.09935,5034435.79333,-75.61485166330,45.44642305000,2014-04-07,2:42:00 PM,01 - Clear,01 - Daylight,01 - Dry,10 - No control,,03 - P.D. only,03 - Rear end,0
14-3954,GEORGE ST btwn BY WARD MARKET SQ & WILLIAM ST,368023.96793,5032214.28710,-75.69203765930,45.42700480440,2014-04-04,11:30:00 AM,01 - Clear,01 - Daylight,01 - Dry,10 - No control,,03 - P.D. only,06 - SMV unattended vehicle,0
14-3955,CYRVILLE RD @ INNES RD,375047.25077,5031120.51207,-75.60245103020,45.41649352410,2014-04-07,1:05:00 PM,01 - Clear,01 - Daylight,01 - Dry,01 - Traffic signal,01 - Functioning,03 - P.D. only,99 - Other,0
14-3957,DUNNING RD btwn FRENCH HILL RD & INNES RD,392003.77001,5038529.23019,-75.38452164810,45.48124064580,2014-04-07,4:01:00 PM,01 - Clear,01 - Daylight,01 - Dry,10 - No control,,02 - Non-fatal injury,03 - Rear end,0
14-3958,ELGIN ST btwn GLOUCESTER ST & NEPEAN ST (2),368025.17402,5031442.78060,-75.69212126920,45.42006294230,2014-04-07,5:09:00 PM,01 - Clear,01 - Daylight,01 - Dry,10 - No control,,03 - P.D. only,05 - Turning movement,0
14-3959,BASELINE RD @ MERIVALE RD,365055.17033,5025324.56703,-75.73081502610,45.36527462980,2014-04-06,7:00:00 PM,01 - Clear,05 - Dusk,01 - Dry,01 - Traffic signal,01 - Functioning,03 - P.D. only,03 - Rear end,0
14-3960,CARLING AVE btwn BURKE RD & DEFENSE  RESEARCH COMPLEX,353114.80852,5022834.87985,-75.88347257800,45.34379681300,2014-04-07,5:45:00 PM,01 - Clear,01 - Daylight,01 - Dry,10 - No control,,02 - Non-fatal injury,03 - Rear end,0
14-3961,CAMBRIDGE ST @ SOMERSET ST,366898.12704,5030433.64329,-75.70664820990,45.41108396770,2014-04-07,9:01:00 PM,02 - Rain,07 - Dark,02 - Wet,02 - Stop sign,01 - Functioning,03 - P.D. only,02 - Angle,0
14-3962,CLEARBROOK DR/MARKETPLACE AVE @ LONGFIELDS DR,364634.19977,5014953.58410,-75.73744122540,45.27199339160,2014-04-07,10:42:00 PM,02 - Rain,07 - Dark,02 - Wet,01 - Traffic signal,01 - Functioning,03 - P.D. only,05 - Turning movement,0
14-3963,VANIER PKWY/CRICHTON ST @ BEECHWOOD AVE/ST. PA,369127.12788,5033485.13486,-75.67777538610,45.43833881690,2014-04-08,6:22:00 AM,02 - Rain,01 - Daylight,02 - Wet,01 - Traffic signal,01 - Functioning,03 - P.D. only,05 - Turning movement,0
14-3964,CONSTANCE BAY RD btwn TO BE DETERMINED & WILLAND LANE,337101.71178,5037601.11541,-76.08683549280,45.47758863060,2014-04-06,3:00:00 AM,01 - Clear,07 - Dark,01 - Dry,10 - No control,,03 - P.D. only,07 - SMV other,0
14-3965,GREENBANK RD @ MEADOWBANK DR,360767.09960,5022186.50180,-75.78590496580,45.33739391410,2014-04-08,7:35:00 AM,02 - Rain,01 - Daylight,02 - Wet,02 - Stop sign,00 - Unknown,03 - P.D. only,04 - Sideswipe,0
14-3966,MOODIE DR @ ROBERTSON RD,357066.65210,5020454.53023,-75.83329922940,45.32209489210,2014-04-08,8:25:00 AM,02 - Rain,01 - Daylight,02 - Wet,01 - Traffic signal,00 - Unknown,03 - P.D. only,05 - Turning movement,0
14-3967,BEECHWOOD AVE @ CHARLEVOIX ST/MACKAY ST,369187.29280,5033591.40313,-75.67699254140,45.43928943790,2014-04-08,8:40:00 AM,02 - Rain,01 - Daylight,02 - Wet,01 - Traffic signal,00 - Unknown,03 - P.D. only,04 - Sideswipe,0
14-3968,VALOUR DR @ SMYTH RD,370667.87030,5029085.16003,-75.65867201830,45.39860618710,2014-04-08,8:50:00 AM,02 - Rain,01 - Daylight,02 - Wet,01 - Traffic signal,01 - Functioning,03 - P.D. only,03 - Rear end,0
14-3969,WOODROFFE AVE btwn HWY417 IC127 RAMP63 & HWY417 IC127 RAMP35,362144.38785,5024801.15451,-75.76803011590,45.36080918370,2014-04-08,9:22:00 AM,02 - Rain,01 - Daylight,02 - Wet,10 - No control,,03 - P.D. only,03 - Rear end,0
14-3970,BLACKBURN AVE @ SOMERSET ST,369406.28380,5031948.58430,-75.67440921270,45.42448779820,2014-04-08,9:32:00 AM,02 - Rain,01 - Daylight,02 - Wet,02 - Stop sign,01 - Functioning,03 - P.D. only,02 - Angle,0
14-3971,MONTREAL RD @ BATHGATE DR/BURMA RD,373225.19633,5034514.69647,-75.62525698100,45.44721322700,2014-04-08,9:39:00 AM,02 - Rain,01 - Daylight,02 - Wet,01 - Traffic signal,01 - Functioning,03 - P.D. only,05 - Turning movement,0
14-3972,MONTREAL RD @ OLMSTEAD ST,370332.23937,5033210.74280,-75.66240990920,45.43575804090,2014-04-08,9:05:00 AM,02 - Rain,01 - Daylight,02 - Wet,01 - Traffic signal,01 - Functioning,03 - P.D. only,05 - Turning movement,0
14-3973,CARLING AVE @ PINECREST  RD/GREENVIEW AVE,360004.30603,5024629.68440,-75.79536413000,45.35943808730,2014-04-08,6:30:00 AM,02 - Rain,01 - Daylight,02 - Wet,01 - Traffic signal,01 - Functioning,03 - P.D. only,02 - Angle,0
14-3974,COLONIAL RD @ ROCKDALE RD,391420.29533,5032663.45107,-75.39301694710,45.42853990710,2014-04-08,11:36:00 AM,02 - Rain,01 - Daylight,02 - Wet,02 - Stop sign,01 - Functioning,03 - P.D. only,02 - Angle,0
14-3975,CATHERINE ST @ ELGIN ST,368551.67902,5030579.62079,-75.68550603810,45.41224874780,2014-04-08,11:46:00 AM,02 - Rain,01 - Daylight,02 - Wet,01 - Traffic signal,01 - Functioning,03 - P.D. only,04 - Sideswipe,0
14-3976,BANK ST @ HUNT CLUB RD,371607.31470,5024095.55833,-75.64734886130,45.35362257450,2014-04-08,12:04:00 PM,02 - Rain,01 - Daylight,02 - Wet,01 - Traffic signal,01 - Functioning,03 - P.D. only,04 - Sideswipe,0
14-3977,CYRVILLE RD @ LABRIE AVE,373401.24917,5031679.66277,-75.62340163370,45.42168780130,2014-04-08,3:54:00 PM,01 - Clear,01 - Daylight,01 - Dry,02 - Stop sign,00 - Unknown,03 - P.D. only,03 - Rear end,0
14-3978,MONTREAL RD btwn MONA AVE & LAFONTAINE AVE,370768.34931,5033450.91037,-75.65680425900,45.43787795530,2014-04-08,3:15:00 PM,02 - Rain,01 - Daylight,02 - Wet,10 - No control,,03 - P.D. only,02 - Angle,0
14-3979,BOOTH ST @ OTTAWA RIVER PKWY/WELLINGTON ST,366265.73588,5031007.32495,-75.71465518470,45.41630162580,2014-04-08,4:00:00 PM,02 - Rain,01 - Daylight,02 - Wet,01 - Traffic signal,01 - Functioning,02 - Non-fatal injury,03 - Rear end,0
14-3980,ALTA VISTA DR @ SMYTH RD,370432.71590,5029081.81099,-75.66167575890,45.39859813740,2014-04-08,4:24:00 PM,02 - Rain,01 - Daylight,02 - Wet,01 - Traffic signal,00 - Unknown,02 - Non-fatal injury,03 - Rear end,0
14-3981,ROBERTSON RD @ HAANEL DR,354980.91487,5019213.13198,-75.86002843890,45.31107678390,2014-04-08,4:27:00 PM,01 - Clear,01 - Daylight,02 - Wet,02 - Stop sign,00 - Unknown,03 - P.D. only,03 - Rear end,0
14-3982,CYRVILLE RD @ ST. LAURENT BLVD,372243.14260,5032112.52787,-75.63813915290,45.42569512640,2014-04-08,12:20:00 PM,02 - Rain,01 - Daylight,02 - Wet,01 - Traffic signal,01 - Functioning,03 - P.D. only,03 - Rear end,0
14-3983,MERIVALE RD btwn WOODFIELD DR & 170 N OF WEST HUNT CLUB RD/COSTCO SC,365469.81010,5022279.54155,-75.72589605730,45.33784019130,2014-04-08,4:45:00 PM,02 - Rain,01 - Daylight,02 - Wet,10 - No control,,03 - P.D. only,03 - Rear end,0
14-3984,FALLOWFIELD RD btwn ASHDALE AVE & PRINCE OF WALES DR,367073.54514,5018961.05688,-75.70585278230,45.30784045620,2014-04-08,3:45:00 PM,02 - Rain,01 - Daylight,02 - Wet,10 - No control,,03 - P.D. only,03 - Rear end,0
14-3985,KING EDWARD AVE @ SUSSEX DR,367664.17393,5033502.64913,-75.69647064790,45.43862947100,2014-04-08,4:59:00 PM,02 - Rain,01 - Daylight,02 - Wet,01 - Traffic signal,01 - Functioning,03 - P.D. only,03 - Rear end,0
14-3986,BRONSON AVE btwn CLEMOW AVE & CARLING AVE,367441.07193,5029350.72787,-75.69984992570,45.40129182760,2014-04-08,3:30:00 PM,02 - Rain,01 - Daylight,02 - Wet,10 - No control,,03 - P.D. only,04 - Sideswipe,0
14-3987,NICHOLAS ST SB btwn Continuation of WALLER ST & HWY417 IC118 RAMP35,368603.81563,5031615.49718,-75.68470588360,45.42156445390,2014-04-08,5:38:00 PM,01 - Clear,01 - Daylight,02 - Wet,10 - No control,,03 - P.D. only,03 - Rear end,0
14-3988,TALLWOOD DR @ AVENSHIRE GT/MERIDIAN PL,362815.08963,5022616.98553,-75.75972594370,45.34110102690,2014-04-08,5:38:00 PM,01 - Clear,01 - Daylight,01 - Dry,02 - Stop sign,01 - Functioning,03 - P.D. only,99 - Other,0
14-3989,HAZELDEAN RD @ TERRY FOX DR,352208.08493,5017243.39887,-75.89557746450,45.29354530380,2014-04-08,5:53:00 PM,01 - Clear,01 - Daylight,01 - Dry,01 - Traffic signal,01 - Functioning,03 - P.D. only,04 - Sideswipe,0
14-3990,JEANNE D'ARC BLVD @ MONTCERF CRT,381118.34582,5036286.58310,-75.52409050350,45.46233799370,2014-04-08,6:37:00 PM,01 - Clear,01 - Daylight,02 - Wet,01 - Traffic signal,01 - Functioning,03 - P.D. only,03 - Rear end,0
14-3991,MONK ST btwn FIFTH AVE & THORNTON AVE,368365.49713,5029307.88037,-75.68804842260,45.40082297360,2014-04-08,5:00:00 PM,02 - Rain,01 - Daylight,02 - Wet,10 - No control,,03 - P.D. only,04 - Sideswipe,0
14-3992,OBERON ST @ WESTCLIFFE RD,356482.64074,5019910.17196,-75.84080504170,45.31723992920,2014-04-08,6:30:00 PM,01 - Clear,01 - Daylight,01 - Dry,02 - Stop sign,01 - Functioning,02 - Non-fatal injury,07 - SMV other,1
14-3993,HUNT CLUB RD @ RIVERSIDE DR,368037.17693,5021944.55063,-75.69318427460,45.33459930860,2014-04-07,8:20:00 AM,01 - Clear,01 - Daylight,01 - Dry,01 - Traffic signal,01 - Functioning,02 - Non-fatal injury,03 - Rear end,0
14-3994,RICHMOND RD @ WEST HUNT CLUB RD,357144.22550,5018151.51443,-75.83255307830,45.30136629690,2014-04-07,8:20:00 PM,02 - Rain,07 - Dark,02 - Wet,01 - Traffic signal,01 - Functioning,03 - P.D. only,05 - Turning movement,0
14-3995,CATHERINE ST @ KENT ST,367908.18143,5030188.56440,-75.69377663020,45.40878847170,2014-04-08,7:51:00 PM,01 - Clear,05 - Dusk,02 - Wet,01 - Traffic signal,01 - Functioning,03 - P.D. only,05 - Turning movement,0
14-3996,CARP RD btwn THOMAS A. DOLAN PKWY & NORMA LANE,337978.95180,5024882.08843,-76.07647175680,45.36309769140,2014-04-08,8:06:00 PM,01 - Clear,07 - Dark,01 - Dry,10 - No control,,03 - P.D. only,07 - SMV other,0
14-3997,ALICE ST btwn ST. CHARLES ST & ST. AMBROISE ST,369677.86726,5033605.12643,-75.67072079840,45.43936756390,2014-04-08,5:20:00 PM,01 - Clear,01 - Daylight,01 - Dry,10 - No control,,03 - P.D. only,06 - SMV unattended vehicle,0
14-3998,ALPINE AVE @ CARLING AVE,360496.20307,5024943.46677,-75.78905060560,45.36222258420,2014-04-08,5:00:00 PM,01 - Clear,01 - Daylight,01 - Dry,01 - Traffic signal,00 - Unknown,03 - P.D. only,03 - Rear end,0
14-3999,ST. LAURENT BLVD @ MCARTHUR AVE,371921.32946,5032888.42843,-75.64214540790,45.43270727440,2014-04-08,9:15:00 PM,01 - Clear,07 - Dark,01 - Dry,01 - Traffic signal,01 - Functioning,02 - Non-fatal injury,05 - Turning movement,0
14-4000,KINBURN SIDE RD btwn DOMINION SPRINGS RD & UPPER DWYER HILL RD,324888.99686,5024217.62108,-76.24358938490,45.35761579750,2014-04-08,9:48:00 PM,01 - Clear,07 - Dark,01 - Dry,10 - No control,,03 - P.D. only,07 - SMV other,0
14-4001,WOODROFFE AVE btwn EARL MULLIGAN DR & LONGFIELDS DR,365344.93679,5017284.65247,-75.72809964310,45.29290742270,2014-04-08,10:56:00 PM,01 - Clear,07 - Dark,01 - Dry,10 - No control,,03 - P.D. only,04 - Sideswipe,0
14-4002,INNES RD @ 298 E OF WILDFLOWER DR/LOBLAWS SC,383188.43163,5035798.01833,-75.49770150500,45.45771310790,2014-04-09,7:33:00 AM,01 - Clear,01 - Daylight,01 - Dry,01 - Traffic signal,01 - Functioning,03 - P.D. only,03 - Rear end,0
14-4003,HERON RD EB btwn DATA CENTRE RD & JUNCTION AVE,368950.99269,5026729.62040,-75.68090553700,45.37757118610,2014-04-09,7:42:00 AM,01 - Clear,01 - Daylight,01 - Dry,10 - No control,,02 - Non-fatal injury,04 - Sideswipe,0
14-4004,ROGER STEVENS DR btwn DWYER HILL RD & MALAKOFF RD,357388.25747,4991915.47148,-75.83220743980,45.06526772460,2014-04-07,4:50:00 PM,01 - Clear,01 - Daylight,01 - Dry,10 - No control,,03 - P.D. only,07 - SMV other,0
14-4005,RUSSELL RD btwn RUSSELL RD & WALKLEY RD,374799.35792,5028241.33516,-75.60602666780,45.39061300180,2014-04-09,8:41:00 AM,01 - Clear,01 - Daylight,01 - Dry,10 - No control,,03 - P.D. only,03 - Rear end,0
14-4006,FALLOWFIELD RD btwn ASHDALE AVE & PRINCE OF WALES DR,367279.80479,5019087.79721,-75.70320671960,45.30896253030,2014-04-09,8:52:00 AM,01 - Clear,01 - Daylight,01 - Dry,10 - No control,,03 - P.D. only,03 - Rear end,0
14-4007,BRUYERE ST btwn SUSSEX DR & PARENT AVE,367609.81935,5032712.27556,-75.69726617580,45.43152284950,2014-04-07,9:15:00 AM,01 - Clear,01 - Daylight,01 - Dry,10 - No control,,03 - P.D. only,99 - Other,0
14-4008,REGIONAL ROAD 174 btwn HWY417 IC113 RAMP67 & Continuation of REGIONAL,373618.00141,5031976.10595,-75.62059085280,45.42433375930,2014-04-09,9:26:00 AM,01 - Clear,01 - Daylight,01 - Dry,10 - No control,,02 - Non-fatal injury,03 - Rear end,0
14-4009,PRINCE OF WALES DR @ MEADOWLANDS DR/HOG'S BACK,367372.67677,5025696.49244,-75.70118672320,45.36841808040,2014-04-08,9:15:00 AM,02 - Rain,01 - Daylight,02 - Wet,01 - Traffic signal,01 - Functioning,03 - P.D. only,03 - Rear end,0
14-4010,8TH LINE RD @ PARKWAY RD,383166.00067,5016892.29700,-75.50098781590,45.28761588930,2014-04-09,9:34:00 AM,01 - Clear,01 - Daylight,01 - Dry,02 - Stop sign,01 - Functioning,03 - P.D. only,02 - Angle,0
14-4011,BANK ST @ MITCH OWENS RD,377758.29177,5015945.56377,-75.57005518670,45.27967972100,2014-04-09,11:42:00 AM,01 - Clear,01 - Daylight,01 - Dry,01 - Traffic signal,01 - Functioning,03 - P.D. only,03 - Rear end,0
14-4012,CONSTELLATION CRES @ BASELINE RD,362274.80980,5023596.31790,-75.76650556020,45.34995747380,2014-04-09,1:20:00 PM,01 - Clear,01 - Daylight,01 - Dry,01 - Traffic signal,01 - Functioning,03 - P.D. only,03 - Rear end,0
14-4013,DEAN MARTIN CRES @ GIBFORD DR,370030.14548,5022883.11373,-75.66763577650,45.34286181800,2014-04-09,1:29:00 PM,01 - Clear,01 - Daylight,01 - Dry,10 - No control,,02 - Non-fatal injury,04 - Sideswipe,0
14-4014,BANK ST @ CATHERINE ST,368039.23147,5030267.57200,-75.69209246340,45.40948752820,2014-04-09,1:25:00 PM,02 - Rain,01 - Daylight,02 - Wet,01 - Traffic signal,01 - Functioning,03 - P.D. only,04 - Sideswipe,0
14-4015,BASELINE RD/HWY 416 RICHMOND IC75R53 @ RICHMON,358637.08670,5021820.53873,-75.81312002310,45.33426763540,2014-04-09,2:17:00 PM,01 - Clear,01 - Daylight,01 - Dry,01 - Traffic signal,01 - Functioning,02 - Non-fatal injury,03 - Rear end,0
14-4016,GUIGUES AVE @ KING EDWARD AVE,368202.16643,5032903.44753,-75.68967189320,45.43318949440,2014-04-09,2:44:00 PM,01 - Clear,01 - Daylight,02 - Wet,02 - Stop sign,00 - Unknown,02 - Non-fatal injury,03 - Rear end,0
14-4017,KING EDWARD AVE @ GEORGE ST,368462.23827,5032481.59570,-75.68640285260,45.42937019810,2014-04-09,2:45:00 PM,01 - Clear,01 - Daylight,01 - Dry,02 - Stop sign,01 - Functioning,03 - P.D. only,02 - Angle,0
14-4018,BLAKE BLVD btwn LAFONTAINE AVE & JEAN TALON ST,370953.61989,5033039.95907,-75.65449164610,45.43416289360,2014-04-09,3:03:00 PM,01 - Clear,01 - Daylight,01 - Dry,10 - No control,,03 - P.D. only,06 - SMV unattended vehicle,0
14-4019,BASELINE RD btwn CLYDE AVE & 207 E OF CLYDE AVE,364380.03031,5024903.78304,-75.73948346430,45.36154618720,2014-04-09,3:20:00 PM,01 - Clear,01 - Daylight,01 - Dry,10 - No control,,02 - Non-fatal injury,03 - Rear end,0
14-4020,MACDONALD-CARTIER BR btwn RAMP & END (1),367304.13169,5033267.90590,-75.70110206020,45.43654961180,2014-04-09,3:22:00 PM,01 - Clear,01 - Daylight,01 - Dry,10 - No control,,03 - P.D. only,04 - Sideswipe,0
14-4021,MEADOWLANDS DR btwn BAYNE AVE & MERIVALE RD,364798.87854,5023695.53851,-75.73428414720,45.35063885270,2014-04-09,3:42:00 PM,01 - Clear,01 - Daylight,01 - Dry,10 - No control,,03 - P.D. only,03 - Rear end,0
14-4022,WESTERN AVE @ WELLINGTON ST,364336.27300,5028969.50447,-75.73955170190,45.39813258300,2014-04-09,4:20:00 PM,01 - Clear,01 - Daylight,01 - Dry,01 - Traffic signal,01 - Functioning,02 - Non-fatal injury,03 - Rear end,0
14-4023,MONTREAL RD btwn PALACE ST & VANIER PKWY,370035.26904,5033039.99968,-75.66622780960,45.43424953440,2014-04-09,5:16:00 PM,01 - Clear,01 - Daylight,01 - Dry,10 - No control,,02 - Non-fatal injury,05 - Turning movement,0