Record,Location,X,Y,Longitude,Latitude,Date,Time,Environment,Light,Road_Surface,Traffic_Control,Collision_Location,Collision_Classification,Impact_type,Pedestrian
14-4129,KERWIN RD btwn MOWBRAY ST & FIFTH LINE RD,347364.55867,5029963.61292,-75.95623139810,45.40831525520,2014-04-12,10:01:00 PM,01 - Clear,07 - Dark,01 - Dry,10 - No control,,02 - Non-fatal injury,07 - SMV other,0
14-4130,GILMOUR ST btwn KENT ST & BANK ST,367723.90092,5030740.69921,-75.69606014540,45.41377300050,2014-04-12,10:35:00 PM,01 - Clear,07 - Dark,01 - Dry,10 - No control,,03 - P.D. only,07 - SMV other,0
14-4131,VANIER PKWY/CRICHTON ST @ BEECHWOOD AVE/ST. PA,369129.21880,5033487.13400,-75.67774840190,45.43835661160,2014-04-12,11:00:00 PM,01 - Clear,07 - Dark,01 - Dry,01 - Traffic signal,00 - Unknown,03 - P.D. only,03 - Rear end,0
14-4132,ISABELLA ST/HWY417 IC119AR75 @ METCALFE ST,368447.60791,5030399.40833,-75.68685878950,45.41063672860,2014-04-13,12:45:00 AM,02 - Rain,07 - Dark,02 - Wet,01 - Traffic signal,01 - Functioning,03 - P.D. only,02 - Angle,0
14-4133,OGILVIE RD @ MATHESON RD/PALMERSTON DR,373378.77320,5032535.31313,-75.62356966980,45.42938871730,2014-04-13,3:06:00 AM,02 - Rain,07 - Dark,02 - Wet,01 - Traffic signal,01 - Functioning,03 - P.D. only,04 - Sideswipe,0
14-4134,JOHNSTON RD btwn KIWANIS CRT & PENNARD WAY,372279.84688,5025692.52808,-75.63854836890,45.36792713390,2014-04-13,5:01:00 AM,02 - Rain,07 - Dark,02 - Wet,10 - No control,,03 - P.D. only,07 - SMV other,0
14-4135,JOHNSTON RD btwn KIWANIS CRT & PENNARD WAY,372286.48195,5025697.26742,-75.63846302710,45.36796913750,2014-04-13,5:10:00 AM,02 - Rain,07 - Dark,02 - Wet,10 - No control,,03 - P.D. only,07 - SMV other,0
14-4136,BRONSON AVE @ POWELL AVE,367387.87890,5029477.97446,-75.70051317470,45.40244151360,2014-04-12,10:00:00 AM,01 - Clear,01 - Daylight,01 - Dry,01 - Traffic signal,01 - Functioning,03 - P.D. only,02 - Angle,0
14-4137,PARENT AVE btwn ST. PATRICK ST & MURRAY ST,367858.20852,5032496.49481,-75.69411961430,45.42955897600,2014-04-13,11:59:00 AM,01 - Clear,01 - Daylight,01 - Dry,10 - No control,,03 - P.D. only,99 - Other,0
14-4138,DONALD ST btwn EVE ST & LOLA ST,370930.17883,5032340.02768,-75.65488521290,45.42786743350,2014-04-13,12:42:00 PM,01 - Clear,01 - Daylight,01 - Dry,10 - No control,,02 - Non-fatal injury,03 - Rear end,0
14-4139,CATHERINE ST @ METCALFE ST,368393.69010,5030486.65270,-75.68753630060,45.41142662640,2014-04-13,11:00:00 AM,01 - Clear,01 - Daylight,01 - Dry,01 - Traffic signal,01 - Functioning,03 - P.D. only,03 - Rear end,0
14-4140,ELGIN ST @ WAVERLEY ST,368317.70670,5030952.09304,-75.68844697210,45.41562140410,2014-04-13,1:48:00 PM,01 - Clear,01 - Daylight,01 - Dry,01 - Traffic signal,01 - Functioning,03 - P.D. only,05 - Turning movement,0
14-4141,BASELINE RD btwn CLYDE AVE & 207 E OF CLYDE AVE,364526.00188,5024993.83044,-75.73760947510,45.36234399960,2014-04-13,2:24:00 PM,02 - Rain,01 - Daylight,02 - Wet,10 - No control,,03 - P.D. only,03 - Rear end,0
14-4142,HOLT CRES btwn ADAMS AVE & ADAMS AVE,372716.28571,5028371.90429,-75.63260884220,45.39199291430,2014-04-13,12:00:00 AM,01 - Clear,00 - Unknown,01 - Dry,10 - No control,,03 - P.D. only,06 - SMV unattended vehicle,0
14-4143,BANK ST @ BILLINGS TRANSIT,369443.96441,5027740.21763,-75.67447948580,45.38661891330,2014-04-13,3:17:00 PM,01 - Clear,01 - Daylight,01 - Dry,01 - Traffic signal,01 - Functioning,03 - P.D. only,03 - Rear end,0
14-4144,WOODROFFE AVE btwn HWY417 IC127 RAMP53 & IRIS ST,362239.09261,5024547.72989,-75.76685081130,45.35852113660,2014-04-13,4:19:00 PM,01 - Clear,01 - Daylight,01 - Dry,10 - No control,,03 - P.D. only,02 - Angle,0
14-4145,CLOVER ST @ HERON RD,369292.71570,5026764.79729,-75.67653819760,45.37785632610,2014-04-13,2:30:00 PM,01 - Clear,01 - Daylight,01 - Dry,01 - Traffic signal,01 - Functioning,03 - P.D. only,03 - Rear end,0
14-4146,O'CONNOR ST btwn COOPER ST & SOMERSET ST W,367821.15196,5031067.79849,-75.69477592250,45.41670738340,2014-04-13,3:00:00 PM,01 - Clear,01 - Daylight,01 - Dry,10 - No control,,03 - P.D. only,04 - Sideswipe,0
14-4147,BANCHORY CRES btwn MCKINLEY DR & MCKINLEY DR,349951.50703,5023716.43445,-75.92375569320,45.35193998300,2014-04-13,5:17:00 PM,01 - Clear,01 - Daylight,01 - Dry,10 - No control,,03 - P.D. only,06 - SMV unattended vehicle,0
14-4148,OLD SECOND LINE RD @ TERRY FOX DR,348795.20000,5022408.41290,-75.93862864270,45.34024357990,2014-04-13,5:57:00 PM,01 - Clear,01 - Daylight,01 - Dry,01 - Traffic signal,01 - Functioning,03 - P.D. only,02 - Angle,0
14-4149,HIGHBURY PARK DR btwn LONGFIELDS DR & VIA VERONA AVE/COLINDALE AVE,364090.18800,5015872.62100,-75.74426402790,45.28030896800,2014-04-13,5:00:00 PM,01 - Clear,01 - Daylight,01 - Dry,10 - No control,,03 - P.D. only,06 - SMV unattended vehicle,0
14-4150,BRONSON AVE @ IMPERIAL AVE/PLYMOUTH ST,367319.17723,5029642.60383,-75.70136980100,45.40392893970,2014-04-13,6:39:00 PM,01 - Clear,01 - Daylight,01 - Dry,10 - No control,,03 - P.D. only,05 - Turning movement,0
14-4151,MANOTICK MAIN ST btwn CURRIER ST & EASTMAN AVE,369238.12416,5009431.14134,-75.67948793350,45.22189614670,2014-04-13,8:34:00 PM,02 - Rain,07 - Dark,02 - Wet,10 - No control,,02 - Non-fatal injury,05 - Turning movement,0
14-4152,MERIVALE RD btwn WOODWARD AVE & LAPERRIERE AVE,364857.17135,5027118.15457,-75.73312425060,45.38143001570,2014-04-13,9:04:00 PM,02 - Rain,07 - Dark,02 - Wet,10 - No control,,03 - P.D. only,07 - SMV other,0
14-4153,BANK ST @ GLEBE AVE,368240.18453,5029786.61773,-75.68958734980,45.40514186880,2014-04-13,9:11:00 PM,02 - Rain,07 - Dark,02 - Wet,01 - Traffic signal,01 - Functioning,03 - P.D. only,04 - Sideswipe,0
14-4154,TERRY FOX DR btwn TERRY FOX DR & EAGLESON RD,354316.90605,5015115.30813,-75.86890531430,45.27425081320,2014-04-13,10:45:00 PM,02 - Rain,07 - Dark,02 - Wet,10 - No control,,03 - P.D. only,05 - Turning movement,0
14-4155,BASELINE RD @ CENTREPOINTE DR W/COBDEN RD,361634.15533,5023208.45827,-75.77472551390,45.34651974210,2014-04-13,10:54:00 PM,02 - Rain,07 - Dark,02 - Wet,01 - Traffic signal,01 - Functioning,03 - P.D. only,03 - Rear end,0
14-4156,LEES AVE @ KING EDWARD AVE/MANN AVE,369177.61476,5031336.38420,-75.67741102410,45.41900053050,2014-04-14,2:40:00 AM,01 - Clear,07 - Dark,01 - Dry,01 - Traffic signal,01 - Functioning,03 - P.D. only,03 - Rear end,0
14-4157,GREENFIELD AVE @ HWY 417 NICHOLAS IC118R43,369100.42353,5031196.96943,-75.67841543160,45.41775322520,2014-04-14,2:40:00 AM,01 - Clear,07 - Dark,01 - Dry,01 - Traffic signal,01 - Functioning,03 - P.D. only,07 - SMV other,0
14-4158,STRANDHERD DR btwn ANDORA AVE & JOCKVALE RD,363500.43320,5014543.19806,-75.75193781070,45.26839628010,2014-04-14,8:35:00 AM,01 - Clear,01 - Daylight,01 - Dry,10 - No control,,03 - P.D. only,04 - Sideswipe,0
14-4159,8TH LINE RD btwn ADAM BAKER WAY & IVESON DR,383449.02582,5016224.70252,-75.49748616850,45.28157766380,2014-04-14,8:50:00 AM,"07 - Fog, mist, smoke, dust",01 - Daylight,01 - Dry,10 - No control,,03 - P.D. only,07 - SMV other,0
14-4160,PARKDALE AVE @ WELLINGTON ST,365149.22667,5029270.55570,-75.72913206410,45.40077177470,2014-04-14,12:33:00 PM,01 - Clear,01 - Daylight,01 - Dry,01 - Traffic signal,01 - Functioning,03 - P.D. only,04 - Sideswipe,0
14-4161,KING EDWARD AVE @ GEORGE ST,368462.20523,5032482.35616,-75.68640317720,45.42937704380,2014-04-14,12:39:00 PM,01 - Clear,01 - Daylight,01 - Dry,02 - Stop sign,01 - Functioning,03 - P.D. only,05 - Turning movement,0
14-4162,BANK ST btwn RIDEAU RD & TURN LANE,377042.75160,5017623.87920,-75.57893007730,45.29485443530,2014-04-14,12:10:00 PM,01 - Clear,01 - Daylight,01 - Dry,10 - No control,,02 - Non-fatal injury,03 - Rear end,0
14-4163,LONGFIELDS DR @ WOODROFFE AVE,365422.59170,5017105.99703,-75.72713152980,45.29129319560,2014-04-14,1:05:00 PM,01 - Clear,01 - Daylight,01 - Dry,01 - Traffic signal,01 - Functioning,03 - P.D. only,07 - SMV other,0
14-4164,ALTA VISTA DR @ SMYTH RD,370432.24197,5029083.45323,-75.66168159280,45.39861295770,2014-04-14,8:30:00 AM,01 - Clear,01 - Daylight,01 - Dry,01 - Traffic signal,01 - Functioning,03 - P.D. only,04 - Sideswipe,0
14-4165,COVENTRY RD @ VANIER PKWY,370679.27647,5031612.18493,-75.65818862990,45.42134228600,2014-04-14,3:20:00 PM,01 - Clear,01 - Daylight,01 - Dry,01 - Traffic signal,01 - Functioning,02 - Non-fatal injury,03 - Rear end,0
14-4166,BANK ST @ CATHERINE ST,368042.07507,5030267.57200,-75.69205613880,45.40948727130,2014-04-14,1:36:00 PM,01 - Clear,01 - Daylight,01 - Dry,01 - Traffic signal,01 - Functioning,03 - P.D. only,02 - Angle,0
14-4167,LAURIER AVE @ O'CONNOR ST,367636.70070,5031357.13152,-75.69709553530,45.41932729810,2014-04-14,2:24:00 PM,01 - Clear,01 - Daylight,01 - Dry,01 - Traffic signal,01 - Functioning,02 - Non-fatal injury,05 - Turning movement,0
14-4168,MERIVALE RD @ BASIL MACDONALD WAY/MERIVALE MAL,365095.86070,5023172.18477,-75.73055815980,45.34590431750,2014-04-14,2:25:00 PM,01 - Clear,01 - Daylight,01 - Dry,01 - Traffic signal,01 - Functioning,03 - P.D. only,03 - Rear end,0
14-4169,WOODROFFE AVE btwn HWY417 IC127 RAMP63 & HWY417 IC127 RAMP35,362123.91913,5024844.73087,-75.76828631190,45.36120295460,2014-04-11,3:05:00 PM,01 - Clear,01 - Daylight,01 - Dry,10 - No control,,03 - P.D. only,03 - Rear end,0
14-4170,KNIGHTSBRIDGE RD @ WOODROFFE AVE,361624.69834,5026560.77759,-75.77446073220,45.37668444870,2014-04-14,3:38:00 PM,01 - Clear,01 - Daylight,01 - Dry,02 - Stop sign,01 - Functioning,03 - P.D. only,02 - Angle,0
14-4171,HAWTHORNE RD/RUSSELL RD @ WALKLEY RD,374674.60546,5028500.76719,-75.60758296870,45.39295970260,2014-04-14,3:52:00 PM,02 - Rain,01 - Daylight,02 - Wet,01 - Traffic signal,01 - Functioning,03 - P.D. only,03 - Rear end,0
14-4172,ARLINGTON AVE @ KENT ST,367868.23557,5030255.67527,-75.69427831170,45.40939591530,2014-04-14,4:18:00 PM,02 - Rain,01 - Daylight,02 - Wet,01 - Traffic signal,01 - Functioning,03 - P.D. only,05 - Turning movement,0
14-4173,ELSETT DR @ SAUNDERSON DR,373172.23397,5028458.31766,-75.62677441340,45.39272605720,2014-04-14,4:55:00 PM,02 - Rain,01 - Daylight,02 - Wet,02 - Stop sign,01 - Functioning,03 - P.D. only,02 - Angle,0
14-4174,BRONSON AVE @ COMMISSIONER ST/SLATER ST,366771.07507,5030947.61983,-75.70820661530,45.41571984210,2014-04-14,5:05:00 PM,02 - Rain,01 - Daylight,02 - Wet,01 - Traffic signal,01 - Functioning,03 - P.D. only,05 - Turning movement,0
14-4175,OGILVIE RD @ ELMLEA GT/SHOPPERS CITY EAST SC,374989.20663,5033486.58280,-75.60285537750,45.43778794200,2014-04-14,5:12:00 PM,02 - Rain,01 - Daylight,02 - Wet,01 - Traffic signal,01 - Functioning,03 - P.D. only,02 - Angle,0
14-4176,ROGER STEVENS DR btwn DWYER HILL RD & MALAKOFF RD,357371.49554,4992028.35437,-75.83240845430,45.06628474690,2014-04-14,5:39:00 PM,02 - Rain,01 - Daylight,02 - Wet,10 - No control,,02 - Non-fatal injury,03 - Rear end,0
14-4177,SOMERSET ST    W btwn BAYSWATER AVE & BREEZEHILL AVE N,365829.72246,5029919.67704,-75.72036025170,45.40655341680,2014-04-14,5:38:00 PM,02 - Rain,01 - Daylight,02 - Wet,10 - No control,,03 - P.D. only,02 - Angle,0
14-4178,REGIONAL ROAD 174 EB btwn OR174 IC109 RAMP55 & TRANSIT,376490.52061,5035019.37584,-75.58344500470,45.45142672580,2014-04-14,5:57:00 PM,02 - Rain,01 - Daylight,02 - Wet,10 - No control,,02 - Non-fatal injury,03 - Rear end,0
14-4179,JASMINE CRES btwn OGILVIE RD & ARROWSMITH DR,375509.28253,5033648.14127,-75.59618549050,45.43918914870,2014-04-14,7:39:00 PM,01 - Clear,07 - Dark,02 - Wet,10 - No control,,02 - Non-fatal injury,02 - Angle,0
14-4180,DALHOUSIE ST @ RIDEAU ST,368208.13090,5032227.58120,-75.68968269750,45.42710774920,2014-04-14,10:56:00 PM,01 - Clear,07 - Dark,01 - Dry,01 - Traffic signal,01 - Functioning,03 - P.D. only,04 - Sideswipe,0
14-4181,CUMBERLAND ST @ RIDEAU ST,368376.88067,5032329.97400,-75.68751317780,45.42801372490,2014-04-15,6:56:00 AM,02 - Rain,01 - Daylight,02 - Wet,01 - Traffic signal,01 - Functioning,02 - Non-fatal injury,02 - Angle,0
14-4182,MACKENZIE AVE @ RIDEAU ST,367870.17313,5032008.63233,-75.69402919800,45.42516827720,2014-04-15,7:00:00 AM,01 - Clear,01 - Daylight,02 - Wet,01 - Traffic signal,01 - Functioning,03 - P.D. only,02 - Angle,0
14-4183,BRONSON AVE @ CATHERINE ST/RAYMOND ST,367252.70850,5029797.83393,-75.70219913960,45.40533158870,2014-04-15,7:02:00 AM,02 - Rain,01 - Daylight,02 - Wet,01 - Traffic signal,01 - Functioning,03 - P.D. only,05 - Turning movement,0
14-4184,CHAMPLAIN ST @ JEANNE D'ARC BLVD,381378.32290,5038722.65053,-75.52038688810,45.48422723390,2014-04-15,8:19:00 AM,02 - Rain,01 - Daylight,02 - Wet,01 - Traffic signal,01 - Functioning,03 - P.D. only,05 - Turning movement,0
14-4185,BAYVIEW RD @ SCOTT ST/ALBERT ST,365519.51093,5030071.56410,-75.72430405670,45.40794703910,2014-04-15,8:32:00 AM,02 - Rain,01 - Daylight,02 - Wet,01 - Traffic signal,01 - Functioning,02 - Non-fatal injury,03 - Rear end,0
14-4186,HINES RD @ INNOVATION DR,350049.44893,5022873.56810,-75.92258289620,45.34434937480,2014-04-08,7:45:00 PM,01 - Clear,05 - Dusk,01 - Dry,02 - Stop sign,01 - Functioning,03 - P.D. only,03 - Rear end,0
14-4187,BANK ST @ HUNT CLUB RD,371607.31470,5024096.50620,-75.64734873320,45.35363110340,2014-04-15,8:00:00 AM,02 - Rain,01 - Daylight,02 - Wet,01 - Traffic signal,01 - Functioning,03 - P.D. only,03 - Rear end,0
14-4188,BOTELER ST btwn CUMBERLAND ST & RAMP,367965.76249,5033235.01549,-75.69265047210,45.43619421880,2014-04-15,9:30:00 AM,02 - Rain,01 - Daylight,02 - Wet,10 - No control,,03 - P.D. only,07 - SMV other,0
14-4189,AIRPORT PKWY/BROOKFIELD RD @ FLANNERY DR/AIRPORT PKWY RAMPS 52A/53,368694.95257,5026294.53210,-75.68423067400,45.37367978020,2014-04-14,10:45:00 AM,02 - Rain,01 - Daylight,02 - Wet,03 - Yield sign,01 - Functioning,03 - P.D. only,03 - Rear end,0
14-4190,MANOR AVE btwn HILLCREST RD & DAVID THOMAS LANE,368779.76645,5034941.97453,-75.68202545060,45.45147875500,2014-04-14,4:30:00 PM,02 - Rain,01 - Daylight,02 - Wet,10 - No control,,03 - P.D. only,99 - Other,0
14-4191,BESSERER ST @ WALLER ST,368316.09564,5032190.79750,-75.68830785720,45.42676698670,2014-04-15,9:30:00 AM,02 - Rain,01 - Daylight,02 - Wet,01 - Traffic signal,01 - Functioning,03 - P.D. only,04 - Sideswipe,0
14-4192,CATHERINE ST btwn HWY417 IC121A RAMP61 & PERCY ST,367473.45255,5029926.66023,-75.69936315110,45.40647099980,2014-04-10,12:00:00 AM,01 - Clear,00 - Unknown,01 - Dry,10 - No control,,03 - P.D. only,06 - SMV unattended vehicle,0
14-4193,TERRY FOX DR @ PALLADIUM DR/KATIMAVIK RD,351270.19193,5018181.77520,-75.90744640580,45.30205172090,2014-04-15,11:10:00 AM,01 - Clear,01 - Daylight,02 - Wet,01 - Traffic signal,00 - Unknown,03 - P.D. only,03 - Rear end,0
14-4194,REGIONAL RD 174 @ TRIM RD,384353.27510,5039992.23643,-75.48213058800,45.49531704920,2014-04-15,12:07:00 PM,02 - Rain,01 - Daylight,02 - Wet,01 - Traffic signal,01 - Functioning,03 - P.D. only,03 - Rear end,0
14-4195,DALHOUSIE ST @ MURRAY ST,367998.32943,5032574.54247,-75.69231903940,45.43024857440,2014-04-15,12:13:00 PM,02 - Rain,01 - Daylight,02 - Wet,01 - Traffic signal,01 - Functioning,02 - Non-fatal injury,07 - SMV other,1
14-4196,MOODIE DR @ WEST HUNT CLUB RD,357909.07350,5018498.45570,-75.82276392860,45.30443070910,2014-04-15,12:13:00 PM,02 - Rain,01 - Daylight,02 - Wet,01 - Traffic signal,01 - Functioning,03 - P.D. only,03 - Rear end,0
14-4197,CARLING AVE @ IROQUOIS RD,362212.26420,5026023.63437,-75.76702173080,45.37180339150,2014-04-15,12:30:00 PM,03 - Snow,01 - Daylight,02 - Wet,01 - Traffic signal,01 - Functioning,02 - Non-fatal injury,02 - Angle,0
14-4198,REGIONAL ROAD 174 btwn MORIN RD & OLD MONTREAL RD,392520.25142,5042745.70124,-75.37716243270,45.51911029050,2014-04-15,2:11:00 PM,02 - Rain,01 - Daylight,02 - Wet,10 - No control,,03 - P.D. only,07 - SMV other,0
14-4199,FISHER AVE btwn TRENT ST & 220 S OF TRENT ST,365823.92235,5026839.13811,-75.72081533950,45.37883593900,2014-04-15,1:51:00 PM,03 - Snow,01 - Daylight,02 - Wet,10 - No control,,03 - P.D. only,02 - Angle,0
14-4200,STRANDHERD DR @ LONGFIELDS DR,364548.33657,5015171.42897,-75.73850919970,45.27396086020,2014-04-15,2:10:00 PM,03 - Snow,01 - Daylight,02 - Wet,01 - Traffic signal,01 - Functioning,03 - P.D. only,04 - Sideswipe,0
14-4201,THURSTON DR btwn CONROY RD & THOMAS SPRATT PL,373613.06814,5027015.21486,-75.62134609640,45.37969848090,2014-04-15,2:25:00 PM,03 - Snow,01 - Daylight,02 - Wet,10 - No control,,03 - P.D. only,02 - Angle,0
14-4202,BANNER RD @ GREENBANK RD,361022.14653,5021568.38763,-75.78272124740,45.33181173750,2014-04-15,2:40:00 PM,02 - Rain,01 - Daylight,02 - Wet,01 - Traffic signal,01 - Functioning,03 - P.D. only,03 - Rear end,0
14-4203,INDUSTRIAL AVE btwn RUSSELL RD & ST. LAURENT BLVD,372730.33383,5030032.67527,-75.63220071820,45.40693443950,2014-04-15,9:45:00 AM,02 - Rain,01 - Daylight,02 - Wet,10 - No control,,03 - P.D. only,03 - Rear end,0
14-4204,WEST HUNT CLUB RD btwn MOODIE DR & RICHMOND RD,357748.88393,5018415.04338,-75.82481540090,45.30369224870,2014-04-15,3:39:00 PM,01 - Clear,01 - Daylight,02 - Wet,10 - No control,,03 - P.D. only,05 - Turning movement,0
14-4205,ST. LAURENT BLVD btwn HEMLOCK RD & MEADOW PARK PL,371153.76577,5034763.58832,-75.65170147100,45.44965235230,2014-04-15,5:20:00 PM,01 - Clear,01 - Daylight,02 - Wet,10 - No control,,03 - P.D. only,02 - Angle,0
14-4206,ST. LAURENT BLVD btwn INDUSTRIAL AVE & BOURASSA ST,373129.41336,5029951.58492,-75.62711437070,45.40616598060,2014-04-15,3:10:00 PM,02 - Rain,01 - Daylight,02 - Wet,10 - No control,,03 - P.D. only,04 - Sideswipe,0
14-4207,GLOUCESTER ST btwn O'CONNOR ST & METCALFE ST,367699.08855,5031306.79891,-75.69630487090,45.41886881570,2014-04-15,12:00:00 AM,02 - Rain,00 - Unknown,02 - Wet,10 - No control,,03 - P.D. only,06 - SMV unattended vehicle,0
14-4208,BANK ST @ RIVERSIDE DR N,369227.13770,5027984.49387,-75.67721624410,45.38883681180,2014-04-15,4:22:00 PM,03 - Snow,01 - Daylight,06 - Ice,01 - Traffic signal,01 - Functioning,03 - P.D. only,02 - Angle,0
14-4209,WAVERLEY ST @ O'CONNOR ST,368009.18213,5030765.57010,-75.69241245720,45.41397107000,2014-04-15,5:27:00 PM,01 - Clear,01 - Daylight,02 - Wet,02 - Stop sign,01 - Functioning,02 - Non-fatal injury,02 - Angle,0
14-4210,TERRY FOX DR @ PALLADIUM DR/KATIMAVIK RD,351270.19193,5018181.77520,-75.90744640580,45.30205172090,2014-04-11,5:30:00 PM,01 - Clear,01 - Daylight,01 - Dry,01 - Traffic signal,00 - Unknown,03 - P.D. only,03 - Rear end,0
14-4211,CAMBRIDGE ST @ SOMERSET ST,366898.22497,5030431.67227,-75.70664720620,45.41106622450,2014-04-15,5:44:00 PM,01 - Clear,01 - Daylight,01 - Dry,02 - Stop sign,01 - Functioning,02 - Non-fatal injury,02 - Angle,0
14-4212,GREENBANK RD btwn HIGHBURY PARK DR & WESSEX RD,363666.33573,5015412.91759,-75.74972066610,45.27620816950,2014-04-15,6:08:00 PM,01 - Clear,01 - Daylight,02 - Wet,10 - No control,,03 - P.D. only,03 - Rear end,0
14-4213,RIOCAN AVE btwn STRANDHERD DR & MARKETPLACE AVE,364235.27941,5014845.97214,-75.74253771170,45.27105892740,2014-04-15,6:27:00 PM,01 - Clear,01 - Daylight,02 - Wet,10 - No control,,02 - Non-fatal injury,02 - Angle,0
14-4214,HUNTLEY RD btwn FALLOWFIELD RD & MANSFIELD RD,353079.21705,5008824.72411,-75.88528959950,45.21773221020,2014-04-15,8:15:00 PM,01 - Clear,07 - Dark,01 - Dry,10 - No control,,03 - P.D. only,07 - SMV other,0
14-4215,PINHEY ST @ SCOTT ST,365275.06183,5029923.48600,-75.72744478820,45.40663583160,2014-04-15,9:53:00 PM,01 - Clear,07 - Dark,01 - Dry,10 - No control,,02 - Non-fatal injury,05 - Turning movement,0
14-4216,UPLANDS DR btwn WOODTHRUSH GR & RHAPSODY LANE,368843.48647,5023409.45553,-75.68270833520,45.34770705730,2014-04-15,10:24:00 PM,01 - Clear,07 - Dark,01 - Dry,10 - No control,,02 - Non-fatal injury,07 - SMV other,1
14-4217,SMYTH RD/OTHELLO AVE @ RUSSELL RD W,373255.26217,5029373.54570,-75.62558712490,45.40095275450,2014-04-16,12:04:00 AM,01 - Clear,07 - Dark,01 - Dry,01 - Traffic signal,01 - Functioning,02 - Non-fatal injury,07 - SMV other,0
14-4218,NAVAN RD @ PAGE RD,381660.99457,5032771.78447,-75.51770155040,45.43065517550,2014-04-16,6:45:00 AM,01 - Clear,01 - Daylight,01 - Dry,02 - Stop sign,01 - Functioning,03 - P.D. only,02 - Angle,0
14-4219,BRONSON AVE @ RENFREW AVE,367355.28980,5029549.66717,-75.70092032730,45.40308949680,2014-04-16,6:30:00 AM,01 - Clear,01 - Daylight,01 - Dry,02 - Stop sign,00 - Unknown,03 - P.D. only,04 - Sideswipe,0
14-4220,BANK ST @ HUNT CLUB RD,371610.15830,5024097.45407,-75.64731231680,45.35363936140,2014-04-16,7:09:00 AM,01 - Clear,01 - Daylight,01 - Dry,01 - Traffic signal,01 - Functioning,03 - P.D. only,03 - Rear end,0
14-4221,MERIVALE RD btwn BURRIS LANE & OT/NE BOUNDARY,364884.97180,5025081.73801,-75.73301701900,45.36310430280,2014-04-16,7:33:00 AM,01 - Clear,01 - Daylight,01 - Dry,10 - No control,,03 - P.D. only,04 - Sideswipe,0
14-4222,CARP RD btwn RICHARDSON SIDE RD & HWY417 IC144 RAMP62,346673.10435,5016628.52448,-75.96619352450,45.28836406590,2014-04-16,7:44:00 AM,01 - Clear,01 - Daylight,01 - Dry,10 - No control,,02 - Non-fatal injury,03 - Rear end,0
14-4223,MARVELVILLE RD @ YORKS CORNERS RD,391167.34477,5007625.31377,-75.40061404270,45.20330155170,2014-04-16,8:37:00 AM,01 - Clear,01 - Daylight,01 - Dry,02 - Stop sign,01 - Functioning,03 - P.D. only,02 - Angle,0
14-4224,INDUSTRIAL AVE/INNES RD @ ST. LAURENT BLVD,373100.20133,5030003.67097,-75.62748028680,45.40663747840,2014-04-16,9:10:00 AM,01 - Clear,01 - Daylight,01 - Dry,01 - Traffic signal,01 - Functioning,03 - P.D. only,05 - Turning movement,0
14-4225,RIDEAU ST @ WALLER ST,368283.22183,5032275.53197,-75.68871699750,45.42753238220,2014-04-16,8:58:00 AM,01 - Clear,01 - Daylight,01 - Dry,01 - Traffic signal,01 - Functioning,03 - P.D. only,04 - Sideswipe,0
14-4226,CARLING AVE @ CLYDE AVE/COLE AVE,363522.11240,5026849.59423,-75.75020220360,45.37912672890,2014-04-16,10:05:00 AM,01 - Clear,01 - Daylight,01 - Dry,01 - Traffic signal,01 - Functioning,03 - P.D. only,04 - Sideswipe,0
14-4227,ST. JOSEPH BLVD @ JEANNE D'ARC BLVD,379861.21643,5036469.68517,-75.54013561120,45.46412160820,2014-04-16,12:34:00 PM,01 - Clear,01 - Daylight,01 - Dry,11 - Roundabout,01 - Functioning,03 - P.D. only,04 - Sideswipe,0
14-4228,BASELINE RD @ FISHER AVE,366167.16753,5026029.48057,-75.71653363010,45.37152083020,2014-04-16,1:19:00 PM,01 - Clear,01 - Daylight,01 - Dry,01 - Traffic signal,01 - Functioning,03 - P.D. only,03 - Rear end,0
14-4229,OTTAWA RIVER PKWY @ PORTAGE BRIDGE,366517.62960,5031314.63310,-75.71139856650,45.41904452260,2014-04-16,1:31:00 PM,01 - Clear,01 - Daylight,01 - Dry,01 - Traffic signal,01 - Functioning,03 - P.D. only,07 - SMV other,0
14-4230,BASELINE RD/HERON RD @ PRINCE OF WALES DR,366874.30986,5026437.33801,-75.70745524190,45.37512835910,2014-04-15,3:00:00 PM,02 - Rain,01 - Daylight,02 - Wet,01 - Traffic signal,01 - Functioning,03 - P.D. only,04 - Sideswipe,0
14-4231,KANATA RD @ LORD BYNG WAY/MARITIME WAY,351431.58841,5019329.82874,-75.90528048940,45.31237150340,2014-01-02,3:00:00 PM,01 - Clear,01 - Daylight,01 - Dry,01 - Traffic signal,01 - Functioning,03 - P.D. only,03 - Rear end,0
14-4232,COOPER ST @ METCALFE ST,367963.18123,5031178.56990,-75.69294719120,45.41769126140,2014-04-16,2:05:00 PM,01 - Clear,01 - Daylight,01 - Dry,02 - Stop sign,01 - Functioning,03 - P.D. only,02 - Angle,0
14-4233,RIVERSIDE DR @ 175 S OF HUNT CLUB  RD/RUNWAY C,368028.02607,5021765.35213,-75.69332390680,45.33298774010,2014-04-16,1:20:00 PM,01 - Clear,01 - Daylight,01 - Dry,01 - Traffic signal,01 - Functioning,03 - P.D. only,05 - Turning movement,0