Record,Location,X,Y,Longitude,Latitude,Date,Time,Environment,Light,Road_Surface,Traffic_Control,Collision_Location,Collision_Classification,Impact_type,Pedestrian
14-4234,ST. JOSEPH BLVD @ JEANNE D'ARC BLVD,379861.21643,5036469.68517,-75.54013561120,45.46412160820,2014-04-16,3:53:00 PM,01 - Clear,01 - Daylight,01 - Dry,11 - Roundabout,00 - Unknown,03 - P.D. only,02 - Angle,0
14-4235,INNES RD @ TENTH LINE RD,383951.28637,5036159.56080,-75.48789073380,45.46087993950,2014-04-16,3:54:00 PM,01 - Clear,01 - Daylight,01 - Dry,01 - Traffic signal,01 - Functioning,03 - P.D. only,02 - Angle,0
14-4236,GREENBANK RD btwn GREENBANK SQUARE SC & GIBBARD AVE,361369.49433,5020759.60816,-75.77838257210,45.32450643280,2014-04-16,4:35:00 PM,01 - Clear,01 - Daylight,01 - Dry,10 - No control,,02 - Non-fatal injury,05 - Turning movement,0
14-4237,ALBION RD btwn ALBION RD S & BANK ST,371940.56676,5024141.82167,-75.64308981220,45.35400700840,2014-04-16,6:10:00 PM,01 - Clear,01 - Daylight,01 - Dry,10 - No control,,03 - P.D. only,02 - Angle,0
14-4238,ARLINGTON AVE @ BANK ST,368007.17773,5030345.56950,-75.69249192230,45.41019222050,2014-04-16,6:15:00 PM,01 - Clear,05 - Dusk,01 - Dry,02 - Stop sign,01 - Functioning,03 - P.D. only,03 - Rear end,0
14-4239,CLAUDE ST @ GARDENVALE RD,372159.30050,5032971.62523,-75.63909294530,45.43343295830,2014-04-16,6:23:00 PM,01 - Clear,01 - Daylight,01 - Dry,02 - Stop sign,01 - Functioning,02 - Non-fatal injury,02 - Angle,0
14-4240,MERTON ST @ WELLINGTON ST,365486.32853,5029596.45273,-75.72478640190,45.40367497910,2014-04-16,3:30:00 PM,01 - Clear,01 - Daylight,01 - Dry,02 - Stop sign,01 - Functioning,03 - P.D. only,06 - SMV unattended vehicle,0
14-4241,WOODROFFE AVE btwn KNOXDALE RD/MEDHURST DR & NORICE ST,363199.42334,5022383.27419,-75.75484983700,45.33896622130,2014-04-16,4:30:00 PM,01 - Clear,01 - Daylight,01 - Dry,10 - No control,,03 - P.D. only,03 - Rear end,0
14-4242,JEANNE D'ARC BLVD  S btwn ST. JOSEPH BLVD & WOODCLIFFE PRIV,379871.64297,5036457.36289,-75.54000417910,45.46400962120,2014-04-16,9:43:00 PM,01 - Clear,07 - Dark,01 - Dry,10 - No control,,03 - P.D. only,05 - Turning movement,0
14-4243,BRONSON AVE btwn BREWER WAY & RIVERSIDE DR RAMPS 34B & 42A-3,368406.05497,5027210.25242,-75.68780080210,45.38194546030,2014-04-16,9:30:00 PM,01 - Clear,07 - Dark,01 - Dry,10 - No control,,03 - P.D. only,04 - Sideswipe,0
14-4244,FOXLEIGH CRES btwn EQUESTRIAN DR & BLUEGRASS DR,354647.57125,5016263.89938,-75.86457588060,45.28456273830,2014-04-16,10:07:00 PM,01 - Clear,07 - Dark,01 - Dry,10 - No control,,03 - P.D. only,06 - SMV unattended vehicle,0
14-4245,MANOTICK MAIN ST btwn MAPLE AVE & CLAPP LANE,368719.91005,5009918.32702,-75.68602329610,45.22632703750,2014-04-17,8:05:00 AM,01 - Clear,01 - Daylight,01 - Dry,10 - No control,,03 - P.D. only,02 - Angle,0
14-4246,HERON RD @ ALTA VISTA DR,370490.35273,5026903.48497,-75.66122960110,45.37899292820,2014-04-17,8:10:00 AM,01 - Clear,01 - Daylight,01 - Dry,01 - Traffic signal,01 - Functioning,03 - P.D. only,05 - Turning movement,0
14-4247,PARKDALE AVE btwn SCOTT ST & BULLMAN ST,364971.91865,5029674.19278,-75.73134744370,45.40441887380,2014-04-17,8:12:00 AM,01 - Clear,01 - Daylight,01 - Dry,10 - No control,,03 - P.D. only,02 - Angle,0
14-4248,PRINCE OF WALES DR btwn NATIONAL CAPITAL COMM DRWY & SIR JOHN A CARLIN,366849.11454,5028186.83540,-75.70755699760,45.39087214550,2014-04-17,8:31:00 AM,01 - Clear,01 - Daylight,01 - Dry,10 - No control,,02 - Non-fatal injury,03 - Rear end,0
14-4249,KING EDWARD AVE NB btwn BRUYERE ST & ST. ANDREW ST,368164.01754,5033001.75816,-75.69014676380,45.43407751640,2014-04-17,9:09:00 AM,01 - Clear,01 - Daylight,01 - Dry,10 - No control,,03 - P.D. only,03 - Rear end,0
14-4250,OLMSTEAD ST btwn GLADU ST & MCARTHUR AVE,370477.36683,5032789.27609,-75.66061140900,45.43195224740,2014-04-17,9:16:00 AM,01 - Clear,01 - Daylight,01 - Dry,10 - No control,,02 - Non-fatal injury,04 - Sideswipe,0
14-4251,CLEGG ST @ MAIN ST,369272.77365,5029922.51647,-75.67638019380,45.40627029280,2014-04-17,9:20:00 AM,01 - Clear,01 - Daylight,01 - Dry,01 - Traffic signal,00 - Unknown,03 - P.D. only,04 - Sideswipe,0
14-4252,CASTLEFRANK RD @ MCCURDY DR N,352077.71397,5018772.35513,-75.89709371850,45.30731202050,2014-04-17,8:15:00 AM,01 - Clear,01 - Daylight,01 - Dry,02 - Stop sign,01 - Functioning,02 - Non-fatal injury,02 - Angle,0
14-4254,CYRVILLE RD @ INNES RD,375050.09437,5031119.56420,-75.60241483710,45.41648470990,2014-04-17,10:15:00 AM,01 - Clear,01 - Daylight,01 - Dry,01 - Traffic signal,01 - Functioning,02 - Non-fatal injury,02 - Angle,0
14-4255,EMPEROR AVE btwn HOLLINGTON ST & BAKERVALE DR,365407.56686,5026990.77352,-75.72611247690,45.38023646540,2014-04-16,7:20:00 PM,01 - Clear,01 - Daylight,01 - Dry,10 - No control,,03 - P.D. only,06 - SMV unattended vehicle,0
14-4256,VIEWMOUNT DR @ MERIVALE RD,365194.05255,5022948.96933,-75.72933249020,45.34388740680,2014-04-17,11:27:00 AM,01 - Clear,01 - Daylight,01 - Dry,01 - Traffic signal,01 - Functioning,02 - Non-fatal injury,03 - Rear end,0
14-4257,MONTGOMERY ST @ MONTREAL RD,369813.23867,5032922.48383,-75.66908079670,45.43321285210,2014-04-17,12:04:00 PM,01 - Clear,01 - Daylight,01 - Dry,01 - Traffic signal,01 - Functioning,02 - Non-fatal injury,07 - SMV other,1
14-4258,APOLLO WAY btwn TUPELLO WAY & ORFORD CRES (2),383747.92265,5037720.62023,-75.49023997940,45.47494793600,2014-04-17,12:44:00 PM,01 - Clear,01 - Daylight,01 - Dry,10 - No control,,03 - P.D. only,05 - Turning movement,0
14-4259,FRANK ST @ O'CONNOR ST,368052.11456,5030697.69483,-75.69187269890,45.41335647080,2014-04-17,2:46:00 PM,01 - Clear,01 - Daylight,01 - Dry,02 - Stop sign,01 - Functioning,03 - P.D. only,02 - Angle,0
14-4260,TERRY FOX DR @ HALKIRK AVE/WINCHESTER DR,352512.05318,5016870.24274,-75.89173817740,45.29016697500,2014-04-17,4:24:00 PM,01 - Clear,01 - Daylight,01 - Dry,01 - Traffic signal,01 - Functioning,02 - Non-fatal injury,05 - Turning movement,0
14-4261,TENTH LINE RD @ CHARLEMAGNE BLVD N/TOMPKINS AV,383184.40383,5037977.88190,-75.49740533770,45.47732602590,2014-04-17,4:30:00 PM,01 - Clear,01 - Daylight,01 - Dry,01 - Traffic signal,01 - Functioning,03 - P.D. only,03 - Rear end,0
14-4262,BANK ST @ WALKLEY RD,370336.43020,5025948.68277,-75.66332145850,45.37041634600,2014-04-17,4:33:00 PM,01 - Clear,01 - Daylight,01 - Dry,01 - Traffic signal,01 - Functioning,03 - P.D. only,03 - Rear end,0
14-4263,CARLING AVE WB btwn CARLINGWOOD SC & IROQUOIS RD,362162.97510,5025998.04195,-75.76765392160,45.37157714980,2014-04-17,4:30:00 PM,01 - Clear,01 - Daylight,01 - Dry,10 - No control,,03 - P.D. only,02 - Angle,0
14-4264,MONTREAL RD @ SHEFFORD RD,376124.30870,5034853.57470,-75.58815042350,45.44997242230,2014-04-17,4:55:00 PM,01 - Clear,01 - Daylight,01 - Dry,01 - Traffic signal,01 - Functioning,03 - P.D. only,03 - Rear end,0
14-4265,WEST HUNT CLUB RD @ ROYDON PL/SUNDERLAND ST,365972.14138,5022170.53558,-75.71950073520,45.33681575380,2014-04-17,4:56:00 PM,01 - Clear,01 - Daylight,01 - Dry,01 - Traffic signal,01 - Functioning,03 - P.D. only,05 - Turning movement,0
14-4266,CAMPBELL AVE @ DOHENY ST,363511.16753,5026669.53460,-75.75036335190,45.37750749580,2014-04-17,5:11:00 PM,01 - Clear,01 - Daylight,01 - Dry,02 - Stop sign,01 - Functioning,02 - Non-fatal injury,02 - Angle,0
14-4267,CARLETON CATHCART ST @ STITTSVILLE MAIN ST,350635.81685,5012885.52599,-75.91602413150,45.25443606850,2014-04-17,4:30:00 PM,01 - Clear,01 - Daylight,01 - Dry,01 - Traffic signal,01 - Functioning,03 - P.D. only,03 - Rear end,0
14-4268,DUPUIS ST btwn LEVIS AVE & END,370450.75809,5033163.44268,-75.66090155200,45.43532133740,2014-04-17,5:44:00 PM,01 - Clear,01 - Daylight,01 - Dry,10 - No control,,03 - P.D. only,99 - Other,0
14-4269,WEST HUNT CLUB RD EB btwn GREENBANK RD & KNOXDALE RD,361501.95188,5020495.84413,-75.77672324020,45.32212239710,2014-04-17,6:31:00 PM,01 - Clear,01 - Daylight,01 - Dry,10 - No control,,03 - P.D. only,03 - Rear end,0
14-4270,BANK ST @ FIFTH AVE,368398.35795,5029400.08437,-75.68761682740,45.40164961180,2014-04-17,6:37:00 PM,01 - Clear,01 - Daylight,01 - Dry,01 - Traffic signal,00 - Unknown,03 - P.D. only,04 - Sideswipe,0
14-4271,ELGIN ST @ LISGAR ST,368074.23727,5031343.68037,-75.69150713740,45.41916683630,2014-04-17,5:30:00 PM,01 - Clear,01 - Daylight,01 - Dry,01 - Traffic signal,01 - Functioning,03 - P.D. only,03 - Rear end,0
14-4272,WOODROFFE AVE @ HWY 417 WOODROFF IC127R26/HWY4,362083.57760,5024939.34049,-75.76879024440,45.36205754180,2014-04-17,6:00:00 PM,01 - Clear,01 - Daylight,01 - Dry,01 - Traffic signal,01 - Functioning,03 - P.D. only,04 - Sideswipe,0
14-4273,CARLING AVE WB btwn EDGEWORTH AVE & WENTWORTH AVE,361288.74655,5025442.53388,-75.77887771470,45.36664974210,2014-04-17,7:00:00 PM,01 - Clear,01 - Daylight,01 - Dry,10 - No control,,03 - P.D. only,04 - Sideswipe,0
14-4274,LIMEBANK RD btwn TOM ROBERTS RD & LEITRIM RD,369250.45216,5018102.20739,-75.67820612580,45.29991629630,2014-04-17,9:11:00 PM,01 - Clear,07 - Dark,01 - Dry,10 - No control,,03 - P.D. only,07 - SMV other,0
14-4275,LAURIER AVE @ NICHOLAS ST,368375.05880,5031798.26990,-75.68760508710,45.42322980480,2014-04-17,8:30:00 PM,01 - Clear,07 - Dark,01 - Dry,01 - Traffic signal,01 - Functioning,03 - P.D. only,03 - Rear end,0
14-4276,HADLEY CIRC btwn MOODIE DR & TO BE DETERMINED,357159.87105,5020309.95837,-75.83212551630,45.32078707310,2014-04-17,10:00:00 PM,01 - Clear,07 - Dark,01 - Dry,10 - No control,,03 - P.D. only,06 - SMV unattended vehicle,0
14-4277,BANK ST @ SOMERSET ST,367695.17683,5030917.46023,-75.69640454120,45.41536602240,2014-04-17,11:01:00 PM,01 - Clear,07 - Dark,01 - Dry,01 - Traffic signal,01 - Functioning,03 - P.D. only,04 - Sideswipe,0
14-4278,DEERMEADOW DR btwn REINDEER WAY & ELKWOOD DR,375290.87083,5010800.47154,-75.60223144020,45.23363738860,2014-04-18,3:26:00 AM,01 - Clear,07 - Dark,01 - Dry,10 - No control,,02 - Non-fatal injury,07 - SMV other,0
14-4279,GLENDALE AVE btwn PERCY ST & END,367563.29992,5029771.19925,-75.69823527610,45.40506415830,2014-04-18,8:22:00 AM,01 - Clear,01 - Daylight,01 - Dry,10 - No control,,03 - P.D. only,06 - SMV unattended vehicle,0
14-4280,CASTLEFRANK RD @ HAZELDEAN RD,352676.91424,5017676.28707,-75.88955874040,45.29740875190,2014-04-18,8:38:00 AM,01 - Clear,01 - Daylight,01 - Dry,01 - Traffic signal,01 - Functioning,02 - Non-fatal injury,02 - Angle,0
14-4281,PINECREST RD @ QUEENSVIEW DR,360348.10150,5023784.45387,-75.79107118330,45.35180557050,2014-04-17,7:00:00 PM,01 - Clear,01 - Daylight,01 - Dry,01 - Traffic signal,01 - Functioning,03 - P.D. only,03 - Rear end,0
14-4282,HWY 417 MAITLAND IC126R52 @ MAITLAND AVE,363205.45441,5025833.65963,-75.75436527510,45.37001195060,2014-04-17,7:30:00 PM,01 - Clear,01 - Daylight,01 - Dry,03 - Yield sign,00 - Unknown,02 - Non-fatal injury,03 - Rear end,0
14-4283,GEORGE ST btwn 26 W OF BYWARD MARKET/FREIMAN MALL & BY WARD MARKET SQ,368010.87753,5032204.68146,-75.69220616240,45.42691955970,2014-04-18,10:51:00 AM,01 - Clear,01 - Daylight,01 - Dry,10 - No control,,02 - Non-fatal injury,06 - SMV unattended vehicle,0
14-4284,INNES RD @ 215 W OF CYRVILLE RD/HOME DEPOT W,374863.41167,5031000.78380,-75.60481667530,45.41543470480,2014-04-18,11:45:00 AM,01 - Clear,01 - Daylight,01 - Dry,01 - Traffic signal,01 - Functioning,03 - P.D. only,02 - Angle,0
14-4285,CENTURY RD S @ MCCORDICK RD S,360470.17652,5003125.29604,-75.79182799920,45.16590218650,2014-04-18,12:14:00 PM,01 - Clear,01 - Daylight,01 - Dry,02 - Stop sign,01 - Functioning,03 - P.D. only,02 - Angle,0
14-4286,ALBERT ST btwn LYON ST N & KENT ST,367104.33226,5031244.19481,-75.70391156200,45.41835873960,2014-04-17,4:40:00 PM,01 - Clear,01 - Daylight,01 - Dry,10 - No control,,03 - P.D. only,04 - Sideswipe,0
14-4287,MEADOWLANDS DR/TALLWOOD DR @ WOODROFFE AVE,363057.16353,5022731.44217,-75.75662385710,45.34211083930,2014-04-18,8:50:00 AM,01 - Clear,01 - Daylight,01 - Dry,01 - Traffic signal,00 - Unknown,03 - P.D. only,04 - Sideswipe,0
14-4288,REGIONAL ROAD 174 btwn OR174 IC105 RAMP51 & OR174 IC105 RAMP35,379436.16528,5037017.31074,-75.54548713980,45.46909426780,2014-04-18,3:07:00 PM,01 - Clear,01 - Daylight,01 - Dry,10 - No control,,03 - P.D. only,07 - SMV other,0
14-4289,LEVIS AVE @ OLMSTEAD ST,370390.22439,5033104.35094,-75.66168303750,45.43479533530,2014-04-18,4:08:00 PM,02 - Rain,01 - Daylight,02 - Wet,02 - Stop sign,01 - Functioning,03 - P.D. only,02 - Angle,0
14-4290,ANDERSON RD @ RIDGE RD,379028.80728,5028509.95738,-75.55197848700,45.39259439320,2014-04-18,4:23:00 PM,01 - Clear,01 - Daylight,02 - Wet,02 - Stop sign,00 - Unknown,03 - P.D. only,05 - Turning movement,0
14-4291,"OLD MONTREAL RD btwn GRAND-CH-NE, COUR DU CRT & TED KELLY LANE",386291.10946,5040830.19879,-75.45720127080,45.50263253930,2014-04-18,7:51:00 PM,02 - Rain,05 - Dusk,02 - Wet,10 - No control,,03 - P.D. only,07 - SMV other,0
14-4292,MAITLAND AVE/HWY 417 MAITLAND IC126R53 @ HWY 4,363229.21543,5025774.93231,-75.75406890170,45.36948154900,2014-04-18,10:55:00 PM,01 - Clear,07 - Dark,01 - Dry,01 - Traffic signal,01 - Functioning,02 - Non-fatal injury,05 - Turning movement,0
14-4293,SIXTH LINE RD btwn BERRY SIDE RD & RIDDELL DR,349014.51926,5030463.31752,-75.93510909410,45.41270937810,2014-04-18,11:12:00 PM,01 - Clear,07 - Dark,01 - Dry,10 - No control,,03 - P.D. only,07 - SMV other,0
14-4294,KING EDWARD AVE btwn MANN AVE & TEMPLETON ST,369170.24287,5031343.75609,-75.67750424610,45.41906753850,2014-04-19,3:30:00 AM,01 - Clear,07 - Dark,01 - Dry,10 - No control,,03 - P.D. only,04 - Sideswipe,0
14-4295,BANK ST btwn HERON RD & ANOKA ST,370001.88114,5026836.37632,-75.66747487110,45.37843473500,2014-04-19,5:35:00 AM,01 - Clear,03 - Dawn,02 - Wet,10 - No control,,03 - P.D. only,05 - Turning movement,0
14-4296,WILLOW ST btwn PRESTON ST & ROCHESTER ST,366588.83537,5029931.89896,-75.71066215870,45.40659678690,2014-04-19,12:00:00 AM,01 - Clear,00 - Unknown,01 - Dry,10 - No control,,03 - P.D. only,06 - SMV unattended vehicle,0
14-4297,PARKDALE AVE btwn RUSKIN ST & INGLEWOOD PL,365558.54334,5028338.23255,-75.72401899010,45.39234754020,2014-04-19,10:22:00 AM,01 - Clear,01 - Daylight,01 - Dry,10 - No control,,01 - Fatal injury,06 - SMV unattended vehicle,1
14-4298,LAUNAY AVE btwn VARENNES BLVD & TEMPO ST,385014.99728,5038344.11768,-75.47393461590,45.48041315810,2014-04-18,12:00:00 AM,01 - Clear,00 - Unknown,01 - Dry,10 - No control,,03 - P.D. only,06 - SMV unattended vehicle,0
14-4299,WOODROFFE AVE btwn ANTHONY AVE & SAVILLE ROW,361701.31253,5026371.25272,-75.77350443670,45.37497290360,2014-04-12,11:35:00 AM,01 - Clear,01 - Daylight,01 - Dry,10 - No control,,03 - P.D. only,99 - Other,0
14-4300,VANIER PKWY SB btwn RIVERSIDE DR & TO BE DETERMINED,370803.04780,5031201.57987,-75.65666224530,45.41763616590,2014-04-19,12:17:00 PM,01 - Clear,01 - Daylight,01 - Dry,10 - No control,,03 - P.D. only,03 - Rear end,0
14-4301,BANK ST @ RIVERSIDE DR N,369225.24197,5027983.54600,-75.67724057490,45.38882845730,2014-04-19,12:23:00 PM,01 - Clear,01 - Daylight,01 - Dry,01 - Traffic signal,01 - Functioning,02 - Non-fatal injury,02 - Angle,0
14-4302,ST. JOSEPH BLVD @ JEANNE D'ARC BLVD,379860.26857,5036470.63303,-75.54014758500,45.46413023760,2014-04-19,12:20:00 PM,01 - Clear,01 - Daylight,01 - Dry,11 - Roundabout,00 - Unknown,03 - P.D. only,04 - Sideswipe,0
14-4303,CRAIG HENRY DR btwn WOODVALE GR & KNOXDALE RD,363085.07065,5021714.36209,-75.75638758370,45.33295690270,2014-04-18,10:50:00 AM,01 - Clear,01 - Daylight,01 - Dry,10 - No control,,03 - P.D. only,06 - SMV unattended vehicle,0
14-4304,LAVERGNE ST btwn PERRIER AVE & STE. ANNE ST,370543.80813,5033929.69997,-75.65961003860,45.44220704300,2014-04-19,1:57:00 PM,01 - Clear,01 - Daylight,01 - Dry,10 - No control,,03 - P.D. only,04 - Sideswipe,0
14-4305,GLADSTONE AVE btwn LYON ST N & KENT ST,367673.47895,5030416.21191,-75.69674568250,45.41085789720,2014-04-17,2:12:00 PM,01 - Clear,01 - Daylight,01 - Dry,10 - No control,,03 - P.D. only,06 - SMV unattended vehicle,0
14-4306,ST. LAURENT BLVD/GUY ST @ RIDEAU SS,371859.79507,5033045.68673,-75.64291035030,45.43412811440,2014-04-19,2:42:00 PM,01 - Clear,01 - Daylight,01 - Dry,01 - Traffic signal,01 - Functioning,03 - P.D. only,03 - Rear end,0
14-4307,CARLING AVE @ KIRKWOOD AVE N,364276.34505,5027494.89507,-75.74049482780,45.38486941430,2014-04-19,2:15:00 PM,01 - Clear,01 - Daylight,01 - Dry,01 - Traffic signal,01 - Functioning,03 - P.D. only,05 - Turning movement,0
14-4308,WOODROFFE AVE btwn HERITAGE GLEN DR & STRANDHERD DR,366095.25353,5015423.58502,-75.71876447400,45.27609660550,2014-04-19,2:10:00 PM,01 - Clear,01 - Daylight,01 - Dry,10 - No control,,03 - P.D. only,07 - SMV other,0
14-4309,HERON RD @ WALKLEY RD,372267.64903,5027082.50673,-75.63851419140,45.38043480120,2014-04-19,5:43:00 PM,01 - Clear,01 - Daylight,01 - Dry,01 - Traffic signal,01 - Functioning,03 - P.D. only,03 - Rear end,0
14-4310,BALINROAN CRES btwn AKITA WALK & AKITA WALK,364968.60900,5014417.40800,-75.73324468310,45.26714035000,2014-04-19,5:53:00 PM,01 - Clear,01 - Daylight,01 - Dry,10 - No control,,03 - P.D. only,07 - SMV other,0
14-4311,ALTA VISTA DR @ SMYTH RD,370432.71590,5029082.31796,-75.66167569140,45.39860269920,2014-04-19,8:10:00 PM,01 - Clear,05 - Dusk,01 - Dry,01 - Traffic signal,01 - Functioning,02 - Non-fatal injury,05 - Turning movement,0
14-4312,BRIDGEWATER TER btwn KENNEVALE DR & BOURNE ST,362571.02256,5014666.46611,-75.76376663440,45.26958241060,2014-04-19,9:06:00 PM,01 - Clear,07 - Dark,01 - Dry,10 - No control,,03 - P.D. only,06 - SMV unattended vehicle,0
14-4313,LESTER RD btwn ALBION RD & UPLANDS DR,372519.06798,5022225.81631,-75.63596959930,45.33671182510,2014-04-19,9:21:00 PM,01 - Clear,07 - Dark,01 - Dry,10 - No control,,03 - P.D. only,07 - SMV other,0
14-4314,SECOND LINE RD @ THOMAS FULLER DR,347282.54812,5024065.98826,-75.95778655770,45.35525212530,2014-04-19,11:38:00 PM,01 - Clear,07 - Dark,01 - Dry,02 - Stop sign,01 - Functioning,03 - P.D. only,07 - SMV other,0
14-4315,QUEEN MARY ST @ VANIER PKWY,370364.18443,5031955.68937,-75.66216875370,45.42446260060,2014-04-20,12:47:00 AM,01 - Clear,07 - Dark,01 - Dry,01 - Traffic signal,01 - Functioning,02 - Non-fatal injury,03 - Rear end,0
14-4316,TURN LANE btwn HERON RD & WALKLEY RD,372250.58742,5027106.20342,-75.63872878670,45.38064965760,2014-04-20,12:00:00 AM,01 - Clear,00 - Unknown,01 - Dry,10 - No control,,03 - P.D. only,07 - SMV other,0
14-4317,GREENBANK RD btwn KILBIRNIE DR & BARNSDALE RD,365461.30740,5011245.45780,-75.72735370460,45.23855680080,2014-04-20,9:01:00 AM,01 - Clear,01 - Daylight,01 - Dry,10 - No control,,03 - P.D. only,07 - SMV other,0
14-4318,WILLOW CREEK CIRC btwn BERRY GLEN ST & ASHMORE DR,366711.25252,5014400.24637,-75.71104162650,45.26683469390,2014-04-20,9:45:00 AM,02 - Rain,01 - Daylight,02 - Wet,10 - No control,,03 - P.D. only,06 - SMV unattended vehicle,0
14-4319,GLADSTONE AVE @ PRESTON ST,366490.17993,5029711.61053,-75.71194990080,45.40462339200,2014-04-20,11:48:00 AM,01 - Clear,01 - Daylight,01 - Dry,01 - Traffic signal,01 - Functioning,03 - P.D. only,02 - Angle,0
14-4320,ST. JOSEPH BLVD @ JEANNE D'ARC BLVD,379859.32070,5036471.58090,-75.54015956000,45.46413886790,2014-03-31,12:59:00 PM,01 - Clear,01 - Daylight,02 - Wet,11 - Roundabout,01 - Functioning,03 - P.D. only,04 - Sideswipe,0
14-4321,PRINCE OF WALES DR btwn GREENBANK RD & PRINCE OF WALES DR,366347.49261,5009072.62716,-75.71633608940,45.21892871220,2014-04-20,1:45:00 PM,01 - Clear,01 - Daylight,01 - Dry,10 - No control,,03 - P.D. only,07 - SMV other,0
14-4322,MARCH RD @ MORGAN'S GRANT WAY/SHIRLEY'S BROOK,349663.03100,5023618.45787,-75.92744606070,45.35107688250,2014-04-20,2:24:00 PM,01 - Clear,01 - Daylight,01 - Dry,01 - Traffic signal,01 - Functioning,03 - P.D. only,03 - Rear end,0
14-4323,LYON ST @ WELLINGTON ST,366935.74493,5031425.21813,-75.70604263670,45.42000252480,2014-04-20,4:04:00 PM,01 - Clear,01 - Daylight,01 - Dry,01 - Traffic signal,01 - Functioning,03 - P.D. only,05 - Turning movement,0
14-4324,ELGIN ST btwn GLADSTONE AVE & MCLEOD ST,368417.60310,5030790.94581,-75.68719154680,45.41416238070,2014-04-20,5:00:00 PM,01 - Clear,01 - Daylight,01 - Dry,10 - No control,,03 - P.D. only,06 - SMV unattended vehicle,0
14-4325,CARMEN AVE btwn MCARTHUR AVE & STEVENS AVE,370913.03297,5032732.00028,-75.65505168120,45.43139585390,2014-04-20,10:54:00 PM,01 - Clear,07 - Dark,01 - Dry,10 - No control,,03 - P.D. only,06 - SMV unattended vehicle,0
14-4326,LEITRIM RD btwn RAMSAYVILLE RD & ANDERSON RD,380204.08985,5024756.42879,-75.53754345650,45.35869698510,2014-04-21,6:01:00 AM,01 - Clear,03 - Dawn,01 - Dry,10 - No control,,03 - P.D. only,07 - SMV other,0
14-4327,GEORGE ST @ DALHOUSIE ST,368157.22367,5032316.53757,-75.69032175150,45.42791276090,2014-04-21,9:38:00 AM,01 - Clear,01 - Daylight,01 - Dry,01 - Traffic signal,01 - Functioning,02 - Non-fatal injury,07 - SMV other,0
14-4328,DONALD ST @ ST. LAURENT BLVD,372092.29110,5032471.63703,-75.64001761110,45.42894075160,2014-04-21,12:35:00 PM,01 - Clear,01 - Daylight,01 - Dry,01 - Traffic signal,01 - Functioning,03 - P.D. only,04 - Sideswipe,0
14-4329,MARCH RD btwn DUNROBIN RD & MURPHY CRT,347661.49361,5025809.54181,-75.95279899150,45.37091797790,2014-04-20,9:05:00 PM,01 - Clear,07 - Dark,01 - Dry,10 - No control,,03 - P.D. only,07 - SMV other,0
14-4330,PARKDALE AVE btwn GRANT ST & WELLINGTON ST W,365146.50155,5029280.50831,-75.72916565210,45.40086156090,2014-04-21,12:45:00 PM,01 - Clear,01 - Daylight,01 - Dry,10 - No control,,03 - P.D. only,02 - Angle,0
14-4331,DUNROBIN RD btwn MARCH RD & RIDDELL DR,347176.97047,5026122.40834,-75.95895764410,45.37376269060,2014-04-21,2:18:00 PM,01 - Clear,01 - Daylight,01 - Dry,10 - No control,,03 - P.D. only,07 - SMV other,0
14-4332,DECARIE DR @ TERRANOVA DR/GRENOBLE CRES E,381125.32220,5038851.65293,-75.52360282380,45.48541559610,2014-04-21,2:27:00 PM,01 - Clear,01 - Daylight,01 - Dry,02 - Stop sign,01 - Functioning,02 - Non-fatal injury,05 - Turning movement,0
14-4333,BEGIN ST @ MONTREAL RD,370467.18123,5033287.59350,-75.66067510630,45.43643685070,2014-04-21,2:45:00 PM,01 - Clear,01 - Daylight,01 - Dry,02 - Stop sign,01 - Functioning,03 - P.D. only,02 - Angle,0
14-4334,FRIEL ST @ RIDEAU ST,368770.28060,5032571.53217,-75.68245482140,45.43015130600,2014-04-20,2:00:00 PM,01 - Clear,01 - Daylight,01 - Dry,01 - Traffic signal,00 - Unknown,03 - P.D. only,03 - Rear end,0
14-4335,KING EDWARD AVE @ RIDEAU ST,368511.23327,5032414.53707,-75.68578544040,45.42876236770,2014-04-21,3:07:00 PM,01 - Clear,01 - Daylight,01 - Dry,01 - Traffic signal,01 - Functioning,02 - Non-fatal injury,07 - SMV other,2
14-4336,NAVAN RD btwn CANARY ST & MILTON RD,386938.38826,5031767.46797,-75.45043393220,45.42101941190,2014-04-21,2:45:00 PM,01 - Clear,01 - Daylight,01 - Dry,10 - No control,,03 - P.D. only,03 - Rear end,0
14-4337,MARCH RD @ TERRY FOX DR,349864.13467,5023399.50890,-75.92489960440,45.34909383760,2014-04-21,3:17:00 PM,01 - Clear,01 - Daylight,01 - Dry,01 - Traffic signal,01 - Functioning,03 - P.D. only,99 - Other,0
14-4338,CASABELLA DR @ INNES RD,384630.35260,5036463.09010,-75.47915959220,45.46353354890,2014-04-21,3:00:00 PM,01 - Clear,01 - Daylight,01 - Dry,02 - Stop sign,01 - Functioning,03 - P.D. only,02 - Angle,0
14-4339,MERIVALE RD @ 210 S OF MEADOWLANDS DR,364943.55447,5023529.93426,-75.73245807500,45.34913637630,2014-04-21,5:28:00 PM,01 - Clear,01 - Daylight,01 - Dry,01 - Traffic signal,01 - Functioning,03 - P.D. only,04 - Sideswipe,0
14-4340,ALPINE AVE @ CARLING AVE,360496.20307,5024943.46677,-75.78905060560,45.36222258420,2014-04-21,6:00:00 PM,01 - Clear,01 - Daylight,01 - Dry,01 - Traffic signal,01 - Functioning,03 - P.D. only,03 - Rear end,0