Record,Location,X,Y,Longitude,Latitude,Date,Time,Environment,Light,Road_Surface,Traffic_Control,Collision_Location,Collision_Classification,Impact_type,Pedestrian
14-4556,ALBION RD btwn COLLISTON CRES & LILIBET CRES,371041.70102,5026334.37546,-75.65426679190,45.37382036930,2014-04-29,12:45:00 PM,01 - Clear,01 - Daylight,01 - Dry,10 - No control,,02 - Non-fatal injury,02 - Angle,0
14-4557,INDUSTRIAL AVE/INNES RD @ ST. LAURENT BLVD,373098.97903,5030008.45196,-75.62749523730,45.40668061490,2014-04-29,11:00:00 AM,01 - Clear,01 - Daylight,01 - Dry,01 - Traffic signal,01 - Functioning,03 - P.D. only,04 - Sideswipe,0
14-4559,BRONSON AVE btwn CARLING AVE & FIRST AVE,367463.41089,5029302.66600,-75.69957071160,45.40085738130,2014-04-29,12:30:00 PM,01 - Clear,01 - Daylight,01 - Dry,10 - No control,,03 - P.D. only,03 - Rear end,0
14-4560,REGIONAL ROAD 174 btwn OR174 IC109 RAMP64 & OR174 IC105 RAMP16,376597.03719,5035292.36163,-75.58204353000,45.45387194080,2014-04-29,1:45:00 PM,01 - Clear,01 - Daylight,01 - Dry,10 - No control,,03 - P.D. only,03 - Rear end,0
14-4561,ALTA VISTA DR @ CUNNINGHAM AVE,370346.14470,5028016.59693,-75.66292292680,45.38902183330,2014-04-29,2:29:00 PM,01 - Clear,01 - Daylight,01 - Dry,02 - Stop sign,01 - Functioning,03 - P.D. only,03 - Rear end,0
14-4562,ST. LAURENT BLVD @ WALKLEY RD,373902.27617,5028045.90723,-75.61750943620,45.38894372000,2014-04-29,2:33:00 PM,01 - Clear,01 - Daylight,01 - Dry,01 - Traffic signal,01 - Functioning,03 - P.D. only,04 - Sideswipe,0
14-4563,BANKFIELD RD @ PRINCE OF WALES DR,366377.32023,5008974.43853,-75.71596848270,45.21804260020,2014-04-29,2:45:00 PM,01 - Clear,01 - Daylight,01 - Dry,01 - Traffic signal,01 - Functioning,03 - P.D. only,02 - Angle,0
14-4564,INNES RD btwn JEANNE D'ARC BLVD S & WILDFLOWER DR,382655.28915,5035576.08451,-75.50455252480,45.45577594700,2014-04-29,3:20:00 PM,01 - Clear,01 - Daylight,01 - Dry,10 - No control,,03 - P.D. only,04 - Sideswipe,0
14-4565,IRIS ST @ WOODROFFE AVE,362284.11390,5024441.51950,-75.76628856110,45.35756177400,2014-04-29,3:45:00 PM,01 - Clear,01 - Daylight,01 - Dry,01 - Traffic signal,01 - Functioning,03 - P.D. only,03 - Rear end,0
14-4566,CARLING AVE @ MAITLAND AVE/SHERBOURNE RD,362945.06757,5026488.52710,-75.75761213550,45.37592602110,2014-04-29,1:30:00 PM,01 - Clear,01 - Daylight,01 - Dry,01 - Traffic signal,01 - Functioning,03 - P.D. only,03 - Rear end,0
14-4567,BAYCREST DR btwn CEDARWOOD DR & SANDALWOOD DR,371244.41824,5026779.10966,-75.65161907150,45.37780273680,2014-04-29,4:54:00 PM,01 - Clear,01 - Daylight,01 - Dry,10 - No control,,03 - P.D. only,99 - Other,0
14-4568,CARLING AVE @ CROYDON AVE,360660.10240,5025043.46537,-75.78694732740,45.36310932600,2014-04-29,5:42:00 PM,01 - Clear,01 - Daylight,01 - Dry,01 - Traffic signal,01 - Functioning,03 - P.D. only,03 - Rear end,0
14-4569,TERRY FOX DR @ HALKIRK AVE/WINCHESTER DR,352512.36683,5016871.90283,-75.89173402000,45.29018189170,2014-04-29,5:30:00 PM,02 - Rain,01 - Daylight,02 - Wet,01 - Traffic signal,01 - Functioning,03 - P.D. only,04 - Sideswipe,0
14-4570,FISHER AVE @ VIEWMOUNT DR,366921.07897,5024211.40283,-75.70713801350,45.35509572760,2014-04-29,8:02:00 PM,02 - Rain,07 - Dark,02 - Wet,01 - Traffic signal,01 - Functioning,02 - Non-fatal injury,05 - Turning movement,0
14-4571,COLONEL BY DR @ OTTAWA UNIV. PED. XING,368729.23357,5031494.47193,-75.68311914280,45.42046406170,2014-04-29,6:45:00 PM,02 - Rain,01 - Daylight,02 - Wet,01 - Traffic signal,01 - Functioning,03 - P.D. only,03 - Rear end,0
14-4572,JEANNE D'ARC BLVD @ ORLEANS BLVD S,380940.27057,5036252.47533,-75.52637256490,45.46205055020,2014-04-29,8:27:00 PM,02 - Rain,07 - Dark,02 - Wet,01 - Traffic signal,01 - Functioning,03 - P.D. only,05 - Turning movement,0
14-4573,LEES AVE btwn CHESTNUT ST & HWY417 IC118 RAMP45,369393.53353,5030791.30557,-75.67472384460,45.41407621290,2014-04-29,8:31:00 PM,02 - Rain,07 - Dark,02 - Wet,10 - No control,,03 - P.D. only,03 - Rear end,0
14-4574,LEMIEUX ST @ ST. LAURENT BLVD,372390.30290,5031742.56440,-75.63630955900,45.42235216380,2014-04-29,9:07:00 PM,01 - Clear,07 - Dark,01 - Dry,01 - Traffic signal,01 - Functioning,02 - Non-fatal injury,03 - Rear end,0
14-4575,BLAIR RD @ REGIONAL RD 174 S/OR174 IC112 RAMP15,374907.02844,5032662.16588,-75.60402302770,45.43037854740,2014-04-29,9:15:00 PM,02 - Rain,07 - Dark,02 - Wet,01 - Traffic signal,01 - Functioning,03 - P.D. only,03 - Rear end,0
14-4576,FLEWELLYN RD btwn SHEA RD & FAULKNER TR,353681.80870,5012792.62191,-75.87722773190,45.25339507880,2014-04-29,9:28:00 PM,02 - Rain,07 - Dark,02 - Wet,10 - No control,,03 - P.D. only,07 - SMV other,0
14-4577,HWY 417 TERRYFO IC140R52 @ TERRY FOX DR,351051.80953,5018434.61619,-75.91020731770,45.30434126470,2014-04-30,7:30:00 AM,02 - Rain,01 - Daylight,02 - Wet,01 - Traffic signal,01 - Functioning,03 - P.D. only,03 - Rear end,0
14-4578,JEANNE D'ARC BLVD @ ORLEANS BLVD N,380029.20173,5038105.59870,-75.53773730320,45.47882219420,2014-04-30,8:00:00 AM,02 - Rain,01 - Daylight,02 - Wet,01 - Traffic signal,01 - Functioning,03 - P.D. only,03 - Rear end,0
14-4579,LABELLE ST/RAMP @ LEMIEUX ST/HWY417 IC115 RAMP,372542.19433,5031688.56920,-75.63437628960,45.42185164860,2014-04-30,8:19:00 AM,02 - Rain,01 - Daylight,02 - Wet,02 - Stop sign,01 - Functioning,02 - Non-fatal injury,02 - Angle,0
14-4581,CAMERON ST @ REGIONAL RD 174,389860.29967,5042617.56430,-75.41122631910,45.51828704950,2014-04-30,9:52:00 AM,02 - Rain,01 - Daylight,02 - Wet,01 - Traffic signal,01 - Functioning,03 - P.D. only,02 - Angle,0
14-4582,INNES RD EB btwn INNES RD & INNES RD W,377021.85889,5032184.26768,-75.57706877590,45.42586352370,2014-04-30,9:56:00 AM,02 - Rain,01 - Daylight,02 - Wet,10 - No control,,02 - Non-fatal injury,07 - SMV other,0
14-4583,RIDEAU ST btwn KING EDWARD AVE & NELSON ST,368632.66785,5032484.97510,-75.68422456280,45.42938507060,2014-04-30,9:35:00 AM,02 - Rain,01 - Daylight,02 - Wet,10 - No control,,02 - Non-fatal injury,05 - Turning movement,0
14-4584,WEST HUNT CLUB RD @ ANTARES DR/LASER ST,367105.34163,5022081.50170,-75.70505475690,45.33591492990,2014-04-30,10:49:00 AM,02 - Rain,01 - Daylight,02 - Wet,01 - Traffic signal,01 - Functioning,03 - P.D. only,03 - Rear end,0
14-4585,HWY 417 INNES IC112R57 @ INNES RD,374297.99303,5030755.01445,-75.61207467430,45.41327978450,2014-04-25,7:30:00 AM,01 - Clear,01 - Daylight,01 - Dry,01 - Traffic signal,01 - Functioning,03 - P.D. only,03 - Rear end,0
14-4586,ST. JOSEPH BLVD btwn YOUVILLE DR & NOTRE DAME ST W,379219.63012,5036171.41313,-75.54838406860,45.46150662410,2014-04-30,11:45:00 AM,02 - Rain,01 - Daylight,02 - Wet,10 - No control,,03 - P.D. only,04 - Sideswipe,0
14-4587,HUNT CLUB RD @ DOWNPATRICK RD/MCCARTHY RD,370509.15620,5023400.50900,-75.66145532070,45.34747248810,2014-04-30,11:30:00 AM,02 - Rain,01 - Daylight,02 - Wet,01 - Traffic signal,01 - Functioning,03 - P.D. only,03 - Rear end,0
14-4588,FALLOWFIELD RD btwn ASHDALE AVE & PRINCE OF WALES DR,367228.65247,5019061.08302,-75.70386235720,45.30872670820,2014-04-30,12:21:00 PM,02 - Rain,01 - Daylight,02 - Wet,10 - No control,,03 - P.D. only,03 - Rear end,0
14-4589,GLENLIVET AVE @ RENAUD RD,382141.01700,5032935.20900,-75.51154201810,45.43207261980,2014-04-30,12:00:00 PM,02 - Rain,01 - Daylight,02 - Wet,,01 - Functioning,03 - P.D. only,02 - Angle,0
14-4590,GLADSTONE AVE @ LYON ST,367583.23957,5030361.57110,-75.69790540190,45.41037435730,2014-04-30,12:42:00 PM,02 - Rain,01 - Daylight,02 - Wet,01 - Traffic signal,01 - Functioning,03 - P.D. only,02 - Angle,0
14-4591,MERIVALE RD @ WEST HUNT CLUB RD,365612.18823,5021942.75169,-75.72412096740,45.33479747430,2014-04-30,1:26:00 PM,02 - Rain,01 - Daylight,02 - Wet,01 - Traffic signal,01 - Functioning,03 - P.D. only,04 - Sideswipe,0
14-4592,CLYDE AVE btwn CLYDE AVE & STARWOOD RD,364441.84502,5024697.32649,-75.73871940720,45.35968326420,2014-04-30,1:35:00 PM,02 - Rain,01 - Daylight,02 - Wet,10 - No control,,03 - P.D. only,03 - Rear end,0
14-4593,MURRAY ST @ NELSON ST,368435.86762,5032843.82767,-75.68669302110,45.43263182980,2014-04-30,1:46:00 PM,02 - Rain,01 - Daylight,02 - Wet,02 - Stop sign,01 - Functioning,02 - Non-fatal injury,07 - SMV other,1
14-4594,CUMMINGS AVE btwn DONALD ST & EADY CRT,372658.77877,5032390.72592,-75.63278998800,45.42815801970,2014-04-30,1:52:00 PM,02 - Rain,01 - Daylight,02 - Wet,10 - No control,,03 - P.D. only,05 - Turning movement,0
14-4595,FOURTH AVE btwn BANK ST & O'CONNOR ST,368460.12773,5029536.34984,-75.68681029270,45.40287007030,2014-04-30,12:35:00 PM,02 - Rain,01 - Daylight,02 - Wet,10 - No control,,03 - P.D. only,04 - Sideswipe,0
14-4596,SANDHAMN PRIV btwn SANDHAMN PRIV & SANDHAMN PRIV,371770.53567,5024827.95685,-75.64516670770,45.36019687780,2014-04-30,2:17:00 PM,02 - Rain,01 - Daylight,02 - Wet,10 - No control,,03 - P.D. only,02 - Angle,0
14-4597,BRIGITTA ST btwn ROMINA ST & OPUS ST,354577.38628,5015302.23896,-75.86556694610,45.27591447050,2014-04-30,12:30:00 PM,02 - Rain,01 - Daylight,02 - Wet,10 - No control,,03 - P.D. only,06 - SMV unattended vehicle,0
14-4598,CARP RD @ RICHARDSON SIDE RD,346210.02963,5017159.50873,-75.97205231170,45.29316950270,2014-04-29,1:30:00 PM,01 - Clear,01 - Daylight,01 - Dry,01 - Traffic signal,01 - Functioning,03 - P.D. only,03 - Rear end,0
14-4599,HUNT CLUB RD btwn TRANSIT & DAZE ST,371265.66255,5023848.39006,-75.65174205660,45.35143110030,2014-04-30,2:44:00 PM,02 - Rain,01 - Daylight,02 - Wet,10 - No control,,03 - P.D. only,04 - Sideswipe,0
14-4600,SUSSEX DR btwn 262 N OF KING EDWARD AVE & STANLEY AVE,367816.69453,5033834.23927,-75.69447886880,45.44159926980,2014-04-30,3:26:00 PM,02 - Rain,01 - Daylight,02 - Wet,10 - No control,,02 - Non-fatal injury,04 - Sideswipe,0
14-4601,BAYSWATER AVE @ YOUNG ST,366092.17383,5029269.54560,-75.71708862260,45.40068076670,2014-04-28,12:15:00 PM,01 - Clear,01 - Daylight,01 - Dry,02 - Stop sign,01 - Functioning,02 - Non-fatal injury,02 - Angle,0
14-4602,GREENBANK RD @ 220 N OF STRANDHERD DR,363848.86643,5014982.47437,-75.74744562220,45.27231972970,2014-04-30,3:35:00 PM,02 - Rain,01 - Daylight,02 - Wet,01 - Traffic signal,01 - Functioning,03 - P.D. only,03 - Rear end,0
14-4603,RUSSELL RD btwn RUSSELL RD & WALKLEY RD,374802.11503,5028234.53633,-75.60599242530,45.39055155300,2014-04-30,3:37:00 PM,02 - Rain,01 - Daylight,02 - Wet,10 - No control,,02 - Non-fatal injury,03 - Rear end,0
14-4604,BRIDGE ST @ KITOMAN CRES,369418.13450,5010722.39500,-75.67702838880,45.23349827610,2014-04-30,4:00:00 PM,02 - Rain,01 - Daylight,02 - Wet,02 - Stop sign,01 - Functioning,03 - P.D. only,02 - Angle,0
14-4605,MONTREAL RD @ OGILVIE RD,375654.26107,5034557.53397,-75.59420165190,45.44735664000,2014-04-30,4:26:00 PM,02 - Rain,01 - Daylight,02 - Wet,01 - Traffic signal,00 - Unknown,03 - P.D. only,03 - Rear end,0
14-4606,NAVAN RD @ PAGE RD,381659.28607,5032772.44563,-75.51772327890,45.43066131140,2014-04-30,4:31:00 PM,02 - Rain,01 - Daylight,02 - Wet,02 - Stop sign,01 - Functioning,03 - P.D. only,02 - Angle,0
14-4607,BASELINE RD @ GREENBANK RD,360599.10610,5022586.39593,-75.78800316310,45.34100553910,2014-04-30,3:40:00 PM,02 - Rain,01 - Daylight,02 - Wet,01 - Traffic signal,00 - Unknown,03 - P.D. only,03 - Rear end,0
14-4608,NAVAN RD btwn INNES RD & ORLEANS BLVD,379807.70572,5033217.59618,-75.54131565150,45.43486748950,2014-04-30,4:48:00 PM,01 - Clear,01 - Daylight,01 - Dry,10 - No control,,03 - P.D. only,03 - Rear end,0
14-4609,NAVAN RD @ PAGE RD,381660.99457,5032770.54990,-75.51770174310,45.43064406760,2014-04-30,5:03:00 PM,02 - Rain,01 - Daylight,02 - Wet,02 - Stop sign,01 - Functioning,03 - P.D. only,03 - Rear end,0
14-4610,PINECREST RD @ RICHMOND RD,360072.19657,5024472.46027,-75.79451521170,45.35801803970,2014-04-30,2:00:00 PM,02 - Rain,01 - Daylight,02 - Wet,01 - Traffic signal,01 - Functioning,02 - Non-fatal injury,03 - Rear end,0
14-4611,BEECHWOOD AVE @ ST. CHARLES ST,369417.13650,5033788.44520,-75.67402908410,45.44104113770,2014-04-30,4:45:00 PM,02 - Rain,01 - Daylight,02 - Wet,01 - Traffic signal,01 - Functioning,03 - P.D. only,03 - Rear end,0
14-4612,RIVER RD btwn OLD MILL WAY & OLD MILL WAY,369167.24085,5010940.81126,-75.68019516340,45.23548655000,2014-04-30,5:30:00 PM,02 - Rain,01 - Daylight,02 - Wet,10 - No control,,03 - P.D. only,03 - Rear end,0
14-4613,INNES RD @ 298 E OF WILDFLOWER DR/LOBLAWS SC,383189.80895,5035797.41218,-75.49768399380,45.45770750020,2014-04-29,3:30:00 PM,01 - Clear,01 - Daylight,01 - Dry,01 - Traffic signal,01 - Functioning,03 - P.D. only,07 - SMV other,0
14-4614,HAWTHORNE RD/RUSSELL RD @ WALKLEY RD,374674.26997,5028500.48917,-75.60758729250,45.39295723470,2014-04-30,5:33:00 PM,01 - Clear,01 - Daylight,01 - Dry,01 - Traffic signal,01 - Functioning,03 - P.D. only,03 - Rear end,0
14-4615,HWY 417 VANIER IC117R63 @ VANIER PKWY,370798.76056,5031397.89842,-75.65669072250,45.41940296330,2014-04-30,1:30:00 PM,02 - Rain,01 - Daylight,02 - Wet,01 - Traffic signal,01 - Functioning,03 - P.D. only,03 - Rear end,0
14-4616,FIELD ST btwn WOODROFFE AVE & CHECKERS RD,362443.45895,5024118.25247,-75.76429258670,45.35463996110,2014-04-30,6:08:00 PM,02 - Rain,01 - Daylight,02 - Wet,10 - No control,,03 - P.D. only,06 - SMV unattended vehicle,0
14-4617,EVELYN AVE @ MAIN ST,369038.23487,5030471.67617,-75.67930448760,45.41123300640,2014-04-30,5:45:00 PM,02 - Rain,01 - Daylight,02 - Wet,01 - Traffic signal,01 - Functioning,03 - P.D. only,03 - Rear end,0
14-4618,DEAKIN ST @ PRINCE OF WALES DR,367388.34143,5021523.48780,-75.70151491740,45.33086883290,2014-04-30,5:30:00 PM,02 - Rain,01 - Daylight,02 - Wet,01 - Traffic signal,01 - Functioning,02 - Non-fatal injury,03 - Rear end,0
14-4619,FALLOWFIELD RD btwn MOODIE DR & HWY416 IC66 RAMP53,359603.13036,5014668.53507,-75.80158629790,45.26983856590,2014-04-30,2:00:00 PM,02 - Rain,01 - Daylight,02 - Wet,10 - No control,,03 - P.D. only,04 - Sideswipe,0
14-4620,GILMOUR ST @ LYON ST,367453.23787,5030573.57150,-75.69953914410,45.41229352260,2014-04-30,4:45:00 PM,02 - Rain,01 - Daylight,02 - Wet,02 - Stop sign,00 - Unknown,03 - P.D. only,04 - Sideswipe,0
14-4621,CRESTWAY DR @ PRINCE OF WALES DR,367370.05207,5016575.96113,-75.70237287400,45.28635329230,2014-04-30,6:56:00 PM,02 - Rain,01 - Daylight,02 - Wet,01 - Traffic signal,01 - Functioning,03 - P.D. only,03 - Rear end,0
14-4622,WEXFORD WAY btwn HARKNESS AVE & WALKLEY RD,369325.91084,5025390.72395,-75.67629389560,45.36548976160,2014-04-30,8:23:00 PM,02 - Rain,05 - Dusk,02 - Wet,10 - No control,,03 - P.D. only,07 - SMV other,0
14-4623,PARKDALE AVE @ SCOTT ST,364949.22967,5029725.61193,-75.73163098070,45.40488348130,2014-04-30,10:50:00 PM,02 - Rain,07 - Dark,02 - Wet,01 - Traffic signal,01 - Functioning,03 - P.D. only,05 - Turning movement,0
14-4624,ALBERT ST @ O'CONNOR ST,367539.17643,5031518.67727,-75.69832097150,45.42078958760,2014-05-01,8:00:00 AM,02 - Rain,01 - Daylight,02 - Wet,01 - Traffic signal,01 - Functioning,03 - P.D. only,04 - Sideswipe,0
14-4625,COLONEL BY DR @ HAWTHORNE AVE/PRETORIA BRIDGE,368768.04900,5030526.19955,-75.68274890170,45.41174833770,2014-05-01,8:23:00 AM,02 - Rain,01 - Daylight,02 - Wet,01 - Traffic signal,00 - Unknown,03 - P.D. only,04 - Sideswipe,0
14-4626,LAFONTAINE AVE @ MCARTHUR AVE,370949.23837,5032770.62583,-75.65458382480,45.43173996560,2014-04-30,3:30:00 PM,02 - Rain,01 - Daylight,02 - Wet,01 - Traffic signal,01 - Functioning,03 - P.D. only,05 - Turning movement,0
14-4627,GREENBANK RD btwn WEST HUNT CLUB RD & FALLOWFIELD RD,361772.40812,5019839.16114,-75.77334917700,45.31619166830,2014-05-01,8:35:00 AM,02 - Rain,01 - Daylight,02 - Wet,10 - No control,,03 - P.D. only,02 - Angle,0
14-4628,GREENFIELD AVE @ MAIN ST,368892.18943,5030816.57500,-75.68112529640,45.41434967630,2014-05-01,8:45:00 AM,02 - Rain,01 - Daylight,02 - Wet,01 - Traffic signal,01 - Functioning,03 - P.D. only,02 - Angle,0
14-4629,CATHERINE ST/HWY 417 O'CONN IC119BR76 @ O'CONN,368243.62877,5030393.44862,-75.68946526470,45.41060162630,2014-05-01,8:51:00 AM,02 - Rain,01 - Daylight,02 - Wet,01 - Traffic signal,00 - Unknown,03 - P.D. only,04 - Sideswipe,0
14-4630,SLACK RD @ WOODROFFE AVE,364233.20957,5019975.42607,-75.74194940090,45.31721378870,2014-05-01,8:52:00 AM,02 - Rain,01 - Daylight,02 - Wet,01 - Traffic signal,01 - Functioning,03 - P.D. only,05 - Turning movement,0
14-4631,BASELINE RD @ WOODROFFE AVE,362552.05987,5023772.40043,-75.76294701870,45.35151907490,2014-05-01,9:00:00 AM,02 - Rain,01 - Daylight,02 - Wet,01 - Traffic signal,01 - Functioning,03 - P.D. only,04 - Sideswipe,0
14-4632,BANK ST @ QUEEN ST,367344.17793,5031489.58000,-75.70081610510,45.42054523930,2014-05-01,9:36:00 AM,02 - Rain,01 - Daylight,02 - Wet,01 - Traffic signal,01 - Functioning,03 - P.D. only,04 - Sideswipe,0
14-4633,JOCKVALE RD @ FABLE ST/WEYBRIDGE DR E,362513.15393,5015142.48393,-75.76444872390,45.27387039550,2014-05-01,8:30:00 AM,02 - Rain,01 - Daylight,02 - Wet,03 - Yield sign,00 - Unknown,03 - P.D. only,02 - Angle,0
14-4634,VANIER PKWY NB btwn RIVERSIDE DR & HWY417 IC117 RAMP26,370814.16638,5031203.54198,-75.65651993270,45.41765277110,2014-04-29,12:00:00 PM,01 - Clear,01 - Daylight,01 - Dry,10 - No control,,03 - P.D. only,03 - Rear end,0
14-4635,WOODROFFE AVE @ KNOXDALE RD/MEDHURST DR,363420.16383,5021826.48700,-75.75209948490,45.33393788240,2014-05-01,11:43:00 AM,01 - Clear,01 - Daylight,01 - Dry,01 - Traffic signal,01 - Functioning,03 - P.D. only,05 - Turning movement,0
14-4636,MONTREAL RD btwn MONTREAL SQUARE SC & CENTER ST,371807.01616,5033944.95263,-75.64346242360,45.44222434210,2014-05-01,1:41:00 PM,01 - Clear,01 - Daylight,01 - Dry,10 - No control,,03 - P.D. only,07 - SMV other,0
14-4637,PRINCE OF WALES DR @ WEST HUNT CLUB RD,367458.23637,5021892.45117,-75.70057659550,45.33418246320,2014-05-01,12:55:00 PM,01 - Clear,01 - Daylight,01 - Dry,01 - Traffic signal,01 - Functioning,03 - P.D. only,03 - Rear end,0
14-4638,BANK ST btwn RIVERSIDE DR & RIVERSIDE DR,369252.73012,5027957.00572,-75.67689303350,45.38858712710,2014-05-01,12:15:00 PM,01 - Clear,01 - Daylight,01 - Dry,10 - No control,,03 - P.D. only,04 - Sideswipe,0
14-4639,CRAIGHURST DR @ ROGER STEVENS DR,366040.04297,4999144.11964,-75.72146865510,45.12961763090,2014-05-01,2:26:00 PM,01 - Clear,01 - Daylight,01 - Dry,02 - Stop sign,01 - Functioning,02 - Non-fatal injury,02 - Angle,0
14-4640,STRANDHERD DR @ WOODROFFE AVE,366105.68007,5015397.04473,-75.71863487220,45.27585688820,2014-05-01,2:26:00 PM,01 - Clear,01 - Daylight,01 - Dry,01 - Traffic signal,01 - Functioning,03 - P.D. only,03 - Rear end,0
14-4641,CANADIAN DR @ ONDROVIC GT,342764.87867,5006845.35847,-76.01676142320,45.20055205430,2014-05-01,3:10:00 PM,01 - Clear,01 - Daylight,01 - Dry,02 - Stop sign,01 - Functioning,03 - P.D. only,03 - Rear end,0
14-4642,CUMMINGS AVE @ OGILVIE RD,372750.14200,5032168.68997,-75.63165316840,45.42615137820,2014-05-01,3:30:00 PM,01 - Clear,01 - Daylight,01 - Dry,01 - Traffic signal,01 - Functioning,03 - P.D. only,03 - Rear end,0
14-4643,AIRPORT PKWY/BRONSON/HERON RAMP 24 @ BRONSON A,368691.10259,5026733.75369,-75.68422299920,45.37763212350,2014-05-01,4:44:00 PM,01 - Clear,01 - Daylight,01 - Dry,10 - No control,,03 - P.D. only,07 - SMV other,0
14-4644,LOYOLA AVE btwn EASTVALE DR & DE SALABERRY ST,375881.69566,5035119.23461,-75.59121334020,45.45238738200,2014-05-01,4:15:00 PM,01 - Clear,01 - Daylight,01 - Dry,10 - No control,,03 - P.D. only,02 - Angle,0
14-4645,LAURIER AVE @ NICHOLAS ST,368374.11093,5031798.26990,-75.68761719860,45.42322989100,2014-05-01,9:40:00 AM,01 - Clear,01 - Daylight,01 - Dry,01 - Traffic signal,01 - Functioning,02 - Non-fatal injury,03 - Rear end,0
14-4646,BOOTH ST @ GLADSTONE AVE,366768.23147,5029849.61383,-75.70838097720,45.40584054790,2014-05-01,6:17:00 PM,01 - Clear,01 - Daylight,01 - Dry,01 - Traffic signal,01 - Functioning,03 - P.D. only,02 - Angle,0
14-4647,QUEEN MARY ST btwn LOLA ST & NAUGHTON ST,371144.41554,5032047.42710,-75.65218707620,45.42521445220,2014-05-01,6:00:00 PM,01 - Clear,01 - Daylight,01 - Dry,10 - No control,,03 - P.D. only,04 - Sideswipe,0
14-4648,CHURCHILL AVE @ RICHMOND RD,363228.16773,5028290.65557,-75.75378455250,45.39211776130,2014-05-01,7:54:00 PM,01 - Clear,01 - Daylight,01 - Dry,01 - Traffic signal,01 - Functioning,02 - Non-fatal injury,07 - SMV other,1
14-4649,MARCH RD btwn HALTON TERR/MAXWELL BRIDGE RD & MAXWELL RD,348510.76439,5024896.85092,-75.94203784140,45.36265292920,2014-05-01,8:55:00 PM,01 - Clear,07 - Dark,01 - Dry,10 - No control,,03 - P.D. only,07 - SMV other,0
14-4650,CARLING AVE @ KIRKWOOD AVE S,364351.22657,5027337.54910,-75.73955766780,45.38344728050,2014-05-01,6:30:00 PM,01 - Clear,01 - Daylight,01 - Dry,01 - Traffic signal,01 - Functioning,03 - P.D. only,05 - Turning movement,0
14-4651,O'CONNOR ST @ WELLINGTON ST,367412.27740,5031720.68677,-75.69991664950,45.42261857310,2014-05-01,8:00:00 PM,01 - Clear,05 - Dusk,01 - Dry,01 - Traffic signal,01 - Functioning,03 - P.D. only,07 - SMV other,0
14-4652,BASELINE RD @ CENTREPOINTE DR E/HIGHGATE RD,362060.26480,5023466.45317,-75.76925839950,45.34880650870,2014-05-01,8:35:00 PM,01 - Clear,05 - Dusk,01 - Dry,01 - Traffic signal,01 - Functioning,03 - P.D. only,05 - Turning movement,0
14-4653,HUNTLEY RD btwn FLEWELLYN RD & CORLYN GT,351536.09459,5010595.58519,-75.90476989450,45.23377115080,2014-05-01,9:06:00 PM,01 - Clear,07 - Dark,01 - Dry,10 - No control,,03 - P.D. only,07 - SMV other,0
14-4654,HAWTHORNE RD/RUSSELL RD @ WALKLEY RD,374675.21783,5028501.43703,-75.60757505470,45.39296566800,2014-05-02,2:34:00 AM,01 - Clear,07 - Dark,01 - Dry,01 - Traffic signal,01 - Functioning,02 - Non-fatal injury,02 - Angle,0
14-4655,RICHMOND RD btwn PERTH ST & CAMBRIAN RD,358831.15589,5008022.42573,-75.81214565580,45.21009530290,2014-05-02,3:04:00 AM,01 - Clear,07 - Dark,01 - Dry,10 - No control,,02 - Non-fatal injury,07 - SMV other,0
14-4656,BANNER RD @ GREENBANK RD,361019.30293,5021568.38763,-75.78275752310,45.33181196530,2014-05-02,7:40:00 AM,01 - Clear,01 - Daylight,01 - Dry,01 - Traffic signal,01 - Functioning,03 - P.D. only,05 - Turning movement,0
14-4657,INNES RD @ TENTH LINE RD,383952.23423,5036161.45653,-75.48787831100,45.46089688790,2014-05-02,7:40:00 AM,01 - Clear,01 - Daylight,01 - Dry,01 - Traffic signal,01 - Functioning,03 - P.D. only,03 - Rear end,0
14-4658,RIDEAU RD btwn DOWNEY RD & BOWESVILLE RD,373269.26529,5015522.26026,-75.62732495650,45.27632246920,2014-05-02,7:50:00 AM,02 - Rain,01 - Daylight,02 - Wet,10 - No control,,03 - P.D. only,07 - SMV other,0
14-4659,SUNNYSIDE AVE btwn ROSEDALE AVE & GROSVENOR AVE,368453.20793,5028411.08329,-75.68704388420,45.39274590110,2014-05-02,8:14:00 AM,01 - Clear,01 - Daylight,01 - Dry,10 - No control,,03 - P.D. only,03 - Rear end,0
14-4660,MARCH RD btwn SECOND LINE RD & DUNROBIN RD,347024.98755,5026073.92717,-75.96090212390,45.37333562090,2014-04-09,5:30:00 PM,01 - Clear,01 - Daylight,01 - Dry,10 - No control,,03 - P.D. only,07 - SMV other,0
14-4661,ESPRIT DR btwn CHARDONNAY DR & DU PLATEAU ST,384854.80289,5036238.55952,-75.47632643000,45.46148774940,2014-05-02,8:30:00 AM,01 - Clear,01 - Daylight,01 - Dry,10 - No control,,03 - P.D. only,99 - Other,0
14-4662,BAYSHORE DR btwn WOODRIDGE CRES N & BAYSHORE CS,359137.76828,5023758.71899,-75.80651965540,45.35166883450,2014-05-02,11:00:00 AM,01 - Clear,01 - Daylight,01 - Dry,10 - No control,,03 - P.D. only,03 - Rear end,0
14-4663,PINECREST RD/HWY 417 PINECRE IC129R63 @ TRANSI,360388.13439,5023677.70802,-75.79057230570,45.35084190100,2014-05-02,12:27:00 PM,01 - Clear,01 - Daylight,01 - Dry,01 - Traffic signal,00 - Unknown,03 - P.D. only,03 - Rear end,0