Record,Location,X,Y,Longitude,Latitude,Date,Time,Environment,Light,Road_Surface,Traffic_Control,Collision_Location,Collision_Classification,Impact_type,Pedestrian
14-4664,WEST HUNT CLUB RD @ WOODROFFE AVE,363670.21707,5021246.48900,-75.74897845530,45.32869816860,2014-05-02,1:41:00 PM,01 - Clear,01 - Daylight,01 - Dry,01 - Traffic signal,01 - Functioning,03 - P.D. only,03 - Rear end,0
14-4665,PARKWAY RD @ TERRY ST,378355.86528,5013966.47033,-75.56273253880,45.26181037890,2014-05-02,2:17:00 PM,01 - Clear,01 - Daylight,01 - Dry,02 - Stop sign,01 - Functioning,02 - Non-fatal injury,02 - Angle,0
14-4666,GREENBANK RD @ 220 N OF STRANDHERD DR,363849.81430,5014983.42223,-75.74743343000,45.27232817840,2014-05-02,2:33:00 PM,01 - Clear,01 - Daylight,01 - Dry,01 - Traffic signal,01 - Functioning,03 - P.D. only,03 - Rear end,0
14-4667,BLAIR RD @ MEADOWBROOK RD,375195.32692,5032313.70200,-75.60038880150,45.42721430640,2014-05-02,3:22:00 PM,01 - Clear,01 - Daylight,01 - Dry,01 - Traffic signal,01 - Functioning,03 - P.D. only,02 - Angle,0
14-4668,PARK GROVE DR btwn DU GRAND BOIS AVE & DU GRAND BOIS AVE,383219.80509,5035880.19450,-75.49728731020,45.45844893660,2014-05-02,7:00:00 AM,01 - Clear,01 - Daylight,01 - Dry,10 - No control,,03 - P.D. only,06 - SMV unattended vehicle,0
14-4669,HOG'S BACK RD btwn COLONEL BY DR & RIVERSIDE DR,367735.39661,5025961.49542,-75.69652287680,45.37077003570,2014-05-02,3:50:00 PM,01 - Clear,01 - Daylight,01 - Dry,10 - No control,,03 - P.D. only,03 - Rear end,0
14-4670,IRIS ST @ PINECREST SC,360639.22907,5023381.09703,-75.78740152200,45.34815305430,2014-05-02,3:56:00 PM,01 - Clear,01 - Daylight,01 - Dry,01 - Traffic signal,01 - Functioning,03 - P.D. only,04 - Sideswipe,0
14-4671,PICKFORD DR/BELLEVIEW DR @ BACHMAN TER,353379.62868,5018483.72414,-75.88052037880,45.30462601360,2014-05-02,4:45:00 PM,01 - Clear,01 - Daylight,01 - Dry,02 - Stop sign,01 - Functioning,03 - P.D. only,02 - Angle,0
14-4672,STONEBOAT CRES btwn LUMBERMAN WAY & LUMBERMAN WAY,380458.89163,5037378.08989,-75.53235393370,45.47223023070,2014-04-27,3:00:00 PM,01 - Clear,01 - Daylight,01 - Dry,10 - No control,,03 - P.D. only,06 - SMV unattended vehicle,0
14-4673,BANK ST @ CATHERINE ST,368039.70540,5030268.33246,-75.69208631220,45.40949432810,2014-05-02,5:04:00 PM,01 - Clear,01 - Daylight,01 - Dry,01 - Traffic signal,01 - Functioning,03 - P.D. only,02 - Angle,0
14-4674,RIVERSIDE DR @ HERON RD,368120.63097,5026649.11683,-75.69151703880,45.37692237150,2014-05-02,4:00:00 PM,01 - Clear,01 - Daylight,01 - Dry,01 - Traffic signal,01 - Functioning,03 - P.D. only,03 - Rear end,0
14-4675,BANK ST @ SOMERSET ST,367694.22897,5030916.51237,-75.69641677080,45.41535757960,2014-05-02,5:51:00 PM,01 - Clear,01 - Daylight,01 - Dry,01 - Traffic signal,01 - Functioning,02 - Non-fatal injury,07 - SMV other,1
14-4676,HAZELDEAN RD @ TERRY FOX DR,352207.37938,5017241.94637,-75.89558659750,45.29353228140,2014-05-02,4:45:00 PM,01 - Clear,01 - Daylight,01 - Dry,01 - Traffic signal,01 - Functioning,03 - P.D. only,03 - Rear end,0
14-4678,HUNT CLUB RD @ DOWNPATRICK RD/MCCARTHY RD,370508.20833,5023399.56113,-75.66146754190,45.34746404790,2014-05-02,8:35:00 PM,01 - Clear,05 - Dusk,01 - Dry,01 - Traffic signal,01 - Functioning,03 - P.D. only,05 - Turning movement,0
14-4679,BOUNDARY RD btwn MITCH OWENS RD & DEVINE RD,388158.07363,5021935.68347,-75.43651104870,45.33241784680,2014-05-02,9:25:00 PM,01 - Clear,07 - Dark,01 - Dry,10 - No control,,03 - P.D. only,07 - SMV other,0
14-4680,WOODKILTON RD btwn KILMAURS SIDE RD & KINBURN SIDE RD,336240.07906,5035752.55530,-76.09797445060,45.46099413380,2014-05-02,9:30:00 PM,01 - Clear,07 - Dark,01 - Dry,10 - No control,,03 - P.D. only,07 - SMV other,0
14-4681,BRANT ST @ MCARTHUR AVE,371261.29770,5032804.62913,-75.65059142090,45.43201632530,2014-05-02,10:25:00 PM,01 - Clear,07 - Dark,01 - Dry,01 - Traffic signal,01 - Functioning,03 - P.D. only,05 - Turning movement,0
14-4682,RICHMOND RD/BLACK FOREST LANE @ ARNOLD DR,357490.67890,5019752.05506,-75.82796554670,45.31574225100,2014-05-03,1:58:00 AM,01 - Clear,07 - Dark,01 - Dry,02 - Stop sign,01 - Functioning,03 - P.D. only,07 - SMV other,0
14-4683,HUNT CLUB RD EB btwn 275 E OF HAWTHORNE RD/OC TRANSPO TURNAROUND & HAWTHORNE RD,375775.73200,5026554.35900,-75.59380133520,45.37533617620,2014-05-03,2:48:00 AM,01 - Clear,07 - Dark,01 - Dry,10 - No control,,02 - Non-fatal injury,07 - SMV other,0
14-4684,JEANNE MANCE ST btwn OLMSTEAD ST & LAJOIE ST,370659.95029,5032977.31557,-75.65825300390,45.43362697480,2014-05-03,3:28:00 AM,01 - Clear,07 - Dark,01 - Dry,10 - No control,,03 - P.D. only,07 - SMV other,0
14-4685,CHARLOTTE ST @ RIDEAU ST,369250.18293,5032859.59220,-75.67628456390,45.43269909800,2014-05-03,5:57:00 AM,02 - Rain,03 - Dawn,02 - Wet,01 - Traffic signal,00 - Unknown,03 - P.D. only,07 - SMV other,0
14-4686,NICHOLAS ST SB btwn LAURIER AVE E & Continuation of NICHOLAS ST,368381.23795,5031782.59294,-75.68752815740,45.42308818710,2014-05-03,9:15:00 AM,01 - Clear,01 - Daylight,01 - Dry,10 - No control,,03 - P.D. only,04 - Sideswipe,0
14-4687,WEST HUNT CLUB RD @ CLEOPATRA DR/LANCELOT DR,365234.27820,5021732.49400,-75.72896780780,45.33293825030,2014-05-03,9:12:00 AM,01 - Clear,01 - Daylight,02 - Wet,01 - Traffic signal,01 - Functioning,02 - Non-fatal injury,03 - Rear end,0
14-4688,SPARTINA ST btwn WHITE ALDER AVE & BUFFLEHEAD WAY,374677.79482,5019884.77747,-75.60875999970,45.31543638070,2014-05-03,12:00:00 AM,01 - Clear,00 - Unknown,01 - Dry,10 - No control,,03 - P.D. only,06 - SMV unattended vehicle,0
14-4689,ALTA VISTA DR btwn CLUNY ST & ABBEY RD,370634.32867,5030042.61597,-75.65897257720,45.40722416500,2014-05-01,8:45:00 AM,02 - Rain,01 - Daylight,02 - Wet,10 - No control,,03 - P.D. only,03 - Rear end,0
14-4690,GREENBANK RD @ STRANDHERD DR,363934.15783,5014783.46933,-75.74638241100,45.27052191130,2014-05-03,9:53:00 AM,01 - Clear,01 - Daylight,01 - Dry,01 - Traffic signal,01 - Functioning,03 - P.D. only,04 - Sideswipe,0
14-4691,RIDEAU ST btwn KING EDWARD AVE & NELSON ST,368525.19174,5032423.48366,-75.68560591580,45.42884159430,2014-05-03,8:55:00 AM,02 - Rain,01 - Daylight,02 - Wet,10 - No control,,03 - P.D. only,05 - Turning movement,0
14-4692,CENTRUM BLVD btwn PLACE D'ORLEANS DR & PRESTONE DR,382240.75507,5038353.35472,-75.50941427950,45.48080949620,2014-05-03,10:44:00 AM,01 - Clear,01 - Daylight,01 - Dry,10 - No control,,03 - P.D. only,04 - Sideswipe,0
14-4693,RIVER RD @ SUMMERSIDE DR,373298.01801,5005469.86540,-75.62834229720,45.18587007070,2014-05-03,2:41:00 PM,01 - Clear,01 - Daylight,01 - Dry,02 - Stop sign,01 - Functioning,03 - P.D. only,07 - SMV other,0
14-4694,CONROY RD @ HUNT CLUB RD,373764.21393,5025406.41853,-75.61964101370,45.36520835660,2014-05-03,9:15:00 AM,02 - Rain,01 - Daylight,02 - Wet,01 - Traffic signal,01 - Functioning,03 - P.D. only,03 - Rear end,0
14-4695,BEARBROOK RD @ NORTHPARK DR S,377841.45395,5033230.43852,-75.56644129230,45.43519118420,2014-05-03,1:34:00 PM,01 - Clear,01 - Daylight,01 - Dry,02 - Stop sign,01 - Functioning,03 - P.D. only,02 - Angle,0
14-4696,CARLING AVE @ EDGEWORTH AVE,361265.04987,5025424.52440,-75.77918225540,45.36648960330,2014-05-03,3:43:00 PM,01 - Clear,01 - Daylight,01 - Dry,01 - Traffic signal,01 - Functioning,03 - P.D. only,03 - Rear end,0
14-4697,ST. LAURENT BLVD @ COVENTRY RD/OGILVIE RD,372306.19343,5031950.62673,-75.63735570230,45.42423233300,2014-05-03,2:43:00 PM,01 - Clear,01 - Daylight,01 - Dry,01 - Traffic signal,01 - Functioning,03 - P.D. only,04 - Sideswipe,0
14-4698,BLAIR RD @ OGILVIE RD,374506.30190,5033196.67927,-75.60906806730,45.43522786100,2014-05-03,2:20:00 PM,02 - Rain,01 - Daylight,02 - Wet,01 - Traffic signal,01 - Functioning,03 - P.D. only,04 - Sideswipe,0
14-4699,BANK ST @ RIVERSIDE DR S,369305.73104,5027894.80639,-75.67622437460,45.38802259830,2014-05-03,3:03:00 PM,01 - Clear,01 - Daylight,01 - Dry,01 - Traffic signal,01 - Functioning,03 - P.D. only,03 - Rear end,0
14-4700,CARSON'S RD btwn CHARLESWOOD AVE & DEN HAAG DR,372988.26823,5033900.20988,-75.62837065270,45.44170755010,2014-05-03,3:16:00 PM,01 - Clear,01 - Daylight,01 - Dry,10 - No control,,03 - P.D. only,02 - Angle,0
14-4701,INDUSTRIAL AVE @ NEIGHBORHOOD WAY,371093.19563,5030526.60923,-75.65304615170,45.41153562870,2014-05-03,3:42:00 PM,01 - Clear,01 - Daylight,01 - Dry,02 - Stop sign,00 - Unknown,03 - P.D. only,04 - Sideswipe,0
14-4702,ISABELLA ST/HWY417 IC119AR75 @ METCALFE ST,368449.98094,5030399.75887,-75.68682843060,45.41063966740,2014-05-03,3:00:00 PM,02 - Rain,01 - Daylight,02 - Wet,01 - Traffic signal,01 - Functioning,03 - P.D. only,04 - Sideswipe,0
14-4703,INNES RD @ PAGE RD,380887.27507,5034542.45023,-75.52731468730,45.44667087230,2014-05-03,3:48:00 PM,01 - Clear,01 - Daylight,01 - Dry,01 - Traffic signal,01 - Functioning,03 - P.D. only,05 - Turning movement,0
14-4704,RIVERSIDE DR NB btwn NEIL WAY & PLEASANT PARK RD,369479.65070,5028306.14273,-75.67394963760,45.39170762830,2014-05-03,3:00:00 PM,01 - Clear,01 - Daylight,01 - Dry,10 - No control,,03 - P.D. only,03 - Rear end,0
14-4705,YORK ST btwn TURN LANE & NELSON ST,368419.08048,5032636.83467,-75.68693429340,45.43077090960,2014-05-03,4:28:00 PM,01 - Clear,01 - Daylight,01 - Dry,10 - No control,,03 - P.D. only,06 - SMV unattended vehicle,0
14-4706,RICHMOND RD btwn ATHLONE AVE & TWEEDSMUIR AVE,363492.04235,5028464.56055,-75.75039407880,45.39366046370,2014-05-03,5:04:00 PM,01 - Clear,01 - Daylight,01 - Dry,10 - No control,,02 - Non-fatal injury,02 - Angle,0
14-4707,INNES RD @ TRIM RD,386566.29817,5037274.50377,-75.45427256180,45.47060991480,2014-05-03,5:54:00 PM,01 - Clear,01 - Daylight,01 - Dry,01 - Traffic signal,01 - Functioning,03 - P.D. only,05 - Turning movement,0
14-4708,BOOTH ST btwn 208 N OF MIDDLE ST/E.B. EDDY N & 148 N OF MIDDLE ST/E.B.,366015.64407,5031459.40554,-75.71779413130,45.42039124600,2014-05-03,6:38:00 PM,02 - Rain,01 - Daylight,02 - Wet,10 - No control,,03 - P.D. only,03 - Rear end,0
14-4709,RIDEAU ST @ 88 W OF WILLIAM ST/FREIMAN MALL,368025.14610,5032110.10390,-75.69203597800,45.42606729340,2014-05-04,12:15:00 AM,02 - Rain,07 - Dark,02 - Wet,01 - Traffic signal,01 - Functioning,02 - Non-fatal injury,03 - Rear end,0
14-4710,KIRKWOOD AVE btwn CHATELAIN AVE & LEPAGE AVE,364760.33647,5026671.18695,-75.73441491310,45.37741657590,2014-05-04,12:43:00 AM,01 - Clear,07 - Dark,02 - Wet,10 - No control,,03 - P.D. only,04 - Sideswipe,0
14-4711,BAYVIEW DR btwn RITCHIE AVE & DORIS CURRIE RD,335884.40957,5041081.41691,-76.10218494290,45.50896043470,2014-05-04,12:38:00 AM,02 - Rain,07 - Dark,02 - Wet,10 - No control,,02 - Non-fatal injury,07 - SMV other,0
14-4712,LAURIER AVE   W btwn BANK ST & O'CONNOR ST,367543.46871,5031301.13767,-75.69829383270,45.41883185110,2014-05-04,7:10:00 AM,01 - Clear,01 - Daylight,01 - Dry,10 - No control,,03 - P.D. only,02 - Angle,0
14-4713,BANK ST @ CATHERINE ST,368040.17933,5030266.62413,-75.69208047770,45.40947891370,2014-05-04,9:27:00 AM,02 - Rain,01 - Daylight,02 - Wet,01 - Traffic signal,01 - Functioning,03 - P.D. only,02 - Angle,0
14-4714,CLEARBROOK DR @ CHAPMAN MILLS DR,365922.83713,5015085.27856,-75.72100344470,45.27306754800,2014-05-04,12:11:00 PM,02 - Rain,01 - Daylight,02 - Wet,02 - Stop sign,01 - Functioning,03 - P.D. only,02 - Angle,0
14-4715,RIOCAN AVE btwn MARKETPLACE AVE & END,364332.86475,5014680.02365,-75.74131405630,45.26955746800,2014-05-04,12:20:00 PM,02 - Rain,01 - Daylight,02 - Wet,10 - No control,,03 - P.D. only,02 - Angle,0
14-4716,REGIONAL RD 174 @ TRIM RD,384351.37937,5039992.23643,-75.48215483930,45.49531726540,2014-05-04,1:08:00 PM,02 - Rain,01 - Daylight,02 - Wet,01 - Traffic signal,00 - Unknown,03 - P.D. only,04 - Sideswipe,0
14-4717,FALLOWFIELD RD @ MERIVALE RD,366890.29080,5018844.46920,-75.70820412540,45.30680763850,2014-05-04,5:13:00 PM,02 - Rain,01 - Daylight,02 - Wet,01 - Traffic signal,01 - Functioning,03 - P.D. only,03 - Rear end,0
14-4718,MONTREAL RD btwn DUROCHER ST & SAVARD AVE,370145.71324,5033107.27280,-75.66480744360,45.43484451750,2014-05-04,5:45:00 PM,01 - Clear,01 - Daylight,01 - Dry,10 - No control,,03 - P.D. only,06 - SMV unattended vehicle,0
14-4719,CARLING AVE @ CIVIC HOSPITAL,365791.13557,5028277.10813,-75.72105625610,45.39177733710,2014-05-04,6:15:00 PM,01 - Clear,01 - Daylight,01 - Dry,01 - Traffic signal,01 - Functioning,02 - Non-fatal injury,02 - Angle,0
14-4720,ST. LAURENT BLVD @ COVENTRY RD/OGILVIE RD,372305.24557,5031951.57460,-75.63736768270,45.42424095320,2014-05-04,6:17:00 PM,01 - Clear,01 - Daylight,01 - Dry,01 - Traffic signal,01 - Functioning,03 - P.D. only,02 - Angle,0
14-4721,BASELINE RD @ CORDOVA ST,363594.16213,5024408.57853,-75.74957280940,45.35715674350,2014-05-04,10:24:00 PM,01 - Clear,07 - Dark,01 - Dry,01 - Traffic signal,01 - Functioning,03 - P.D. only,03 - Rear end,0
14-4722,AMBLESIDE DR btwn MCEWEN AVE & NEW ORCHARD AVE,361050.33327,5026063.40489,-75.78185030670,45.37225547220,2014-05-05,8:21:00 AM,01 - Clear,01 - Daylight,01 - Dry,10 - No control,,02 - Non-fatal injury,07 - SMV other,1
14-4723,FERGUSON ST @ GAGE CRES,363408.11230,5024398.47317,-75.75194847530,45.35708139360,2014-05-05,9:57:00 AM,01 - Clear,01 - Daylight,01 - Dry,03 - Yield sign,01 - Functioning,03 - P.D. only,02 - Angle,0
14-4724,BESSERER ST @ WALLER ST,368315.07855,5032193.34022,-75.68832052460,45.42678995740,2014-05-05,11:46:00 AM,01 - Clear,01 - Daylight,01 - Dry,01 - Traffic signal,01 - Functioning,03 - P.D. only,05 - Turning movement,0
14-4725,PARKDALE AVE btwn RUSKIN ST & INGLEWOOD PL,365562.93242,5028332.09510,-75.72396369550,45.39229193550,2014-05-05,1:37:00 PM,01 - Clear,01 - Daylight,01 - Dry,10 - No control,,03 - P.D. only,06 - SMV unattended vehicle,0
14-4726,BATHGATE DR @ MATHESON RD,373642.19013,5033371.63393,-75.62008669010,45.43688761670,2014-05-05,12:45:00 PM,01 - Clear,01 - Daylight,01 - Dry,02 - Stop sign,01 - Functioning,02 - Non-fatal injury,03 - Rear end,0
14-4727,RIDEAU RD btwn BANK ST & DONCASTER RD,377243.35043,5018015.32722,-75.57631566160,45.29835586970,2014-05-05,2:01:00 PM,01 - Clear,01 - Daylight,01 - Dry,10 - No control,,03 - P.D. only,03 - Rear end,0
14-4728,INNES RD @ STAR TOP RD/WINDMILL LANE,374144.49225,5030666.74047,-75.61404802440,45.41250076730,2014-05-05,3:01:00 PM,01 - Clear,01 - Daylight,01 - Dry,01 - Traffic signal,01 - Functioning,03 - P.D. only,03 - Rear end,0
14-4729,ST. LAURENT BLVD btwn MCARTHUR AVE & DONALD ST,372089.44750,5032489.64651,-75.64005148680,45.42910306620,2014-05-05,2:25:00 PM,01 - Clear,01 - Daylight,01 - Dry,10 - No control,,03 - P.D. only,04 - Sideswipe,0
14-4730,BAY ST @ WELLINGTON ST,366814.22407,5031350.61873,-75.70760464360,45.41934208390,2014-05-05,3:26:00 PM,01 - Clear,01 - Daylight,01 - Dry,01 - Traffic signal,01 - Functioning,03 - P.D. only,03 - Rear end,0
14-4731,CONROY RD @ THURSTON DR,373204.64898,5026795.17983,-75.62659095190,45.37775869340,2014-05-05,3:51:00 PM,01 - Clear,01 - Daylight,01 - Dry,01 - Traffic signal,01 - Functioning,03 - P.D. only,99 - Other,0
14-4732,APOLLO WAY E @ MERKLEY DR E,384177.68761,5037643.05593,-75.48475659690,45.47420136520,2014-05-05,5:53:00 PM,01 - Clear,01 - Daylight,01 - Dry,02 - Stop sign,01 - Functioning,02 - Non-fatal injury,07 - SMV other,1
14-4733,BANK ST @ BELMEADE RD/MARIONVILLE RD,388038.20340,5001136.37173,-75.44152072220,45.14529432050,2014-05-05,5:57:00 PM,01 - Clear,01 - Daylight,01 - Dry,02 - Stop sign,01 - Functioning,03 - P.D. only,02 - Angle,0
14-4734,EARL MULLIGAN DR @ WOODROFFE AVE,365250.22727,5017508.35573,-75.72927973920,45.29492844570,2014-05-05,4:30:00 PM,01 - Clear,01 - Daylight,01 - Dry,01 - Traffic signal,01 - Functioning,03 - P.D. only,02 - Angle,0
14-4735,TENTH LINE RD btwn AMIENS ST & 275 N OF DES EPINETTES AVE/FALLINGBROOK,383367.02627,5037524.06410,-75.49514239800,45.47322246230,2014-05-05,6:17:00 PM,01 - Clear,01 - Daylight,01 - Dry,10 - No control,,03 - P.D. only,03 - Rear end,0
14-4736,WESTHALL WAY btwn CARRONBRIDGE CIR & CARRONBRIDGE CIR,354675.77100,5015640.91000,-75.86427904180,45.27895493880,2014-05-03,12:00:00 AM,01 - Clear,00 - Unknown,01 - Dry,10 - No control,,03 - P.D. only,06 - SMV unattended vehicle,0
14-4737,ALBERT ST @ BOOTH ST,366430.11500,5030626.56660,-75.71260273440,45.41286120950,2014-05-05,6:05:00 PM,01 - Clear,01 - Daylight,01 - Dry,01 - Traffic signal,01 - Functioning,03 - P.D. only,03 - Rear end,0
14-4738,BEECHWOOD AVE @ CHARLEVOIX ST/MACKAY ST,369187.29280,5033593.29887,-75.67699229340,45.43930649550,2014-05-06,5:17:00 AM,01 - Clear,07 - Dark,01 - Dry,01 - Traffic signal,01 - Functioning,03 - P.D. only,03 - Rear end,0
14-4739,CHATELAIN AVE btwn KIRKWOOD AVE & MERIVALE RD,364818.16203,5026754.00351,-75.73366658630,45.37815679310,2014-05-05,12:00:00 AM,01 - Clear,00 - Unknown,01 - Dry,10 - No control,,03 - P.D. only,06 - SMV unattended vehicle,0
14-4740,HAWTHORNE RD @ HUNT CLUB RD,375507.27597,5026405.58133,-75.59724977940,45.37402468740,2014-05-06,7:27:00 AM,04 - Freezing Rain,01 - Daylight,02 - Wet,01 - Traffic signal,01 - Functioning,03 - P.D. only,04 - Sideswipe,0
14-4741,BLAIR RD btwn MEADOWBROOK RD & LAURA PRIV,375291.89090,5032144.74466,-75.59917910450,45.42568439840,2014-05-06,7:55:00 AM,01 - Clear,01 - Daylight,01 - Dry,10 - No control,,02 - Non-fatal injury,03 - Rear end,0
14-4742,KIRKSTONE PRIV S @ FIELDBERRY PRIV,365323.69934,5013650.51081,-75.72881345780,45.26020934810,2014-05-06,7:56:00 AM,01 - Clear,01 - Daylight,01 - Dry,10 - No control,,03 - P.D. only,02 - Angle,0
14-4743,PALMADEO DR btwn RODEO DR & ALAMEDA WAY,365122.65895,5015775.68934,-75.73111670860,45.27934894580,2014-05-06,7:40:00 AM,01 - Clear,01 - Daylight,01 - Dry,10 - No control,,03 - P.D. only,02 - Angle,0
14-4744,JEANNE D'ARC BLVD @ OR174 IC105 RAMP52,379455.65540,5036917.99540,-75.54525300500,45.46819862180,2014-05-06,8:59:00 AM,01 - Clear,01 - Daylight,01 - Dry,01 - Traffic signal,00 - Unknown,02 - Non-fatal injury,03 - Rear end,0
14-4745,RIVERSIDE DR @ TREMBLAY RD/HWY417 IC117 RAMP52,370804.44777,5031015.90790,-75.65666922850,45.41596543330,2014-05-06,9:09:00 AM,01 - Clear,01 - Daylight,01 - Dry,01 - Traffic signal,01 - Functioning,03 - P.D. only,03 - Rear end,0
14-4746,JAMIE AVE @ SUNDERLAND ST,366062.33343,5022022.50600,-75.71836840250,45.33547593570,2014-05-06,10:04:00 AM,01 - Clear,01 - Daylight,01 - Dry,02 - Stop sign,01 - Functioning,02 - Non-fatal injury,02 - Angle,0
14-4747,PARKDALE AVE @ WELLINGTON ST,365152.07027,5029269.60783,-75.72909586080,45.40076300060,2014-05-06,10:50:00 AM,01 - Clear,01 - Daylight,01 - Dry,01 - Traffic signal,01 - Functioning,03 - P.D. only,03 - Rear end,0
14-4748,"MCARTHUR AVE btwn EGLISE, RUE DE L & MAY ST",371460.40864,5032828.37027,-75.64804375260,45.43221098690,2014-05-06,10:45:00 AM,01 - Clear,01 - Daylight,01 - Dry,10 - No control,,03 - P.D. only,05 - Turning movement,0
14-4749,DIDSBURY RD btwn TERRY FOX DR & END,350590.85420,5018888.52568,-75.91604307200,45.30845586730,2014-05-06,12:25:00 PM,01 - Clear,01 - Daylight,01 - Dry,10 - No control,,03 - P.D. only,05 - Turning movement,0
14-4750,MARCH VALLEY RD @ TERRY FOX DR,350755.99100,5023784.95387,-75.91348266570,45.35250427520,2014-05-06,8:50:00 AM,01 - Clear,01 - Daylight,01 - Dry,02 - Stop sign,00 - Unknown,03 - P.D. only,03 - Rear end,0
14-4751,WEST HUNT CLUB RD @ WOODROFFE AVE,363673.06067,5021245.54113,-75.74894229470,45.32868940090,2014-05-06,12:20:00 PM,01 - Clear,01 - Daylight,01 - Dry,01 - Traffic signal,00 - Unknown,03 - P.D. only,04 - Sideswipe,0
14-4752,BASELINE RD @ FISHER AVE,366167.16753,5026028.53270,-75.71653374790,45.37151230120,2014-05-05,7:30:00 AM,01 - Clear,01 - Daylight,01 - Dry,01 - Traffic signal,00 - Unknown,03 - P.D. only,04 - Sideswipe,0
14-4753,BANK ST @ WALKLEY RD,370339.27380,5025946.78703,-75.66328541070,45.37039902230,2014-05-06,2:50:00 PM,01 - Clear,01 - Daylight,01 - Dry,01 - Traffic signal,01 - Functioning,03 - P.D. only,04 - Sideswipe,0
14-4754,CUMBERLAND ST @ LAURIER AVE,368599.12590,5031947.63643,-75.68472278780,45.42455335200,2014-05-06,3:20:00 PM,01 - Clear,01 - Daylight,01 - Dry,01 - Traffic signal,01 - Functioning,03 - P.D. only,04 - Sideswipe,0
14-4755,QUEEN MARY ST @ VANIER PKWY,370363.23657,5031957.58510,-75.66218061180,45.42447974620,2014-05-06,3:25:00 PM,01 - Clear,01 - Daylight,01 - Dry,01 - Traffic signal,01 - Functioning,03 - P.D. only,03 - Rear end,0
14-4756,FIRST AVE btwn BANK ST & O'CONNOR ST,368296.61393,5029717.84671,-75.68887542450,45.40451797260,2014-05-04,12:00:00 PM,01 - Clear,01 - Daylight,01 - Dry,10 - No control,,03 - P.D. only,06 - SMV unattended vehicle,0
14-4757,RIVERSIDE DR @ HERON RD,368121.10490,5026647.47459,-75.69151119910,45.37690755260,2014-05-06,3:53:00 PM,01 - Clear,01 - Daylight,01 - Dry,01 - Traffic signal,01 - Functioning,03 - P.D. only,03 - Rear end,0
14-4758,MONTREAL RD btwn PALACE ST & VANIER PKWY,370044.74771,5033050.42622,-75.66610529350,45.43434246330,2014-05-06,4:01:00 PM,01 - Clear,01 - Daylight,01 - Dry,10 - No control,,03 - P.D. only,05 - Turning movement,0
14-4759,ACACIA AVE @ BEECHWOOD AVE,369635.18153,5033943.54467,-75.67122177560,45.44241647120,2014-05-06,4:16:00 PM,01 - Clear,01 - Daylight,01 - Dry,02 - Stop sign,01 - Functioning,03 - P.D. only,02 - Angle,0
14-4760,GREENBANK RD @ CANFIELD RD/CRAIG HENRY DR,361105.25800,5021365.44027,-75.78168408430,45.32997895540,2014-05-06,5:03:00 PM,01 - Clear,01 - Daylight,01 - Dry,01 - Traffic signal,01 - Functioning,03 - P.D. only,05 - Turning movement,0
14-4761,INNES RD @ 298 E OF WILDFLOWER DR/LOBLAWS SC,383191.23073,5035797.51037,-75.49766580140,45.45770822420,2014-05-05,8:30:00 PM,01 - Clear,05 - Dusk,01 - Dry,01 - Traffic signal,01 - Functioning,03 - P.D. only,03 - Rear end,0
14-4762,CARLING AVE @ PINECREST  RD/GREENVIEW AVE,360006.74272,5024632.57277,-75.79533270730,45.35946388520,2014-05-06,4:55:00 PM,01 - Clear,01 - Daylight,01 - Dry,01 - Traffic signal,01 - Functioning,03 - P.D. only,03 - Rear end,0
14-4763,ALBION RD @ 210 S OF HIGH RD/EARL ARMSTRONG RD,374708.83828,5017556.16119,-75.60869252730,45.29448120990,2014-05-06,5:58:00 PM,01 - Clear,01 - Daylight,01 - Dry,01 - Traffic signal,01 - Functioning,02 - Non-fatal injury,03 - Rear end,0
14-4764,YORK ST btwn WILLIAM ST & DALHOUSIE ST,367996.51044,5032359.63916,-75.69236986240,45.42831511370,2014-05-06,6:11:00 PM,01 - Clear,01 - Daylight,01 - Dry,10 - No control,,03 - P.D. only,06 - SMV unattended vehicle,0
14-4765,TERRY FOX DR @ PALLADIUM DR/KATIMAVIK RD,351271.13980,5018180.82733,-75.90743440840,45.30204312870,2014-05-06,7:01:00 PM,01 - Clear,01 - Daylight,01 - Dry,01 - Traffic signal,01 - Functioning,03 - P.D. only,02 - Angle,0
14-4766,BASELINE RD/HWY 416 RICHMOND IC75R53 @ RICHMON,358635.29238,5021822.61936,-75.81314268760,45.33428649530,2014-04-16,4:00:00 PM,01 - Clear,01 - Daylight,01 - Dry,01 - Traffic signal,01 - Functioning,03 - P.D. only,03 - Rear end,0
14-4767,MEADOWLANDS DR btwn NESS ST & NE/OT BOUNDARY,366446.55522,5024962.31312,-75.71310021420,45.36189415400,2014-05-06,6:30:00 PM,01 - Clear,01 - Daylight,01 - Dry,10 - No control,,03 - P.D. only,03 - Rear end,0
14-4768,BERRIGAN DR @ LONGFIELDS DR,364306.65950,5015646.35040,-75.74153216710,45.27825469650,2014-05-07,5:34:00 AM,01 - Clear,03 - Dawn,01 - Dry,11 - Roundabout,01 - Functioning,03 - P.D. only,07 - SMV other,0
14-4769,INDUSTRIAL AVE/INNES RD @ ST. LAURENT BLVD,373098.30560,5030005.56670,-75.62750423850,45.40665472000,2014-05-07,7:36:00 AM,01 - Clear,01 - Daylight,01 - Dry,01 - Traffic signal,00 - Unknown,03 - P.D. only,03 - Rear end,0