Record,Location,X,Y,Longitude,Latitude,Date,Time,Environment,Light,Road_Surface,Traffic_Control,Collision_Location,Collision_Classification,Impact_type,Pedestrian
14-4770,WALKLEY RD btwn CEDARWOOD DR & BAYCREST DR,371409.52681,5026583.89193,-75.64953748440,45.37603056080,2014-05-07,8:26:00 AM,01 - Clear,01 - Daylight,01 - Dry,10 - No control,,03 - P.D. only,07 - SMV other,0
14-4771,FALLOWFIELD RD @ MOODIE DR,359501.18197,5014637.36077,-75.80288887040,45.26956599250,2014-05-07,8:15:00 AM,01 - Clear,01 - Daylight,01 - Dry,01 - Traffic signal,01 - Functioning,03 - P.D. only,04 - Sideswipe,0
14-4772,COOPER ST @ BANK ST,367649.18423,5030987.72820,-75.69698315730,45.41600240410,2014-05-07,9:34:00 AM,01 - Clear,01 - Daylight,01 - Dry,02 - Stop sign,01 - Functioning,02 - Non-fatal injury,02 - Angle,0
14-4773,BANK ST @ HUNT CLUB RD,371610.15830,5024095.55833,-75.64731257300,45.35362230360,2014-05-07,10:23:00 AM,01 - Clear,01 - Daylight,01 - Dry,01 - Traffic signal,01 - Functioning,03 - P.D. only,03 - Rear end,0
14-4774,ST. LAURENT BLVD @ COVENTRY RD/OGILVIE RD,372306.19343,5031950.62673,-75.63735570230,45.42423233300,2014-05-07,8:15:00 AM,01 - Clear,01 - Daylight,01 - Dry,01 - Traffic signal,01 - Functioning,03 - P.D. only,04 - Sideswipe,0
14-4775,KING EDWARD AVE NB btwn RAMP & CATHCART ST,368087.54186,5033137.65371,-75.69110662820,45.43530718080,2014-05-06,4:45:00 PM,01 - Clear,01 - Daylight,01 - Dry,10 - No control,,02 - Non-fatal injury,04 - Sideswipe,0
14-4776,HAWTHORNE RD @ RUSSELL RD,374833.36937,5028068.35851,-75.60561690290,45.38905324170,2014-05-07,11:00:00 AM,01 - Clear,01 - Daylight,01 - Dry,01 - Traffic signal,01 - Functioning,03 - P.D. only,05 - Turning movement,0
14-4777,JOHN ST btwn SUSSEX DR & THOMAS ST,367949.00516,5033908.12341,-75.69277827380,45.44225211280,2014-05-07,11:56:00 AM,01 - Clear,01 - Daylight,01 - Dry,10 - No control,,03 - P.D. only,06 - SMV unattended vehicle,0
14-4778,RIVERSIDE DR SB btwn RIVERSIDE DR SPLIT & DATA CENTRE RD,368832.52009,5027658.63696,-75.68229757140,45.38594104010,2014-05-07,8:00:00 AM,01 - Clear,01 - Daylight,01 - Dry,10 - No control,,03 - P.D. only,04 - Sideswipe,0
14-4779,AVIATION PKWY @ OGILVIE RD,373110.24027,5032376.58560,-75.62702311040,45.42798684560,2014-05-07,11:39:00 AM,01 - Clear,01 - Daylight,01 - Dry,01 - Traffic signal,01 - Functioning,02 - Non-fatal injury,05 - Turning movement,0
14-4780,BANK ST @ 80 S OF HUNT CLUB RD/TOWNGATE PLAZA,371688.54097,5024096.09197,-75.64631222640,45.35361963340,2014-05-07,10:45:00 AM,01 - Clear,01 - Daylight,01 - Dry,01 - Traffic signal,01 - Functioning,02 - Non-fatal injury,03 - Rear end,0
14-4781,CATHERINE ST btwn BAY ST & HWY417 IC120B RAMP36,367735.85826,5030083.08643,-75.69599134940,45.40785493000,2014-05-07,12:22:00 PM,01 - Clear,01 - Daylight,01 - Dry,10 - No control,,03 - P.D. only,05 - Turning movement,0
14-4782,BAMBURGH WAY btwn BRETBY CRES & BRETBY CRES,361424.89100,5014847.24700,-75.77835113480,45.27130230810,2014-05-07,12:33:00 PM,01 - Clear,01 - Daylight,01 - Dry,10 - No control,,03 - P.D. only,99 - Other,0
14-4783,BASELINE RD btwn PINECREST RD & ROCKWAY CRES,360820.12656,5022716.30185,-75.78516845090,45.34215681670,2014-05-07,12:00:00 PM,01 - Clear,01 - Daylight,01 - Dry,10 - No control,,03 - P.D. only,03 - Rear end,0
14-4784,HAZELDEAN RD @ HUNTMAR DR/IBER RD,350944.96757,5016078.48433,-75.91178888600,45.28314714240,2014-05-07,1:40:00 PM,01 - Clear,01 - Daylight,01 - Dry,01 - Traffic signal,01 - Functioning,03 - P.D. only,02 - Angle,0
14-4785,MEADOWLANDS DR @ MERIVALE RD,364860.12170,5023724.56253,-75.73349909610,45.35089476450,2014-05-07,2:49:00 PM,01 - Clear,01 - Daylight,01 - Dry,01 - Traffic signal,01 - Functioning,03 - P.D. only,02 - Angle,0
14-4786,ALTA VISTA DR @ SMYTH RD,370433.18983,5029082.50537,-75.66166961400,45.39860434090,2014-05-07,3:31:00 PM,01 - Clear,01 - Daylight,01 - Dry,01 - Traffic signal,01 - Functioning,02 - Non-fatal injury,05 - Turning movement,0
14-4787,GREENBANK RD btwn MALVERN DR & HIGHBURY PARK DR,363512.13423,5015756.22386,-75.75164526270,45.27931013890,2014-05-07,8:00:00 AM,01 - Clear,01 - Daylight,01 - Dry,08 - Traffic gate,01 - Functioning,03 - P.D. only,03 - Rear end,0
14-4788,CHAPEL ST @ DALY AVE,368972.67156,5032504.15232,-75.67987729540,45.42952650560,2014-05-07,3:30:00 PM,01 - Clear,01 - Daylight,01 - Dry,02 - Stop sign,01 - Functioning,02 - Non-fatal injury,02 - Angle,0
14-4789,BANTON ST @ WALKLEY RD,374249.15850,5028251.43293,-75.61305108390,45.39075863280,2014-05-07,4:48:00 PM,01 - Clear,01 - Daylight,01 - Dry,01 - Traffic signal,01 - Functioning,03 - P.D. only,03 - Rear end,0
14-4790,SOMERSET ST    W btwn BANK ST & O'CONNOR ST,367724.00226,5030936.65662,-75.69603383060,45.41553615390,2014-05-07,4:30:00 PM,01 - Clear,01 - Daylight,01 - Dry,10 - No control,,03 - P.D. only,99 - Other,0
14-4791,BASELINE RD @ CLYDE AVE,364359.17723,5024892.40863,-75.73975099340,45.36144561380,2014-05-07,5:16:00 PM,01 - Clear,01 - Daylight,01 - Dry,01 - Traffic signal,01 - Functioning,03 - P.D. only,03 - Rear end,0
14-4792,MONTREAL RD btwn OLMSTEAD ST & Continuation of MONTREAL RD,370341.20709,5033218.99319,-75.66229420390,45.43583143400,2014-05-07,4:00:00 PM,01 - Clear,01 - Daylight,01 - Dry,10 - No control,,03 - P.D. only,02 - Angle,0
14-4793,BANK ST @ RIDGEMONT AVE,370080.19483,5026629.42633,-75.66650239390,45.37656537380,2014-05-07,4:00:00 PM,01 - Clear,01 - Daylight,01 - Dry,02 - Stop sign,00 - Unknown,02 - Non-fatal injury,03 - Rear end,0
14-4794,BRITTANY DR @ MONTREAL RD,371912.76408,5033994.88088,-75.64210401220,45.44266342880,2014-05-06,3:30:00 PM,01 - Clear,01 - Daylight,01 - Dry,01 - Traffic signal,01 - Functioning,02 - Non-fatal injury,07 - SMV other,2
14-4795,EAGLESON RD @ 146 N OF ABBEYHILL DR/HAZELDEAN,353774.25536,5018171.57307,-75.87551930030,45.30178980950,2014-05-07,6:22:00 PM,01 - Clear,01 - Daylight,01 - Dry,01 - Traffic signal,01 - Functioning,02 - Non-fatal injury,05 - Turning movement,0
14-4796,BANK ST @ QUEEN ST,367343.23007,5031487.68427,-75.70082845550,45.42052826710,2014-05-07,6:24:00 PM,01 - Clear,01 - Daylight,01 - Dry,01 - Traffic signal,01 - Functioning,02 - Non-fatal injury,03 - Rear end,0
14-4797,LAKESIDE AVE @ QUEEN ELIZABETH DRWY,367456.18183,5028710.60393,-75.69973824940,45.39553082120,2014-05-07,6:15:00 PM,01 - Clear,01 - Daylight,01 - Dry,02 - Stop sign,00 - Unknown,03 - P.D. only,03 - Rear end,0
14-4798,KENT ST @ SOMERSET ST,367526.70120,5030816.32536,-75.69856977070,45.41447116610,2014-05-07,6:50:00 PM,01 - Clear,01 - Daylight,01 - Dry,01 - Traffic signal,01 - Functioning,03 - P.D. only,02 - Angle,0
14-4799,RIDEAU ST btwn KING EDWARD AVE & NELSON ST,368642.92423,5032492.31593,-75.68409254990,45.42945018430,2014-05-07,7:05:00 PM,01 - Clear,01 - Daylight,01 - Dry,10 - No control,,02 - Non-fatal injury,99 - Other,0
14-4800,CLEARBROOK DR @ CHAPMAN MILLS DR,365922.83713,5015085.27856,-75.72100344470,45.27306754800,2014-05-07,7:35:00 PM,01 - Clear,01 - Daylight,01 - Dry,02 - Stop sign,01 - Functioning,03 - P.D. only,02 - Angle,0
14-4801,ALBION RD btwn 210 S OF HIGH RD/EARL ARMSTRONG RD/RIDEAU CARLETON RACE,375048.76288,5016782.15807,-75.60446877800,45.28748308850,2014-05-07,8:35:00 PM,01 - Clear,05 - Dusk,01 - Dry,10 - No control,,03 - P.D. only,07 - SMV other,0
14-4802,INNES RD @ 260 E OF BELCOURT BLVD/WALMART SC,382349.56907,5035398.96620,-75.50848876040,45.45421638190,2014-05-07,9:02:00 PM,01 - Clear,07 - Dark,01 - Dry,01 - Traffic signal,01 - Functioning,03 - P.D. only,03 - Rear end,0
14-4803,LAURIER AVE   W btwn METCALFE ST & ELGIN ST,367914.97577,5031528.40370,-75.69351825080,45.42084330050,2014-05-07,9:28:00 PM,01 - Clear,07 - Dark,01 - Dry,10 - No control,,03 - P.D. only,03 - Rear end,0
14-4804,JEANNE D'ARC BLVD @ MONTCERF CRT,381116.33160,5036287.53097,-75.52411610880,45.46234674220,2014-05-08,7:31:00 AM,01 - Clear,01 - Daylight,01 - Dry,01 - Traffic signal,01 - Functioning,03 - P.D. only,03 - Rear end,0
14-4805,MERIVALE RD @ 110 S OF BURRIS LANE/LOBLAWS SC,364814.22247,5024952.51810,-75.73393574320,45.36194766250,2014-05-07,9:30:00 PM,01 - Clear,07 - Dark,01 - Dry,01 - Traffic signal,00 - Unknown,03 - P.D. only,05 - Turning movement,0
14-4806,ST. JOSEPH BLVD @ REGIONAL RD 174/TRANSITWAY,376556.48978,5035054.59454,-75.58259656710,45.45173683070,2014-05-08,7:00:00 AM,01 - Clear,01 - Daylight,01 - Dry,01 - Traffic signal,00 - Unknown,03 - P.D. only,04 - Sideswipe,0
14-4807,INDUSTRIAL AVE @ RIVERSIDE DR,370684.21654,5030593.41008,-75.65826172140,45.41217529880,2014-05-08,7:35:00 AM,01 - Clear,01 - Daylight,01 - Dry,01 - Traffic signal,01 - Functioning,03 - P.D. only,04 - Sideswipe,0
14-4808,O'CONNOR ST btwn COOPER ST & SOMERSET ST W,367814.87234,5031077.04019,-75.69485496870,45.41679110290,2014-05-08,10:04:00 AM,01 - Clear,01 - Daylight,01 - Dry,10 - No control,,03 - P.D. only,06 - SMV unattended vehicle,0
14-4809,ALBERT ST @ KENT ST (OTTAWA),367223.11660,5031320.52137,-75.70238428360,45.41903491500,2014-05-08,11:01:00 AM,01 - Clear,01 - Daylight,01 - Dry,01 - Traffic signal,01 - Functioning,03 - P.D. only,04 - Sideswipe,0
14-4810,BANK ST btwn EUCLID AVE & SUNNYSIDE AVE,368729.49543,5028595.76721,-75.68349166790,45.39438246130,2014-05-08,11:05:00 AM,01 - Clear,01 - Daylight,01 - Dry,10 - No control,,03 - P.D. only,06 - SMV unattended vehicle,0
14-4811,REGIONAL ROAD 174 btwn Continuation of REGIONAL ROAD 174 & OR174 IC112,374452.94800,5032586.80872,-75.60983618640,45.42974589500,2014-05-08,11:08:00 AM,01 - Clear,01 - Daylight,01 - Dry,10 - No control,,03 - P.D. only,07 - SMV other,0
14-4812,FISHER AVE btwn SHILLINGTON AVE & EMPEROR AVE,365669.82056,5027187.54046,-75.72273985410,45.38198419770,2014-05-08,11:49:00 AM,01 - Clear,01 - Daylight,01 - Dry,10 - No control,,03 - P.D. only,03 - Rear end,0
14-4813,LORNE AVE @ SOMERSET ST,366651.41488,5030302.71121,-75.70981627490,45.40992772530,2014-05-07,5:40:00 PM,01 - Clear,01 - Daylight,01 - Dry,02 - Stop sign,00 - Unknown,03 - P.D. only,05 - Turning movement,0
14-4814,HELENA ST @ PICCADILLY AVE,364498.69370,5028278.31036,-75.73756095050,45.39189952450,2014-05-08,11:56:00 AM,01 - Clear,01 - Daylight,01 - Dry,02 - Stop sign,01 - Functioning,03 - P.D. only,02 - Angle,0
14-4815,ALTA VISTA DR @ KILBORN AVE,370367.14490,5027750.59123,-75.66269010570,45.38662644140,2014-05-08,12:05:00 PM,01 - Clear,01 - Daylight,01 - Dry,01 - Traffic signal,01 - Functioning,02 - Non-fatal injury,02 - Angle,0
14-4816,ROGER GUINDON AVE @ SMYTH RD,371934.98063,5029226.60393,-75.64246981710,45.39975848740,2014-05-08,12:12:00 PM,01 - Clear,01 - Daylight,01 - Dry,01 - Traffic signal,01 - Functioning,02 - Non-fatal injury,03 - Rear end,0
14-4817,SOMERSET ST    W btwn BELL ST N & ARTHUR ST,366821.64483,5030386.82466,-75.70763112610,45.41066948960,2014-05-08,1:02:00 PM,01 - Clear,01 - Daylight,01 - Dry,10 - No control,,02 - Non-fatal injury,07 - SMV other,1
14-4818,MONTREAL RD btwn SHEFFORD RD & OR174 IC109 RAMP56,376138.17288,5034858.39784,-75.58797249900,45.45001440250,2014-05-08,1:06:00 PM,01 - Clear,01 - Daylight,01 - Dry,10 - No control,,03 - P.D. only,04 - Sideswipe,0
14-4819,BRONSON AVE btwn FIRST AVE & SECOND AVE,367505.05297,5029196.22551,-75.69905238230,45.39989593180,2014-05-08,8:30:00 AM,01 - Clear,01 - Daylight,01 - Dry,10 - No control,,02 - Non-fatal injury,03 - Rear end,0
14-4820,MONTREAL RD btwn SAVARD AVE & EMOND ST,370178.34950,5033124.43958,-75.66438807940,45.43499592660,2014-05-08,2:10:00 PM,01 - Clear,01 - Daylight,01 - Dry,10 - No control,,02 - Non-fatal injury,02 - Angle,0
14-4821,GLADSTONE AVE @ PRESTON ST,366488.28420,5029710.66267,-75.71197423330,45.40461503110,2014-05-08,2:17:00 PM,01 - Clear,01 - Daylight,01 - Dry,01 - Traffic signal,01 - Functioning,03 - P.D. only,99 - Other,0
14-4822,MERIVALE RD @ 170 N OF HUNTCLUB RD/COSTCO/CANA,365549.94830,5022100.09420,-75.72489567430,45.33621861300,2014-05-08,3:03:00 PM,01 - Clear,01 - Daylight,01 - Dry,01 - Traffic signal,01 - Functioning,03 - P.D. only,05 - Turning movement,0
14-4823,CENTRUM BLVD btwn PRESTONE DR & END,382277.94441,5038374.70247,-75.50893527540,45.48099743880,2014-05-08,3:58:00 PM,01 - Clear,01 - Daylight,01 - Dry,10 - No control,,03 - P.D. only,02 - Angle,0
14-4824,WEST HUNT CLUB RD @ ROYDON PL/SUNDERLAND ST,365973.23367,5022169.49020,-75.71948692900,45.33680625220,2014-05-08,4:25:00 PM,01 - Clear,01 - Daylight,01 - Dry,01 - Traffic signal,01 - Functioning,03 - P.D. only,03 - Rear end,0
14-4825,QUEEN ST @ LYON ST,367020.12550,5031286.63263,-75.70498204430,45.41874807550,2014-05-08,4:31:00 PM,01 - Clear,01 - Daylight,01 - Dry,01 - Traffic signal,01 - Functioning,03 - P.D. only,04 - Sideswipe,0
14-4827,LEBRUN ST @ DES PERES BLANCS AVE,370334.81150,5033955.82140,-75.66227783400,45.44246169530,2014-05-08,4:00:00 PM,01 - Clear,01 - Daylight,01 - Dry,02 - Stop sign,01 - Functioning,03 - P.D. only,02 - Angle,0
14-4828,TORBOLTON RIDGE RD btwn KINBURN SIDE RD & VANCES SIDE RD,337824.92557,5031793.81793,-76.07797517360,45.42529918290,2014-05-08,5:36:00 PM,01 - Clear,01 - Daylight,08 - Loose sand or gravel,10 - No control,,03 - P.D. only,07 - SMV other,0
14-4829,STITTSVILLE MAIN ST btwn ANDREW ALEXANDER CRT & MCCANN ST,350103.28364,5013527.25142,-75.92275007220,45.26024503400,2014-05-08,4:20:00 PM,01 - Clear,01 - Daylight,01 - Dry,10 - No control,,03 - P.D. only,03 - Rear end,0
14-4830,HOLLAND AVE @ SHERWOOD DR,365150.17453,5028646.65997,-75.72919629090,45.39515801630,2014-05-08,6:15:00 PM,01 - Clear,01 - Daylight,01 - Dry,02 - Stop sign,00 - Unknown,03 - P.D. only,05 - Turning movement,0
14-4831,AVIATION PKWY @ MONTREAL RD,372146.24267,5034109.53067,-75.63910412590,45.44367253780,2014-05-08,8:15:00 AM,01 - Clear,01 - Daylight,01 - Dry,01 - Traffic signal,01 - Functioning,03 - P.D. only,03 - Rear end,0
14-4832,CAMPEAU DR/HWY 417 MARCH IC138R63 @ MARCH RD,352843.99457,5020473.62310,-75.88715734250,45.32256839240,2014-05-08,6:41:00 PM,01 - Clear,01 - Daylight,01 - Dry,01 - Traffic signal,01 - Functioning,03 - P.D. only,03 - Rear end,0
14-4833,ST. JOSEPH BLVD @ JEANNE D'ARC BLVD,379861.21643,5036470.63303,-75.54013546640,45.46413013580,2014-05-08,6:56:00 PM,01 - Clear,01 - Daylight,01 - Dry,11 - Roundabout,01 - Functioning,03 - P.D. only,02 - Angle,0
14-4834,PRINCE OF WALES DR btwn HARTWELL LOCKS/548 N OF RIDEAUVIEW TER & FAIRC,367143.01928,5027029.32521,-75.70395003850,45.38043106120,2014-04-26,10:30:00 PM,01 - Clear,07 - Dark,01 - Dry,10 - No control,,03 - P.D. only,07 - SMV other,0
14-4835,WOODROFFE AVE btwn HERITAGE GLEN DR & STRANDHERD DR,366065.86964,5015487.09213,-75.71913111230,45.27667060030,2014-05-08,7:34:00 PM,01 - Clear,01 - Daylight,01 - Dry,10 - No control,,03 - P.D. only,03 - Rear end,0
14-4836,YORK ST btwn WILLIAM ST & DALHOUSIE ST,368088.71245,5032415.08183,-75.69118454490,45.42880562980,2014-05-08,7:10:00 PM,01 - Clear,01 - Daylight,01 - Dry,10 - No control,,03 - P.D. only,99 - Other,0
14-4837,RICHARDSON SIDE RD btwn CARDEVCO RD & CARP RD,346041.90742,5016970.73024,-75.97421135310,45.29148068860,2014-05-08,8:11:00 PM,02 - Rain,05 - Dusk,02 - Wet,10 - No control,,03 - P.D. only,07 - SMV other,0
14-4838,OLD ST. PATRICK ST btwn PATRO ST & COBOURG ST,368814.50791,5033170.43935,-75.68181178470,45.43553600010,2014-05-08,8:37:00 PM,02 - Rain,05 - Dusk,02 - Wet,10 - No control,,03 - P.D. only,06 - SMV unattended vehicle,0
14-4839,MANSFIELD RD btwn CONLEY RD & HUNTLEY RD,351902.07684,5007394.77565,-75.90041180680,45.20494464700,2014-05-08,8:40:00 PM,02 - Rain,07 - Dark,02 - Wet,10 - No control,,03 - P.D. only,07 - SMV other,0
14-4840,FRANK KENNY RD btwn DEVINE RD & HUGHSON RD,393733.91935,5023350.54790,-75.36513325580,45.34446281570,2014-05-08,9:20:00 PM,01 - Clear,07 - Dark,01 - Dry,10 - No control,,03 - P.D. only,03 - Rear end,0
14-4841,MONTREAL RD @ SHEFFORD RD,376125.22353,5034854.84213,-75.58813854590,45.44998373220,2014-05-08,11:18:00 PM,02 - Rain,07 - Dark,02 - Wet,01 - Traffic signal,01 - Functioning,03 - P.D. only,02 - Angle,0
14-4842,BASELINE RD @ FISHER AVE,366166.21967,5026028.53270,-75.71654584720,45.37151238420,2014-05-09,6:20:00 AM,01 - Clear,03 - Dawn,01 - Dry,01 - Traffic signal,01 - Functioning,02 - Non-fatal injury,07 - SMV other,0
14-4843,WEST HUNT CLUB RD EB btwn WOODROFFE AVE & 354 E OF WOODROFFE AVE/REC P,363693.91375,5021262.60274,-75.74867426000,45.32884117040,2014-05-09,7:15:00 AM,01 - Clear,01 - Daylight,01 - Dry,10 - No control,,03 - P.D. only,03 - Rear end,0
14-4844,PRINCE OF WALES DR @ WEST HUNT CLUB RD,367458.23637,5021892.45117,-75.70057659550,45.33418246320,2014-05-09,7:45:00 AM,01 - Clear,01 - Daylight,01 - Dry,01 - Traffic signal,01 - Functioning,03 - P.D. only,03 - Rear end,0
14-4845,WALKLEY RD @ HEATHERINGTON RD,371769.09447,5026794.52670,-75.64491851390,45.37789150030,2014-05-09,8:49:00 AM,01 - Clear,01 - Daylight,01 - Dry,01 - Traffic signal,01 - Functioning,02 - Non-fatal injury,07 - SMV other,1
14-4846,DALY AVE @ NICHOLAS ST,368227.70100,5032047.33416,-75.68945584060,45.42548417540,2014-05-09,9:40:00 AM,01 - Clear,01 - Daylight,02 - Wet,01 - Traffic signal,01 - Functioning,03 - P.D. only,03 - Rear end,0
14-4847,BANK ST btwn CONROY RD & KEMP DR,375068.92072,5022216.69795,-75.60344114790,45.33637905330,2014-05-09,9:43:00 AM,01 - Clear,01 - Daylight,01 - Dry,10 - No control,,03 - P.D. only,07 - SMV other,0
14-4848,PRESTON ST btwn CARLING AVE & PRINCE OF WALES DR,366891.70676,5028788.87027,-75.70693732860,45.39628532410,2014-05-07,5:30:00 PM,01 - Clear,01 - Daylight,01 - Dry,10 - No control,,03 - P.D. only,03 - Rear end,0
14-4849,BAYSHORE DR btwn WOODRIDGE CRES S & BAYSHORE CS,359226.56000,5023522.77614,-75.80541251310,45.34953893250,2014-05-09,10:07:00 AM,01 - Clear,01 - Daylight,01 - Dry,10 - No control,,03 - P.D. only,04 - Sideswipe,0
14-4850,RICHMOND RD @ WOODROFFE AVE,361585.16033,5026655.47107,-75.77495462450,45.37753969750,2014-05-07,3:00:00 PM,01 - Clear,01 - Daylight,01 - Dry,01 - Traffic signal,01 - Functioning,03 - P.D. only,04 - Sideswipe,0
14-4851,MONTREAL RD @ ST. LAURENT BLVD,371546.20987,5033817.84819,-75.64681312530,45.44110566620,2014-05-09,10:42:00 AM,01 - Clear,01 - Daylight,01 - Dry,01 - Traffic signal,01 - Functioning,03 - P.D. only,03 - Rear end,0
14-4852,LORRY GREENBERG DR @ PIKE ST,373113.97785,5025401.33659,-75.62794129800,45.36522630430,2014-05-09,11:27:00 AM,01 - Clear,01 - Daylight,01 - Dry,02 - Stop sign,00 - Unknown,02 - Non-fatal injury,03 - Rear end,0
14-4853,FIFTH AVE btwn CRAIG ST & MORRIS ST,367986.26706,5029154.88528,-75.69291161900,45.39948069990,2014-05-09,11:45:00 AM,01 - Clear,01 - Daylight,01 - Dry,10 - No control,,03 - P.D. only,06 - SMV unattended vehicle,0
14-4854,NAVAHO DR @ WOODROFFE AVE/TRANSITWAY N BASELIN,362704.73055,5023495.15055,-75.76103120700,45.34901181330,2014-05-09,9:45:00 AM,01 - Clear,01 - Daylight,01 - Dry,01 - Traffic signal,00 - Unknown,03 - P.D. only,04 - Sideswipe,0
14-4855,MARCH RD btwn HALTON TERR/MAXWELL BRIDGE RD & KLONDIKE RD,349176.24114,5024156.40783,-75.93361001220,45.35594844990,2014-05-09,12:22:00 PM,01 - Clear,01 - Daylight,01 - Dry,10 - No control,,03 - P.D. only,07 - SMV other,0
14-4856,GEORGE ST btwn SUSSEX DR & 26 W OF BYWARD MARKET/FREIMAN MALL,367988.28539,5032190.74140,-75.69249663430,45.42679617280,2014-05-09,12:30:00 PM,01 - Clear,01 - Daylight,01 - Dry,10 - No control,,03 - P.D. only,06 - SMV unattended vehicle,0
14-4857,NEEDHAMS SIDE RD btwn STONECREST RD & END,337390.15593,5031107.92903,-76.08357631320,45.41914772710,2014-05-09,12:38:00 PM,01 - Clear,01 - Daylight,08 - Loose sand or gravel,10 - No control,,02 - Non-fatal injury,07 - SMV other,0
14-4858,RIVERSIDE DR btwn RAMP & TURN LANE (1),368384.43581,5027222.30589,-75.68807528200,45.38205587690,2014-05-09,1:02:00 PM,01 - Clear,01 - Daylight,01 - Dry,10 - No control,,03 - P.D. only,03 - Rear end,0
14-4859,BASELINE RD @ WOODROFFE AVE,362549.21627,5023768.60897,-75.76298374950,45.35148519430,2014-05-09,12:44:00 PM,01 - Clear,01 - Daylight,01 - Dry,01 - Traffic signal,00 - Unknown,03 - P.D. only,03 - Rear end,0
14-4860,SHERWOOD DR btwn BREEZEHILL AVE S & CARLING AVE,366482.15542,5028718.41684,-75.71217660990,45.39568759960,2014-05-09,1:25:00 PM,01 - Clear,01 - Daylight,01 - Dry,10 - No control,,03 - P.D. only,99 - Other,0
14-4861,CAMBRIDGE ST    S btwn PLYMOUTH ST & POWELL AVE,367250.61539,5029514.01967,-75.70226181930,45.40277809670,2014-05-09,1:36:00 PM,01 - Clear,01 - Daylight,01 - Dry,10 - No control,,02 - Non-fatal injury,06 - SMV unattended vehicle,0
14-4862,CLEGG ST @ MAIN ST,369272.21427,5029921.82209,-75.67638743010,45.40626409640,2014-05-09,2:37:00 PM,01 - Clear,01 - Daylight,01 - Dry,01 - Traffic signal,01 - Functioning,02 - Non-fatal injury,02 - Angle,0
14-4863,"EGLISE, RUE DE L @ MONTREAL RD",371160.30309,5033634.25969,-75.65177020680,45.43949055820,2014-05-09,2:45:00 PM,01 - Clear,01 - Daylight,01 - Dry,01 - Traffic signal,01 - Functioning,03 - P.D. only,04 - Sideswipe,0
14-4864,CLEARBROOK DR @ CHAPMAN MILLS DR,365923.34410,5015084.77159,-75.72099704610,45.27306294200,2014-05-09,2:49:00 PM,01 - Clear,01 - Daylight,01 - Dry,02 - Stop sign,01 - Functioning,02 - Non-fatal injury,02 - Angle,0
14-4865,DALY AVE @ NICHOLAS ST,368229.12280,5032047.52157,-75.68943764900,45.42548573270,2014-05-09,11:00:00 AM,01 - Clear,01 - Daylight,01 - Dry,01 - Traffic signal,01 - Functioning,03 - P.D. only,99 - Other,0
14-4866,SCOUT ST btwn COLERIDGE ST & GRAMMERCY PK,364273.07553,5025302.16147,-75.74080063590,45.36513982290,2014-05-07,7:05:00 PM,01 - Clear,01 - Daylight,01 - Dry,10 - No control,,03 - P.D. only,06 - SMV unattended vehicle,0
14-4867,HUNT CLUB RD @ LORRY GREENBERG DR/SABLE RIDGE,372823.85718,5024805.84603,-75.63172635900,45.35989652230,2014-05-09,8:50:00 AM,01 - Clear,01 - Daylight,01 - Dry,01 - Traffic signal,01 - Functioning,03 - P.D. only,03 - Rear end,0
14-4868,MCARTHUR AVE btwn MAY ST & ST. LAURENT BLVD,371903.89020,5032879.12749,-75.64236953600,45.43262526290,2014-05-09,4:18:00 PM,01 - Clear,01 - Daylight,01 - Dry,10 - No control,,03 - P.D. only,04 - Sideswipe,0
14-4869,CRAIG HENRY DR btwn SOVEREIGN AVE & WOODVALE GR,363025.02693,5021823.59270,-75.75714071960,45.33394473780,2014-05-09,4:28:00 PM,01 - Clear,01 - Daylight,01 - Dry,10 - No control,,03 - P.D. only,07 - SMV other,0
14-4870,INNES RD @ 260 E OF BELCOURT BLVD/WALMART SC,382346.72547,5035398.96620,-75.50852511190,45.45421669740,2014-05-09,4:44:00 PM,01 - Clear,01 - Daylight,01 - Dry,01 - Traffic signal,01 - Functioning,03 - P.D. only,03 - Rear end,0
14-4871,BANK ST @ CECIL AVE,369946.13420,5026989.54550,-75.66816638650,45.37981808760,2014-05-09,5:35:00 PM,01 - Clear,01 - Daylight,01 - Dry,02 - Stop sign,01 - Functioning,03 - P.D. only,02 - Angle,0
14-4872,DALY AVE @ NICHOLAS ST,368228.17493,5032046.57370,-75.68944988310,45.42547728980,2014-05-09,5:30:00 PM,01 - Clear,01 - Daylight,01 - Dry,01 - Traffic signal,00 - Unknown,03 - P.D. only,04 - Sideswipe,0
14-4873,INNES RD @ TENTH LINE RD,383952.23423,5036159.56080,-75.48787861620,45.46087983210,2014-05-09,5:58:00 PM,01 - Clear,01 - Daylight,01 - Dry,01 - Traffic signal,01 - Functioning,03 - P.D. only,03 - Rear end,0
14-4874,CRANBERRY CRT btwn MUNSTER RD & BUTTERWICK ST,349023.89261,5002746.95059,-75.93746002530,45.16330765470,2014-05-08,12:00:00 AM,00 - Unknown,00 - Unknown,00 - Unknown,10 - No control,,03 - P.D. only,06 - SMV unattended vehicle,0
14-4875,CARMEN AVE btwn MCARTHUR AVE & STEVENS AVE,370917.12842,5032685.58516,-75.65500557850,45.43097784390,2014-05-09,4:50:00 PM,01 - Clear,01 - Daylight,01 - Dry,10 - No control,,03 - P.D. only,02 - Angle,0