Record,Location,X,Y,Longitude,Latitude,Date,Time,Environment,Light,Road_Surface,Traffic_Control,Collision_Location,Collision_Classification,Impact_type,Pedestrian
14-4984,BESSERER ST @ DALHOUSIE ST,368254.12350,5032158.52237,-75.68910389650,45.42648221150,2014-05-13,8:30:00 AM,01 - Clear,01 - Daylight,01 - Dry,01 - Traffic signal,01 - Functioning,03 - P.D. only,04 - Sideswipe,0
14-4985,BLAIR RD @ OGILVIE RD,374507.24977,5033197.62713,-75.60905581930,45.43523629430,2014-05-13,12:40:00 PM,01 - Clear,01 - Daylight,01 - Dry,01 - Traffic signal,01 - Functioning,03 - P.D. only,03 - Rear end,0
14-4986,CARLING AVE @ BROADVIEW AVE,363181.04205,5026640.20037,-75.75458157150,45.37727113580,2014-05-13,1:00:00 PM,01 - Clear,01 - Daylight,01 - Dry,01 - Traffic signal,01 - Functioning,03 - P.D. only,05 - Turning movement,0
14-4987,MARCH RD @ SOLANDT RD,350488.39078,5022712.18767,-75.91699686180,45.34286878630,2014-05-12,5:30:00 PM,01 - Clear,01 - Daylight,01 - Dry,01 - Traffic signal,01 - Functioning,02 - Non-fatal injury,04 - Sideswipe,0
14-4988,MACKENZIE AVE @ RIDEAU ST,367871.12100,5032010.52807,-75.69401684330,45.42518524950,2014-05-13,2:03:00 PM,01 - Clear,01 - Daylight,01 - Dry,01 - Traffic signal,01 - Functioning,03 - P.D. only,04 - Sideswipe,0
14-4989,REGIONAL ROAD 174 btwn OR174 IC105 RAMP35 & OR174 IC105 RAMP25,379542.76086,5037076.09168,-75.54411515220,45.46961173480,2014-05-12,3:00:00 PM,01 - Clear,01 - Daylight,01 - Dry,10 - No control,,03 - P.D. only,99 - Other,0
14-4990,WAVERLEY ST @ O'CONNOR ST,368008.23427,5030763.67437,-75.69242480860,45.41395409880,2014-05-13,3:21:00 PM,01 - Clear,01 - Daylight,01 - Dry,02 - Stop sign,01 - Functioning,02 - Non-fatal injury,02 - Angle,0
14-4991,BANTREE ST @ INNES RD,373706.73714,5030407.31586,-75.61967642660,45.41020983210,2014-05-13,4:07:00 PM,01 - Clear,01 - Daylight,01 - Dry,01 - Traffic signal,01 - Functioning,02 - Non-fatal injury,05 - Turning movement,0
14-4992,CLEARBROOK DR/MARKETPLACE AVE @ LONGFIELDS DR,364631.35617,5014951.68837,-75.73747769090,45.27197657610,2014-05-13,4:00:00 PM,02 - Rain,01 - Daylight,02 - Wet,01 - Traffic signal,01 - Functioning,03 - P.D. only,03 - Rear end,0
14-4993,GREENBANK RD @ WEST HUNT CLUB RD,361477.30733,5020502.47920,-75.77703681640,45.32218408990,2014-05-13,4:25:00 PM,00 - Unknown,01 - Daylight,00 - Unknown,01 - Traffic signal,01 - Functioning,03 - P.D. only,99 - Other,0
14-4994,ROWALLEN PL btwn SHELLBROOK WAY & SHELLBROOK WAY,373005.62368,5026014.11692,-75.62923973020,45.37075040990,2014-05-13,12:00:00 AM,01 - Clear,00 - Unknown,01 - Dry,10 - No control,,03 - P.D. only,06 - SMV unattended vehicle,0
14-4995,BLAIR RD btwn BEAVERPOND DR & INNES RD,375527.07613,5031560.88211,-75.59625785820,45.42040739170,2014-05-13,5:15:00 PM,02 - Rain,01 - Daylight,02 - Wet,10 - No control,,03 - P.D. only,03 - Rear end,0
14-4996,RIVERSIDE DR @ UPLANDS DR/KIMBERWICK CRES N,368196.13780,5022792.55253,-75.69104771680,45.34221511010,2014-05-13,5:20:00 PM,02 - Rain,01 - Daylight,02 - Wet,01 - Traffic signal,01 - Functioning,03 - P.D. only,03 - Rear end,0
14-4997,CYRVILLE RD btwn STAR TOP RD & MEADOWBROOK RD,374468.12858,5031296.42437,-75.60982470070,45.41813419230,2014-05-13,5:24:00 PM,02 - Rain,01 - Daylight,02 - Wet,10 - No control,,03 - P.D. only,02 - Angle,0
14-4998,BANK ST @ RIDEAU RD,376954.27857,5017842.57687,-75.58002611160,45.29683127940,2014-05-13,8:30:00 PM,02 - Rain,05 - Dusk,02 - Wet,01 - Traffic signal,01 - Functioning,02 - Non-fatal injury,05 - Turning movement,0
14-4999,CARLING AVE @ KIRKWOOD AVE S,364351.22657,5027335.65337,-75.73955789650,45.38343022330,2014-05-13,12:08:00 PM,01 - Clear,01 - Daylight,01 - Dry,01 - Traffic signal,01 - Functioning,03 - P.D. only,04 - Sideswipe,0
14-5000,BANK ST SB btwn HUNT CLUB RD & 80 S OF HUNT CLUB RD/TOWNGATE PLAZA SC,371657.55167,5024094.61047,-75.64670789410,45.35360925860,2014-05-13,4:30:00 PM,01 - Clear,01 - Daylight,02 - Wet,10 - No control,,03 - P.D. only,04 - Sideswipe,0
14-5001,MARKETPLACE AVE btwn GREENBANK RD & TRANSITWAY SOUTHWEST,364104.70823,5014653.16127,-75.74422463400,45.26933503630,2014-05-13,6:45:00 PM,02 - Rain,01 - Daylight,02 - Wet,10 - No control,,03 - P.D. only,02 - Angle,0
14-5002,FALLOWFIELD RD @ VIA PARK PL/275 W OF WOODROFFE AVE,364847.74427,5017765.76741,-75.73437963260,45.29727913470,2014-05-13,6:40:00 PM,02 - Rain,01 - Daylight,02 - Wet,01 - Traffic signal,01 - Functioning,03 - P.D. only,03 - Rear end,0
14-5003,ST. LAURENT BLVD @ WALKLEY RD,373902.75010,5028046.85510,-75.61750325220,45.38895220200,2014-05-13,4:45:00 PM,01 - Clear,01 - Daylight,01 - Dry,01 - Traffic signal,01 - Functioning,03 - P.D. only,03 - Rear end,0
14-5004,CYRVILLE RD @ ST. LAURENT BLVD,372241.24687,5032112.52787,-75.63816337550,45.42569530910,2014-05-12,7:55:00 PM,01 - Clear,01 - Daylight,01 - Dry,01 - Traffic signal,01 - Functioning,03 - P.D. only,03 - Rear end,0
14-5005,AIRPORT PKWY btwn AIRPORT PKWY & RAMP (1),371048.38582,5023604.42000,-75.65454739940,45.34925649190,2014-05-13,8:52:00 PM,02 - Rain,07 - Dark,02 - Wet,10 - No control,,03 - P.D. only,07 - SMV other,0
14-5006,ROCHESTER ST btwn PRIMROSE AVE & ELM ST,366399.33496,5030388.66800,-75.71302567820,45.41072337360,2014-05-13,11:33:00 PM,01 - Clear,07 - Dark,01 - Dry,10 - No control,,03 - P.D. only,06 - SMV unattended vehicle,0
14-5007,WOODROFFE AVE btwn HWY417 IC127 RAMP63 & HWY417 IC127 RAMP35,362121.07553,5024842.83514,-75.76832282610,45.36118612890,2014-05-14,6:47:00 AM,01 - Clear,01 - Daylight,01 - Dry,10 - No control,,03 - P.D. only,04 - Sideswipe,0
14-5008,BANNER RD @ GREENBANK RD,361022.14653,5021567.43977,-75.78272135510,45.33180320920,2014-05-14,7:24:00 AM,01 - Clear,01 - Daylight,01 - Dry,01 - Traffic signal,01 - Functioning,03 - P.D. only,05 - Turning movement,0
14-5009,TERRY FOX DR btwn COPE DR & TRANS CANADA TRAIL,353302.55090,5015935.35502,-75.88175241320,45.28170051000,2014-05-13,5:10:00 PM,02 - Rain,01 - Daylight,02 - Wet,10 - No control,,03 - P.D. only,03 - Rear end,0
14-5010,LAURIER AVE @ WALLER ST/TRANSITWAY,368454.27290,5031858.46907,-75.68658517210,45.42376425250,2014-05-14,8:56:00 AM,01 - Clear,01 - Daylight,01 - Dry,01 - Traffic signal,01 - Functioning,02 - Non-fatal injury,05 - Turning movement,0
14-5011,KERRIA WALK btwn EVERLASTING CRES & EVERLASTING CRES,385264.89777,5038669.49183,-75.47068523660,45.48331179540,2014-05-14,9:25:00 AM,01 - Clear,01 - Daylight,01 - Dry,10 - No control,,03 - P.D. only,06 - SMV unattended vehicle,0
14-5012,BLACKBURN AVE @ MANN AVE,369622.49063,5031597.24251,-75.67169287090,45.42130655790,2014-05-14,9:55:00 AM,01 - Clear,01 - Daylight,01 - Dry,02 - Stop sign,01 - Functioning,02 - Non-fatal injury,05 - Turning movement,0
14-5013,BANK ST btwn BANK ST EXTENSION NB & JOHNSTON RD,370560.30738,5025456.36980,-75.66052914210,45.36596570190,2014-05-12,7:00:00 AM,01 - Clear,01 - Daylight,01 - Dry,10 - No control,,03 - P.D. only,04 - Sideswipe,0
14-5014,HEMLOCK RD @ ST. LAURENT BLVD,371146.18283,5034780.64993,-75.65179610400,45.44980658440,2014-03-02,1:30:00 PM,03 - Snow,01 - Daylight,06 - Ice,01 - Traffic signal,01 - Functioning,03 - P.D. only,03 - Rear end,0
14-5015,CATHERINE ST @ METCALFE ST,368391.76343,5030485.17494,-75.68756110400,45.41141350470,2014-05-14,2:00:00 PM,01 - Clear,01 - Daylight,01 - Dry,01 - Traffic signal,01 - Functioning,03 - P.D. only,99 - Other,0
14-5016,CARLING AVE @ RICHMOND RD,360247.10080,5024779.61657,-75.79224847840,45.36076801260,2014-05-14,1:25:00 PM,01 - Clear,01 - Daylight,01 - Dry,01 - Traffic signal,01 - Functioning,03 - P.D. only,03 - Rear end,0
14-5017,ELGIN ST @ SLATER ST,367890.70770,5031646.09317,-75.69381324580,45.42190442040,2014-05-14,2:52:00 PM,01 - Clear,01 - Daylight,01 - Dry,01 - Traffic signal,01 - Functioning,02 - Non-fatal injury,07 - SMV other,1
14-5018,FALLOWFIELD RD @ WOODROFFE AVE,365086.57180,5017902.24213,-75.73131821800,45.29848667440,2014-05-14,3:04:00 PM,01 - Clear,01 - Daylight,01 - Dry,01 - Traffic signal,01 - Functioning,03 - P.D. only,05 - Turning movement,0
14-5019,CANOTEK RD btwn POLYTEK ST & TO BE DETERMINED,376454.94597,5035591.47376,-75.58381641290,45.45657774340,2014-05-14,3:15:00 PM,01 - Clear,01 - Daylight,01 - Dry,10 - No control,,02 - Non-fatal injury,05 - Turning movement,0
14-5020,CARLING AVE @ RICHMOND RD,360245.20507,5024779.61657,-75.79227267410,45.36076816250,2014-05-14,3:17:00 PM,01 - Clear,01 - Daylight,01 - Dry,01 - Traffic signal,01 - Functioning,03 - P.D. only,99 - Other,0
14-5021,HIGHWAY 417 @ HWY 417 INNES IC112R64,374935.87066,5030712.10695,-75.60393207830,45.41283008540,2014-05-14,12:35:00 PM,01 - Clear,01 - Daylight,01 - Dry,10 - No control,,03 - P.D. only,04 - Sideswipe,0
14-5022,MERIVALE RD @ BENTLEY AVE/CAMELOT DR,365773.40860,5021560.17907,-75.72211133900,45.33134114560,2014-05-14,4:14:00 PM,01 - Clear,01 - Daylight,01 - Dry,01 - Traffic signal,01 - Functioning,03 - P.D. only,05 - Turning movement,0
14-5023,DUNHAM ST @ OGILVIE RD,374723.14820,5033324.57710,-75.60627867860,45.43635696360,2014-05-14,8:45:00 AM,01 - Clear,01 - Daylight,01 - Dry,02 - Stop sign,01 - Functioning,03 - P.D. only,04 - Sideswipe,0
14-5024,CONSTELLATION CRES @ BASELINE RD,362274.80980,5023596.31790,-75.76650556020,45.34995747380,2014-05-14,4:00:00 PM,01 - Clear,01 - Daylight,01 - Dry,01 - Traffic signal,01 - Functioning,03 - P.D. only,04 - Sideswipe,0
14-5025,CAMPEAU DR/HWY 417 MARCH IC138R63 @ MARCH RD,352843.99457,5020476.46670,-75.88715706660,45.32259397970,2014-05-14,4:40:00 PM,01 - Clear,01 - Daylight,01 - Dry,01 - Traffic signal,01 - Functioning,03 - P.D. only,03 - Rear end,0
14-5026,BANK ST @ QUEENSDALE AVE,373338.16470,5023446.46127,-75.62535081850,45.34761521060,2014-05-14,5:11:00 PM,01 - Clear,01 - Daylight,01 - Dry,01 - Traffic signal,01 - Functioning,03 - P.D. only,05 - Turning movement,0
14-5027,CATHERINE ST @ KENT ST,367909.12930,5030186.66867,-75.69376476440,45.40877132930,2014-05-12,4:40:00 PM,01 - Clear,01 - Daylight,01 - Dry,01 - Traffic signal,01 - Functioning,02 - Non-fatal injury,03 - Rear end,0
14-5028,JOSHUA ST @ RENAUD RD,381156.42600,5032326.93784,-75.52421806220,45.42670805270,2014-05-14,5:29:00 PM,01 - Clear,01 - Daylight,01 - Dry,02 - Stop sign,01 - Functioning,02 - Non-fatal injury,03 - Rear end,0
14-5029,GREENBANK RD @ BERRIGAN DR/WESSEX RD,363722.25990,5015277.37257,-75.74902403490,45.27498384910,2014-05-14,4:45:00 PM,01 - Clear,01 - Daylight,01 - Dry,01 - Traffic signal,01 - Functioning,03 - P.D. only,03 - Rear end,0
14-5030,TRIM RD btwn ST. JOSEPH BLVD & WATTERS RD,384904.46253,5038806.67543,-75.47527283740,45.48458749060,2014-05-14,4:30:00 PM,01 - Clear,01 - Daylight,01 - Dry,10 - No control,,02 - Non-fatal injury,03 - Rear end,0
14-5031,CARLING AVE @ CROYDON AVE,360659.15453,5025041.56963,-75.78695964070,45.36309234320,2014-05-14,7:00:00 PM,01 - Clear,01 - Daylight,01 - Dry,01 - Traffic signal,01 - Functioning,03 - P.D. only,05 - Turning movement,0
14-5032,ETHEL ST @ HANNAH ST,370147.23787,5033457.69447,-75.66474144130,45.43799732160,2014-05-14,6:35:00 PM,01 - Clear,01 - Daylight,01 - Dry,02 - Stop sign,01 - Functioning,03 - P.D. only,02 - Angle,0
14-5033,INNES RD @ TENTH LINE RD,383951.28637,5036160.50867,-75.48789058120,45.46088846780,2014-05-14,8:52:00 PM,01 - Clear,05 - Dusk,01 - Dry,01 - Traffic signal,01 - Functioning,02 - Non-fatal injury,03 - Rear end,0
14-5034,ELGIN ST @ NEPEAN ST,368030.18233,5031410.62453,-75.69206140720,45.41977315980,2014-05-14,9:57:00 PM,01 - Clear,07 - Dark,01 - Dry,01 - Traffic signal,01 - Functioning,02 - Non-fatal injury,07 - SMV other,1
14-5035,GREENBANK RD btwn WEST HUNT CLUB RD & FALLOWFIELD RD,362515.81824,5018050.84816,-75.76407644520,45.30003972320,2014-05-15,6:20:00 AM,01 - Clear,01 - Daylight,02 - Wet,10 - No control,,03 - P.D. only,07 - SMV other,0
14-5036,LEITRIM RD btwn LIMEBANK RD & HIGH RD,371017.97393,5018881.38106,-75.65556718150,45.30676274660,2014-05-15,12:07:00 AM,02 - Rain,07 - Dark,02 - Wet,10 - No control,,02 - Non-fatal injury,07 - SMV other,0
14-5037,GREENBANK RD btwn WEST HUNT CLUB RD & FALLOWFIELD RD,362531.89242,5017998.26128,-75.76387762620,45.29956522510,2014-05-15,6:20:00 AM,01 - Clear,01 - Daylight,02 - Wet,10 - No control,,03 - P.D. only,07 - SMV other,0
14-5038,HUNT CLUB RD btwn NORTH BOWESVILLE RD & BILLY BISHOP PRIV,368841.09825,5022420.19262,-75.68286687710,45.33880611900,2014-05-15,7:16:00 AM,01 - Clear,01 - Daylight,01 - Dry,10 - No control,,02 - Non-fatal injury,02 - Angle,0
14-5039,HOPE SIDE RD @ RICHMOND RD,356952.28115,5015484.01310,-75.83528084600,45.27737796530,2014-05-15,7:16:00 AM,01 - Clear,01 - Daylight,01 - Dry,02 - Stop sign,01 - Functioning,03 - P.D. only,02 - Angle,0
14-5040,TERRY FOX DR btwn MARCH VALLEY RD & HERZBERG RD,351149.59053,5023559.45296,-75.90848072360,45.35044927050,2014-05-15,7:31:00 AM,02 - Rain,01 - Daylight,02 - Wet,10 - No control,,03 - P.D. only,03 - Rear end,0
14-5041,STRANDHERD DR btwn Continuation of STRANDHERD DR & MCKENNA CASEY DR,361849.67991,5013649.31203,-75.77307549510,45.26048886060,2014-05-15,8:28:00 AM,01 - Clear,01 - Daylight,01 - Dry,08 - Traffic gate,00 - Unknown,03 - P.D. only,03 - Rear end,0
14-5042,SOMERSET ST    W btwn BREEZEHILL AVE N & PRESTON ST,366266.22801,5030110.29875,-75.71476076050,45.40823038540,2014-05-15,8:40:00 AM,01 - Clear,01 - Daylight,01 - Dry,10 - No control,,02 - Non-fatal injury,04 - Sideswipe,0
14-5043,DE SALABERRY ST @ LOYOLA AVE,375953.98753,5035147.02688,-75.59028517890,45.45263008300,2014-05-15,8:47:00 AM,01 - Clear,01 - Daylight,01 - Dry,02 - Stop sign,01 - Functioning,03 - P.D. only,02 - Angle,0
14-5044,GOULBOURN FORCED RD @ KANATA AVE,349776.65097,5020353.56000,-75.92629282610,45.32169126370,2014-05-15,9:50:00 AM,01 - Clear,01 - Daylight,01 - Dry,01 - Traffic signal,01 - Functioning,02 - Non-fatal injury,03 - Rear end,1
14-5045,PRINCE OF WALES DR btwn 187 N OF MEADOWLANDS DR & MEADOWLANDS DR/HOG'S,367366.37722,5025716.53393,-75.70126459900,45.36859897160,2014-05-15,9:48:00 AM,01 - Clear,01 - Daylight,01 - Dry,10 - No control,,03 - P.D. only,04 - Sideswipe,0
14-5046,HUNT CLUB RD btwn RIVERSIDE DR & LINDBERGH PRIV,368213.48025,5022041.23310,-75.69092273270,45.33545332740,2014-05-15,9:49:00 AM,01 - Clear,01 - Daylight,01 - Dry,10 - No control,,03 - P.D. only,04 - Sideswipe,0
14-5047,RIVERSIDE DR @ HERON RD,368121.10490,5026648.48853,-75.69151106910,45.37691667540,2014-05-15,10:08:00 AM,01 - Clear,01 - Daylight,01 - Dry,01 - Traffic signal,01 - Functioning,03 - P.D. only,05 - Turning movement,0
14-5048,BANK ST btwn CLAREY AVE & HOLMWOOD AVE,368475.62435,5029212.51434,-75.68665417030,45.39995489170,2014-05-15,10:05:00 AM,01 - Clear,01 - Daylight,01 - Dry,10 - No control,,03 - P.D. only,06 - SMV unattended vehicle,0
14-5049,RIDEAU ST btwn RIDEAU PL & MONTREAL RD,369573.35799,5032949.19627,-75.67214281970,45.43347546080,2014-05-14,7:00:00 PM,01 - Clear,01 - Daylight,01 - Dry,10 - No control,,03 - P.D. only,99 - Other,0
14-5050,BASELINE RD @ 207 E OF CLYDE AVE,364535.00677,5025000.97550,-75.73749367590,45.36240752290,2014-05-15,10:27:00 AM,01 - Clear,01 - Daylight,01 - Dry,01 - Traffic signal,00 - Unknown,03 - P.D. only,03 - Rear end,0
14-5051,BANK ST btwn SOMERSET ST W & MACLAREN ST,367706.56496,5030901.78201,-75.69626105280,45.41522393120,2014-05-15,11:08:00 AM,01 - Clear,01 - Daylight,01 - Dry,10 - No control,,03 - P.D. only,04 - Sideswipe,0
14-5052,JEANNE D'ARC BLVD @ ORLEANS BLVD S,380939.32270,5036249.63173,-75.52638512460,45.46202506910,2014-05-15,12:20:00 PM,01 - Clear,01 - Daylight,01 - Dry,01 - Traffic signal,01 - Functioning,02 - Non-fatal injury,05 - Turning movement,0
14-5053,ST. LAURENT BLVD btwn NERTA ST & JOLIFFE ST,373740.15725,5028451.22107,-75.61952295050,45.39260652610,2014-05-15,1:01:00 PM,01 - Clear,01 - Daylight,01 - Dry,10 - No control,,03 - P.D. only,02 - Angle,0
14-5054,COLONEL BY DR @ HAWTHORNE AVE/PRETORIA BRIDGE,368767.71020,5030526.32736,-75.68275321320,45.41174951850,2014-05-15,2:02:00 PM,01 - Clear,01 - Daylight,01 - Dry,01 - Traffic signal,01 - Functioning,03 - P.D. only,05 - Turning movement,0
14-5055,INDUSTRIAL AVE/INNES RD @ ST. LAURENT BLVD,373098.30560,5030004.61883,-75.62750436980,45.40664619120,2014-05-15,2:46:00 PM,01 - Clear,01 - Daylight,01 - Dry,01 - Traffic signal,01 - Functioning,03 - P.D. only,02 - Angle,0
14-5056,CARP RD btwn HWY417 IC144 RAMP51 & HWY417 IC144 RAMP25,347527.54446,5015674.27741,-75.95538361250,45.27972597130,2014-05-15,2:00:00 PM,01 - Clear,01 - Daylight,01 - Dry,10 - No control,,03 - P.D. only,03 - Rear end,0
14-5057,CARTIER ST @ LISGAR ST,368226.92808,5031438.13147,-75.68954415280,45.42000284950,2014-05-15,3:06:00 PM,01 - Clear,01 - Daylight,01 - Dry,02 - Stop sign,01 - Functioning,03 - P.D. only,05 - Turning movement,0
14-5058,BANK ST @ HERON RD,369998.08967,5026851.54220,-75.66752127370,45.37857154570,2014-05-15,3:31:00 PM,01 - Clear,01 - Daylight,01 - Dry,01 - Traffic signal,01 - Functioning,03 - P.D. only,03 - Rear end,0
14-5059,RUSSELL RD S @ ST. LAURENT BLVD,373569.44185,5029262.38621,-75.62158992500,45.39992180190,2014-05-15,3:30:00 PM,01 - Clear,01 - Daylight,01 - Dry,01 - Traffic signal,01 - Functioning,02 - Non-fatal injury,05 - Turning movement,0
14-5060,DATA CENTRE RD btwn TURN LANE & TURN LANE,369016.11577,5027428.80765,-75.67998317480,45.38385629870,2014-05-15,1:45:00 PM,01 - Clear,01 - Daylight,01 - Dry,10 - No control,,03 - P.D. only,02 - Angle,0
14-5061,ALTA VISTA DR @ SMYTH RD,370435.08557,5029081.55750,-75.66164552780,45.39859563430,2014-05-15,4:17:00 PM,01 - Clear,01 - Daylight,01 - Dry,01 - Traffic signal,01 - Functioning,03 - P.D. only,03 - Rear end,0
14-5062,ROBERTSON RD btwn FITZGERALD RD & MOODIE DR,356910.76906,5020362.67827,-75.83529716550,45.32127998750,2014-05-15,4:40:00 PM,01 - Clear,01 - Daylight,00 - Unknown,10 - No control,,02 - Non-fatal injury,03 - Rear end,0
14-5063,MCARTHUR AVE @ OLMSTEAD ST,370482.23507,5032722.64123,-75.66055808510,45.43135223770,2014-05-15,1:15:00 PM,01 - Clear,01 - Daylight,01 - Dry,01 - Traffic signal,01 - Functioning,03 - P.D. only,03 - Rear end,0
14-5064,LEGGET DR btwn SOLANDT RD & FARRAR RD,350814.17811,5022752.04756,-75.91283618940,45.34320615950,2014-05-15,5:27:00 PM,01 - Clear,01 - Daylight,01 - Dry,10 - No control,,02 - Non-fatal injury,02 - Angle,0
14-5065,O'CONNOR ST @ QUEEN ST,367496.67462,5031584.62691,-75.69885561190,45.42138679110,2014-05-15,3:34:00 PM,01 - Clear,01 - Daylight,01 - Dry,01 - Traffic signal,01 - Functioning,03 - P.D. only,99 - Other,0
14-5066,BREEZEHILL AVE   S btwn LINDENPARK PRIV & SHERWOOD DR,366420.35225,5028784.62598,-75.71295763290,45.39628877500,2014-05-15,9:20:00 AM,01 - Clear,01 - Daylight,01 - Dry,10 - No control,,02 - Non-fatal injury,07 - SMV other,1
14-5067,WOODROFFE AVE btwn KNOXDALE RD/MEDHURST DR & NORICE ST,363204.63661,5022373.79552,-75.75478444220,45.33888049870,2014-05-15,5:45:00 PM,01 - Clear,01 - Daylight,01 - Dry,10 - No control,,02 - Non-fatal injury,03 - Rear end,0
14-5068,METCALFE ST @ QUEEN ST,367647.75188,5031682.00358,-75.69691289910,45.42224939910,2014-05-15,3:22:00 PM,01 - Clear,01 - Daylight,01 - Dry,01 - Traffic signal,01 - Functioning,03 - P.D. only,05 - Turning movement,0
14-5069,WOODROFFE AVE btwn KNOXDALE RD/MEDHURST DR & NORICE ST,363268.45967,5022210.44639,-75.75398946060,45.33740537940,2014-05-15,6:10:00 PM,01 - Clear,01 - Daylight,01 - Dry,10 - No control,,03 - P.D. only,03 - Rear end,0
14-5070,MAITLAND AVE btwn AMESBROOKE DR & HENRY FARM DR,363834.00126,5025158.20540,-75.74642231600,45.36388164100,2014-05-15,6:32:00 PM,01 - Clear,01 - Daylight,01 - Dry,10 - No control,,03 - P.D. only,03 - Rear end,0
14-5071,EYE BRIGHT CRES btwn NORTH BLUFF DR & ROYAL FERN WAY,369548.16214,5015919.14413,-75.67469542500,45.28024608520,2014-05-07,12:00:00 AM,01 - Clear,00 - Unknown,01 - Dry,10 - No control,,03 - P.D. only,06 - SMV unattended vehicle,0
14-5072,BRONSON AVE @ FIRST AVE,367489.23347,5029235.61453,-75.69924942240,45.40025175940,2014-05-15,6:45:00 PM,01 - Clear,01 - Daylight,01 - Dry,02 - Stop sign,00 - Unknown,02 - Non-fatal injury,05 - Turning movement,0
14-5073,BANK ST @ SUNNYSIDE AVE,368735.18263,5028582.49707,-75.68342075800,45.39426254180,2014-05-15,7:25:00 PM,01 - Clear,01 - Daylight,01 - Dry,01 - Traffic signal,01 - Functioning,02 - Non-fatal injury,02 - Angle,0
14-5074,MERIVALE RD @ SLACK RD,366020.17423,5020954.54513,-75.71903833080,45.32587024670,2014-05-15,5:40:00 PM,01 - Clear,01 - Daylight,01 - Dry,01 - Traffic signal,01 - Functioning,03 - P.D. only,03 - Rear end,0
14-5075,BRONSON AVE @ POWELL AVE,367389.65615,5029476.74007,-75.70049063070,45.40243024790,2014-05-15,9:14:00 PM,01 - Clear,07 - Dark,01 - Dry,01 - Traffic signal,01 - Functioning,03 - P.D. only,02 - Angle,0
14-5076,BRONSON AVE @ IMPERIAL AVE/PLYMOUTH ST,367320.12510,5029645.44743,-75.70135733300,45.40395444090,2014-05-15,9:33:00 PM,01 - Clear,07 - Dark,01 - Dry,10 - No control,,02 - Non-fatal injury,05 - Turning movement,0
14-5077,DUMAURIER AVE btwn ALENMEDE CRES & RAMSEY CRES,359917.27519,5023281.53775,-75.79662520930,45.34731432820,2014-05-15,11:16:00 PM,01 - Clear,07 - Dark,01 - Dry,10 - No control,,03 - P.D. only,07 - SMV other,0
14-5078,FISHER AVE @ MEADOWLANDS DR,366574.59097,5025047.34173,-75.71145540240,45.36264795350,2014-05-15,11:17:00 PM,01 - Clear,07 - Dark,01 - Dry,01 - Traffic signal,01 - Functioning,03 - P.D. only,05 - Turning movement,0
14-5079,DALHOUSIE ST @ YORK ST,368094.18103,5032418.64183,-75.69111420690,45.42883716660,2014-05-16,12:38:00 AM,02 - Rain,07 - Dark,02 - Wet,01 - Traffic signal,01 - Functioning,03 - P.D. only,02 - Angle,0
14-5080,PRINCE OF WALES DR btwn WATERBRIDGE DR & CRESTWAY DR,367331.18951,5016186.94937,-75.70291725880,45.28285646110,2014-05-16,7:16:00 AM,01 - Clear,01 - Daylight,01 - Dry,10 - No control,,03 - P.D. only,03 - Rear end,0
14-5081,ELGIN ST @ SPARKS ST W,367740.14483,5031830.89107,-75.69571336970,45.42358073300,2014-05-16,7:32:00 AM,01 - Clear,01 - Daylight,01 - Dry,01 - Traffic signal,01 - Functioning,03 - P.D. only,07 - SMV other,0
14-5082,MONTREAL RD btwn PALACE ST & VANIER PKWY,370038.11264,5033043.79115,-75.66619096700,45.43428338340,2014-05-16,7:32:00 AM,02 - Rain,01 - Daylight,02 - Wet,10 - No control,,03 - P.D. only,05 - Turning movement,0
14-5083,KANATA RD @ LORD BYNG WAY/MARITIME WAY,351431.27732,5019330.36113,-75.90528440670,45.31237631480,2014-05-16,7:10:00 AM,02 - Rain,01 - Daylight,02 - Wet,01 - Traffic signal,01 - Functioning,03 - P.D. only,03 - Rear end,0
14-5084,MARCH RD btwn CAMPEAU DR/HWY 417 MARCH IC138R63 & HWY417 IC138 RAMP62,352739.27717,5020695.91553,-75.88847150680,45.32457578320,2014-05-16,8:21:00 AM,02 - Rain,01 - Daylight,02 - Wet,10 - No control,,03 - P.D. only,03 - Rear end,0
14-5085,EAGLESON RD btwn KATIMAVIK RD & KAKULU RD,353260.50351,5019461.57311,-75.88194373370,45.31343313580,2014-05-16,9:06:00 AM,02 - Rain,01 - Daylight,02 - Wet,10 - No control,,03 - P.D. only,03 - Rear end,0
14-5086,HOLLAND AVE @ RUSKIN ST,365278.28050,5028348.66117,-75.72759677550,45.39246563460,2014-05-16,9:14:00 AM,02 - Rain,01 - Daylight,02 - Wet,02 - Stop sign,01 - Functioning,03 - P.D. only,02 - Angle,0
14-5087,FLEWELLYN RD @ SHEA RD,352993.87288,5012174.39348,-75.88605171760,45.24787951960,2014-05-16,8:00:00 AM,02 - Rain,01 - Daylight,02 - Wet,02 - Stop sign,01 - Functioning,03 - P.D. only,02 - Angle,0
14-5088,MERIVALE RD btwn CENTRAL PARK DR S & MERIVALE RD,365042.84806,5025379.54334,-75.73096560750,45.36577035670,2014-05-16,10:07:00 AM,02 - Rain,01 - Daylight,02 - Wet,10 - No control,,03 - P.D. only,07 - SMV other,0