Record,Location,X,Y,Longitude,Latitude,Date,Time,Environment,Light,Road_Surface,Traffic_Control,Collision_Location,Collision_Classification,Impact_type,Pedestrian
14-5195,MAIN ST @ OBLATE AVE,369105.33633,5030312.51407,-75.67846806440,45.40979475900,2014-05-20,3:56:00 PM,01 - Clear,01 - Daylight,01 - Dry,01 - Traffic signal,01 - Functioning,03 - P.D. only,04 - Sideswipe,0
14-5196,MURRAY ST btwn SUSSEX DR & PARENT AVE,367734.98637,5032411.23202,-75.69570512600,45.42880290950,2014-05-20,4:13:00 PM,01 - Clear,01 - Daylight,01 - Dry,10 - No control,,03 - P.D. only,04 - Sideswipe,0
14-5197,LYON ST @ WELLINGTON ST,366932.90133,5031427.11387,-75.70607872900,45.42001983520,2014-05-20,4:36:00 PM,01 - Clear,01 - Daylight,01 - Dry,01 - Traffic signal,00 - Unknown,02 - Non-fatal injury,99 - Other,0
14-5198,LENESTER AVE @ MAITLAND AVE,363080.10970,5026145.57623,-75.75592855350,45.37282897300,2014-05-20,4:43:00 PM,01 - Clear,01 - Daylight,01 - Dry,02 - Stop sign,00 - Unknown,03 - P.D. only,03 - Rear end,0
14-5199,ST. LAURENT BLVD btwn THURSTON DR & WALKLEY RD,373913.65057,5028023.15842,-75.61736737940,45.38873791440,2014-05-20,5:00:00 PM,01 - Clear,01 - Daylight,01 - Dry,10 - No control,,03 - P.D. only,03 - Rear end,0
14-5200,CAMPEAU DR @ TERRY FOX DR,350455.09373,5019010.20171,-75.91776308510,45.30955957940,2014-05-20,4:20:00 PM,01 - Clear,01 - Daylight,01 - Dry,01 - Traffic signal,01 - Functioning,03 - P.D. only,04 - Sideswipe,0
14-5201,MERIVALE RD btwn AMBERWOOD CRES & FALLOWFIELD RD,366507.45858,5019778.82182,-75.71296930870,45.31524857310,2014-05-20,4:54:00 PM,01 - Clear,01 - Daylight,01 - Dry,10 - No control,,03 - P.D. only,03 - Rear end,0
14-5202,CARLING AVE @ MAITLAND AVE/SHERBOURNE RD,362943.17183,5026489.47497,-75.75763622720,45.37593470750,2014-05-20,5:16:00 PM,01 - Clear,01 - Daylight,01 - Dry,01 - Traffic signal,01 - Functioning,03 - P.D. only,05 - Turning movement,0
14-5203,ROSS AVE @ SCOTT ST,364358.11250,5029363.51247,-75.73922519550,45.40167593040,2014-05-20,5:28:00 PM,01 - Clear,01 - Daylight,01 - Dry,02 - Stop sign,01 - Functioning,03 - P.D. only,02 - Angle,0
14-5204,BANK ST @ RIVERSIDE DR N,369224.19499,5027983.79949,-75.67725391140,45.38883083450,2014-05-20,5:31:00 PM,01 - Clear,01 - Daylight,01 - Dry,01 - Traffic signal,00 - Unknown,02 - Non-fatal injury,03 - Rear end,0
14-5205,MONTREAL RD @ PALACE ST,369956.22257,5032999.34606,-75.66724337470,45.43389111980,2014-05-20,5:53:00 PM,01 - Clear,01 - Daylight,01 - Dry,10 - No control,,02 - Non-fatal injury,05 - Turning movement,0
14-5206,MONTREAL RD btwn L'ALLEMAND ST & ALTHA AVE,370595.62718,5033360.70380,-75.65902378000,45.43708259060,2014-05-20,5:15:00 PM,01 - Clear,01 - Daylight,01 - Dry,10 - No control,,03 - P.D. only,04 - Sideswipe,0
14-5207,COLONNADE RD btwn COLONNADE RD S & PRINCE OF WALES DR,367282.38933,5023217.22700,-75.70265261580,45.34611823140,2014-05-20,6:16:00 PM,01 - Clear,01 - Daylight,01 - Dry,10 - No control,,03 - P.D. only,04 - Sideswipe,0
14-5208,HERZBERG RD @ MARCH RD,352324.09613,5021529.43617,-75.89368737400,45.33210420340,2014-05-20,9:20:00 AM,01 - Clear,01 - Daylight,01 - Dry,01 - Traffic signal,01 - Functioning,03 - P.D. only,04 - Sideswipe,0
14-5209,WEST HUNT CLUB RD EB btwn KNOXDALE RD & WOODROFFE AVE,363652.20759,5021228.47952,-75.74921032800,45.32853763070,2014-05-20,7:00:00 AM,01 - Clear,01 - Daylight,01 - Dry,10 - No control,,03 - P.D. only,03 - Rear end,0
14-5210,HAZELDEAN RD @ 246 E OF CASTLEFRANK RD/FARMBOY,352859.59153,5017839.94533,-75.88721383560,45.29886891550,2014-05-20,4:00:00 PM,01 - Clear,01 - Daylight,01 - Dry,01 - Traffic signal,01 - Functioning,03 - P.D. only,03 - Rear end,0
14-5211,MERIVALE RD/LOTTA AVE @ CLYDE AVE,364520.27650,5024504.68230,-75.73774165640,45.35794320190,2014-05-20,7:20:00 PM,01 - Clear,01 - Daylight,01 - Dry,01 - Traffic signal,00 - Unknown,03 - P.D. only,03 - Rear end,0
14-5212,PINECREST RD btwn HWY417 IC129 RAMP26 & GREENBANK RD,360420.81311,5023596.50546,-75.79016441900,45.35010865150,2014-05-20,3:30:00 PM,01 - Clear,01 - Daylight,01 - Dry,10 - No control,,03 - P.D. only,03 - Rear end,0
14-5213,PIERRETTE DR btwn DES TREMBLES AVE & LOCKWOOD LANE (1),392231.05752,5042504.63617,-75.38090646030,45.51697782780,2014-05-20,8:54:00 PM,01 - Clear,07 - Dark,01 - Dry,10 - No control,,03 - P.D. only,07 - SMV other,0
14-5214,KING EDWARD AVE SB @ UNION ST(UNSIGNED),367854.63527,5033360.27222,-75.69405465220,45.43733126390,2014-05-20,11:51:00 PM,01 - Clear,07 - Dark,01 - Dry,03 - Yield sign,00 - Unknown,03 - P.D. only,07 - SMV other,0
14-5215,PERCIFOR WAY btwn HILLPARK HIGH ST/TRAVIS ST & TRAVIS ST E,381021.21300,5032732.93200,-75.52588290340,45.43037562950,2014-05-21,1:28:00 AM,01 - Clear,07 - Dark,01 - Dry,10 - No control,,03 - P.D. only,06 - SMV unattended vehicle,0
14-5216,KIRKWOOD AVE @ MERIVALE RD,364854.17533,5026648.43813,-75.73321963570,45.37720384860,2014-05-21,7:01:00 AM,01 - Clear,01 - Daylight,01 - Dry,01 - Traffic signal,01 - Functioning,03 - P.D. only,02 - Angle,0
14-5217,ST. JOSEPH BLVD @ JEANNE D'ARC BLVD,379862.16430,5036469.68517,-75.54012349140,45.46412150630,2014-05-21,7:41:00 AM,01 - Clear,01 - Daylight,01 - Dry,11 - Roundabout,01 - Functioning,03 - P.D. only,04 - Sideswipe,0
14-5218,SLACK RD btwn TURN LANE & VAAN DR,364500.85714,5020120.23232,-75.73851849660,45.31849403730,2014-05-21,7:54:00 AM,01 - Clear,01 - Daylight,01 - Dry,10 - No control,,03 - P.D. only,03 - Rear end,0
14-5219,HUNT CLUB RD btwn LORRY GREENBERG DR & PIKE ST,373192.94703,5025028.79636,-75.62698489970,45.36186663420,2014-05-21,8:43:00 AM,01 - Clear,01 - Daylight,01 - Dry,10 - No control,,02 - Non-fatal injury,03 - Rear end,0
14-5220,CARLING AVE WB @ SAIGON CRT,364064.71442,5027195.71537,-75.74323300530,45.38219538270,2014-05-21,8:50:00 AM,01 - Clear,01 - Daylight,01 - Dry,01 - Traffic signal,01 - Functioning,03 - P.D. only,03 - Rear end,0
14-5221,CARLING AVE @ KEMPSTER AVE/FAMOUS PLAYERS THEA,359211.97502,5024119.27143,-75.80553299020,45.35490733310,2014-05-21,7:45:00 AM,01 - Clear,01 - Daylight,01 - Dry,01 - Traffic signal,01 - Functioning,03 - P.D. only,03 - Rear end,0
14-5222,CONROY RD @ JOHNSTON RD,373396.33317,5026306.56407,-75.62421163240,45.37334359460,2014-05-21,8:30:00 AM,01 - Clear,01 - Daylight,01 - Dry,01 - Traffic signal,01 - Functioning,03 - P.D. only,03 - Rear end,0
14-5223,CARLING AVE @ KIRKWOOD AVE N,364276.34505,5027493.94720,-75.74049494200,45.38486088520,2014-05-21,11:39:00 AM,01 - Clear,01 - Daylight,01 - Dry,01 - Traffic signal,01 - Functioning,03 - P.D. only,05 - Turning movement,0
14-5224,WALKLEY RD @ 160 W OF CONROY RD,372767.21520,5027382.51713,-75.63209472440,45.38308588400,2014-05-20,5:00:00 PM,01 - Clear,01 - Daylight,01 - Dry,01 - Traffic signal,01 - Functioning,02 - Non-fatal injury,03 - Rear end,0
14-5225,GERRY LALONDE DR btwn BRIAN COBURN BLVD & CHINIAN ST/TRIGORIA CRES,383484.86300,5034707.20100,-75.49408633210,45.44786557400,2014-05-21,12:07:00 PM,01 - Clear,01 - Daylight,01 - Dry,10 - No control,,03 - P.D. only,06 - SMV unattended vehicle,0
14-5226,ANDERSON RD btwn RIDGE RD & RUSSELL RD,379576.79901,5027163.05478,-75.54518478150,45.38041752220,2014-05-20,2:30:00 PM,01 - Clear,01 - Daylight,01 - Dry,08 - Traffic gate,01 - Functioning,03 - P.D. only,99 - Other,0
14-5227,MONTREAL RD @ DEN HAAG DR/LANG'S RD,372386.21103,5034220.82324,-75.63602164390,45.44465073230,2014-05-21,12:54:00 PM,01 - Clear,01 - Daylight,01 - Dry,01 - Traffic signal,01 - Functioning,03 - P.D. only,03 - Rear end,0
14-5228,ELGIN ST @ WELLINGTON ST W,367663.28200,5031879.47313,-75.69668927130,45.42402476930,2014-05-21,12:52:00 PM,01 - Clear,01 - Daylight,01 - Dry,01 - Traffic signal,01 - Functioning,03 - P.D. only,03 - Rear end,0
14-5229,KIRKWOOD AVE @ LAPERRIERE AVE,364519.22007,5026957.59463,-75.73745861880,45.38001421520,2014-05-21,1:33:00 PM,01 - Clear,01 - Daylight,01 - Dry,01 - Traffic signal,01 - Functioning,03 - P.D. only,07 - SMV other,0
14-5230,MOODIE DR @ FITZGERALD RD/STAFFORD RD,356918.08274,5020814.73586,-75.83515630500,45.32534710760,2014-05-21,12:45:00 PM,01 - Clear,01 - Daylight,01 - Dry,01 - Traffic signal,01 - Functioning,03 - P.D. only,04 - Sideswipe,0
14-5231,GREENBANK RD @ HARRISON ST/ASHGROVE CRES,360839.20777,5022007.49450,-75.78500526670,45.33577745220,2014-05-21,2:58:00 PM,01 - Clear,01 - Daylight,01 - Dry,01 - Traffic signal,01 - Functioning,03 - P.D. only,07 - SMV other,0
14-5232,TENTH LINE RD @ VANGUARD DR,384072.28927,5035873.61543,-75.48638981240,45.45829354410,2014-05-21,3:03:00 PM,01 - Clear,01 - Daylight,01 - Dry,01 - Traffic signal,01 - Functioning,02 - Non-fatal injury,02 - Angle,0
14-5233,PARKDALE AVE @ RUSKIN ST,365508.17633,5028450.60883,-75.72464836890,45.39336304460,2014-05-21,1:30:00 PM,01 - Clear,01 - Daylight,01 - Dry,01 - Traffic signal,01 - Functioning,03 - P.D. only,05 - Turning movement,0
14-5234,GREENBANK RD btwn FALLOWFIELD RD & LARKIN DR,363169.56890,5016528.25435,-75.75592048030,45.28628540870,2014-05-21,3:54:00 PM,01 - Clear,01 - Daylight,01 - Dry,10 - No control,,03 - P.D. only,03 - Rear end,0
14-5235,CHAMBERLAIN AVE btwn KENT ST & TO BE DETERMINED,368040.53201,5030106.84656,-75.69209646850,45.40804125440,2014-05-21,3:56:00 PM,01 - Clear,01 - Daylight,01 - Dry,10 - No control,,03 - P.D. only,02 - Angle,0
14-5236,PRINCE OF WALES DR btwn NORMANDY CRES & FALAISE RD (2),367447.31506,5025013.91425,-75.70032051380,45.36226973200,2014-05-21,4:22:00 PM,01 - Clear,01 - Daylight,01 - Dry,10 - No control,,03 - P.D. only,03 - Rear end,0
14-5237,ROSS AVE @ SCOTT ST,364356.21677,5029362.56460,-75.73924952290,45.40166756260,2014-05-21,4:37:00 PM,01 - Clear,01 - Daylight,01 - Dry,02 - Stop sign,01 - Functioning,03 - P.D. only,02 - Angle,0
14-5238,RIDEAU ST @ WURTEMBURG ST,369356.99102,5032926.07729,-75.67491091160,45.43328745300,2014-05-21,4:53:00 PM,01 - Clear,01 - Daylight,01 - Dry,01 - Traffic signal,01 - Functioning,02 - Non-fatal injury,07 - SMV other,1
14-5239,CYRVILLE RD @ LABRIE AVE,373402.19703,5031681.55850,-75.62338926000,45.42170476490,2014-05-21,4:55:00 PM,01 - Clear,01 - Daylight,01 - Dry,02 - Stop sign,01 - Functioning,02 - Non-fatal injury,07 - SMV other,1
14-5240,BEAVERBROOK RD @ WESLOCK WAY,350927.38712,5020876.57366,-75.91156646760,45.32632279560,2014-05-21,9:05:00 AM,01 - Clear,01 - Daylight,01 - Dry,02 - Stop sign,01 - Functioning,02 - Non-fatal injury,02 - Angle,0
14-5241,CARLING AVE @ MELROSE AVE,365971.17923,5028389.65517,-75.71874310430,45.39277430620,2014-05-21,5:28:00 PM,01 - Clear,01 - Daylight,01 - Dry,02 - Stop sign,01 - Functioning,03 - P.D. only,02 - Angle,0
14-5242,DEER PARK RD @ MEADOWLANDS DR,365978.45817,5024861.64787,-75.71908723320,45.36102939370,2014-05-21,5:48:00 PM,01 - Clear,01 - Daylight,01 - Dry,01 - Traffic signal,00 - Unknown,03 - P.D. only,03 - Rear end,0
14-5243,BLAIR RD @ OGILVIE RD,374510.09337,5033197.62713,-75.60901947900,45.43523601080,2014-05-21,1:10:00 PM,01 - Clear,01 - Daylight,01 - Dry,01 - Traffic signal,01 - Functioning,03 - P.D. only,03 - Rear end,0
14-5244,MARCH RD btwn HALTON TERR/MAXWELL BRIDGE RD & MAXWELL RD,348167.77036,5025266.88254,-75.94638343230,45.36600386170,2014-05-20,1:30:00 AM,01 - Clear,07 - Dark,01 - Dry,10 - No control,,03 - P.D. only,07 - SMV other,0
14-5245,LEBRETON ST @ RAYMOND ST,366959.53882,5029681.89038,-75.70595848340,45.40431445710,2014-05-21,5:57:00 PM,01 - Clear,01 - Daylight,01 - Dry,02 - Stop sign,00 - Unknown,03 - P.D. only,05 - Turning movement,0
14-5246,CARP RD @ DONALD B. MUNRO DR,341192.06647,5022819.62737,-76.03560956050,45.34437945730,2014-05-21,6:59:00 PM,01 - Clear,01 - Daylight,01 - Dry,02 - Stop sign,01 - Functioning,03 - P.D. only,02 - Angle,0
14-5247,PINECREST RD btwn KELLY AVE & DUMAURIER AVE,360286.24947,5023928.60948,-75.79184432740,45.35310757640,2014-05-21,7:10:00 PM,01 - Clear,01 - Daylight,01 - Dry,10 - No control,,03 - P.D. only,04 - Sideswipe,0
14-5248,CARLING AVE @ KIRKWOOD AVE N,364274.44932,5027493.94720,-75.74051914900,45.38486104620,2014-05-16,5:50:00 PM,01 - Clear,01 - Daylight,01 - Dry,01 - Traffic signal,00 - Unknown,03 - P.D. only,04 - Sideswipe,0
14-5249,MARBLE ARCH CRES btwn BENNINGTON ST & CHESWICK PL,361704.00924,5022412.03085,-75.77392577570,45.33934785670,2014-05-21,6:30:00 PM,01 - Clear,01 - Daylight,01 - Dry,10 - No control,,03 - P.D. only,02 - Angle,0
14-5250,HUNT CLUB RD @ RIVERSIDE DR,368038.12480,5021944.55063,-75.69317218190,45.33459922320,2014-05-21,7:00:00 PM,01 - Clear,01 - Daylight,01 - Dry,01 - Traffic signal,01 - Functioning,03 - P.D. only,03 - Rear end,0
14-5251,CAMBRIAN RD/GOLFLINKS DR W @ LONGFIELDS DR,365382.21687,5013220.57290,-75.72812031950,45.25633573030,2014-05-21,9:05:00 PM,01 - Clear,07 - Dark,01 - Dry,11 - Roundabout,01 - Functioning,03 - P.D. only,02 - Angle,0
14-5252,BRIDGE ST btwn MILL ST & WEST RIVER DR,368967.20663,5010200.83368,-75.68283804050,45.22884653250,2014-05-22,7:30:00 AM,01 - Clear,01 - Daylight,01 - Dry,10 - No control,,02 - Non-fatal injury,03 - Rear end,0
14-5253,WOODROFFE AVE @ SPORTSPLEX N,363763.18837,5021066.28633,-75.74781396240,45.32706891250,2014-05-22,7:58:00 AM,01 - Clear,01 - Daylight,01 - Dry,01 - Traffic signal,01 - Functioning,03 - P.D. only,05 - Turning movement,0
14-5254,DEAKIN ST @ PRINCE OF WALES DR,367391.18503,5021524.43567,-75.70147852320,45.33087710840,2014-05-13,6:00:00 PM,01 - Clear,01 - Daylight,01 - Dry,01 - Traffic signal,01 - Functioning,03 - P.D. only,03 - Rear end,0
14-5255,GRAY CRES @ CAMPEAU DR,351929.10137,5019914.14687,-75.89888018170,45.31759612030,2014-05-22,8:10:00 AM,01 - Clear,01 - Daylight,01 - Dry,02 - Stop sign,01 - Functioning,02 - Non-fatal injury,02 - Angle,0
14-5256,VIEWMOUNT DR @ MERIVALE RD,365193.22317,5022947.54753,-75.72934324660,45.34387468510,2014-05-22,8:54:00 AM,01 - Clear,01 - Daylight,01 - Dry,01 - Traffic signal,01 - Functioning,02 - Non-fatal injury,05 - Turning movement,0
14-5257,WALKLEY RD btwn BAYCREST DR & HEATHERINGTON RD,371709.55225,5026758.76110,-75.64568352790,45.37757538340,2014-05-22,9:26:00 AM,01 - Clear,01 - Daylight,01 - Dry,10 - No control,,02 - Non-fatal injury,03 - Rear end,0
14-5258,REGIONAL ROAD 174 btwn HIGHWAY 417 & HWY417 IC113 RAMP65,373654.03749,5031836.29373,-75.62014995290,45.42307225300,2014-05-22,9:31:00 AM,01 - Clear,01 - Daylight,01 - Dry,10 - No control,,03 - P.D. only,07 - SMV other,0
14-5259,HAZELDEAN RD @ TERRY FOX DR,352208.11797,5017243.71843,-75.89557701200,45.29354817650,2014-05-22,8:00:00 AM,01 - Clear,01 - Daylight,01 - Dry,01 - Traffic signal,01 - Functioning,03 - P.D. only,03 - Rear end,0
14-5260,COLDREY AVE @ KIRKWOOD AVE,364438.22157,5027136.53970,-75.73847116280,45.38163123210,2014-05-22,10:03:00 AM,01 - Clear,01 - Daylight,01 - Dry,01 - Traffic signal,01 - Functioning,03 - P.D. only,02 - Angle,0
14-5261,ALBERT ST btwn BAY ST & LYON ST N,367031.32099,5031201.40651,-75.70484977130,45.41798024130,2014-05-22,10:33:00 AM,01 - Clear,01 - Daylight,01 - Dry,10 - No control,,03 - P.D. only,04 - Sideswipe,0
14-5262,BANK ST btwn ALTA VISTA DR & WALKLEY RD,370333.58660,5025961.00504,-75.66335612300,45.37052748310,2014-05-22,10:39:00 AM,01 - Clear,01 - Daylight,01 - Dry,10 - No control,,02 - Non-fatal injury,04 - Sideswipe,0
14-5263,BRUYERE ST btwn KING EDWARD AVE & ROSE ST,368167.71722,5033055.70584,-75.69009253920,45.43456258220,2014-05-22,10:46:00 AM,01 - Clear,01 - Daylight,01 - Dry,10 - No control,,03 - P.D. only,06 - SMV unattended vehicle,0
14-5264,BASELINE RD @ WOODROFFE AVE,362552.05987,5023770.50470,-75.76294724010,45.35150201750,2014-05-22,11:38:00 AM,01 - Clear,01 - Daylight,01 - Dry,01 - Traffic signal,01 - Functioning,03 - P.D. only,03 - Rear end,0
14-5265,HUNT CLUB RD @ LORRY GREENBERG DR/SABLE RIDGE,372822.31690,5024806.55693,-75.63174591970,45.35990306820,2014-05-22,11:39:00 AM,01 - Clear,01 - Daylight,01 - Dry,01 - Traffic signal,01 - Functioning,03 - P.D. only,03 - Rear end,0
14-5266,CAVANMORE RD btwn WILLIAM MOONEY RD & HUNTLEY MANOR DR,344827.94337,5016790.83896,-75.98970194010,45.28993215070,2014-05-22,11:40:00 AM,01 - Clear,01 - Daylight,01 - Dry,10 - No control,,02 - Non-fatal injury,07 - SMV other,0
14-5267,MCCOOEY LANE @ FISHER AVE,365998.05745,5026423.87233,-75.71864356500,45.37508427500,2014-05-22,11:47:00 AM,01 - Clear,01 - Daylight,01 - Dry,01 - Traffic signal,01 - Functioning,03 - P.D. only,02 - Angle,0
14-5268,BANK ST btwn 73 N OF EVANS BLVD & EVANS AVE,369900.83072,5027090.43271,-75.66873149100,45.38073004910,2014-05-22,11:55:00 AM,01 - Clear,01 - Daylight,01 - Dry,10 - No control,,03 - P.D. only,03 - Rear end,0
14-5269,MEADOW PARK PL @ ST. LAURENT BLVD,371211.17953,5034624.60260,-75.65098631020,45.44839637170,2014-05-22,12:01:00 PM,01 - Clear,01 - Daylight,01 - Dry,02 - Stop sign,00 - Unknown,03 - P.D. only,04 - Sideswipe,0
14-5270,BANK ST btwn BELMONT AVE & GROVE AVE,368816.55234,5028417.49339,-75.68240302100,45.39277045630,2014-05-22,12:21:00 PM,01 - Clear,01 - Daylight,01 - Dry,10 - No control,,03 - P.D. only,06 - SMV unattended vehicle,0
14-5271,ST. JOSEPH BLVD btwn MAISONNEUVE ST & GABRIEL ST,381506.97553,5037612.59082,-75.51891472620,45.47422573930,2014-05-22,12:34:00 PM,01 - Clear,01 - Daylight,01 - Dry,10 - No control,,03 - P.D. only,99 - Other,0
14-5272,ST. JOSEPH BLVD btwn ROCKCLIFFE PKWY & HART RD,377369.19838,5035436.16572,-75.57215118870,45.45508603290,2014-05-22,1:01:00 PM,01 - Clear,01 - Daylight,01 - Dry,10 - No control,,02 - Non-fatal injury,02 - Angle,0
14-5273,ST. PATRICK ST EB btwn COBOURG ST & VANIER PKWY,369020.15777,5033319.71679,-75.67916410990,45.43686028300,2014-05-21,10:00:00 PM,01 - Clear,07 - Dark,01 - Dry,10 - No control,,03 - P.D. only,04 - Sideswipe,0
14-5274,HOLLAND AVE btwn INGLEWOOD PL & CARLING AVE,365345.96210,5028196.23093,-75.72675115760,45.39108825110,2014-05-21,3:00:00 PM,01 - Clear,01 - Daylight,01 - Dry,10 - No control,,03 - P.D. only,99 - Other,0
14-5275,EAGLESON RD btwn EAGLESON BUSINESS CENTRE & MICHAEL COWPLAND DR/STONEH,354286.01671,5016873.16035,-75.86912368990,45.29007055320,2014-05-22,2:40:00 PM,01 - Clear,01 - Daylight,01 - Dry,10 - No control,,03 - P.D. only,03 - Rear end,0
14-5276,MCARTHUR AVE btwn VANIER PKWY & ENFIELD AVE,370258.69109,5032697.15753,-75.66341813630,45.43114390530,2014-05-22,2:56:00 PM,01 - Clear,01 - Daylight,01 - Dry,10 - No control,,02 - Non-fatal injury,99 - Other,0
14-5277,WOODFIELD DR btwn DOWNSVIEW CRES & MERIVALE RD,365367.37506,5022273.13270,-75.72720372050,45.33779137510,2014-05-21,9:10:00 AM,01 - Clear,01 - Daylight,01 - Dry,10 - No control,,03 - P.D. only,06 - SMV unattended vehicle,0
14-5278,MOODIE DR @ ROBERTSON RD,357067.12603,5020456.42597,-75.83329298470,45.32211191550,2014-05-22,3:05:00 PM,01 - Clear,01 - Daylight,01 - Dry,01 - Traffic signal,01 - Functioning,02 - Non-fatal injury,03 - Rear end,0
14-5279,GURDWARA RD btwn LASER ST & END (2),367224.62566,5022178.22886,-75.70352077360,45.33677466200,2014-05-22,12:00:00 AM,01 - Clear,00 - Unknown,01 - Dry,10 - No control,,03 - P.D. only,06 - SMV unattended vehicle,0
14-5280,INNES RD @ TENTH LINE RD,383950.33850,5036157.66507,-75.48790315790,45.46086299110,2014-05-22,3:16:00 PM,01 - Clear,01 - Daylight,01 - Dry,01 - Traffic signal,01 - Functioning,03 - P.D. only,03 - Rear end,0
14-5281,POWELL AVE btwn LYON ST S & BANK ST,368107.65863,5029910.68783,-75.69126419380,45.40627021110,2014-05-22,1:00:00 PM,01 - Clear,01 - Daylight,01 - Dry,10 - No control,,03 - P.D. only,06 - SMV unattended vehicle,0
14-5282,CARLING AVE @ KIRKWOOD AVE S,364350.69220,5027337.13610,-75.73956454110,45.38344360980,2014-05-22,3:00:00 PM,01 - Clear,01 - Daylight,01 - Dry,01 - Traffic signal,01 - Functioning,03 - P.D. only,04 - Sideswipe,0
14-5283,WEST HUNT CLUB RD @ 545 E OF ROYDON PL/SUNDERLAND ST,366352.45308,5022407.09610,-75.71461934430,45.33891102820,2014-05-22,3:58:00 PM,01 - Clear,01 - Daylight,01 - Dry,01 - Traffic signal,01 - Functioning,03 - P.D. only,03 - Rear end,0
14-5284,INNES RD btwn JEANNE D'ARC BLVD S & WILDFLOWER DR,382780.40763,5035630.11294,-75.50294445380,45.45624809640,2014-05-22,3:58:00 PM,01 - Clear,01 - Daylight,01 - Dry,10 - No control,,03 - P.D. only,03 - Rear end,0
14-5285,KING EDWARD AVE @ ST. PATRICK ST,368248.82430,5032823.67998,-75.68908590890,45.43246754350,2014-05-21,9:30:00 PM,01 - Clear,07 - Dark,01 - Dry,01 - Traffic signal,01 - Functioning,03 - P.D. only,03 - Rear end,0
14-5286,WOODRIDGE CRES btwn BAYSHORE DR & BAYSHORE PS,358853.62718,5023697.03875,-75.81015245560,45.35113579390,2014-05-22,3:50:00 PM,01 - Clear,01 - Daylight,01 - Dry,10 - No control,,03 - P.D. only,03 - Rear end,0
14-5287,BREWER RD @ BRONSON AVE,368109.52103,5027765.48803,-75.69151571530,45.38696817620,2014-05-22,4:35:00 PM,01 - Clear,01 - Daylight,01 - Dry,01 - Traffic signal,01 - Functioning,03 - P.D. only,05 - Turning movement,0
14-5288,NORANDA AVE @ ST. LAURENT BLVD,371641.23937,5033585.54007,-75.64563009050,45.43900638840,2014-05-22,5:12:00 PM,01 - Clear,01 - Daylight,01 - Dry,02 - Stop sign,01 - Functioning,02 - Non-fatal injury,02 - Angle,0
14-5289,BANKFIELD RD btwn PRINCE OF WALES DR & FIRST LINE RD,366464.52402,5009031.31057,-75.71485122420,45.21854671020,2014-05-22,5:18:00 PM,02 - Rain,01 - Daylight,02 - Wet,10 - No control,,02 - Non-fatal injury,03 - Rear end,0
14-5290,PRINCE OF WALES DR @ WEST HUNT CLUB RD,367458.71030,5021890.05752,-75.70057085290,45.33416088280,2014-05-22,3:24:00 PM,01 - Clear,01 - Daylight,01 - Dry,01 - Traffic signal,01 - Functioning,02 - Non-fatal injury,03 - Rear end,0
14-5291,ST. JOSEPH BLVD @ JEANNE D'ARC BLVD,379862.16430,5036468.73730,-75.54012363610,45.46411297790,2014-05-16,7:30:00 AM,01 - Clear,01 - Daylight,01 - Dry,11 - Roundabout,01 - Functioning,03 - P.D. only,03 - Rear end,0
14-5292,CASTLEFRANK RD @ HUNGERFORD GT,352197.98103,5018364.88077,-75.89559907140,45.30363736250,2014-05-22,6:07:00 PM,02 - Rain,01 - Daylight,02 - Wet,02 - Stop sign,00 - Unknown,02 - Non-fatal injury,03 - Rear end,0
14-5293,BELCOURT BLVD @ ST. JOSEPH BLVD,381206.16200,5037358.59660,-75.52280107660,45.47197348940,2014-05-22,6:26:00 PM,01 - Clear,01 - Daylight,01 - Dry,01 - Traffic signal,01 - Functioning,03 - P.D. only,02 - Angle,0
14-5294,CARLING AVE btwn BURKE RD & DEFENSE  RESEARCH COMPLEX,352863.38145,5022681.40291,-75.88669567160,45.34243307390,2014-05-22,5:40:00 PM,02 - Rain,01 - Daylight,02 - Wet,10 - No control,,03 - P.D. only,03 - Rear end,0
14-5295,O'CONNOR ST @ SLATER ST,367579.44534,5031451.48351,-75.69781502960,45.42018138710,2014-05-22,7:35:00 PM,01 - Clear,01 - Daylight,01 - Dry,01 - Traffic signal,01 - Functioning,02 - Non-fatal injury,07 - SMV other,1
14-5296,CARLING AVE @ CARLINGWOOD SC,362073.48603,5025920.92423,-75.76880526600,45.37089057060,2014-05-22,5:20:00 PM,01 - Clear,01 - Daylight,01 - Dry,01 - Traffic signal,01 - Functioning,03 - P.D. only,05 - Turning movement,0
14-5297,INDUSTRIAL AVE @ ALTA VISTA DR/SANDFORD FLEMIN,370885.19773,5030558.51787,-75.65569893900,45.41184240260,2014-05-22,8:04:00 PM,01 - Clear,05 - Dusk,01 - Dry,01 - Traffic signal,01 - Functioning,02 - Non-fatal injury,03 - Rear end,0
14-5298,STRANDHERD DR btwn MCGARRY TER & LONGFIELDS DR,364472.50718,5015132.56641,-75.73948022850,45.27361761370,2014-05-22,8:25:00 PM,01 - Clear,05 - Dusk,01 - Dry,10 - No control,,02 - Non-fatal injury,07 - SMV other,1
14-5299,BAYSHORE DR @ WOODRIDGE CRES S,359234.06115,5023511.25164,-75.80531805900,45.34943465280,2014-05-22,9:24:00 PM,01 - Clear,07 - Dark,01 - Dry,01 - Traffic signal,01 - Functioning,02 - Non-fatal injury,03 - Rear end,0