Record,Location,X,Y,Longitude,Latitude,Date,Time,Environment,Light,Road_Surface,Traffic_Control,Collision_Location,Collision_Classification,Impact_type,Pedestrian
14-5300,GREENBANK RD @ WEST HUNT CLUB RD,361482.04667,5020502.47920,-75.77697636650,45.32218370720,2014-05-22,10:26:00 PM,01 - Clear,07 - Dark,01 - Dry,01 - Traffic signal,01 - Functioning,03 - P.D. only,03 - Rear end,0
14-5301,MCLEAN CRES btwn BRAVAR DR & DRISCOLL DR,367443.31763,5011677.47314,-75.70205674110,45.24227049840,2014-05-23,12:53:00 AM,01 - Clear,07 - Dark,01 - Dry,10 - No control,,03 - P.D. only,06 - SMV unattended vehicle,0
14-5302,BANK ST btwn MACLAREN ST & GILMOUR ST,367750.71484,5030834.19339,-75.69570565280,45.41461182010,2014-05-22,11:21:00 PM,01 - Clear,07 - Dark,01 - Dry,10 - No control,,03 - P.D. only,04 - Sideswipe,0
14-5303,BLACKBURN BYPASS EB btwn 1700 W OF NAVAN RD & INNES RD,377651.98849,5032113.86799,-75.56902775640,45.42516476740,2014-05-23,3:05:00 AM,01 - Clear,07 - Dark,01 - Dry,10 - No control,,03 - P.D. only,07 - SMV other,0
14-5304,SNAKE ISLAND RD btwn GREY'S CREEK RD & SCRIVENS DR,382269.36823,5009274.04599,-75.51360381800,45.21917016870,2014-05-23,5:18:00 AM,01 - Clear,03 - Dawn,01 - Dry,10 - No control,,03 - P.D. only,07 - SMV other,0
14-5305,STONEHAVEN DR btwn BRIDLE PARK DR & TANDALEE CRES,356111.81435,5016286.53910,-75.84590953370,45.28466109090,2014-05-23,7:40:00 AM,01 - Clear,01 - Daylight,01 - Dry,10 - No control,,02 - Non-fatal injury,03 - Rear end,0
14-5306,TRENTON AVE btwn MERIVALE RD & PRINCE ST,364909.97588,5026367.21210,-75.73254146070,45.37466864190,2014-05-20,4:30:00 PM,01 - Clear,01 - Daylight,01 - Dry,10 - No control,,02 - Non-fatal injury,07 - SMV other,0
14-5307,LONGFIELDS DR btwn MOUNTSHANNON DR & WOODROFFE AVE,365357.51194,5017071.31545,-75.72796538090,45.29098674430,2014-05-23,3:51:00 PM,01 - Clear,01 - Daylight,01 - Dry,10 - No control,,03 - P.D. only,05 - Turning movement,0
14-5308,BANK ST btwn ALTA VISTA DR & WALKLEY RD,370305.08092,5026040.74695,-75.66370943160,45.37124764100,2014-05-23,9:22:00 AM,01 - Clear,01 - Daylight,01 - Dry,10 - No control,,02 - Non-fatal injury,03 - Rear end,0
14-5309,RIDGESIDE FARM DR @ MARCHURST RD,344611.74118,5024969.87799,-75.99180041180,45.36354232920,2014-05-23,10:15:00 AM,01 - Clear,01 - Daylight,01 - Dry,02 - Stop sign,00 - Unknown,03 - P.D. only,07 - SMV other,0
14-5310,INDUSTRIAL AVE @ RIVERSIDE DR,370686.14040,5030592.55340,-75.65823725880,45.41216740940,2014-05-23,8:30:00 AM,01 - Clear,01 - Daylight,01 - Dry,01 - Traffic signal,01 - Functioning,02 - Non-fatal injury,03 - Rear end,0
14-5311,EAGLESON RD @ MICHAEL COWPLAND DR/STONEHAVEN D,354381.20420,5016623.44410,-75.86793521640,45.28781684180,2014-05-23,10:53:00 AM,01 - Clear,01 - Daylight,01 - Dry,01 - Traffic signal,01 - Functioning,03 - P.D. only,03 - Rear end,0
14-5312,DONALD ST @ ST. LAURENT BLVD,372096.08257,5032470.68917,-75.63996929140,45.42893185890,2014-05-23,11:14:00 AM,01 - Clear,01 - Daylight,01 - Dry,01 - Traffic signal,01 - Functioning,03 - P.D. only,04 - Sideswipe,0
14-5313,INNES RD btwn BANTREE ST & STAR TOP RD,373833.98682,5030481.84057,-75.61804049470,45.41086782850,2014-05-23,11:45:00 AM,01 - Clear,01 - Daylight,01 - Dry,10 - No control,,02 - Non-fatal injury,03 - Rear end,0
14-5315,WOODROFFE AVE btwn KNOXDALE RD/MEDHURST DR & NORICE ST,363210.32381,5022359.57751,-75.75471356080,45.33875209270,2014-05-23,12:15:00 PM,01 - Clear,01 - Daylight,01 - Dry,10 - No control,,03 - P.D. only,03 - Rear end,0
14-5316,CATHERINE ST/HWY 417 O'CONN IC119BR76 @ O'CONN,368243.27088,5030394.14058,-75.68946974760,45.41060788510,2014-05-23,11:50:00 AM,01 - Clear,01 - Daylight,01 - Dry,01 - Traffic signal,01 - Functioning,03 - P.D. only,04 - Sideswipe,0
14-5317,FALLOWFIELD RD @ GREENBANK RD,363078.30603,5016732.45530,-75.75705979070,45.28813038420,2014-05-23,1:09:00 PM,01 - Clear,01 - Daylight,01 - Dry,01 - Traffic signal,01 - Functioning,02 - Non-fatal injury,05 - Turning movement,0
14-5318,CHURCHILL AVE   N btwn PRINCETON AVE & AVONDALE AVE,363470.63661,5027729.74815,-75.75075481300,45.38705053470,2014-05-19,3:00:00 PM,01 - Clear,01 - Daylight,01 - Dry,10 - No control,,03 - P.D. only,02 - Angle,0
14-5319,ELGIN ST @ SOMERSET ST,368164.23467,5031200.46763,-75.69037571880,45.41787011060,2014-05-23,1:39:00 PM,01 - Clear,01 - Daylight,01 - Dry,01 - Traffic signal,01 - Functioning,03 - P.D. only,05 - Turning movement,0
14-5320,CUMMINGS AVE btwn WELDON DR & OGILVIE RD,372738.76759,5032193.33452,-75.63179510770,45.42637422240,2014-05-23,1:46:00 PM,02 - Rain,01 - Daylight,02 - Wet,10 - No control,,03 - P.D. only,02 - Angle,0
14-5321,INDUSTRIAL AVE/INNES RD @ ST. LAURENT BLVD,373098.30560,5030005.56670,-75.62750423850,45.40665472000,2014-05-23,2:02:00 PM,01 - Clear,01 - Daylight,01 - Dry,01 - Traffic signal,01 - Functioning,03 - P.D. only,03 - Rear end,0
14-5322,BRONSON AVE @ SUNNYSIDE AVE/UNIVERSITY RD - CA,367921.28830,5028092.49497,-75.69387744710,45.38992748210,2014-05-23,2:05:00 PM,02 - Rain,01 - Daylight,02 - Wet,01 - Traffic signal,01 - Functioning,03 - P.D. only,03 - Rear end,0
14-5323,BANK ST btwn BANK ST EXTENSION NB & JOHNSTON RD,370618.12728,5025321.77265,-75.65980904410,45.36474921340,2014-05-23,2:13:00 PM,02 - Rain,01 - Daylight,02 - Wet,10 - No control,,03 - P.D. only,03 - Rear end,0
14-5324,FISHER AVE btwn 220 S OF TRENT ST & MCCOOEY LANE,365933.43758,5026578.30409,-75.71944941600,45.37647946150,2014-05-23,2:20:00 PM,02 - Rain,01 - Daylight,02 - Wet,10 - No control,,03 - P.D. only,07 - SMV other,0
14-5325,MEADOWLANDS DR @ TIVERTON DR,365204.65931,5024343.56633,-75.72902680180,45.35643487700,2014-05-23,2:54:00 PM,01 - Clear,01 - Daylight,01 - Dry,01 - Traffic signal,01 - Functioning,03 - P.D. only,99 - Other,0
14-5327,PAMILLA ST btwn PRESTON ST & END,366693.50043,5029102.02612,-75.70942937220,45.39912056670,2014-05-22,12:00:00 AM,01 - Clear,00 - Unknown,01 - Dry,10 - No control,,03 - P.D. only,06 - SMV unattended vehicle,0
14-5328,BANK ST @ HERON RD,369996.19393,5026851.54220,-75.66754547750,45.37857172210,2014-05-23,3:15:00 PM,01 - Clear,01 - Daylight,02 - Wet,01 - Traffic signal,01 - Functioning,03 - P.D. only,04 - Sideswipe,0
14-5329,BYRON AVE @ HOLLAND AVE,365014.22637,5028959.50347,-75.73089430120,45.39798461910,2014-05-23,2:20:00 PM,02 - Rain,01 - Daylight,02 - Wet,02 - Stop sign,01 - Functioning,03 - P.D. only,02 - Angle,0
14-5330,ALBERT ST btwn LYON ST N & KENT ST,367203.44385,5031307.15271,-75.70263732150,45.41891638250,2014-05-23,4:18:00 PM,01 - Clear,01 - Daylight,01 - Dry,10 - No control,,02 - Non-fatal injury,07 - SMV other,1
14-5331,CATHERINE ST @ METCALFE ST,368393.43570,5030486.77990,-75.68753953400,45.41142779400,2014-05-23,4:33:00 PM,01 - Clear,01 - Daylight,01 - Dry,01 - Traffic signal,01 - Functioning,03 - P.D. only,05 - Turning movement,0
14-5332,RIVERSIDE DR @ TREMBLAY RD/HWY417 IC117 RAMP52,370802.55203,5031013.06430,-75.65669382910,45.41594002650,2014-05-23,4:44:00 PM,01 - Clear,01 - Daylight,01 - Dry,01 - Traffic signal,01 - Functioning,03 - P.D. only,03 - Rear end,0
14-5333,BANNER RD @ GREENBANK RD,361022.14653,5021565.54403,-75.78272157040,45.33178615080,2014-05-23,5:10:00 PM,01 - Clear,01 - Daylight,01 - Dry,01 - Traffic signal,01 - Functioning,03 - P.D. only,05 - Turning movement,0
14-5334,HINES RD @ SOLANDT RD,350332.34886,5022568.30485,-75.91900116210,45.34158424280,2014-05-23,5:31:00 PM,02 - Rain,01 - Daylight,02 - Wet,10 - No control,,02 - Non-fatal injury,07 - SMV other,0
14-5335,OGILVIE RD @ MATHESON RD/PALMERSTON DR,373379.68803,5032536.00751,-75.62355788340,45.42939487550,2014-05-23,5:38:00 PM,01 - Clear,01 - Daylight,01 - Dry,01 - Traffic signal,01 - Functioning,03 - P.D. only,03 - Rear end,0
14-5336,CARLING AVE EB OFF RAMP/OTTAWA RIVER PKWY btwn CARLING AVE & OTTAWA RI,360919.84829,5025181.05089,-75.78361631270,45.36432656660,2014-05-23,5:00:00 PM,01 - Clear,01 - Daylight,01 - Dry,10 - No control,,03 - P.D. only,03 - Rear end,0
14-5337,WEIR RD btwn ANDERSON RD & END,377706.01232,5031690.60039,-75.56840012280,45.42135084580,2014-05-23,12:30:00 AM,01 - Clear,07 - Dark,01 - Dry,10 - No control,,03 - P.D. only,07 - SMV other,0
14-5338,CARLING AVE WB btwn POULIN AVE & ALPINE AVE,360477.24572,5024930.19663,-75.78929406880,45.36210468540,2014-05-23,5:30:00 PM,01 - Clear,01 - Daylight,02 - Wet,10 - No control,,03 - P.D. only,03 - Rear end,0
14-5339,JOHNSTON RD btwn CELLINI CRT & BLOHM DR,374515.55256,5026518.02517,-75.60989411910,45.37513577320,2014-05-23,6:42:00 PM,01 - Clear,01 - Daylight,01 - Dry,10 - No control,,03 - P.D. only,05 - Turning movement,0
14-5340,LIMEBANK RD @ SPRATT RD,369776.99930,5016879.48986,-75.67165313150,45.28886600430,2014-05-22,7:11:00 PM,01 - Clear,01 - Daylight,01 - Dry,01 - Traffic signal,01 - Functioning,03 - P.D. only,05 - Turning movement,0
14-5341,BANK ST @ ST. BERNARD ST,373004.73980,5023709.25916,-75.62956907910,45.35001227250,2014-05-20,6:00:00 PM,01 - Clear,01 - Daylight,01 - Dry,01 - Traffic signal,01 - Functioning,02 - Non-fatal injury,03 - Rear end,0
14-5342,CAHILL DR @ HUNT CLUB RD,372407.22773,5024542.76279,-75.63707969840,45.35756969580,2014-05-23,7:50:00 PM,01 - Clear,01 - Daylight,02 - Wet,01 - Traffic signal,01 - Functioning,03 - P.D. only,02 - Angle,0
14-5343,JOCKVALE RD/RIDEAU VALLEY DR @ PRINCE OF WALES,366711.11870,5012194.44933,-75.71131814560,45.24698701950,2014-05-23,7:00:00 PM,02 - Rain,01 - Daylight,02 - Wet,01 - Traffic signal,01 - Functioning,02 - Non-fatal injury,03 - Rear end,0
14-5344,BANK ST btwn GILMOUR ST & LEWIS ST,367799.39914,5030755.90232,-75.69509370380,45.41390300030,2014-05-23,7:15:00 PM,01 - Clear,01 - Daylight,01 - Dry,10 - No control,,03 - P.D. only,06 - SMV unattended vehicle,0
14-5345,PRIAM WAY @ WESTCLIFFE RD,356547.12823,5019851.41417,-75.83998871790,45.31670646910,2014-05-23,10:32:00 PM,01 - Clear,07 - Dark,01 - Dry,02 - Stop sign,00 - Unknown,03 - P.D. only,03 - Rear end,0
14-5346,KING EDWARD AVE SB btwn MURRAY ST & CLARENCE ST,368297.86094,5032742.20759,-75.68846976160,45.43173003350,2014-05-23,10:53:00 PM,01 - Clear,07 - Dark,01 - Dry,10 - No control,,03 - P.D. only,99 - Other,0
14-5347,BASELINE RD btwn TURN LANE & PRINCE OF WALES DR,366839.32028,5026429.15000,-75.70790296350,45.37505778420,2014-05-23,10:30:00 PM,01 - Clear,07 - Dark,01 - Dry,10 - No control,,03 - P.D. only,04 - Sideswipe,0
14-5348,DALHOUSIE ST @ RIDEAU ST,368208.13090,5032227.58120,-75.68968269750,45.42710774920,2014-05-24,12:15:00 AM,01 - Clear,07 - Dark,01 - Dry,01 - Traffic signal,01 - Functioning,03 - P.D. only,03 - Rear end,0
14-5349,DALHOUSIE ST @ YORK ST,368092.28530,5032418.64183,-75.69113843110,45.42883733810,2014-05-24,12:19:00 AM,01 - Clear,07 - Dark,01 - Dry,01 - Traffic signal,01 - Functioning,03 - P.D. only,05 - Turning movement,0
14-5350,EASTWOOD PL @ MCARTHUR AVE,371051.70178,5032783.62713,-75.65327269220,45.43184724620,2014-05-24,12:24:00 AM,01 - Clear,07 - Dark,01 - Dry,02 - Stop sign,01 - Functioning,03 - P.D. only,07 - SMV other,0
14-5351,REGIONAL RD 174 EB btwn REGIONAL RD 174 & TRIM RD,384656.21742,5040259.84539,-75.47821156900,45.49769012700,2014-05-24,5:50:00 AM,"07 - Fog, mist, smoke, dust",03 - Dawn,01 - Dry,10 - No control,,02 - Non-fatal injury,07 - SMV other,0
14-5352,MANOTICK MAIN ST btwn BANKFIELD RD & HIGHCROFT DR,368447.97237,5010137.24115,-75.68945789420,45.22832144620,2014-05-24,5:30:00 AM,"07 - Fog, mist, smoke, dust",03 - Dawn,01 - Dry,10 - No control,,03 - P.D. only,07 - SMV other,0
14-5353,REGIONAL ROAD 174 btwn OR174 IC112 RAMP36 & OR174 IC112 RAMP26,374753.73867,5032810.49047,-75.60596077850,45.43172843950,2014-05-23,7:00:00 PM,01 - Clear,01 - Daylight,01 - Dry,10 - No control,,03 - P.D. only,99 - Other,0
14-5354,MICHAEL ST @ NEWMARKET ST,373315.03618,5030268.08020,-75.62469939560,45.40899551160,2014-05-24,10:19:00 AM,01 - Clear,01 - Daylight,01 - Dry,10 - No control,,02 - Non-fatal injury,07 - SMV other,0
14-5355,VALENCIA ST btwn RAFFEALLO ST & CRESTHAVEN DR,366879.56300,5015895.82455,-75.70870998770,45.28027697240,2014-05-23,8:00:00 PM,01 - Clear,05 - Dusk,01 - Dry,10 - No control,,03 - P.D. only,06 - SMV unattended vehicle,0
14-5356,GRANT ST btwn PARKDALE AVE & MCCORMICK ST,365205.46662,5029389.36061,-75.72839920050,45.40183590410,2014-05-24,10:45:00 AM,01 - Clear,01 - Daylight,01 - Dry,10 - No control,,03 - P.D. only,06 - SMV unattended vehicle,0
14-5357,INNES RD @ PROVENCE AVE,386111.61050,5037082.06437,-75.46011853890,45.46893162240,2014-05-24,1:18:00 PM,01 - Clear,01 - Daylight,01 - Dry,01 - Traffic signal,01 - Functioning,03 - P.D. only,03 - Rear end,0
14-5358,MERIVALE RD @ 110 S OF BURRIS LANE/LOBLAWS SC,364814.22247,5024951.57023,-75.73393585830,45.36193913340,2014-05-24,1:32:00 PM,01 - Clear,01 - Daylight,01 - Dry,01 - Traffic signal,01 - Functioning,02 - Non-fatal injury,02 - Angle,0
14-5359,210 W OF MERIVALE RD @ WEST HUNT CLUB RD,365432.50214,5021831.80198,-75.72642689460,45.33381471220,2014-05-24,1:42:00 PM,01 - Clear,01 - Daylight,01 - Dry,01 - Traffic signal,01 - Functioning,03 - P.D. only,05 - Turning movement,0
14-5360,KIRKWOOD AVE btwn CHATELAIN AVE & LEPAGE AVE,364779.22604,5026655.80562,-75.73417561830,45.37727656000,2014-05-24,1:44:00 PM,01 - Clear,01 - Daylight,01 - Dry,10 - No control,,03 - P.D. only,02 - Angle,0
14-5361,SCOTT ST btwn TUNNEY'S PASTURE DRWY & PARKDALE AVE,364752.55377,5029604.15265,-75.73415793430,45.40380749050,2014-05-24,12:45:00 PM,01 - Clear,01 - Daylight,01 - Dry,10 - No control,,03 - P.D. only,02 - Angle,0
14-5362,FIFTH AVE btwn GORDON ST & CHRYSLER ST,367791.84302,5029039.60894,-75.69540950470,45.39846099670,2014-05-24,2:00:00 PM,01 - Clear,01 - Daylight,01 - Dry,10 - No control,,03 - P.D. only,06 - SMV unattended vehicle,0
14-5363,ST. JOSEPH BLVD @ JEANNE D'ARC BLVD,379861.21643,5036470.63303,-75.54013546640,45.46413013580,2014-05-24,3:26:00 PM,01 - Clear,01 - Daylight,01 - Dry,11 - Roundabout,01 - Functioning,03 - P.D. only,02 - Angle,0
14-5364,PARKDALE AVE btwn COLOMBINE DRWY & BURNSIDE AVE,364775.90019,5030132.63669,-75.73379544530,45.40856067220,2014-05-24,4:05:00 PM,01 - Clear,01 - Daylight,01 - Dry,10 - No control,,02 - Non-fatal injury,02 - Angle,0
14-5365,CAMPEAU DR/HWY 417 MARCH IC138R63 @ MARCH RD,352841.62490,5020477.03704,-75.88718723720,45.32259927350,2014-05-24,2:50:00 PM,01 - Clear,01 - Daylight,01 - Dry,01 - Traffic signal,01 - Functioning,03 - P.D. only,04 - Sideswipe,0
14-5366,HOWICK PL btwn FIFTH AVE & REGENT ST,368528.85424,5029466.80999,-75.68594146110,45.40223812020,2014-05-24,4:37:00 PM,01 - Clear,01 - Daylight,01 - Dry,10 - No control,,03 - P.D. only,06 - SMV unattended vehicle,0
14-5367,AIRPORT PKWY @ HUNT CLUB RD,371018.05407,5023702.99820,-75.65492124600,45.35014633270,2014-05-24,3:20:00 PM,01 - Clear,01 - Daylight,01 - Dry,01 - Traffic signal,01 - Functioning,03 - P.D. only,03 - Rear end,0
14-5368,GREENBANK RD @ WEST HUNT CLUB RD,361480.15093,5020500.58347,-75.77700076390,45.32216680280,2014-05-24,5:13:00 PM,01 - Clear,01 - Daylight,01 - Dry,01 - Traffic signal,01 - Functioning,02 - Non-fatal injury,03 - Rear end,0
14-5369,STRANDHERD DR @ CLARIDGE DR,364948.51203,5015382.36223,-75.73338387740,45.27582471710,2014-05-24,5:18:00 PM,01 - Clear,01 - Daylight,01 - Dry,01 - Traffic signal,01 - Functioning,03 - P.D. only,05 - Turning movement,0
14-5370,ST. LAURENT BLVD @ MCARTHUR AVE,371921.24507,5032885.67917,-75.64214686120,45.43268254650,2014-05-24,5:15:00 PM,01 - Clear,01 - Daylight,01 - Dry,01 - Traffic signal,01 - Functioning,03 - P.D. only,05 - Turning movement,0
14-5371,HERON RD @ JEFFERSON ST,371807.30350,5027051.59373,-75.64439581850,45.38020083870,2014-05-24,6:20:00 PM,01 - Clear,01 - Daylight,01 - Dry,01 - Traffic signal,01 - Functioning,03 - P.D. only,04 - Sideswipe,0
14-5372,HUNT CLUB RD @ UPLANDS DR,370157.20113,5023121.49210,-75.66598317050,45.34499485580,2014-05-24,9:22:00 PM,01 - Clear,07 - Dark,01 - Dry,01 - Traffic signal,01 - Functioning,03 - P.D. only,02 - Angle,0
14-5373,GREENBANK RD btwn VIEWBANK RD & PRINCE OF WALES DR,366170.88551,5009550.01627,-75.71852571200,45.22323968400,2014-05-24,10:17:00 PM,01 - Clear,07 - Dark,01 - Dry,10 - No control,,02 - Non-fatal injury,07 - SMV other,0
14-5374,ALBERT ST @ KENT ST (OTTAWA),367223.11660,5031321.46923,-75.70238416350,45.41904344300,2014-05-24,10:30:00 PM,01 - Clear,07 - Dark,01 - Dry,01 - Traffic signal,01 - Functioning,03 - P.D. only,05 - Turning movement,0
14-5375,KIRKWOOD AVE @ MERIVALE RD,364854.17533,5026645.59453,-75.73321998150,45.37717826240,2014-05-25,12:55:00 AM,01 - Clear,07 - Dark,01 - Dry,01 - Traffic signal,01 - Functioning,02 - Non-fatal injury,04 - Sideswipe,0
14-5376,CARLING AVE EB btwn SAIGON CRT & HWY417 IC124 RAMP57,364177.37616,5027117.84548,-75.74180388890,45.38148518220,2014-05-25,7:28:00 AM,01 - Clear,01 - Daylight,01 - Dry,10 - No control,,03 - P.D. only,07 - SMV other,0
14-5377,BLOHM DR @ HUNT CLUB RD,375128.32420,5026189.51830,-75.60211818620,45.37211878940,2014-05-25,8:30:00 AM,01 - Clear,01 - Daylight,01 - Dry,01 - Traffic signal,01 - Functioning,02 - Non-fatal injury,02 - Angle,0
14-5378,KING EDWARD AVE @ WILBROD ST,368676.18243,5032141.47843,-75.68371305960,45.42629044000,2014-05-25,1:12:00 PM,01 - Clear,01 - Daylight,01 - Dry,01 - Traffic signal,01 - Functioning,02 - Non-fatal injury,05 - Turning movement,0
14-5379,STRANDHERD DR @ CEDARVIEW RD/TARTAN DR,362291.68653,5013544.45973,-75.76745605970,45.25950940830,2014-05-25,12:45:00 PM,01 - Clear,01 - Daylight,01 - Dry,01 - Traffic signal,01 - Functioning,03 - P.D. only,03 - Rear end,0
14-5380,RIVER RD btwn KILBY LANE & WATERFRONT CRT,372233.74603,5007485.39474,-75.64161131760,45.20410816890,2014-05-25,1:42:00 PM,01 - Clear,01 - Daylight,01 - Dry,10 - No control,,02 - Non-fatal injury,05 - Turning movement,0
14-5381,METCALFE ST @ SOMERSET ST,368011.17823,5031106.46853,-75.69234323110,45.41703818220,2014-05-25,1:43:00 PM,01 - Clear,01 - Daylight,01 - Dry,01 - Traffic signal,01 - Functioning,03 - P.D. only,03 - Rear end,0
14-5382,CARLING AVE EB btwn BAYSHORE DR & CARLING AVE,359229.62904,5024117.61266,-75.80530786920,45.35489103790,2014-05-25,1:59:00 PM,01 - Clear,01 - Daylight,01 - Dry,10 - No control,,02 - Non-fatal injury,07 - SMV other,0
14-5383,ARGYLE AVE N @ ELGIN ST,368494.38035,5030672.46240,-75.68622601530,45.41308932280,2014-05-25,1:20:00 PM,01 - Clear,01 - Daylight,01 - Dry,01 - Traffic signal,01 - Functioning,03 - P.D. only,03 - Rear end,0
14-5384,RUSSELL AVE btwn LAURIER AVE E & OSGOODE ST,369048.61117,5032201.36209,-75.67894639350,45.42679514150,2014-05-25,1:05:00 PM,01 - Clear,01 - Daylight,01 - Dry,10 - No control,,03 - P.D. only,06 - SMV unattended vehicle,0
14-5385,ST. LAURENT BLVD @ COVENTRY RD/OGILVIE RD,372307.14130,5031950.62673,-75.63734359070,45.42423224150,2014-05-25,3:02:00 PM,01 - Clear,01 - Daylight,01 - Dry,01 - Traffic signal,01 - Functioning,03 - P.D. only,03 - Rear end,0
14-5386,MOODIE DR @ 200 N OF ROBERTSON RD,356988.12243,5020641.48510,-75.83428116480,45.32378297480,2014-05-25,3:23:00 PM,01 - Clear,01 - Daylight,01 - Dry,01 - Traffic signal,01 - Functioning,02 - Non-fatal injury,05 - Turning movement,0
14-5387,PAUL METIVIER DR btwn TAPESTRY DR & CLEARBROOK DR,366041.65954,5014761.00514,-75.71952921570,45.27013940970,2014-05-25,2:05:00 PM,01 - Clear,01 - Daylight,01 - Dry,10 - No control,,03 - P.D. only,05 - Turning movement,0
14-5388,ALBION RD btwn 210 S OF HIGH RD/EARL ARMSTRONG RD/RIDEAU CARLETON RACE,374740.42569,5017488.78929,-75.60829935130,45.29387187660,2014-05-25,4:35:00 PM,01 - Clear,01 - Daylight,01 - Dry,10 - No control,,02 - Non-fatal injury,04 - Sideswipe,0
14-5389,CONROY RD @ HUNT CLUB RD,373762.31820,5025402.62707,-75.61966573950,45.36517442970,2014-05-25,4:54:00 PM,01 - Clear,01 - Daylight,01 - Dry,01 - Traffic signal,01 - Functioning,03 - P.D. only,03 - Rear end,0
14-5390,DRIVEWAY (THE) @ PRINCE OF WALES DR,366874.13839,5028132.68788,-75.70724425410,45.39038272260,2014-05-25,4:58:00 PM,01 - Clear,01 - Daylight,01 - Dry,03 - Yield sign,00 - Unknown,02 - Non-fatal injury,03 - Rear end,0
14-5392,ST. JOSEPH BLVD btwn COUSINEAU ST & DUSSERE ST,380734.88422,5037046.02548,-75.52887592520,45.46921263050,2014-05-25,5:31:00 PM,01 - Clear,01 - Daylight,01 - Dry,10 - No control,,03 - P.D. only,03 - Rear end,0
14-5393,BRIDLEWOOD DR btwn DOBBIN LANE & WILLOW GLEN DR,354565.42713,5017182.90082,-75.86553074780,45.29283793280,2014-05-25,5:44:00 PM,01 - Clear,01 - Daylight,01 - Dry,10 - No control,,03 - P.D. only,05 - Turning movement,0
14-5394,WOODRIDGE CRES btwn BAYSHORE DR & BAYSHORE PS,358851.09582,5023686.91329,-75.81018586650,45.35104487960,2014-05-25,5:56:00 PM,01 - Clear,01 - Daylight,01 - Dry,10 - No control,,02 - Non-fatal injury,03 - Rear end,0
14-5395,BANK ST btwn SNAKE ISLAND RD & TURN LANE,383731.26232,5010027.87088,-75.49487325210,45.22579043250,2014-05-25,9:07:00 PM,01 - Clear,07 - Dark,01 - Dry,10 - No control,,03 - P.D. only,07 - SMV other,0
14-5396,REGIONAL ROAD 174 btwn OR174 IC101 RAMP36 & OR174 IC101 RAMP26,382678.85451,5038879.05949,-75.50372779760,45.48549058250,2014-05-25,9:57:00 PM,01 - Clear,07 - Dark,01 - Dry,10 - No control,,03 - P.D. only,04 - Sideswipe,0
14-5397,MONTREAL RD @ 46 E OF HILLSIDE DR/MONTREAL SQU,371750.73570,5033918.27888,-75.64418539420,45.44198973710,2014-05-25,11:16:00 PM,01 - Clear,07 - Dark,01 - Dry,01 - Traffic signal,01 - Functioning,02 - Non-fatal injury,07 - SMV other,1
14-5398,LAFONTAINE AVE @ MCARTHUR AVE,370949.23837,5032770.62583,-75.65458382480,45.43173996560,2014-05-26,6:06:00 AM,01 - Clear,01 - Daylight,01 - Dry,01 - Traffic signal,01 - Functioning,03 - P.D. only,05 - Turning movement,0
14-5399,FALLOWFIELD RD @ GREENBANK RD,363083.04537,5016731.50743,-75.75699948860,45.28812146200,2014-05-26,6:50:00 AM,02 - Rain,01 - Daylight,02 - Wet,01 - Traffic signal,01 - Functioning,03 - P.D. only,03 - Rear end,0
14-5400,CYRVILLE RD @ OGILVIE RD,372453.71910,5032005.82329,-75.63546314400,45.42471471370,2014-05-26,7:15:00 AM,01 - Clear,01 - Daylight,02 - Wet,01 - Traffic signal,01 - Functioning,02 - Non-fatal injury,03 - Rear end,0
14-5401,MERIVALE RD/LOTTA AVE @ CLYDE AVE,364519.79806,5024507.05084,-75.73774747590,45.35796455410,2014-05-26,7:28:00 AM,02 - Rain,01 - Daylight,02 - Wet,01 - Traffic signal,01 - Functioning,03 - P.D. only,07 - SMV other,0
14-5402,JEANNE D'ARC BLVD @ FORTUNE DR/VINEYARD DR,379238.60731,5037375.67788,-75.54795904630,45.47233966580,2014-05-26,8:17:00 AM,01 - Clear,01 - Daylight,02 - Wet,01 - Traffic signal,01 - Functioning,03 - P.D. only,05 - Turning movement,0
14-5403,AIRPORT PKWY/BROOKFIELD RD @ FLANNERY DR/AIRPORT PKWY RAMPS 52A/53,368693.58729,5026294.65507,-75.68424808760,45.37368101140,2014-05-26,8:17:00 AM,02 - Rain,01 - Daylight,02 - Wet,03 - Yield sign,00 - Unknown,03 - P.D. only,07 - SMV other,0
14-5404,BANK ST @ MITCH OWENS RD,377758.76570,5015947.71299,-75.57004883110,45.27969900950,2014-05-26,8:25:00 AM,01 - Clear,01 - Daylight,02 - Wet,01 - Traffic signal,01 - Functioning,03 - P.D. only,03 - Rear end,0
14-5405,CARP RD @ HAZELDEAN RD,348804.10197,5014360.43620,-75.93922949810,45.26782480910,2014-05-24,1:15:00 PM,01 - Clear,01 - Daylight,01 - Dry,01 - Traffic signal,01 - Functioning,03 - P.D. only,03 - Rear end,0
14-5406,BAYSHORE DR btwn CARLING AVE & WOODRIDGE CRES N,359017.33005,5023963.25028,-75.80803419540,45.35351853110,2014-05-26,8:35:00 AM,01 - Clear,01 - Daylight,01 - Dry,10 - No control,,02 - Non-fatal injury,07 - SMV other,2