Record,Location,X,Y,Longitude,Latitude,Date,Time,Environment,Light,Road_Surface,Traffic_Control,Collision_Location,Collision_Classification,Impact_type,Pedestrian
14-5513,WALKLEY RD btwn BAYCREST DR & HEATHERINGTON RD,371716.01390,5026764.19495,-75.64560029750,45.37762365850,2014-05-29,9:40:00 AM,01 - Clear,01 - Daylight,01 - Dry,10 - No control,,03 - P.D. only,02 - Angle,0
14-5514,GREENBANK RD @ WEST HUNT CLUB RD,361480.15093,5020500.58347,-75.77700076390,45.32216680280,2014-05-29,9:42:00 AM,01 - Clear,01 - Daylight,01 - Dry,01 - Traffic signal,01 - Functioning,02 - Non-fatal injury,03 - Rear end,0
14-5515,CHURCHILL AVE   N btwn RAVENHILL AVE & KENWOOD AVE,363319.78489,5028079.46843,-75.75263960900,45.39020988260,2014-05-29,9:30:00 AM,01 - Clear,01 - Daylight,08 - Loose sand or gravel,10 - No control,,03 - P.D. only,07 - SMV other,0
14-5516,CARLING AVE EB btwn FOREST ST & NORTON AVE,360621.42552,5025003.16939,-75.78744555040,45.36274982540,2014-05-29,8:45:00 AM,01 - Clear,01 - Daylight,01 - Dry,10 - No control,,03 - P.D. only,04 - Sideswipe,0
14-5517,HARRIS PL @ ROWLEY AVE,364281.11440,5023500.51870,-75.74091481220,45.34892819300,2014-05-29,10:13:00 AM,01 - Clear,01 - Daylight,01 - Dry,02 - Stop sign,02 - Not functioning,03 - P.D. only,02 - Angle,0
14-5518,RIVERSIDE DR NB btwn BANK ST & RIVERSIDE DR NB RAMP FROM EB TO WB,369353.89327,5027960.71260,-75.67560075740,45.38861116380,2014-05-29,10:25:00 AM,01 - Clear,01 - Daylight,01 - Dry,10 - No control,,03 - P.D. only,05 - Turning movement,0
14-5519,RIVERSIDE DR @ TRANSITWAY - RIVERSIDE H,369772.54987,5028799.89265,-75.67014427320,45.39612310870,2014-05-29,10:54:00 AM,01 - Clear,01 - Daylight,01 - Dry,01 - Traffic signal,00 - Unknown,03 - P.D. only,04 - Sideswipe,0
14-5520,SOMERSET ST    W btwn BECKINGTON PRIV & BANK ST,367636.93718,5030878.53890,-75.69715354270,45.41502105330,2014-05-29,7:20:00 AM,01 - Clear,01 - Daylight,01 - Dry,10 - No control,,03 - P.D. only,99 - Other,0
14-5521,CARLING AVE @ BAYSHORE DR/BIRCHDALE AVE,359003.44920,5023991.55997,-75.80820823810,45.35377433510,2014-05-29,11:29:00 AM,01 - Clear,01 - Daylight,01 - Dry,01 - Traffic signal,01 - Functioning,02 - Non-fatal injury,07 - SMV other,2
14-5522,HWY 417 ST.LAURE IC115R51 @ ST. LAURENT BLVD,372530.23761,5031411.26341,-75.63456717900,45.41935773840,2014-05-29,12:50:00 PM,01 - Clear,01 - Daylight,01 - Dry,01 - Traffic signal,01 - Functioning,03 - P.D. only,03 - Rear end,0
14-5523,FISHER AVE @ MEADOWLANDS DR,366575.57187,5025045.69949,-75.71144308780,45.36263309080,2014-05-29,2:16:00 PM,01 - Clear,01 - Daylight,01 - Dry,01 - Traffic signal,01 - Functioning,02 - Non-fatal injury,02 - Angle,0
14-5524,VIA AMALFI ST btwn VIA SAN MARINO ST & VIA VERONA AVE,363810.56100,5015980.81400,-75.74781508990,45.28130601650,2014-05-29,2:00:00 PM,01 - Clear,01 - Daylight,01 - Dry,10 - No control,,03 - P.D. only,06 - SMV unattended vehicle,0
14-5525,BANK ST @ HERON RD,369996.19393,5026850.59433,-75.66754560270,45.37856319320,2014-05-29,2:00:00 PM,01 - Clear,01 - Daylight,01 - Dry,01 - Traffic signal,01 - Functioning,02 - Non-fatal injury,03 - Rear end,0
14-5526,HUNT CLUB RD @ BRIDLE PATH DR/DAZE ST,371290.30710,5023863.55593,-75.65142553020,45.35156522120,2014-05-29,3:29:00 PM,01 - Clear,01 - Daylight,01 - Dry,01 - Traffic signal,01 - Functioning,02 - Non-fatal injury,99 - Other,0
14-5527,RIVERSIDE DR @ HERON RD,368122.52670,5026645.32537,-75.69149332290,45.37688808620,2014-05-29,3:30:00 PM,01 - Clear,01 - Daylight,01 - Dry,01 - Traffic signal,01 - Functioning,03 - P.D. only,03 - Rear end,0
14-5528,CARLING AVE @ KIRKWOOD AVE S,364351.22657,5027335.65337,-75.73955789650,45.38343022330,2014-05-29,3:37:00 PM,01 - Clear,01 - Daylight,01 - Dry,01 - Traffic signal,01 - Functioning,03 - P.D. only,03 - Rear end,0
14-5529,KANATA AVE @ TERRY FOX DR,349307.28930,5019212.53247,-75.93238206800,45.31145389030,2014-05-29,4:53:00 PM,01 - Clear,01 - Daylight,01 - Dry,01 - Traffic signal,01 - Functioning,03 - P.D. only,03 - Rear end,0
14-5530,INNES RD @ ORLEANS BLVD,380460.28813,5034297.16346,-75.53281014060,45.44451031860,2014-05-29,8:20:00 AM,01 - Clear,01 - Daylight,01 - Dry,01 - Traffic signal,00 - Unknown,02 - Non-fatal injury,03 - Rear end,0
14-5531,DONALD ST @ VANIER PKWY,370311.23917,5032268.68967,-75.66280362620,45.42728380950,2014-05-29,5:11:00 PM,01 - Clear,01 - Daylight,01 - Dry,01 - Traffic signal,01 - Functioning,02 - Non-fatal injury,04 - Sideswipe,0
14-5532,CARLING AVE @ CARLINGWOOD SC,362072.50513,5025919.78896,-75.76881791950,45.37088043630,2014-05-29,5:15:00 PM,01 - Clear,01 - Daylight,01 - Dry,01 - Traffic signal,01 - Functioning,03 - P.D. only,05 - Turning movement,0
14-5533,CONROY RD @ QUEENSDALE AVE,374353.66751,5024043.02917,-75.61230913180,45.35288291580,2014-05-29,5:39:00 PM,01 - Clear,01 - Daylight,01 - Dry,02 - Stop sign,00 - Unknown,02 - Non-fatal injury,03 - Rear end,0
14-5534,CARLING AVE @ PRESTON ST,366830.18393,5028934.60553,-75.70770472480,45.39760206410,2014-05-29,3:30:00 PM,01 - Clear,01 - Daylight,01 - Dry,01 - Traffic signal,01 - Functioning,02 - Non-fatal injury,03 - Rear end,0
14-5535,BEAUSEJOUR DR @ JEANNE D'ARC BLVD,381419.23918,5036061.70021,-75.52027848580,45.46028174660,2014-05-29,5:58:00 PM,01 - Clear,01 - Daylight,01 - Dry,01 - Traffic signal,01 - Functioning,03 - P.D. only,05 - Turning movement,0
14-5536,GREENBANK RD @ MALVERN DR/FOXFIELD DR,363310.26460,5016196.32903,-75.75416622130,45.28328704180,2014-05-29,6:08:00 PM,01 - Clear,01 - Daylight,01 - Dry,01 - Traffic signal,01 - Functioning,02 - Non-fatal injury,05 - Turning movement,0
14-5537,WOODROFFE AVE btwn CARLING AVE & FOX CRES,361777.63621,5025701.81682,-75.77260726380,45.36894317680,2014-05-29,4:51:00 PM,01 - Clear,01 - Daylight,01 - Dry,10 - No control,,03 - P.D. only,05 - Turning movement,0
14-5538,FERNBANK RD @ SHEA RD,352043.74512,5013121.75892,-75.89806480120,45.25646864630,2014-05-29,5:00:00 PM,01 - Clear,01 - Daylight,01 - Dry,02 - Stop sign,01 - Functioning,03 - P.D. only,03 - Rear end,0
14-5539,HAWTHORNE RD/RUSSELL RD @ WALKLEY RD,374673.32210,5028500.48917,-75.60759939730,45.39295732930,2014-05-29,6:00:00 PM,01 - Clear,01 - Daylight,01 - Dry,01 - Traffic signal,01 - Functioning,02 - Non-fatal injury,03 - Rear end,0
14-5540,WEST HUNT CLUB RD @ ANTARES DR/LASER ST,367108.18523,5022083.39743,-75.70501824070,45.33593173460,2014-05-29,7:16:00 PM,01 - Clear,01 - Daylight,01 - Dry,01 - Traffic signal,01 - Functioning,03 - P.D. only,05 - Turning movement,0
14-5541,MEADOWGLEN DR @ MONTEREAU AVE,379816.80218,5034400.94610,-75.54101904180,45.44551342930,2014-05-29,7:21:00 PM,01 - Clear,01 - Daylight,01 - Dry,02 - Stop sign,01 - Functioning,02 - Non-fatal injury,05 - Turning movement,0
14-5542,BENJAMIN AVE btwn FAIRLAWN AVE & BLYTHDALE RD,362432.13376,5025277.71832,-75.76430192000,45.36507366550,2014-05-29,6:15:00 PM,01 - Clear,01 - Daylight,01 - Dry,10 - No control,,03 - P.D. only,06 - SMV unattended vehicle,0
14-5543,DUNROBIN RD @ KINBURN SIDE RD,338029.12487,5035931.52433,-76.07508636950,45.46252173680,2014-05-29,8:45:00 AM,01 - Clear,01 - Daylight,01 - Dry,02 - Stop sign,01 - Functioning,03 - P.D. only,03 - Rear end,0
14-5544,ST. JOSEPH BLVD @ DUFORD DR/PLACE D'ORLEANS DR,381995.31370,5037994.69247,-75.51260974930,45.47760974750,2014-05-29,8:45:00 PM,01 - Clear,07 - Dark,01 - Dry,01 - Traffic signal,01 - Functioning,03 - P.D. only,05 - Turning movement,0
14-5545,BANK ST btwn GROVE AVE & OSSINGTON AVE,368866.81116,5028348.76701,-75.68177012150,45.39214748140,2014-05-29,11:45:00 PM,01 - Clear,07 - Dark,01 - Dry,10 - No control,,03 - P.D. only,05 - Turning movement,0
14-5546,PRINCE OF WALES DR btwn GREEN VALLEY CRES & RIDEAUVIEW TER,367044.63195,5026802.78445,-75.70523477060,45.37840145100,2014-05-30,4:51:00 AM,01 - Clear,03 - Dawn,01 - Dry,10 - No control,,03 - P.D. only,07 - SMV other,0
14-5547,RIVERSIDE DR @ TREMBLAY RD/HWY417 IC117 RAMP52,370799.70843,5031014.01217,-75.65673003050,45.41594882360,2014-05-30,7:29:00 AM,01 - Clear,01 - Daylight,01 - Dry,01 - Traffic signal,01 - Functioning,03 - P.D. only,03 - Rear end,0
14-5548,FISHER AVE @ MEADOWLANDS DR,366575.53883,5025043.55027,-75.71144377890,45.36261375570,2014-05-30,8:06:00 AM,01 - Clear,01 - Daylight,01 - Dry,01 - Traffic signal,01 - Functioning,03 - P.D. only,03 - Rear end,0
14-5549,BAYSWATER AVE @ SOMERSET ST,365813.20747,5029911.82109,-75.72057217930,45.40648417120,2014-05-30,8:59:00 AM,01 - Clear,01 - Daylight,01 - Dry,01 - Traffic signal,01 - Functioning,03 - P.D. only,05 - Turning movement,0
14-5550,DONALD ST @ ST. LAURENT BLVD,372094.18683,5032469.74130,-75.63999364620,45.42892351260,2014-05-30,8:20:00 AM,01 - Clear,01 - Daylight,01 - Dry,01 - Traffic signal,01 - Functioning,02 - Non-fatal injury,02 - Angle,0
14-5551,BESSERER ST @ NICHOLAS ST,368184.28710,5032111.58000,-75.69000230450,45.42606617210,2014-05-30,10:00:00 AM,01 - Clear,01 - Daylight,01 - Dry,01 - Traffic signal,01 - Functioning,03 - P.D. only,03 - Rear end,0
14-5552,STITTSVILLE MAIN ST btwn DAPHNE CRES & DAPHNE CRES,350479.09564,5013061.36196,-75.91800458930,45.25602849520,2014-05-30,8:55:00 AM,01 - Clear,01 - Daylight,01 - Dry,10 - No control,,02 - Non-fatal injury,02 - Angle,0
14-5553,KNOXDALE RD @ WEST HUNT CLUB RD,361863.21177,5020586.37283,-75.77210503500,45.32290770050,2014-05-30,11:02:00 AM,01 - Clear,01 - Daylight,01 - Dry,01 - Traffic signal,01 - Functioning,03 - P.D. only,03 - Rear end,0
14-5554,HWY 417 ST.LAURE IC115R51 @ ST. LAURENT BLVD,372531.73286,5031412.19211,-75.63454794710,45.41936594960,2014-05-28,5:30:00 PM,01 - Clear,01 - Daylight,01 - Dry,01 - Traffic signal,01 - Functioning,03 - P.D. only,03 - Rear end,0
14-5555,HOLLAND AVE btwn INGLEWOOD PL & CARLING AVE,365415.08334,5028043.34411,-75.72588725310,45.38970662910,2014-05-29,1:45:00 PM,01 - Clear,01 - Daylight,01 - Dry,10 - No control,,03 - P.D. only,02 - Angle,0
14-5556,PRINCE OF WALES DR @ MEADOWLANDS DR/HOG'S BACK,367372.39283,5025692.52913,-75.70119085040,45.36838244490,2014-05-30,12:17:00 PM,01 - Clear,01 - Daylight,01 - Dry,01 - Traffic signal,01 - Functioning,03 - P.D. only,02 - Angle,0
14-5557,JEANNE D'ARC BLVD @ FORTUNE DR/VINEYARD DR,379239.20253,5037375.59820,-75.54795144710,45.47233888530,2014-05-30,12:00:00 PM,01 - Clear,01 - Daylight,01 - Dry,01 - Traffic signal,00 - Unknown,03 - P.D. only,03 - Rear end,0
14-5558,BANK ST btwn HERON RD & ANOKA ST,370003.77687,5026827.84552,-75.66745179380,45.37835780120,2014-05-30,12:29:00 PM,01 - Clear,01 - Daylight,01 - Dry,10 - No control,,03 - P.D. only,02 - Angle,0
14-5559,WOODRIDGE CRES btwn BAYSHORE PS & TRANSITWAY LINK,358625.80432,5023385.68083,-75.81309367490,45.34835170990,2014-05-30,1:08:00 PM,01 - Clear,01 - Daylight,01 - Dry,10 - No control,,02 - Non-fatal injury,06 - SMV unattended vehicle,0
14-5560,WEST HUNT CLUB RD @ WOODROFFE AVE,363672.11280,5021244.59327,-75.74895449890,45.32868095220,2014-05-30,11:00:00 AM,01 - Clear,01 - Daylight,01 - Dry,01 - Traffic signal,01 - Functioning,03 - P.D. only,03 - Rear end,0
14-5561,GLOUCESTER ST @ METCALFE ST,367835.13360,5031387.52787,-75.69455639490,45.41958294490,2014-05-30,12:45:00 PM,01 - Clear,01 - Daylight,01 - Dry,01 - Traffic signal,00 - Unknown,03 - P.D. only,05 - Turning movement,0
14-5562,RENAUD RD btwn NAVAN RD & WHITE ST,382658.65644,5033262.57244,-75.50487555330,45.43496052960,2014-05-30,8:00:00 AM,01 - Clear,01 - Daylight,01 - Dry,10 - No control,,03 - P.D. only,07 - SMV other,0
14-5563,COLDREY AVE @ KIRKWOOD AVE,364440.23578,5027135.82880,-75.73844553130,45.38162466410,2014-05-30,1:48:00 PM,01 - Clear,01 - Daylight,01 - Dry,01 - Traffic signal,01 - Functioning,03 - P.D. only,05 - Turning movement,0
14-5564,RUSSELL RD btwn SOUTHVALE CRES & WALKLEY RD,374476.22231,5028627.85700,-75.61009840270,45.39412296180,2014-05-30,2:12:00 PM,01 - Clear,01 - Daylight,01 - Dry,10 - No control,,03 - P.D. only,03 - Rear end,0
14-5565,CARLING AVE @ KEMPSTER AVE/FAMOUS PLAYERS THEA,359211.14563,5024118.56053,-75.80554365340,45.35490100070,2014-05-30,2:25:00 PM,01 - Clear,01 - Daylight,01 - Dry,01 - Traffic signal,01 - Functioning,02 - Non-fatal injury,03 - Rear end,0
14-5566,ST. PATRICK ST WB btwn ISLAND LODGE RD & CRICHTON ST,368902.95067,5033259.05555,-75.68066994830,45.43632523220,2014-05-30,3:33:00 PM,01 - Clear,01 - Daylight,01 - Dry,10 - No control,,03 - P.D. only,03 - Rear end,0
14-5567,CARLING AVE @ KIRKWOOD AVE S,364351.22657,5027337.54910,-75.73955766780,45.38344728050,2014-05-30,1:50:00 PM,01 - Clear,01 - Daylight,01 - Dry,01 - Traffic signal,01 - Functioning,03 - P.D. only,03 - Rear end,0
14-5568,DALY AVE btwn MACKENZIE AVE & NICHOLAS ST,368189.31237,5032019.08555,-75.68994999550,45.42523348430,2014-05-30,2:51:00 PM,01 - Clear,01 - Daylight,01 - Dry,10 - No control,,03 - P.D. only,05 - Turning movement,0
14-5569,BANK ST btwn GLEBE AVE & FIRST AVE,368257.90616,5029744.66363,-75.68936638720,45.40476277270,2014-05-30,3:10:00 PM,01 - Clear,01 - Daylight,01 - Dry,10 - No control,,03 - P.D. only,03 - Rear end,0
14-5570,WAVERLEY ST @ O'CONNOR ST,368008.20123,5030766.33056,-75.69242489080,45.41397800140,2014-05-30,3:13:00 PM,01 - Clear,01 - Daylight,01 - Dry,02 - Stop sign,01 - Functioning,02 - Non-fatal injury,02 - Angle,0
14-5571,BRONSON AVE btwn LAKESIDE AVE & LAKEVIEW TER,367683.65253,5028773.96739,-75.69682514160,45.39608055650,2014-05-30,3:14:00 PM,01 - Clear,01 - Daylight,01 - Dry,10 - No control,,03 - P.D. only,03 - Rear end,0
14-5572,INNES RD @ TRIM RD,386567.24603,5037272.60803,-75.45426075760,45.47059274730,2014-05-30,5:25:00 PM,01 - Clear,01 - Daylight,01 - Dry,01 - Traffic signal,01 - Functioning,02 - Non-fatal injury,03 - Rear end,0
14-5573,WALKLEY RD btwn BANTON ST & MELFORT ST,374373.39297,5028326.63837,-75.61145404870,45.39142296530,2014-05-30,4:28:00 PM,01 - Clear,01 - Daylight,01 - Dry,10 - No control,,03 - P.D. only,05 - Turning movement,0
14-5574,CARLING AVE @ RICHMOND RD,360246.15293,5024783.40803,-75.79226015160,45.36080220250,2014-05-30,4:36:00 PM,01 - Clear,01 - Daylight,01 - Dry,01 - Traffic signal,00 - Unknown,03 - P.D. only,03 - Rear end,0
14-5575,LEES AVE @ KING EDWARD AVE/MANN AVE,369178.66635,5031336.01772,-75.67739763770,45.41899713610,2014-05-30,5:07:00 PM,01 - Clear,01 - Daylight,01 - Dry,01 - Traffic signal,01 - Functioning,02 - Non-fatal injury,05 - Turning movement,0
14-5576,BASELINE RD @ SANDCASTLE DR,359629.19507,5021986.54503,-75.80044476500,45.33568454430,2014-05-30,6:28:00 PM,01 - Clear,01 - Daylight,01 - Dry,01 - Traffic signal,01 - Functioning,03 - P.D. only,03 - Rear end,0
14-5577,INNES RD btwn VISENEAU DR & BELCOURT BLVD,382093.64490,5035249.20317,-75.51178392840,45.45289729330,2014-05-30,6:58:00 PM,01 - Clear,01 - Daylight,01 - Dry,10 - No control,,03 - P.D. only,03 - Rear end,0
14-5578,PARKWAY RD @ SALE BARN RD,379605.23813,5014728.44180,-75.54670015710,45.26853451870,2014-05-30,7:13:00 PM,01 - Clear,01 - Daylight,01 - Dry,02 - Stop sign,02 - Not functioning,03 - P.D. only,03 - Rear end,0
14-5579,BAY ST @ WELLINGTON ST,366814.22407,5031352.51447,-75.70760440500,45.41935914180,2014-05-30,11:40:00 AM,01 - Clear,01 - Daylight,01 - Dry,01 - Traffic signal,01 - Functioning,03 - P.D. only,04 - Sideswipe,0
14-5580,NAVAHO DR btwn NAVAHO DR & DEERFIELD DR,363131.95997,5024016.28669,-75.75551797300,45.35366554550,2014-05-30,2:15:00 PM,01 - Clear,01 - Daylight,01 - Dry,10 - No control,,03 - P.D. only,02 - Angle,0
14-5581,HUNT CLUB RD @ RIVERSIDE DR,368035.28120,5021946.44637,-75.69320821630,45.33461653750,2014-05-30,8:29:00 AM,01 - Clear,01 - Daylight,01 - Dry,01 - Traffic signal,01 - Functioning,03 - P.D. only,04 - Sideswipe,0
14-5582,LAURIER AVE   W btwn LYON ST N & KENT ST,367291.94006,5031147.59625,-75.70152690360,45.41747284480,2014-05-30,5:30:00 PM,01 - Clear,01 - Daylight,01 - Dry,10 - No control,,02 - Non-fatal injury,04 - Sideswipe,0
14-5583,REGIONAL ROAD 174 btwn QUIGLEY HILL RD & REGIONAL ROAD 174 DIVIDED,385922.81393,5041977.42747,-75.46172361350,45.51299701430,2014-05-30,8:01:00 PM,01 - Clear,05 - Dusk,01 - Dry,10 - No control,,02 - Non-fatal injury,03 - Rear end,0
14-5584,MCARTHUR AVE @ VANIER PKWY,370221.05103,5032691.18452,-75.66389993020,45.43109368480,2014-05-30,7:00:00 PM,01 - Clear,01 - Daylight,01 - Dry,01 - Traffic signal,01 - Functioning,03 - P.D. only,03 - Rear end,0
14-5585,CUMBERLAND ST @ GEORGE ST,368325.70760,5032416.11444,-75.68815597190,45.42879343520,2014-05-30,8:41:00 PM,01 - Clear,07 - Dark,01 - Dry,01 - Traffic signal,00 - Unknown,03 - P.D. only,02 - Angle,0
14-5586,CATHERINE ST btwn HWY417 IC120B RAMP36 & KENT ST,367892.06093,5030178.48251,-75.69398384360,45.40869921130,2014-05-30,8:58:00 PM,01 - Clear,07 - Dark,01 - Dry,10 - No control,,03 - P.D. only,04 - Sideswipe,0
14-5587,WALKLEY RD @ 160 W OF CONROY RD,372767.68688,5027382.98994,-75.63208863670,45.38309009230,2014-05-30,9:17:00 PM,01 - Clear,07 - Dark,01 - Dry,01 - Traffic signal,01 - Functioning,02 - Non-fatal injury,05 - Turning movement,0
14-5588,MONTREAL RD @ ST. LAURENT BLVD,371547.12470,5033818.54257,-75.64680133900,45.44111182680,2014-05-30,9:25:00 PM,01 - Clear,07 - Dark,01 - Dry,01 - Traffic signal,01 - Functioning,03 - P.D. only,05 - Turning movement,0
14-5589,CARLING AVE EB btwn KIRKWOOD AVE & HWY417 IC124 RAMP55,364360.37520,5027347.66958,-75.73943963360,45.38353756510,2014-05-31,4:03:00 AM,01 - Clear,07 - Dark,01 - Dry,10 - No control,,02 - Non-fatal injury,07 - SMV other,1
14-5590,OR174 IC105 RAMP63 btwn TRANSIT & REGIONAL ROAD 174,379575.19116,5037155.47328,-75.54368838040,45.47032247780,2014-05-30,10:15:00 PM,01 - Clear,07 - Dark,01 - Dry,10 - No control,,02 - Non-fatal injury,07 - SMV other,0
14-5591,FIRST LINE RD btwn ELIJAH CRT & CENTURY RD E,367480.03384,5007779.25296,-75.70207997170,45.20719106120,2014-05-30,10:15:00 PM,01 - Clear,07 - Dark,01 - Dry,10 - No control,,03 - P.D. only,07 - SMV other,0
14-5592,FERNBANK RD btwn DWYER HILL RD & MUNSTER RD,345214.47263,5007061.57588,-75.98556528720,45.20236151850,2014-05-30,11:36:00 PM,01 - Clear,07 - Dark,01 - Dry,10 - No control,,03 - P.D. only,07 - SMV other,0
14-5593,KINBURN SIDE RD btwn LIMESTONE RD & BECKS RD,334016.86517,5032315.41764,-76.12660624560,45.43016215160,2014-05-31,6:00:00 AM,01 - Clear,03 - Dawn,01 - Dry,10 - No control,,03 - P.D. only,07 - SMV other,0
14-5594,WOODCREST RD btwn BRAESIDE AVE & CATON ST,370656.87681,5027955.59204,-75.65896319730,45.38844378370,2014-05-31,8:30:00 AM,01 - Clear,01 - Daylight,01 - Dry,10 - No control,,03 - P.D. only,06 - SMV unattended vehicle,0
14-5595,STITTSVILLE MAIN ST @ HAZELDEAN RD,349556.02843,5014878.71700,-75.92960101260,45.27244103450,2014-05-31,9:49:00 AM,01 - Clear,01 - Daylight,01 - Dry,01 - Traffic signal,01 - Functioning,03 - P.D. only,03 - Rear end,0
14-5596,WOODROFFE AVE @ SPORTSPLEX N,363762.24050,5021066.28633,-75.74782605360,45.32706899220,2014-05-31,9:45:00 AM,01 - Clear,01 - Daylight,01 - Dry,01 - Traffic signal,01 - Functioning,03 - P.D. only,05 - Turning movement,0
14-5597,PRINCE OF WALES DR btwn NATIONAL CAPITAL COMM DRWY & HARTWELL LOCKS/54,366917.23424,5027648.24631,-75.70675490040,45.38602001800,2014-05-31,10:34:00 AM,01 - Clear,01 - Daylight,01 - Dry,10 - No control,,02 - Non-fatal injury,05 - Turning movement,0
14-5598,CARSONBY RD    W btwn THIRD LINE RD N & PRINCE OF WALES DR,366356.34209,5004113.94369,-75.71683573420,45.17430934580,2014-05-31,10:49:00 AM,01 - Clear,01 - Daylight,01 - Dry,10 - No control,,03 - P.D. only,02 - Angle,0
14-5599,WEST RIDGE DR @ FERNBANK RD,350383.54640,5011667.06843,-75.91934976770,45.24348832500,2014-05-31,11:35:00 AM,01 - Clear,01 - Daylight,01 - Dry,02 - Stop sign,01 - Functioning,02 - Non-fatal injury,02 - Angle,0
14-5600,METCALFE ST @ SOMERSET ST,368012.12610,5031105.52067,-75.69233124250,45.41702956860,2014-05-31,11:51:00 AM,01 - Clear,01 - Daylight,01 - Dry,01 - Traffic signal,01 - Functioning,03 - P.D. only,03 - Rear end,0
14-5601,BANK ST btwn HERON RD & ANOKA ST,370001.88114,5026833.53272,-75.66747524660,45.37840914920,2014-05-31,11:30:00 AM,01 - Clear,01 - Daylight,01 - Dry,10 - No control,,03 - P.D. only,04 - Sideswipe,0
14-5602,LAURIER AVE @ NICHOLAS ST,368373.16307,5031796.37417,-75.68762955350,45.42321292030,2014-05-31,11:30:00 AM,01 - Clear,01 - Daylight,01 - Dry,01 - Traffic signal,01 - Functioning,03 - P.D. only,03 - Rear end,0
14-5603,BANK ST @ HERON RD,369997.14180,5026849.64647,-75.66753362590,45.37855457700,2014-05-31,12:19:00 PM,01 - Clear,01 - Daylight,01 - Dry,01 - Traffic signal,01 - Functioning,02 - Non-fatal injury,05 - Turning movement,0
14-5604,BLAIR PL @ OGILVIE RD,374798.83893,5033370.64876,-75.60530480690,45.43676391760,2014-05-31,1:27:00 PM,01 - Clear,01 - Daylight,01 - Dry,01 - Traffic signal,01 - Functioning,03 - P.D. only,03 - Rear end,0
14-5605,BEAVERPOND DR @ BLAIR RD,375399.25597,5031873.61923,-75.59784610790,45.42323413570,2014-05-31,1:30:00 PM,01 - Clear,01 - Daylight,01 - Dry,01 - Traffic signal,01 - Functioning,02 - Non-fatal injury,03 - Rear end,0
14-5606,FALLOWFIELD RD @ MERIVALE RD,366892.18653,5018845.41707,-75.70817983440,45.30681600000,2014-05-31,1:32:00 PM,01 - Clear,01 - Daylight,01 - Dry,01 - Traffic signal,01 - Functioning,03 - P.D. only,03 - Rear end,0
14-5607,INNES RD @ TRIM RD,386566.29817,5037274.50377,-75.45427256180,45.47060991480,2014-05-31,2:40:00 PM,01 - Clear,01 - Daylight,01 - Dry,01 - Traffic signal,01 - Functioning,02 - Non-fatal injury,05 - Turning movement,0
14-5608,ATLANTIS AVE btwn SELBY AVE & LANARK AVE,362826.40953,5028772.73199,-75.75885847560,45.39648881650,2014-05-31,2:49:00 PM,01 - Clear,01 - Daylight,01 - Dry,10 - No control,,03 - P.D. only,06 - SMV unattended vehicle,0
14-5609,CARLING AVE @ FAIRLAWN AVE/WOODROFFE AVE E,361934.68410,5025830.52790,-75.77058762240,45.37008852270,2014-05-31,3:48:00 PM,01 - Clear,01 - Daylight,01 - Dry,01 - Traffic signal,01 - Functioning,02 - Non-fatal injury,07 - SMV other,0
14-5610,LYON ST @ WELLINGTON ST,366935.74493,5031426.16600,-75.70604251710,45.42001105370,2014-05-31,4:11:00 PM,01 - Clear,01 - Daylight,01 - Dry,01 - Traffic signal,01 - Functioning,03 - P.D. only,05 - Turning movement,0
14-5611,BANK ST @ REGENT ST,368429.13630,5029329.50917,-75.68723282140,45.40101180170,2014-05-31,5:28:00 PM,01 - Clear,01 - Daylight,01 - Dry,02 - Stop sign,00 - Unknown,02 - Non-fatal injury,03 - Rear end,0
14-5612,SUSSEX DR @ YORK ST,367807.10041,5032234.81632,-75.69480618670,45.42720908840,2014-05-31,8:12:00 PM,01 - Clear,01 - Daylight,01 - Dry,01 - Traffic signal,01 - Functioning,02 - Non-fatal injury,05 - Turning movement,0
14-5613,GEORGE ST btwn DALHOUSIE ST & CUMBERLAND ST,368226.97989,5032355.98802,-75.68942530600,45.42826139930,2014-05-31,7:45:00 PM,01 - Clear,01 - Daylight,01 - Dry,10 - No control,,02 - Non-fatal injury,05 - Turning movement,0
14-5614,DONALD B. MUNRO DR/OLD CARP RD W @ MARCH RD,343090.21393,5022593.09456,-76.01140615440,45.34223998750,2014-05-31,8:18:00 PM,01 - Clear,05 - Dusk,01 - Dry,02 - Stop sign,01 - Functioning,02 - Non-fatal injury,02 - Angle,0
14-5615,PHILIP ST btwn VANCE ST & WAYNE ST,375340.88942,5001041.43254,-75.60297493530,45.14582230680,2014-05-31,7:30:00 PM,01 - Clear,01 - Daylight,01 - Dry,10 - No control,,03 - P.D. only,07 - SMV other,0
14-5616,BAYSHORE DR @ RICHMOND RD,359371.26340,5023367.57803,-75.80358308240,45.34813121410,2014-05-31,10:21:00 PM,01 - Clear,07 - Dark,01 - Dry,01 - Traffic signal,01 - Functioning,03 - P.D. only,04 - Sideswipe,0