Record,Location,X,Y,Longitude,Latitude,Date,Time,Environment,Light,Road_Surface,Traffic_Control,Collision_Location,Collision_Classification,Impact_type,Pedestrian
14-5617,CARP RD @ MCGEE SIDE RD,344198.92317,5019441.48680,-75.99751006500,45.31381929110,2014-05-31,11:35:00 PM,01 - Clear,07 - Dark,01 - Dry,02 - Stop sign,00 - Unknown,03 - P.D. only,07 - SMV other,0
14-5618,HARVEST VALLEY AVE btwn SPARKMAN AVE & GOLDENBROOK WAY,384891.29315,5034480.15452,-75.47614623700,45.44566307580,2014-06-01,12:16:00 AM,01 - Clear,07 - Dark,01 - Dry,10 - No control,,03 - P.D. only,06 - SMV unattended vehicle,0
14-5619,REGIONAL ROAD 174 btwn TRANSIT & OR174 IC105 RAMP51,378536.77915,5036514.81722,-75.55706308930,45.46466873030,2014-06-01,3:03:00 AM,01 - Clear,07 - Dark,01 - Dry,10 - No control,,02 - Non-fatal injury,07 - SMV other,0
14-5620,PRINCE OF WALES DR @ FALAISE RD/KOCHAR DR N,367463.07607,5024907.35780,-75.70013285860,45.36130955190,2014-06-01,7:20:00 AM,01 - Clear,01 - Daylight,01 - Dry,01 - Traffic signal,01 - Functioning,03 - P.D. only,07 - SMV other,0
14-5621,WOODROFFE AVE btwn DEERFOX DR & TIERNEY DR,365919.34739,5015848.49567,-75.72095394840,45.27993524490,2014-05-31,3:15:00 PM,01 - Clear,01 - Daylight,01 - Dry,10 - No control,,03 - P.D. only,03 - Rear end,0
14-5622,RIVERSIDE DR @ HERON RD,368121.10490,5026647.98156,-75.69151113410,45.37691211450,2014-06-01,8:53:00 AM,01 - Clear,01 - Daylight,01 - Dry,01 - Traffic signal,00 - Unknown,03 - P.D. only,03 - Rear end,0
14-5623,REGIONAL ROAD 174 btwn OR174 IC112 RAMP15 & TRANSIT,375195.24736,5033117.86277,-75.60027485660,45.43444969760,2014-06-01,8:57:00 AM,01 - Clear,01 - Daylight,01 - Dry,10 - No control,,03 - P.D. only,07 - SMV other,0
14-5624,CLARENCE ST btwn CUMBERLAND ST & KING EDWARD AVE,368237.53897,5032622.03657,-75.68925610570,45.43065425240,2014-06-01,9:36:00 AM,01 - Clear,01 - Daylight,01 - Dry,10 - No control,,03 - P.D. only,06 - SMV unattended vehicle,0
14-5625,PERCIFOR WAY btwn HILLPARK HIGH ST/TRAVIS ST & TRAVIS ST E,381180.55200,5032745.88600,-75.52384481790,45.43047479620,2014-05-31,11:19:00 AM,01 - Clear,01 - Daylight,01 - Dry,10 - No control,,03 - P.D. only,06 - SMV unattended vehicle,0
14-5626,EAGLESON RD @ PERTH ST/RICHMOND RD,358014.20870,5007408.44957,-75.82261080740,45.20463274310,2014-05-31,4:30:00 PM,01 - Clear,01 - Daylight,01 - Dry,01 - Traffic signal,01 - Functioning,02 - Non-fatal injury,07 - SMV other,0
14-5627,STITTSVILLE MAIN ST @ HAZELDEAN RD,349558.87203,5014878.71700,-75.92956477370,45.27244085350,2014-06-01,11:59:00 AM,01 - Clear,01 - Daylight,01 - Dry,01 - Traffic signal,01 - Functioning,03 - P.D. only,03 - Rear end,0
14-5628,EDGEWORTH AVE btwn RICHMOND RD & MAYFLOWER PRIV,361109.13924,5025795.81481,-75.78113009330,45.36984299250,2014-05-31,10:30:00 PM,01 - Clear,07 - Dark,01 - Dry,10 - No control,,03 - P.D. only,06 - SMV unattended vehicle,0
14-5629,HWY 417 MAITLAND IC126R26/62 @ MAITLAND AVE,363145.94115,5025983.93272,-75.75510723770,45.37136904680,2014-06-01,1:39:00 PM,01 - Clear,01 - Daylight,01 - Dry,01 - Traffic signal,01 - Functioning,02 - Non-fatal injury,02 - Angle,0
14-5630,HAMPSTEAD PL @ SURREY AVE,370755.72840,5026028.80003,-75.65795832080,45.37109787860,2014-06-01,1:47:00 PM,01 - Clear,01 - Daylight,01 - Dry,10 - No control,,03 - P.D. only,07 - SMV other,0
14-5631,VANIER PKWY/CRICHTON ST @ BEECHWOOD AVE/ST. PA,369128.27093,5033486.18613,-75.67776064050,45.43834817000,2014-06-01,2:00:00 PM,01 - Clear,01 - Daylight,01 - Dry,01 - Traffic signal,01 - Functioning,03 - P.D. only,04 - Sideswipe,0
14-5632,O'CONNOR ST @ PATTERSON AVE,368400.58379,5030129.60166,-75.68749430240,45.40821337230,2014-06-01,2:49:00 PM,01 - Clear,01 - Daylight,01 - Dry,02 - Stop sign,03 - Obscured,03 - P.D. only,02 - Angle,0
14-5633,CANOTIA PL @ TENTH LINE RD,383291.09559,5037708.36602,-75.49608394340,45.47488918200,2014-06-01,4:09:00 PM,01 - Clear,01 - Daylight,01 - Dry,02 - Stop sign,01 - Functioning,03 - P.D. only,04 - Sideswipe,0
14-5634,ORANGEVILLE ST/HWY 417 ROCHEST IC121BR51 @ ROC,366776.28250,5029520.61213,-75.70831948990,45.40287956800,2014-06-01,4:45:00 PM,01 - Clear,01 - Daylight,01 - Dry,01 - Traffic signal,01 - Functioning,03 - P.D. only,02 - Angle,0
14-5635,FOOTHILLS DR @ NORTHSIDE RD,358600.70782,5021354.79940,-75.81363475300,45.33007967830,2014-06-01,4:45:00 PM,01 - Clear,01 - Daylight,01 - Dry,02 - Stop sign,01 - Functioning,03 - P.D. only,02 - Angle,0
14-5636,RICHMOND RD btwn JOHN SUTHERLAND DR & HOLLY ACRES RD,359018.38724,5022661.29231,-75.80816343570,45.34180340670,2014-06-01,5:13:00 PM,01 - Clear,01 - Daylight,01 - Dry,10 - No control,,02 - Non-fatal injury,05 - Turning movement,0
14-5637,EXETER DR S @ WESSEX RD,363464.15213,5014938.48423,-75.75235343010,45.27195610410,2014-06-01,6:28:00 PM,01 - Clear,01 - Daylight,01 - Dry,02 - Stop sign,01 - Functioning,02 - Non-fatal injury,02 - Angle,0
14-5638,CLIFFORD PRIV @ WELSH PRIV,373777.67081,5026287.04577,-75.61934629220,45.37313054490,2014-06-01,7:12:00 PM,01 - Clear,01 - Daylight,01 - Dry,02 - Stop sign,01 - Functioning,02 - Non-fatal injury,02 - Angle,0
14-5639,GREENBANK RD btwn WEST HUNT CLUB RD & FALLOWFIELD RD,361884.44714,5019549.85881,-75.77195363350,45.31357942630,2014-06-01,9:08:00 PM,01 - Clear,05 - Dusk,01 - Dry,10 - No control,,03 - P.D. only,07 - SMV other,0
14-5640,UPPER DWYER HILL RD btwn HAMILTON SIDE RD & MCARTON RD,339675.12151,5008063.91621,-76.05600307910,45.21167703080,2014-06-01,9:30:00 PM,01 - Clear,07 - Dark,01 - Dry,10 - No control,,03 - P.D. only,07 - SMV other,0
14-5641,RICHMOND RD @ 140 E OF POULIN AVE,360399.79893,5025021.04157,-75.79027236050,45.36292825190,2014-06-01,9:55:00 PM,01 - Clear,07 - Dark,01 - Dry,01 - Traffic signal,01 - Functioning,02 - Non-fatal injury,03 - Rear end,0
14-5642,HUNT CLUB RD @ LORRY GREENBERG DR/SABLE RIDGE,372824.21263,5024804.66120,-75.63172198620,45.35988582750,2014-06-01,11:55:00 PM,01 - Clear,07 - Dark,01 - Dry,01 - Traffic signal,01 - Functioning,02 - Non-fatal injury,05 - Turning movement,0
14-5643,ELGIN ST @ WELLINGTON ST W,367664.22987,5031874.73380,-75.69667776440,45.42398204150,2014-06-02,2:51:00 AM,01 - Clear,07 - Dark,01 - Dry,01 - Traffic signal,01 - Functioning,03 - P.D. only,07 - SMV other,0
14-5644,ROCKDALE RD @ RUSSELL RD,393758.43940,5026974.36963,-75.36416818010,45.37706281500,2014-06-02,7:36:00 AM,01 - Clear,01 - Daylight,01 - Dry,02 - Stop sign,01 - Functioning,02 - Non-fatal injury,03 - Rear end,0
14-5645,BLAIR RD btwn BEAVERPOND DR & INNES RD,375481.50383,5031681.80352,-75.59682275490,45.42149998040,2014-06-02,8:22:00 AM,01 - Clear,01 - Daylight,01 - Dry,10 - No control,,02 - Non-fatal injury,05 - Turning movement,0
14-5646,PRINCE OF WALES DR @ WEST HUNT CLUB RD,367456.34063,5021891.50330,-75.70060090070,45.33417410340,2014-06-02,8:00:00 AM,01 - Clear,01 - Daylight,01 - Dry,01 - Traffic signal,01 - Functioning,03 - P.D. only,03 - Rear end,0
14-5647,ROBERTSON RD btwn FITZGERALD RD & MOODIE DR,357021.04640,5020429.34983,-75.83388358030,45.32187171030,2014-06-02,8:43:00 AM,01 - Clear,01 - Daylight,01 - Dry,10 - No control,,03 - P.D. only,05 - Turning movement,0
14-5648,CARLING AVE @ WESTGATE SC E,364799.84267,5027657.36267,-75.73379068080,45.38628662160,2014-06-02,9:21:00 AM,01 - Clear,01 - Daylight,01 - Dry,01 - Traffic signal,01 - Functioning,02 - Non-fatal injury,03 - Rear end,0
14-5649,CYRVILLE RD @ OGILVIE RD,372454.19303,5032004.62193,-75.63545725380,45.42470385830,2014-06-02,8:45:00 AM,01 - Clear,01 - Daylight,01 - Dry,01 - Traffic signal,01 - Functioning,03 - P.D. only,03 - Rear end,0
14-5650,SEAGRAM HGTS btwn CHARLIE'S LANE & JUANITA AVE,340984.65500,5023717.84500,-76.03819048140,45.35247269280,2014-06-02,8:10:00 AM,01 - Clear,01 - Daylight,01 - Dry,10 - No control,,03 - P.D. only,99 - Other,0
14-5651,GREENBANK RD @ HWY 417 IC129 RAMP57/IRIS ST,360530.72427,5023312.44667,-75.78879384660,45.34754397050,2014-06-02,8:30:00 AM,01 - Clear,01 - Daylight,01 - Dry,01 - Traffic signal,01 - Functioning,03 - P.D. only,04 - Sideswipe,0
14-5652,CARLING AVE btwn MARCH RD & SCHNEIDER RD,350952.34612,5022272.59559,-75.91111791700,45.33888287260,2014-06-02,8:15:00 AM,01 - Clear,01 - Daylight,01 - Dry,10 - No control,,03 - P.D. only,03 - Rear end,0
14-5653,CARLING AVE @ WOODROFFE AVE W,361767.20967,5025725.51350,-75.77273762810,45.36915724520,2014-06-01,12:50:00 PM,01 - Clear,01 - Daylight,01 - Dry,01 - Traffic signal,01 - Functioning,03 - P.D. only,03 - Rear end,0
14-5654,MCARTHUR AVE @ VANIER PKWY,370219.17893,5032690.58590,-75.66392393310,45.43108847400,2014-06-02,10:30:00 AM,01 - Clear,01 - Daylight,01 - Dry,01 - Traffic signal,01 - Functioning,03 - P.D. only,05 - Turning movement,0
14-5655,BUNCHBERRY WAY btwn WILLOWMERE WAY N & WILLOWMERE WAY S,373871.05000,5019682.94900,-75.61907634650,45.31370021760,2014-06-02,12:58:00 PM,01 - Clear,01 - Daylight,01 - Dry,10 - No control,,03 - P.D. only,02 - Angle,0
14-5656,KANATA AVE @ TERRY FOX DR,349304.44570,5019209.68887,-75.93241858710,45.31142848300,2014-05-23,10:00:00 PM,01 - Clear,07 - Dark,01 - Dry,01 - Traffic signal,01 - Functioning,03 - P.D. only,03 - Rear end,0
14-5657,ARGYLE AVE @ O'CONNOR ST,368184.78703,5030484.68638,-75.69020520040,45.41142788620,2014-06-02,1:57:00 PM,01 - Clear,01 - Daylight,01 - Dry,01 - Traffic signal,01 - Functioning,03 - P.D. only,02 - Angle,0
14-5658,COLONNADE RD @ PRINCE OF WALES DR,367393.28980,5023265.56823,-75.70123141790,45.34654330810,2014-06-02,2:41:00 PM,01 - Clear,01 - Daylight,01 - Dry,01 - Traffic signal,01 - Functioning,03 - P.D. only,03 - Rear end,0
14-5659,MERIVALE RD @ EMERALD PLAZA SC,364736.66107,5024004.50193,-75.73504065330,45.35342418410,2014-06-02,3:10:00 PM,01 - Clear,01 - Daylight,01 - Dry,01 - Traffic signal,01 - Functioning,02 - Non-fatal injury,02 - Angle,0
14-5660,MOODIE DR @ WEST HUNT CLUB RD,357909.07350,5018498.45570,-75.82276392860,45.30443070910,2014-06-02,3:00:00 PM,01 - Clear,01 - Daylight,01 - Dry,01 - Traffic signal,01 - Functioning,03 - P.D. only,03 - Rear end,0
14-5661,LAURIER AVE   W btwn ELGIN ST & QUEEN ELIZABETH DRWY/LAURIER AVE WB ON,368040.99612,5031603.64492,-75.69189846890,45.42150891510,2014-06-02,3:48:00 PM,01 - Clear,01 - Daylight,01 - Dry,10 - No control,,03 - P.D. only,02 - Angle,0
14-5662,BRONSON AVE @ FIFTH AVE/MADAWASKA DR,367613.23877,5028938.55370,-75.69770344720,45.39756777720,2014-06-02,3:45:00 PM,01 - Clear,01 - Daylight,01 - Dry,01 - Traffic signal,01 - Functioning,03 - P.D. only,03 - Rear end,0
14-5663,SOUTH RIVER DR N @ VAN VLIET RD N,369227.65627,5010212.49488,-75.67952007470,45.22892768120,2014-06-02,3:50:00 PM,01 - Clear,01 - Daylight,01 - Dry,02 - Stop sign,01 - Functioning,03 - P.D. only,02 - Angle,0
14-5664,GREENBANK RD @ HWY 417 IC129 RAMP57/IRIS ST,360531.13308,5023312.77447,-75.78878859320,45.34754688760,2014-05-31,5:30:00 PM,01 - Clear,01 - Daylight,01 - Dry,01 - Traffic signal,01 - Functioning,03 - P.D. only,04 - Sideswipe,0
14-5665,ROGER STEVENS DR btwn DWYER HILL RD & MALAKOFF RD,354432.54696,4989447.52822,-75.86998211670,45.04327299340,2014-05-30,8:45:00 PM,01 - Clear,05 - Dusk,01 - Dry,10 - No control,,03 - P.D. only,07 - SMV other,0
14-5666,VANCES SIDE RD btwn BARLOW CRES & END,344378.08724,5037504.36933,-75.99377599740,45.47634355340,2014-06-02,12:00:00 AM,01 - Clear,00 - Unknown,01 - Dry,10 - No control,,03 - P.D. only,06 - SMV unattended vehicle,0
14-5667,HAWTHORNE RD/RUSSELL RD @ WALKLEY RD,374676.16570,5028497.64557,-75.60756348680,45.39293146020,2014-06-02,4:48:00 PM,01 - Clear,01 - Daylight,01 - Dry,01 - Traffic signal,01 - Functioning,02 - Non-fatal injury,05 - Turning movement,0
14-5668,LEES AVE @ KING EDWARD AVE/MANN AVE,369180.07205,5031336.38420,-75.67737963030,45.41900030440,2014-06-02,3:45:00 PM,01 - Clear,01 - Daylight,01 - Dry,01 - Traffic signal,01 - Functioning,03 - P.D. only,03 - Rear end,0
14-5669,CUMMINGS AVE @ MONTREAL RD,372009.12950,5034041.53407,-75.64086595030,45.44307393360,2014-06-02,5:13:00 PM,01 - Clear,01 - Daylight,01 - Dry,01 - Traffic signal,01 - Functioning,02 - Non-fatal injury,07 - SMV other,0
14-5670,NEPEAN ST @ O'CONNOR ST,367720.23597,5031226.58460,-75.69604492780,45.41814517180,2014-06-02,5:25:00 PM,01 - Clear,01 - Daylight,01 - Dry,02 - Stop sign,01 - Functioning,03 - P.D. only,02 - Angle,0
14-5671,RED WILLOW DR btwn CRESTDALE ST & MAPLE RUN AVE,380550.30930,5034962.77400,-75.53155705450,45.45048922070,2014-06-02,5:58:00 PM,01 - Clear,01 - Daylight,01 - Dry,10 - No control,,03 - P.D. only,06 - SMV unattended vehicle,0
14-5672,FALLOWFIELD RD @ WOODROFFE AVE,365086.11386,5017901.74422,-75.73132411650,45.29848223360,2014-06-02,6:07:00 PM,01 - Clear,01 - Daylight,01 - Dry,01 - Traffic signal,01 - Functioning,02 - Non-fatal injury,03 - Rear end,0
14-5673,BASELINE RD @ CORDOVA ST,363592.26640,5024411.42213,-75.74959666510,45.35718248890,2014-06-02,6:37:00 PM,01 - Clear,01 - Daylight,01 - Dry,01 - Traffic signal,01 - Functioning,02 - Non-fatal injury,03 - Rear end,0
14-5674,SHERBROOKE AVE btwn WELLINGTON ST W & GLADSTONE AVE,365423.01864,5029491.13146,-75.72560800260,45.40273280930,2014-06-02,6:30:00 PM,01 - Clear,01 - Daylight,01 - Dry,10 - No control,,03 - P.D. only,06 - SMV unattended vehicle,0
14-5675,FIFTH LINE RD btwn BERRY SIDE RD & KERWIN RD,347172.35277,5030340.32726,-75.95865436540,45.41171666020,2014-05-31,7:30:00 PM,01 - Clear,01 - Daylight,01 - Dry,10 - No control,,03 - P.D. only,07 - SMV other,0
14-5676,BANK ST @ FOURTH AVE,368366.29450,5029475.61773,-75.68801661810,45.40233214870,2014-06-02,8:39:00 PM,01 - Clear,05 - Dusk,01 - Dry,02 - Stop sign,01 - Functioning,02 - Non-fatal injury,07 - SMV other,1
14-5677,YORKS CORNERS RD btwn MITCH OWENS RD & LYNWOOD PARK PRIV,386297.10868,5019743.51616,-75.46061016720,45.31291299440,2014-06-03,5:53:00 AM,01 - Clear,01 - Daylight,01 - Dry,10 - No control,,03 - P.D. only,07 - SMV other,0
14-5678,ANDERSON RD btwn INNES RD & DESJARDINS ST,376307.10358,5031824.07341,-75.58625382720,45.42269614180,2014-06-03,8:28:00 AM,02 - Rain,01 - Daylight,02 - Wet,10 - No control,,02 - Non-fatal injury,01 - Approaching,0
14-5679,ANDERSON RD @ INNES RD,376280.26717,5031840.61603,-75.58659430920,45.42284772500,2014-06-03,8:30:00 AM,02 - Rain,01 - Daylight,02 - Wet,01 - Traffic signal,00 - Unknown,03 - P.D. only,03 - Rear end,0
14-5680,HWY 417 MOODIE IC134R52 @ MOODIE DR,356456.32513,5022043.19028,-75.84091812050,45.33643500530,2014-06-03,8:45:00 AM,02 - Rain,01 - Daylight,02 - Wet,01 - Traffic signal,01 - Functioning,03 - P.D. only,03 - Rear end,0
14-5681,DES EPINETTES AVE @ JEANNE D'ARC BLVD,382225.65440,5035959.63742,-75.50998455940,45.45927456970,2014-06-03,9:21:00 AM,02 - Rain,01 - Daylight,02 - Wet,01 - Traffic signal,01 - Functioning,03 - P.D. only,03 - Rear end,0
14-5682,VANIER PKWY/CRICHTON ST @ BEECHWOOD AVE/ST. PA,369128.27093,5033486.18613,-75.67776064050,45.43834817000,2014-06-03,9:30:00 AM,02 - Rain,01 - Daylight,02 - Wet,01 - Traffic signal,01 - Functioning,03 - P.D. only,03 - Rear end,0
14-5683,DORCHESTER AVE btwn CHEVRIER ST & BAKERVALE DR,365637.55586,5027037.31686,-75.72317032280,45.38063531930,2014-06-03,9:48:00 AM,02 - Rain,01 - Daylight,02 - Wet,10 - No control,,03 - P.D. only,06 - SMV unattended vehicle,0
14-5684,ANDRE AUDET AVE btwn DES SOLDATS-RIENDEAU ST & PONDHAWK WAY S/SWITCH GRASS CRES S,365031.85200,5011864.40000,-75.73274824710,45.24416293710,2014-06-03,9:50:00 AM,02 - Rain,01 - Daylight,02 - Wet,10 - No control,,03 - P.D. only,02 - Angle,0
14-5685,HUNT CLUB RD @ RIVERSIDE DR,368036.22907,5021944.55063,-75.69319636590,45.33459939400,2014-06-03,8:50:00 AM,02 - Rain,01 - Daylight,02 - Wet,01 - Traffic signal,01 - Functioning,03 - P.D. only,03 - Rear end,0
14-5686,HUNT CLUB RD @ RIVERSIDE DR,368039.07267,5021944.55063,-75.69316008930,45.33459913770,2014-06-03,7:50:00 AM,02 - Rain,01 - Daylight,02 - Wet,01 - Traffic signal,01 - Functioning,02 - Non-fatal injury,03 - Rear end,0
14-5687,SLATER ST btwn LYON ST N & KENT ST,367117.30233,5031161.16648,-75.70375635540,45.41761052120,2014-06-03,11:03:00 AM,01 - Clear,01 - Daylight,01 - Dry,10 - No control,,03 - P.D. only,07 - SMV other,0
14-5688,CASTLEFRANK RD @ KATIMAVIK RD,351950.92683,5018941.62017,-75.89869437130,45.30884363200,2014-06-03,10:00:00 AM,02 - Rain,01 - Daylight,02 - Wet,01 - Traffic signal,01 - Functioning,03 - P.D. only,05 - Turning movement,0
14-5689,MONTREAL RD @ ST. LAURENT BLVD,371545.22897,5033818.54257,-75.64682556810,45.44111200770,2014-06-02,8:07:00 PM,01 - Clear,01 - Daylight,01 - Dry,01 - Traffic signal,01 - Functioning,03 - P.D. only,03 - Rear end,0
14-5690,PRINCE OF WALES DR btwn TURN LANE & WEST HUNT CLUB RD,367439.11857,5021750.61171,-75.70083843670,45.33290792350,2014-06-03,11:39:00 AM,02 - Rain,01 - Daylight,02 - Wet,10 - No control,,03 - P.D. only,03 - Rear end,0
14-5691,TERRY FOX DR btwn 329 N OF CAMPEAU DR/SIGNATURE CENTRE & CAMPEAU DR,350307.13955,5019038.74131,-75.91964721740,45.30982598920,2014-06-03,11:40:00 AM,02 - Rain,01 - Daylight,02 - Wet,10 - No control,,03 - P.D. only,02 - Angle,0
14-5692,HAZELDEAN RD @ HUNTMAR DR/IBER RD,350948.40708,5016083.58412,-75.91174457060,45.28319280610,2014-06-03,11:00:00 AM,02 - Rain,01 - Daylight,02 - Wet,01 - Traffic signal,01 - Functioning,02 - Non-fatal injury,07 - SMV other,0
14-5693,BROADVIEW AVE btwn WELLESLEY AVE & CARLING AVE,363173.57760,5026652.75961,-75.75467538670,45.37738476370,2014-06-03,12:00:00 PM,02 - Rain,01 - Daylight,02 - Wet,10 - No control,,03 - P.D. only,03 - Rear end,0
14-5694,PARENT AVE @ ST. PATRICK ST,367820.28050,5032557.54087,-75.69459647150,45.43011166650,2014-06-03,12:00:00 PM,02 - Rain,01 - Daylight,02 - Wet,01 - Traffic signal,01 - Functioning,03 - P.D. only,05 - Turning movement,0
14-5695,BOURASSA ST @ ST. LAURENT BLVD,373235.31020,5029692.60873,-75.62579767540,45.40382548740,2014-06-03,12:11:00 PM,01 - Clear,01 - Daylight,02 - Wet,01 - Traffic signal,01 - Functioning,03 - P.D. only,02 - Angle,0
14-5696,JEANNE MANCE ST btwn OLMSTEAD ST & LAJOIE ST,370557.19624,5032955.05538,-75.65956912070,45.43343635700,2014-06-03,12:16:00 PM,02 - Rain,01 - Daylight,02 - Wet,10 - No control,,03 - P.D. only,04 - Sideswipe,0
14-5697,BLAIR RD @ REGIONAL RD 174 S/OR174 IC112 RAMP15,374907.97630,5032663.11374,-75.60401078000,45.43038698020,2014-06-03,12:18:00 PM,02 - Rain,01 - Daylight,02 - Wet,01 - Traffic signal,01 - Functioning,03 - P.D. only,03 - Rear end,0
14-5698,INNES RD btwn WILDFLOWER DR & CHAPELIER PRIV,382951.44714,5035698.13844,-75.50074707060,45.45684102210,2014-06-02,12:29:00 PM,01 - Clear,01 - Daylight,01 - Dry,10 - No control,,03 - P.D. only,04 - Sideswipe,0
14-5699,LYON ST    N btwn WELLINGTON ST & SPARKS ST,366938.58854,5031398.67785,-75.70600965250,45.41976347160,2014-06-03,11:00:00 AM,02 - Rain,01 - Daylight,02 - Wet,10 - No control,,03 - P.D. only,04 - Sideswipe,0
14-5700,PRETORIA AVE btwn METCALFE ST & ELGIN ST,368511.90991,5030343.20362,-75.68604463560,45.41012516650,2014-06-03,12:56:00 PM,01 - Clear,01 - Daylight,01 - Dry,10 - No control,,03 - P.D. only,06 - SMV unattended vehicle,0
14-5701,BASELINE RD @ FERGUSON ST,363440.21617,5024314.55943,-75.75154870280,45.35632366190,2014-06-03,1:20:00 PM,01 - Clear,01 - Daylight,01 - Dry,01 - Traffic signal,01 - Functioning,03 - P.D. only,03 - Rear end,0
14-5702,ALBERT ST btwn PRESTON ST & Continuation of ALBERT ST,366167.92449,5030468.68179,-75.71597186780,45.41146364640,2014-06-03,1:37:00 PM,01 - Clear,01 - Daylight,01 - Dry,10 - No control,,03 - P.D. only,04 - Sideswipe,0
14-5703,HORNCHURCH LANE btwn OAKWELL DR & NO NAME,364154.87343,5015450.95377,-75.74349001680,45.27650934820,2014-06-02,12:00:00 AM,01 - Clear,00 - Unknown,01 - Dry,10 - No control,,03 - P.D. only,06 - SMV unattended vehicle,0
14-5704,GLOUCESTER ST @ O'CONNOR ST,367678.23547,5031291.63303,-75.69657322970,45.41873423220,2014-06-03,3:08:00 PM,01 - Clear,01 - Daylight,01 - Dry,01 - Traffic signal,01 - Functioning,03 - P.D. only,03 - Rear end,0
14-5705,CAMPEAU DR/HWY 417 MARCH IC138R63 @ MARCH RD,352840.20310,5020478.36243,-75.88720524380,45.32261129700,2014-06-03,1:50:00 PM,01 - Clear,01 - Daylight,01 - Dry,01 - Traffic signal,01 - Functioning,03 - P.D. only,04 - Sideswipe,0
14-5706,BRITANNIA RD @ CARLING AVE,360176.09930,5024738.52820,-75.79315930760,45.36040391240,2014-06-02,3:17:00 PM,01 - Clear,01 - Daylight,01 - Dry,02 - Stop sign,01 - Functioning,03 - P.D. only,03 - Rear end,0
14-5707,HOLLAND AVE @ SHERWOOD DR,365150.17453,5028650.45143,-75.72919582710,45.39519213050,2014-06-03,3:43:00 PM,01 - Clear,01 - Daylight,01 - Dry,02 - Stop sign,00 - Unknown,02 - Non-fatal injury,04 - Sideswipe,0
14-5708,ST. JOSEPH BLVD/OLD MONTREAL RD @ TRIM RD,384683.22793,5039286.52977,-75.47802442920,45.48893010330,2014-06-03,4:01:00 PM,01 - Clear,01 - Daylight,01 - Dry,01 - Traffic signal,01 - Functioning,03 - P.D. only,03 - Rear end,0
14-5709,ELGIN ST @ LAURIER AVE,367950.13170,5031548.62793,-75.69306648200,45.42102209860,2014-06-03,4:13:00 PM,01 - Clear,01 - Daylight,01 - Dry,01 - Traffic signal,01 - Functioning,02 - Non-fatal injury,05 - Turning movement,0
14-5710,CLARENCE ST    E btwn COBOURG ST & CHARLOTTE ST,368991.62420,5033082.36257,-75.67955972670,45.43472728200,2014-05-30,12:00:00 AM,01 - Clear,00 - Unknown,01 - Dry,10 - No control,,03 - P.D. only,06 - SMV unattended vehicle,0
14-5711,FALLOWFIELD RD @ WOODROFFE AVE,365086.57180,5017904.13787,-75.73131798750,45.29850373270,2014-06-03,4:39:00 PM,01 - Clear,01 - Daylight,01 - Dry,01 - Traffic signal,01 - Functioning,03 - P.D. only,03 - Rear end,0
14-5712,WIGGINS PRIV btwn CHAPEL CRES & GOULBURN CRES (1),369628.77865,5031482.69144,-75.67162760270,45.42027528810,2014-06-03,3:40:00 PM,01 - Clear,01 - Daylight,01 - Dry,10 - No control,,03 - P.D. only,02 - Angle,0
14-5713,CLARE ST @ KIRKWOOD AVE,364067.17023,5027972.60263,-75.74310836440,45.38918547350,2014-06-03,3:15:00 PM,01 - Clear,01 - Daylight,02 - Wet,01 - Traffic signal,01 - Functioning,03 - P.D. only,03 - Rear end,0
14-5714,MONTREAL RD btwn ALFRED ST & CANTIN ST,370978.47003,5033547.35978,-75.65410586020,45.43872590720,2014-06-03,6:03:00 PM,01 - Clear,01 - Daylight,01 - Dry,10 - No control,,03 - P.D. only,03 - Rear end,0
14-5715,CONSTANCE BAY RD btwn MONTY DR & ALLBIRCH RD,337715.52559,5038152.84422,-76.07894756250,45.48252454250,2014-06-03,6:26:00 PM,01 - Clear,01 - Daylight,01 - Dry,10 - No control,,03 - P.D. only,07 - SMV other,0
14-5716,INNES RD @ 215 W OF CYRVILLE RD/HOME DEPOT W,374865.30740,5030999.83593,-75.60479259210,45.41542598630,2014-06-03,6:32:00 PM,01 - Clear,01 - Daylight,01 - Dry,01 - Traffic signal,01 - Functioning,03 - P.D. only,02 - Angle,0
14-5717,REGIS AVE btwn DUCHARME BLVD & DONAT ST,371163.09040,5033339.35898,-75.65177434180,45.43683691120,2014-06-03,7:28:00 PM,01 - Clear,01 - Daylight,01 - Dry,10 - No control,,03 - P.D. only,07 - SMV other,0
14-5718,JASMINE CRES S @ OGILVIE RD,375355.80119,5033720.29384,-75.59813671900,45.43985384000,2014-06-03,8:17:00 PM,01 - Clear,05 - Dusk,01 - Dry,02 - Stop sign,01 - Functioning,02 - Non-fatal injury,02 - Angle,0
14-5719,ST. PATRICK ST btwn PARENT AVE & DALHOUSIE ST,367944.53439,5032631.28199,-75.69299920050,45.43076395570,2014-06-03,11:02:00 PM,01 - Clear,07 - Dark,01 - Dry,10 - No control,,03 - P.D. only,05 - Turning movement,0
14-5720,STONEMEADOW DR btwn BRAMBLEWOOD CRES & STONEHAVEN DR,355939.49543,5016610.62019,-75.84807260110,45.28758979230,2014-06-04,12:50:00 AM,01 - Clear,07 - Dark,01 - Dry,10 - No control,,03 - P.D. only,07 - SMV other,0
14-5721,LEROY ST btwn REGBURN DR & ELIZABETH ST,374979.59207,5000152.01122,-75.60769362440,45.13785536660,2014-06-04,1:18:00 AM,01 - Clear,07 - Dark,02 - Wet,10 - No control,,03 - P.D. only,07 - SMV other,0