Record,Location,X,Y,Longitude,Latitude,Date,Time,Environment,Light,Road_Surface,Traffic_Control,Collision_Location,Collision_Classification,Impact_type,Pedestrian
14-5934,ALBION RD @ HUNT CLUB RD,371868.24067,5024320.77129,-75.64398852520,45.35562405720,2014-06-10,2:52:00 PM,01 - Clear,01 - Daylight,01 - Dry,01 - Traffic signal,01 - Functioning,03 - P.D. only,03 - Rear end,0
14-5935,PRINCE OF WALES DR btwn MEADOWLANDS DR & NESBITT PL,367373.34070,5025657.45804,-75.70118319260,45.36806679870,2014-06-10,3:10:00 PM,01 - Clear,01 - Daylight,01 - Dry,10 - No control,,02 - Non-fatal injury,05 - Turning movement,0
14-5936,GLADSTONE AVE @ KENT ST,367743.28240,5030461.46623,-75.69584820310,45.41125880670,2014-06-10,3:12:00 PM,01 - Clear,01 - Daylight,01 - Dry,01 - Traffic signal,01 - Functioning,02 - Non-fatal injury,02 - Angle,0
14-5937,BRONSON AVE @ KIPPEWA DR,367557.19073,5029075.55690,-75.69840183310,45.39880551880,2014-06-10,12:00:00 PM,01 - Clear,01 - Daylight,01 - Dry,02 - Stop sign,01 - Functioning,03 - P.D. only,04 - Sideswipe,0
14-5938,ST. JOSEPH BLVD @ JEANNE D'ARC BLVD,379863.11217,5036470.63303,-75.54011122680,45.46412993210,2014-06-10,3:00:00 PM,01 - Clear,01 - Daylight,01 - Dry,11 - Roundabout,01 - Functioning,03 - P.D. only,04 - Sideswipe,0
14-5939,PRINCE OF WALES DR btwn BLAZER AVE & DEAKIN ST,367384.01565,5021457.28722,-75.70157846780,45.33027355710,2014-06-09,2:00:00 PM,01 - Clear,01 - Daylight,01 - Dry,10 - No control,,03 - P.D. only,05 - Turning movement,0
14-5940,CAMPEAU DR btwn KANATA AVE & STONECROFT TER,350658.84814,5019494.83510,-75.91511989870,45.31390716310,2014-06-10,3:43:00 PM,01 - Clear,01 - Daylight,01 - Dry,10 - No control,,03 - P.D. only,03 - Rear end,0
14-5941,KIRKWOOD AVE @ MERIVALE RD,364853.22747,5026645.59453,-75.73323208210,45.37717834360,2014-06-10,3:00:00 PM,01 - Clear,01 - Daylight,01 - Dry,01 - Traffic signal,01 - Functioning,03 - P.D. only,05 - Turning movement,0
14-5942,INNES RD @ 298 E OF WILDFLOWER DR/LOBLAWS SC,383190.28287,5035796.56250,-75.49767806950,45.45769980220,2014-06-10,3:30:00 PM,01 - Clear,01 - Daylight,01 - Dry,01 - Traffic signal,01 - Functioning,03 - P.D. only,03 - Rear end,0
14-5943,CAMPEAU DR btwn COLCHESTER SQ/TERON RD & MARCH RD,352578.41444,5020467.52580,-75.89054544260,45.32253165390,2014-06-10,4:34:00 PM,01 - Clear,01 - Daylight,01 - Dry,10 - No control,,02 - Non-fatal injury,03 - Rear end,0
14-5944,INNES RD btwn ORCHARDVIEW AVE & PORTOBELLO BLVD,384867.98735,5036570.98604,-75.47610372140,45.46447709780,2014-06-10,4:36:00 PM,01 - Clear,01 - Daylight,01 - Dry,10 - No control,,03 - P.D. only,07 - SMV other,0
14-5945,CHAMPLAIN ST @ PLACE D'ORLEANS DR,381595.82420,5038180.81590,-75.51768968450,45.47932837900,2014-06-10,4:47:00 PM,01 - Clear,01 - Daylight,01 - Dry,01 - Traffic signal,01 - Functioning,03 - P.D. only,03 - Rear end,0
14-5946,INNES RD btwn PRESTWICK DR & TENTH LINE RD,383924.74608,5036150.08213,-75.48823157740,45.46079766510,2014-06-10,4:45:00 PM,01 - Clear,01 - Daylight,01 - Dry,10 - No control,,03 - P.D. only,02 - Angle,0
14-5947,CARLING AVE btwn BURKE RD & DEFENSE  RESEARCH COMPLEX,353133.55522,5022841.93619,-75.88323268270,45.34385901530,2014-06-10,5:15:00 PM,01 - Clear,01 - Daylight,01 - Dry,10 - No control,,03 - P.D. only,03 - Rear end,0
14-5948,PINECREST RD btwn TRANSIT & HWY417 IC129 RAMP26,360395.85587,5023658.53769,-75.79047592520,45.35066879490,2014-06-10,6:22:00 PM,01 - Clear,01 - Daylight,01 - Dry,10 - No control,,03 - P.D. only,03 - Rear end,0
14-5949,GREENBANK RD @ MALVERN DR/FOXFIELD DR,363311.21247,5016195.38117,-75.75415425110,45.28327843460,2014-06-10,6:28:00 PM,01 - Clear,01 - Daylight,01 - Dry,01 - Traffic signal,01 - Functioning,02 - Non-fatal injury,03 - Rear end,0
14-5950,FALLOWFIELD RD @ VIA PARK PL/275 W OF WOODROFFE AVE,364847.71123,5017765.07303,-75.73438013870,45.29727288930,2014-06-10,7:18:00 PM,01 - Clear,01 - Daylight,01 - Dry,01 - Traffic signal,01 - Functioning,03 - P.D. only,05 - Turning movement,0
14-5951,REGIONAL ROAD 174 EB btwn HWY417 IC113 RAMP65 & OR174 BLAIR IC112 RAMP51,374758.59649,5032786.31985,-75.60590213540,45.43151047990,2014-06-10,4:20:00 PM,01 - Clear,01 - Daylight,01 - Dry,10 - No control,,03 - P.D. only,03 - Rear end,0
14-5952,CLYDE AVE btwn STARWOOD RD & LOTTA AVE,364466.80470,5024637.61519,-75.73840805310,45.35914386640,2014-06-10,8:07:00 PM,01 - Clear,01 - Daylight,01 - Dry,10 - No control,,03 - P.D. only,05 - Turning movement,0
14-5953,REGIONAL ROAD 174 btwn OR174 IC112 RAMP51 & OR174 IC112 RAMP15,374867.60123,5032874.47151,-75.60449664030,45.43229270610,2014-06-10,8:24:00 PM,01 - Clear,01 - Daylight,01 - Dry,10 - No control,,03 - P.D. only,03 - Rear end,0
14-5954,WELLINGTON ST    W btwn HOLLAND AVE & HINTON AVE N,364991.89889,5029185.97536,-75.73115182330,45.40002428410,2014-06-11,12:31:00 AM,01 - Clear,07 - Dark,01 - Dry,10 - No control,,03 - P.D. only,06 - SMV unattended vehicle,0
14-5955,RIVERSIDE DR btwn BAYPORT PRIV & MOONEY'S BAY PL,368351.85958,5025307.59644,-75.68873758400,45.36483079080,2014-06-11,7:58:00 AM,01 - Clear,01 - Daylight,01 - Dry,10 - No control,,02 - Non-fatal injury,03 - Rear end,0
14-5956,WILBROD ST btwn CORNWALL ST & NELSON ST,368784.20793,5032204.37015,-75.68232455040,45.42684644410,2014-06-01,12:00:00 AM,01 - Clear,00 - Unknown,01 - Dry,10 - No control,,03 - P.D. only,06 - SMV unattended vehicle,0
14-5957,WAVERLEY ST @ O'CONNOR ST,368011.07787,5030765.57010,-75.69238823800,45.41397089880,2014-06-10,5:20:00 PM,01 - Clear,01 - Daylight,01 - Dry,02 - Stop sign,01 - Functioning,03 - P.D. only,02 - Angle,0
14-5958,BRIDGESTONE DR/STEEPLE CHASE DR @ STONEHAVEN D,355109.08554,5016983.57662,-75.85862019030,45.29100566180,2014-06-11,8:14:00 AM,01 - Clear,01 - Daylight,01 - Dry,03 - Yield sign,01 - Functioning,03 - P.D. only,02 - Angle,0
14-5959,MARCH RD btwn MARCH RD & BEACHVALE LANE,344779.06591,5024131.17288,-75.98973242740,45.35598588640,2014-06-11,8:15:00 AM,01 - Clear,01 - Daylight,01 - Dry,10 - No control,,03 - P.D. only,07 - SMV other,0
14-5960,LEMIEUX ST @ ST. LAURENT BLVD,372391.25077,5031744.46013,-75.63629718780,45.42236912890,2014-06-11,8:27:00 AM,01 - Clear,01 - Daylight,01 - Dry,01 - Traffic signal,01 - Functioning,02 - Non-fatal injury,03 - Rear end,0
14-5961,BROADWAY AVE btwn CRAIG ST & POPES LANE,368232.36536,5028854.05442,-75.68980716720,45.39675166140,2014-06-11,8:20:00 AM,01 - Clear,01 - Daylight,01 - Dry,10 - No control,,03 - P.D. only,06 - SMV unattended vehicle,0
14-5962,VIEWMOUNT DR btwn CHESTERTON DR & COACH HOUSE GT,366255.47972,5023545.08362,-75.71571518350,45.34915895590,2014-06-11,8:33:00 AM,01 - Clear,01 - Daylight,01 - Dry,10 - No control,,03 - P.D. only,06 - SMV unattended vehicle,0
14-5963,MERIVALE RD @ BONGARD AVE,365871.22677,5021317.38343,-75.72089346020,45.32914799560,2014-06-11,8:42:00 AM,01 - Clear,01 - Daylight,01 - Dry,02 - Stop sign,00 - Unknown,03 - P.D. only,03 - Rear end,0
14-5964,BOOTH ST btwn ALBERT ST & PRIMROSE AVE,366440.61195,5030595.35022,-75.71247253950,45.41257940850,2014-06-11,8:50:00 AM,01 - Clear,01 - Daylight,01 - Dry,10 - No control,,03 - P.D. only,99 - Other,0
14-5965,RICHMOND RD @ HOLLY ACRES RD/NANAIMO DR,359060.09340,5022746.60037,-75.80762193940,45.34256778660,2014-06-11,7:45:00 AM,01 - Clear,01 - Daylight,01 - Dry,01 - Traffic signal,01 - Functioning,03 - P.D. only,03 - Rear end,0
14-5966,REVELSTOKE DR @ RIVERSIDE DR,368217.23837,5024421.62207,-75.69056958370,45.35687120290,2014-06-11,9:10:00 AM,01 - Clear,01 - Daylight,01 - Dry,01 - Traffic signal,00 - Unknown,03 - P.D. only,03 - Rear end,0
14-5967,WEST HUNT CLUB RD WB btwn MERIVALE RD & ROYDON PL,365781.25760,5022051.18698,-75.72195071480,45.33575848760,2014-06-10,9:13:00 AM,01 - Clear,01 - Daylight,01 - Dry,10 - No control,,03 - P.D. only,07 - SMV other,0
14-5968,MONTREAL RD @ SHEFFORD RD,376125.25657,5034852.62683,-75.58813844400,45.44996379690,2014-06-11,10:00:00 AM,01 - Clear,01 - Daylight,01 - Dry,01 - Traffic signal,01 - Functioning,03 - P.D. only,04 - Sideswipe,0
14-5969,GLADSTONE AVE @ KENT ST,367743.28240,5030457.67477,-75.69584868720,45.41122469290,2014-06-10,11:30:00 AM,01 - Clear,01 - Daylight,01 - Dry,01 - Traffic signal,01 - Functioning,03 - P.D. only,03 - Rear end,0
14-5970,KINBURN SIDE RD btwn DOMINION SPRINGS RD & UPPER DWYER HILL RD,325009.16490,5024331.99898,-76.24205093160,45.35864158140,2014-06-11,12:30:00 AM,01 - Clear,07 - Dark,01 - Dry,10 - No control,,03 - P.D. only,07 - SMV other,0
14-5971,MONTREAL RD @ SHEFFORD RD,376123.46836,5034852.98837,-75.58816125000,45.44996723290,2014-06-10,5:05:00 PM,01 - Clear,01 - Daylight,01 - Dry,01 - Traffic signal,01 - Functioning,03 - P.D. only,05 - Turning movement,0
14-5972,LAURIER AVE @ WALLER ST/TRANSITWAY,368452.91242,5031858.78087,-75.68660251540,45.42376718180,2014-06-11,12:54:00 PM,02 - Rain,01 - Daylight,02 - Wet,01 - Traffic signal,01 - Functioning,03 - P.D. only,04 - Sideswipe,0
14-5973,LAURIER AVE @ O'CONNOR ST,367636.22677,5031356.68157,-75.69710164740,45.41932329260,2014-06-11,1:28:00 PM,02 - Rain,01 - Daylight,02 - Wet,01 - Traffic signal,01 - Functioning,03 - P.D. only,03 - Rear end,0
14-5974,INDUSTRIAL AVE @ ALTA VISTA DR/SANDFORD FLEMIN,370885.19773,5030556.62213,-75.65569919320,45.41182534490,2014-06-11,1:43:00 PM,02 - Rain,01 - Daylight,02 - Wet,01 - Traffic signal,01 - Functioning,02 - Non-fatal injury,03 - Rear end,0
14-5975,INDUSTRIAL AVE btwn RUSSELL RD & ST. LAURENT BLVD,373015.57024,5029961.71372,-75.62856710920,45.40626821890,2014-06-11,2:01:00 PM,02 - Rain,01 - Daylight,02 - Wet,10 - No control,,02 - Non-fatal injury,05 - Turning movement,0
14-5976,INNES RD @ PORTOBELLO BLVD,385630.34790,5036893.49947,-75.46630333270,45.46729096200,2014-06-11,2:56:00 PM,02 - Rain,01 - Daylight,02 - Wet,01 - Traffic signal,01 - Functioning,03 - P.D. only,05 - Turning movement,0
14-5977,ELGIN ST btwn COOPER ST & SOMERSET ST W,368123.97940,5031259.26663,-75.69088246510,45.41840280880,2014-06-11,2:55:00 PM,02 - Rain,01 - Daylight,02 - Wet,10 - No control,,03 - P.D. only,04 - Sideswipe,0
14-5978,CAMPEAU DR/HWY 417 MARCH IC138R63 @ MARCH RD,352839.25523,5020475.51883,-75.88721761030,45.32258577460,2014-06-11,1:15:00 PM,02 - Rain,01 - Daylight,02 - Wet,01 - Traffic signal,01 - Functioning,03 - P.D. only,03 - Rear end,0
14-5979,HAWTHORNE RD @ STEVENAGE DR,375136.26657,5027312.58893,-75.60185683260,45.38222284490,2014-06-11,3:21:00 PM,02 - Rain,01 - Daylight,02 - Wet,01 - Traffic signal,01 - Functioning,03 - P.D. only,05 - Turning movement,0
14-5980,LYON ST @ WELLINGTON ST,366935.74493,5031425.21813,-75.70604263670,45.42000252480,2014-06-11,1:25:00 PM,02 - Rain,01 - Daylight,02 - Wet,01 - Traffic signal,01 - Functioning,02 - Non-fatal injury,05 - Turning movement,0
14-5981,O'CONNOR ST @ WELLINGTON ST,367415.12100,5031722.58250,-75.69988007550,45.42263537550,2014-06-11,3:30:00 PM,01 - Clear,01 - Daylight,01 - Dry,01 - Traffic signal,00 - Unknown,03 - P.D. only,04 - Sideswipe,0
14-5982,JOSHUA ST @ RENAUD RD,381156.26180,5032327.69698,-75.52422004260,45.42671490140,2014-06-11,4:25:00 PM,02 - Rain,01 - Daylight,02 - Wet,02 - Stop sign,01 - Functioning,03 - P.D. only,03 - Rear end,0
14-5983,STRANDHERD DR @ CEDARVIEW RD/TARTAN DR,362289.79080,5013544.45973,-75.76748021230,45.25950956320,2014-06-11,4:36:00 PM,02 - Rain,01 - Daylight,02 - Wet,01 - Traffic signal,01 - Functioning,03 - P.D. only,03 - Rear end,0
14-5984,WOODROFFE AVE @ KNOXDALE RD/MEDHURST DR,363422.05957,5021827.43487,-75.75207518730,45.33394625310,2014-06-11,4:56:00 PM,02 - Rain,01 - Daylight,02 - Wet,01 - Traffic signal,01 - Functioning,03 - P.D. only,03 - Rear end,0
14-5985,MADELEINE MEILLEUR PRIV @ VANIER PKWY,369654.81520,5033359.30610,-75.67104781180,45.43715791250,2014-06-11,5:00:00 PM,02 - Rain,01 - Daylight,02 - Wet,01 - Traffic signal,01 - Functioning,03 - P.D. only,03 - Rear end,0
14-5986,SOUTHGATE RD btwn CLEARWATER CRES & CLEARWATER CRES,371197.07698,5024647.03862,-75.65251001260,45.35862357970,2014-06-11,5:01:00 PM,02 - Rain,01 - Daylight,02 - Wet,10 - No control,,03 - P.D. only,05 - Turning movement,0
14-5987,ST. LAURENT BLVD btwn HEMLOCK RD & MEADOW PARK PL,371171.77525,5034719.98643,-75.65147713700,45.44925833300,2014-06-11,5:04:00 PM,01 - Clear,01 - Daylight,02 - Wet,10 - No control,,03 - P.D. only,05 - Turning movement,0
14-5988,PERTH ST btwn SHEA RD & EAGLESON RD,357816.27421,5007234.94888,-75.82514869410,45.20308645110,2014-06-11,5:15:00 PM,02 - Rain,01 - Daylight,02 - Wet,10 - No control,,03 - P.D. only,07 - SMV other,0
14-5989,REGIONAL ROAD 174 btwn HWY417 IC113 RAMP67 & Continuation of REGIONAL,373884.77494,5032156.93803,-75.61715686050,45.42593449650,2014-06-11,5:15:00 PM,02 - Rain,01 - Daylight,02 - Wet,10 - No control,,02 - Non-fatal injury,03 - Rear end,0
14-5990,DAZE ST btwn 200 W OF BANK ST & BANK ST,371283.31936,5024294.14276,-75.65145680040,45.35544016610,2014-06-11,5:16:00 PM,01 - Clear,01 - Daylight,01 - Dry,10 - No control,,03 - P.D. only,99 - Other,0
14-5991,O'CONNOR ST @ SOMERSET ST,367857.13190,5031011.62603,-75.69432343920,45.41619871990,2014-06-11,5:26:00 PM,02 - Rain,01 - Daylight,02 - Wet,01 - Traffic signal,01 - Functioning,02 - Non-fatal injury,04 - Sideswipe,0
14-5992,GREENBANK RD @ STRANDHERD DR,363933.20997,5014783.46933,-75.74639448890,45.27052199100,2014-06-11,5:27:00 PM,02 - Rain,01 - Daylight,02 - Wet,01 - Traffic signal,01 - Functioning,03 - P.D. only,05 - Turning movement,0
14-5993,KENT ST @ LAURIER AVE,367316.22507,5031164.58860,-75.70121448340,45.41762356680,2014-06-11,5:28:00 PM,02 - Rain,01 - Daylight,02 - Wet,01 - Traffic signal,01 - Functioning,02 - Non-fatal injury,05 - Turning movement,0
14-5994,BASELINE RD btwn ROCKWAY CRES & SOUTHWOOD DR,361209.08992,5022946.35651,-75.78017933600,45.34419567240,2014-06-11,5:38:00 PM,02 - Rain,01 - Daylight,02 - Wet,10 - No control,,02 - Non-fatal injury,04 - Sideswipe,0
14-5995,PRINCE OF WALES DR btwn NESBITT PL & MELFA CRES,367392.76354,5025530.93415,-75.70095129310,45.36692663260,2014-06-11,5:38:00 PM,02 - Rain,01 - Daylight,02 - Wet,10 - No control,,03 - P.D. only,04 - Sideswipe,0
14-5996,MARIPOSA AVE @ SPRINGFIELD RD,369060.23069,5034590.53853,-75.67848602370,45.44829094620,2014-06-11,4:45:00 PM,01 - Clear,01 - Daylight,02 - Wet,02 - Stop sign,01 - Functioning,03 - P.D. only,02 - Angle,0
14-5997,CAMPEAU DR @ TERRY FOX DR,350457.02250,5019009.50733,-75.91773855250,45.30955320560,2014-06-11,4:40:00 PM,02 - Rain,01 - Daylight,02 - Wet,01 - Traffic signal,01 - Functioning,03 - P.D. only,03 - Rear end,0
14-5998,MITCH OWENS RD btwn RIVER RD & SPRATT RD,369563.68834,5010808.31439,-75.67516363530,45.23425800020,2014-06-11,6:05:00 PM,02 - Rain,01 - Daylight,02 - Wet,10 - No control,,02 - Non-fatal injury,02 - Angle,0
14-5999,BRONSON AVE @ POWELL AVE,367387.40497,5029479.10973,-75.70051908360,45.40245177020,2014-06-11,5:30:00 PM,02 - Rain,01 - Daylight,02 - Wet,01 - Traffic signal,01 - Functioning,03 - P.D. only,04 - Sideswipe,0
14-6000,GREENBANK RD btwn HIGHBURY PARK DR & WESSEX RD,363703.30255,5015327.60953,-75.74925966810,45.27543746990,2014-06-11,7:09:00 PM,02 - Rain,01 - Daylight,09 - Spilled liquid,10 - No control,,02 - Non-fatal injury,01 - Approaching,0
14-6001,COLONEL BY DR @ HAWTHORNE AVE/PRETORIA BRIDGE,368767.59172,5030524.85600,-75.68275491790,45.41173629020,2014-06-11,5:20:00 PM,02 - Rain,01 - Daylight,02 - Wet,01 - Traffic signal,01 - Functioning,03 - P.D. only,03 - Rear end,0
14-6002,GREENBANK RD @ WEST HUNT CLUB RD,361481.09880,5020501.53133,-75.77698856520,45.32217525450,2014-06-11,7:30:00 PM,02 - Rain,01 - Daylight,02 - Wet,01 - Traffic signal,01 - Functioning,03 - P.D. only,03 - Rear end,0
14-6003,ELGIN ST btwn WAVERLEY ST & FRANK ST,368323.86784,5030943.08943,-75.68836942150,45.41553983340,2014-06-11,9:09:00 PM,02 - Rain,05 - Dusk,02 - Wet,10 - No control,,03 - P.D. only,06 - SMV unattended vehicle,0
14-6004,DUNROBIN RD btwn KINBURN SIDE RD & VANCES SIDE RD,338285.82902,5035652.37660,-76.07182290070,45.45999763970,2014-06-11,9:22:00 PM,02 - Rain,07 - Dark,02 - Wet,10 - No control,,03 - P.D. only,07 - SMV other,0
14-6005,HAWTHORNE RD @ LEITRIM RD,377036.39203,5022710.45017,-75.57826938480,45.34062180710,2014-06-11,9:46:00 PM,01 - Clear,07 - Dark,02 - Wet,01 - Traffic signal,01 - Functioning,03 - P.D. only,02 - Angle,0
14-6006,DALHOUSIE ST @ RIDEAU ST,368207.18303,5032228.52907,-75.68969468780,45.42711636400,2014-06-11,10:19:00 PM,01 - Clear,07 - Dark,02 - Wet,01 - Traffic signal,01 - Functioning,03 - P.D. only,05 - Turning movement,0
14-6007,BANK ST @ CATHERINE ST,368040.17933,5030265.67627,-75.69208059920,45.40947038570,2014-06-11,7:40:00 PM,02 - Rain,01 - Daylight,02 - Wet,01 - Traffic signal,01 - Functioning,02 - Non-fatal injury,07 - SMV other,2
14-6008,OGILVIE RD @ MATHESON RD/PALMERSTON DR,373380.66893,5032536.26100,-75.62354531380,45.42939706010,2014-06-12,7:30:00 AM,02 - Rain,01 - Daylight,02 - Wet,01 - Traffic signal,01 - Functioning,02 - Non-fatal injury,07 - SMV other,1
14-6009,RAMSAYVILLE RD btwn RIDGE RD & RUSSELL RD,377399.16414,5027014.30914,-75.57300887530,45.37930823510,2014-06-12,8:10:00 AM,02 - Rain,01 - Daylight,02 - Wet,10 - No control,,03 - P.D. only,07 - SMV other,0
14-6010,HOLLY ACRES RD btwn HILLVIEW RD & AERO DR,358306.24535,5023335.68602,-75.81717689350,45.34792630680,2014-06-12,8:25:00 AM,02 - Rain,01 - Daylight,02 - Wet,10 - No control,,03 - P.D. only,03 - Rear end,0
14-6011,ST. LAURENT BLVD btwn BOURASSA ST & SMYTH RD,373250.47608,5029659.43338,-75.62560857190,45.40352550850,2014-06-12,8:51:00 AM,01 - Clear,01 - Daylight,01 - Dry,10 - No control,,02 - Non-fatal injury,03 - Rear end,0
14-6012,LOTTA AVE btwn CORDOVA ST & BASSANO ST,363897.02407,5024133.67795,-75.74574038800,45.35465775950,2014-06-07,12:00:00 PM,01 - Clear,01 - Daylight,01 - Dry,10 - No control,,03 - P.D. only,02 - Angle,0
14-6013,KENNEVALE DR @ STRANDHERD DR,361493.28180,5014099.54900,-75.77756495880,45.26456894720,2014-06-12,8:30:00 AM,02 - Rain,01 - Daylight,02 - Wet,01 - Traffic signal,01 - Functioning,02 - Non-fatal injury,03 - Rear end,0
14-6014,CARLING AVE EB btwn HWY417 IC124 RAMP57 & KIRKWOOD AVE,364294.35453,5027256.98038,-75.74029354470,45.38272716970,2014-06-12,9:03:00 AM,01 - Clear,01 - Daylight,02 - Wet,10 - No control,,03 - P.D. only,04 - Sideswipe,0
14-6015,VANIER PKWY SB btwn BEECHWOOD AVE/ ST. PATRICK ST/CRICHTON ST & DESCHA,369222.25483,5033438.45930,-75.67656571620,45.43791008990,2014-06-12,9:09:00 AM,03 - Snow,01 - Daylight,02 - Wet,10 - No control,,02 - Non-fatal injury,03 - Rear end,0
14-6016,EAGLESON RD @ HAZELDEAN RD/ROBERTSON RD,353674.09883,5018424.46000,-75.87677140920,45.30407231520,2014-06-12,9:23:00 AM,02 - Rain,01 - Daylight,02 - Wet,01 - Traffic signal,01 - Functioning,03 - P.D. only,03 - Rear end,0
14-6017,BANK ST @ WALKLEY RD,370338.32593,5025946.78703,-75.66329751090,45.37039911090,2014-06-12,9:05:00 AM,02 - Rain,01 - Daylight,02 - Wet,01 - Traffic signal,01 - Functioning,03 - P.D. only,03 - Rear end,0
14-6018,CARLING AVE @ PINECREST  RD/GREENVIEW AVE,360006.20177,5024634.42373,-75.79533940420,45.35948058210,2014-06-12,10:21:00 AM,01 - Clear,01 - Daylight,01 - Dry,01 - Traffic signal,01 - Functioning,03 - P.D. only,05 - Turning movement,0
14-6019,ASTORIA CRES @ STONEWAY DR,366341.85743,5016251.09292,-75.71551908670,45.28352092970,2014-06-12,7:30:00 AM,02 - Rain,01 - Daylight,02 - Wet,02 - Stop sign,00 - Unknown,03 - P.D. only,05 - Turning movement,0
14-6020,RICHMOND RD @ HOLLY ACRES RD/NANAIMO DR,359058.19767,5022748.49610,-75.80764591950,45.34258499080,2014-06-12,8:10:00 AM,02 - Rain,01 - Daylight,02 - Wet,01 - Traffic signal,01 - Functioning,03 - P.D. only,03 - Rear end,0
14-6021,PRINCE OF WALES DR @ HARTWELL LOCKS/548 N OF R,367019.96434,5027299.68810,-75.70548708590,45.38287466010,2014-06-12,9:30:00 AM,02 - Rain,01 - Daylight,02 - Wet,01 - Traffic signal,01 - Functioning,03 - P.D. only,03 - Rear end,0
14-6022,DEAKIN ST @ PRINCE OF WALES DR,367390.23717,5021522.53993,-75.70149085350,45.33086013480,2014-06-11,3:45:00 PM,02 - Rain,01 - Daylight,02 - Wet,01 - Traffic signal,01 - Functioning,03 - P.D. only,03 - Rear end,0
14-6023,ST. JOSEPH BLVD/OLD MONTREAL RD @ TRIM RD,384683.16392,5039285.56163,-75.47802540540,45.48892139970,2014-06-12,1:25:00 PM,02 - Rain,01 - Daylight,02 - Wet,01 - Traffic signal,01 - Functioning,03 - P.D. only,03 - Rear end,0
14-6024,ALBERT ST btwn BANK ST & O'CONNOR ST,367414.60605,5031438.73948,-75.69992273060,45.42008149290,2014-06-11,4:00:00 PM,02 - Rain,01 - Daylight,02 - Wet,10 - No control,,02 - Non-fatal injury,03 - Rear end,0
14-6025,ST. LAURENT BLVD @ TREMBLAY RD,372596.18783,5031240.62813,-75.63374806560,45.41781605390,2014-06-12,2:46:00 PM,02 - Rain,01 - Daylight,02 - Wet,01 - Traffic signal,01 - Functioning,03 - P.D. only,03 - Rear end,0
14-6026,TERRY FOX DR @ EDGEWATER ST/WALTER BAKER PL,351777.13427,5017613.45030,-75.90103645050,45.29690406770,2014-06-12,2:45:00 PM,02 - Rain,01 - Daylight,02 - Wet,01 - Traffic signal,00 - Unknown,03 - P.D. only,04 - Sideswipe,0
14-6027,CROYDON AVE @ RICHMOND RD,360545.68680,5025272.77319,-75.78838185700,45.36518173530,2014-06-12,2:52:00 PM,01 - Clear,01 - Daylight,01 - Dry,01 - Traffic signal,01 - Functioning,02 - Non-fatal injury,07 - SMV other,1
14-6028,HAMILTON AVE   N btwn TYNDALL ST & END,365226.22428,5028888.92965,-75.72819538130,45.39733134740,2014-06-12,2:30:00 PM,02 - Rain,01 - Daylight,02 - Wet,10 - No control,,03 - P.D. only,06 - SMV unattended vehicle,0
14-6029,HUNT CLUB RD @ DOWNPATRICK RD/MCCARTHY RD,370509.15620,5023401.45687,-75.66145519470,45.34748101700,2014-06-12,3:06:00 PM,01 - Clear,01 - Daylight,02 - Wet,01 - Traffic signal,01 - Functioning,03 - P.D. only,05 - Turning movement,0
14-6030,BREWER RD @ BRONSON AVE,368110.46890,5027763.59230,-75.69150385470,45.38695103350,2014-06-12,3:13:00 PM,02 - Rain,01 - Daylight,02 - Wet,01 - Traffic signal,01 - Functioning,02 - Non-fatal injury,03 - Rear end,0
14-6031,GLOUCESTER ST @ LYON ST,367193.27630,5031000.62493,-75.70280603830,45.41615924620,2014-06-12,3:17:00 PM,02 - Rain,01 - Daylight,02 - Wet,01 - Traffic signal,01 - Functioning,02 - Non-fatal injury,02 - Angle,0
14-6032,HUNT CLUB RD @ RIVERSIDE DR,368037.17693,5021945.49850,-75.69318415350,45.33460783760,2014-06-12,2:30:00 PM,02 - Rain,01 - Daylight,02 - Wet,01 - Traffic signal,01 - Functioning,03 - P.D. only,03 - Rear end,0
14-6033,REGIONAL ROAD 174 btwn QUIGLEY HILL RD & CAMERON ST,388874.62299,5042467.37999,-75.42386650680,45.51705541750,2014-06-12,3:51:00 PM,02 - Rain,01 - Daylight,02 - Wet,10 - No control,,03 - P.D. only,03 - Rear end,0
14-6034,AIRPORT PKWY btwn BROOKFIELD RAMP 34 & BROOKFIELD RAMP 52B,368777.72668,5026472.39152,-75.68315093570,45.37527255660,2014-06-12,4:24:00 PM,02 - Rain,01 - Daylight,02 - Wet,10 - No control,,03 - P.D. only,03 - Rear end,0
14-6035,MERIVALE RD btwn CAPITAL DR & MACFARLANE RD,366119.59562,5020713.95355,-75.71779996380,45.32369675660,2014-06-12,4:47:00 PM,02 - Rain,01 - Daylight,02 - Wet,10 - No control,,03 - P.D. only,03 - Rear end,0
14-6036,BRONSON AVE @ SUNNYSIDE AVE/UNIVERSITY RD - CA,367923.18403,5028088.70350,-75.69385372450,45.38989319640,2014-06-12,5:00:00 PM,01 - Clear,01 - Daylight,01 - Dry,01 - Traffic signal,01 - Functioning,03 - P.D. only,03 - Rear end,0
14-6037,MONTREAL RD/HANNAH ST @ CODY AVE,370255.09741,5033169.90286,-75.66340121190,45.43539780620,2014-06-12,5:24:00 PM,02 - Rain,01 - Daylight,02 - Wet,01 - Traffic signal,01 - Functioning,03 - P.D. only,04 - Sideswipe,0