Record,Location,X,Y,Longitude,Latitude,Date,Time,Environment,Light,Road_Surface,Traffic_Control,Collision_Location,Collision_Classification,Impact_type,Pedestrian
14-6038,RIVER RD @ TEWSLEY,367966.77143,5015643.91103,-75.69488543210,45.27791343460,2014-06-12,5:27:00 PM,02 - Rain,01 - Daylight,02 - Wet,01 - Traffic signal,01 - Functioning,03 - P.D. only,03 - Rear end,0
14-6039,CAMPEAU DR/HWY 417 MARCH IC138R63 @ MARCH RD,352842.13187,5020477.22716,-75.88718075190,45.32260095030,2014-06-12,5:30:00 PM,02 - Rain,01 - Daylight,02 - Wet,01 - Traffic signal,01 - Functioning,03 - P.D. only,03 - Rear end,0
14-6040,CHERRYWOOD DR btwn TRINITY DR & ABERFELDY ST (1),358374.41040,5019887.82367,-75.81668025680,45.31689703530,2014-06-12,5:37:00 PM,01 - Clear,01 - Daylight,01 - Dry,10 - No control,,03 - P.D. only,01 - Approaching,0
14-6041,MAPLE GROVE RD btwn Continuation of MAPLE GROVE RD & SILVER SEVEN RD,351228.25833,5017569.30840,-75.90803843440,45.29654335110,2014-06-12,5:54:00 PM,02 - Rain,01 - Daylight,02 - Wet,10 - No control,,03 - P.D. only,02 - Angle,0
14-6042,COPE DR @ TERRY FOX,353997.27010,5015346.75348,-75.87295590440,45.27635585340,2014-06-12,6:12:00 PM,02 - Rain,01 - Daylight,02 - Wet,01 - Traffic signal,01 - Functioning,02 - Non-fatal injury,03 - Rear end,0
14-6043,RIVERSIDE DR @ TREMBLAY RD/HWY417 IC117 RAMP52,370800.89609,5031018.44919,-75.65671426280,45.41598863390,2014-06-12,6:12:00 PM,02 - Rain,01 - Daylight,02 - Wet,01 - Traffic signal,01 - Functioning,03 - P.D. only,03 - Rear end,0
14-6044,TERRY FOX DR @ PALLADIUM DR/KATIMAVIK RD,351269.24407,5018181.77520,-75.90745849080,45.30205178360,2014-06-12,6:10:00 PM,01 - Clear,01 - Daylight,02 - Wet,01 - Traffic signal,01 - Functioning,03 - P.D. only,03 - Rear end,0
14-6045,RIVERSIDE DR NB btwn BANK ST & RIVERSIDE DR NB RAMP FROM EB TO WB,369336.47065,5027928.67612,-75.67582742390,45.38832451520,2014-06-12,2:40:00 PM,02 - Rain,01 - Daylight,02 - Wet,10 - No control,,03 - P.D. only,03 - Rear end,0
14-6046,INNES RD btwn FRANK KENNY RD & O'TOOLE RD,388469.61818,5038031.98246,-75.42980580650,45.47719945480,2014-06-12,6:53:00 PM,02 - Rain,01 - Daylight,02 - Wet,10 - No control,,03 - P.D. only,07 - SMV other,0
14-6048,ST. JOSEPH BLVD @ JEANNE D'ARC BLVD,379861.21643,5036468.73730,-75.54013575590,45.46411307970,2014-06-12,8:17:00 PM,01 - Clear,01 - Daylight,01 - Dry,11 - Roundabout,01 - Functioning,03 - P.D. only,02 - Angle,0
14-6049,KING EDWARD AVE @ ST. PATRICK ST,368247.27950,5032824.53667,-75.68910554000,45.43247539190,2014-06-12,10:24:00 PM,01 - Clear,07 - Dark,01 - Dry,01 - Traffic signal,01 - Functioning,02 - Non-fatal injury,05 - Turning movement,0
14-6050,CHURCHILL AVE @ RICHMOND RD,363226.27200,5028290.65557,-75.75380876130,45.39211791940,2014-06-13,6:47:00 AM,02 - Rain,01 - Daylight,02 - Wet,01 - Traffic signal,01 - Functioning,03 - P.D. only,02 - Angle,0
14-6051,COBBLE HILL DR @ MARAVISTA DR,361396.58710,5014648.17810,-75.77873451020,45.26951334790,2014-06-13,6:49:00 AM,02 - Rain,01 - Daylight,02 - Wet,,01 - Functioning,02 - Non-fatal injury,02 - Angle,0
14-6052,GREENBANK RD @ WEST HUNT CLUB RD,361480.15093,5020502.47920,-75.77700054700,45.32218386030,2014-06-13,6:54:00 AM,02 - Rain,01 - Daylight,02 - Wet,01 - Traffic signal,01 - Functioning,03 - P.D. only,03 - Rear end,0
14-6053,HARDING RD @ WALKLEY RD,373146.36103,5027607.58743,-75.62722263450,45.38507408160,2014-06-13,8:10:00 AM,02 - Rain,01 - Daylight,02 - Wet,01 - Traffic signal,01 - Functioning,03 - P.D. only,07 - SMV other,0
14-6054,ST. JOSEPH BLVD @ JEANNE D'ARC BLVD,379861.21643,5036470.63303,-75.54013546640,45.46413013580,2014-06-13,8:35:00 AM,02 - Rain,01 - Daylight,02 - Wet,11 - Roundabout,01 - Functioning,03 - P.D. only,02 - Angle,0
14-6055,OLD INNES RD @ BANTREE ST,373727.05021,5030354.42270,-75.61942434150,45.40973192460,2014-06-13,10:15:00 AM,02 - Rain,01 - Daylight,02 - Wet,02 - Stop sign,01 - Functioning,03 - P.D. only,05 - Turning movement,0
14-6056,WEST HUNT CLUB RD btwn MOODIE DR & RICHMOND RD,357620.43036,5018387.34459,-75.82645623000,45.30345268240,2014-06-13,10:14:00 AM,01 - Clear,01 - Daylight,01 - Dry,10 - No control,,03 - P.D. only,07 - SMV other,0
14-6057,BANK ST btwn SPRINGHILL RD & DALMENY RD,385725.00447,5004644.19445,-75.47036276860,45.17712482710,2014-06-12,5:00:00 PM,01 - Clear,01 - Daylight,01 - Dry,10 - No control,,03 - P.D. only,07 - SMV other,0
14-6058,GREENBANK RD btwn MALVERN DR & HIGHBURY PARK DR,363501.73379,5015764.10155,-75.75177688490,45.27938189110,2014-06-13,8:30:00 AM,02 - Rain,01 - Daylight,02 - Wet,08 - Traffic gate,01 - Functioning,03 - P.D. only,03 - Rear end,0
14-6059,INNES RD/PRESTWICK DR @ LANTHIER DR,383539.89576,5035989.19897,-75.49317765820,45.45939366280,2014-06-12,10:32:00 AM,01 - Clear,01 - Daylight,02 - Wet,01 - Traffic signal,01 - Functioning,03 - P.D. only,03 - Rear end,0
14-6060,ST. JOSEPH BLVD btwn GREY NUNS DR & BOYER RD,380265.08940,5036745.07708,-75.53492943690,45.46655585400,2014-06-13,10:36:00 AM,02 - Rain,01 - Daylight,02 - Wet,10 - No control,,03 - P.D. only,03 - Rear end,0
14-6061,RIVERSIDE DR NB btwn INDUSTRIAL AVE & TREMBLAY RD,370807.29137,5030988.41975,-75.65663658190,45.41571783830,2014-06-13,10:37:00 AM,01 - Clear,01 - Daylight,01 - Dry,10 - No control,,03 - P.D. only,07 - SMV other,0
14-6062,BRITTANY DR btwn KRISTIN WAY & MONTREAL RD,371905.10724,5034012.07229,-75.64219953440,45.44281884380,2014-06-13,10:46:00 AM,02 - Rain,01 - Daylight,02 - Wet,10 - No control,,03 - P.D. only,02 - Angle,0
14-6063,MARCH RD btwn BURNT LANDS RD & UPPER DWYER HILL RD,333201.33051,5013642.16107,-76.13810090880,45.26216448290,2014-06-09,10:30:00 AM,01 - Clear,01 - Daylight,01 - Dry,10 - No control,,03 - P.D. only,07 - SMV other,0
14-6064,KING EDWARD AVE @ LAURIER AVE,368739.70720,5032035.81717,-75.68291506240,45.42533393500,2014-06-13,10:55:00 AM,01 - Clear,01 - Daylight,01 - Dry,01 - Traffic signal,01 - Functioning,02 - Non-fatal injury,02 - Angle,0
14-6065,ROBERTSON RD btwn MILL HILL RD & WESTCLIFFE RD,356265.81219,5019974.07900,-75.84356379480,45.31783090010,2014-06-13,10:59:00 AM,02 - Rain,01 - Daylight,02 - Wet,10 - No control,,02 - Non-fatal injury,03 - Rear end,0
14-6066,HAZELDEAN RD @ JOHNWOODS ST/VICTOR ST,350187.06393,5015397.39417,-75.92151168950,45.27706781800,2014-06-13,10:30:00 AM,02 - Rain,01 - Daylight,02 - Wet,01 - Traffic signal,01 - Functioning,03 - P.D. only,03 - Rear end,0
14-6067,COLONNADE RD @ PRINCE OF WALES DR,367394.71160,5023266.03417,-75.70121321670,45.34654737420,2014-06-13,11:32:00 AM,02 - Rain,01 - Daylight,02 - Wet,01 - Traffic signal,01 - Functioning,02 - Non-fatal injury,03 - Rear end,0
14-6068,ALBION RD @ BANK ST,371947.20183,5024129.49940,-75.64300681320,45.35389550130,2014-06-12,7:10:00 PM,01 - Clear,01 - Daylight,01 - Dry,01 - Traffic signal,01 - Functioning,02 - Non-fatal injury,04 - Sideswipe,0
14-6069,BOOTH ST @ OTTAWA RIVER PKWY/WELLINGTON ST,366262.89227,5031007.32495,-75.71469151380,45.41630187550,2014-06-09,5:20:00 PM,01 - Clear,01 - Daylight,01 - Dry,01 - Traffic signal,01 - Functioning,03 - P.D. only,03 - Rear end,0
14-6070,CATHERINE ST @ LYON ST/HWY 417 LYON IC120BR36,367748.21357,5030092.31161,-75.69583234760,45.40793682440,2014-06-09,4:15:00 PM,01 - Clear,01 - Daylight,01 - Dry,01 - Traffic signal,01 - Functioning,03 - P.D. only,03 - Rear end,0
14-6071,HUNT CLUB RD @ BRIDLE PATH DR/DAZE ST,371292.20283,5023864.50380,-75.65140121180,45.35157357030,2014-06-12,3:00:00 PM,01 - Clear,01 - Daylight,01 - Dry,01 - Traffic signal,01 - Functioning,03 - P.D. only,04 - Sideswipe,0
14-6072,LEES AVE @ KING EDWARD AVE/MANN AVE,369180.22000,5031333.79713,-75.67737807740,45.41897701300,2014-06-13,12:15:00 PM,02 - Rain,01 - Daylight,02 - Wet,01 - Traffic signal,01 - Functioning,03 - P.D. only,99 - Other,0
14-6073,GREENBANK RD btwn MALVERN DR & HIGHBURY PARK DR,363508.00610,5015748.32716,-75.75169880970,45.27923942900,2014-06-13,8:50:00 AM,02 - Rain,01 - Daylight,02 - Wet,10 - No control,,03 - P.D. only,03 - Rear end,0
14-6074,CUMMINGS AVE @ OGILVIE RD,372748.24627,5032171.53357,-75.63167699880,45.42617714770,2014-06-13,2:33:00 PM,01 - Clear,01 - Daylight,01 - Dry,01 - Traffic signal,01 - Functioning,03 - P.D. only,04 - Sideswipe,0
14-6075,SOUTHBRIDGE ST btwn ARDMORE ST & HARESFIELD CRT,367775.64600,5014119.05400,-75.69751463600,45.26421004930,2014-06-13,7:40:00 AM,02 - Rain,01 - Daylight,02 - Wet,10 - No control,,03 - P.D. only,07 - SMV other,0
14-6076,COLONNADE RD @ PRINCE OF WALES DR,367395.18553,5023265.56823,-75.70120722870,45.34654313890,2014-06-06,10:17:00 AM,01 - Clear,01 - Daylight,01 - Dry,01 - Traffic signal,01 - Functioning,02 - Non-fatal injury,03 - Rear end,0
14-6077,BANK ST @ SUNNYSIDE AVE,368736.13050,5028580.60133,-75.68340889840,45.39424539740,2014-06-13,3:13:00 PM,01 - Clear,01 - Daylight,01 - Dry,01 - Traffic signal,01 - Functioning,03 - P.D. only,04 - Sideswipe,0
14-6078,WEST HUNT CLUB RD WB btwn ROYDON PL/SUNDERLAND ST & 545 E OF ROYDON PL,366016.83556,5022198.87409,-75.71892702650,45.33706684150,2014-06-13,3:00:00 PM,01 - Clear,01 - Daylight,01 - Dry,10 - No control,,03 - P.D. only,02 - Angle,0
14-6079,COLONEL BY DR @ HOG'S BACK RD,367602.88226,5025876.91180,-75.69822523360,45.37002086070,2014-06-13,3:35:00 PM,01 - Clear,01 - Daylight,01 - Dry,01 - Traffic signal,01 - Functioning,03 - P.D. only,03 - Rear end,0
14-6080,ROBERTSON RD btwn FITZGERALD RD & MOODIE DR,356959.06916,5020393.86673,-75.83467782690,45.32155703710,2014-06-13,3:58:00 PM,01 - Clear,01 - Daylight,01 - Dry,10 - No control,,03 - P.D. only,02 - Angle,0
14-6081,BASELINE RD btwn BARBARA ANN PRIV & HIGHGATE RD,361895.76671,5023364.85637,-75.77136924280,45.34790575710,2014-06-13,4:15:00 PM,01 - Clear,01 - Daylight,01 - Dry,10 - No control,,02 - Non-fatal injury,03 - Rear end,0
14-6082,ALBION RD btwn BANK ST & DES MESANGES DR,371950.99330,5024116.22926,-75.64296023050,45.35377573840,2014-06-13,4:37:00 PM,01 - Clear,01 - Daylight,01 - Dry,10 - No control,,03 - P.D. only,03 - Rear end,0
14-6083,BLACKWELL ST btwn BANTREE ST & LEEDS AVE,374648.78129,5029505.91949,-75.60777041820,45.40200614130,2014-06-13,3:44:00 PM,01 - Clear,01 - Daylight,01 - Dry,10 - No control,,03 - P.D. only,03 - Rear end,0
14-6084,BANK ST btwn HERON RD & ANOKA ST,370000.93327,5026838.27206,-75.66748672140,45.37845188100,2014-06-13,5:11:00 PM,01 - Clear,01 - Daylight,01 - Dry,10 - No control,,03 - P.D. only,05 - Turning movement,0
14-6085,METCALFE ST @ LAURIER AVE,367791.64648,5031451.35047,-75.69510384480,45.42016111650,2014-06-13,8:55:00 AM,02 - Rain,01 - Daylight,02 - Wet,01 - Traffic signal,01 - Functioning,02 - Non-fatal injury,04 - Sideswipe,0
14-6086,FOURTH AVE btwn BRONSON AVE & CHRYSLER ST,367728.10493,5029096.54854,-75.69621628220,45.39897905420,2014-06-13,12:00:00 AM,01 - Clear,00 - Unknown,01 - Dry,10 - No control,,03 - P.D. only,06 - SMV unattended vehicle,0
14-6087,WOODRIDGE CRES btwn 220 W OF BAYSHORE DR/BAYSHORE SC & BAYSHORE DR,359056.37081,5023389.32847,-75.80759893540,45.34835135580,2014-06-13,7:12:00 PM,01 - Clear,01 - Daylight,02 - Wet,10 - No control,,03 - P.D. only,04 - Sideswipe,0
14-6088,LEGGET DR btwn TERRY FOX DR & SOLANDT RD,350493.86116,5023009.36652,-75.91689960880,45.34554250860,2014-06-13,7:15:00 PM,01 - Clear,01 - Daylight,01 - Dry,10 - No control,,03 - P.D. only,99 - Other,0
14-6089,HWY 417 TERRYFO IC140R52 @ TERRY FOX DR,351052.46143,5018435.04306,-75.91019896550,45.30434506310,2014-06-13,9:22:00 PM,01 - Clear,05 - Dusk,01 - Dry,01 - Traffic signal,01 - Functioning,03 - P.D. only,03 - Rear end,0
14-6090,ELGIN ST @ QUEEN ST,367803.28070,5031779.57800,-75.69491322440,45.42311335140,2014-06-13,10:22:00 PM,01 - Clear,07 - Dark,01 - Dry,01 - Traffic signal,01 - Functioning,03 - P.D. only,99 - Other,0
14-6091,GLENRILL PL btwn Continuation of GLENRILL PL & Continuation of GLENRIL,356350.20856,5015791.71351,-75.84292223700,45.28019111470,2014-06-14,12:24:00 AM,01 - Clear,07 - Dark,01 - Dry,10 - No control,,03 - P.D. only,06 - SMV unattended vehicle,0
14-6092,SPRATT RD btwn OWLS CABIN AVE & LIMEBANK RD,369755.68183,5016867.97476,-75.67192637280,45.28876436390,2014-06-14,12:26:00 AM,01 - Clear,07 - Dark,01 - Dry,10 - No control,,03 - P.D. only,07 - SMV other,0
14-6093,WEST HUNT CLUB RD @ ANTARES DR/LASER ST,367107.94277,5022081.29684,-75.70502159760,45.33591285530,2014-06-14,6:35:00 AM,01 - Clear,01 - Daylight,01 - Dry,01 - Traffic signal,01 - Functioning,03 - P.D. only,03 - Rear end,0
14-6094,OSGOODE ST btwn KING EDWARD AVE & HENDERSON AVE,368858.99361,5031858.39763,-75.68141393190,45.42372666430,2014-06-14,6:39:00 AM,01 - Clear,01 - Daylight,01 - Dry,10 - No control,,03 - P.D. only,06 - SMV unattended vehicle,0
14-6095,INNES RD/PRESTWICK DR @ LANTHIER DR,383541.44505,5035987.60790,-75.49315810560,45.45937917290,2014-06-14,7:41:00 AM,01 - Clear,01 - Daylight,01 - Dry,01 - Traffic signal,01 - Functioning,02 - Non-fatal injury,07 - SMV other,1
14-6096,BANK ST @ FOURTH AVE,368366.88692,5029476.80257,-75.68800889890,45.40234275630,2014-06-14,9:38:00 AM,01 - Clear,01 - Daylight,01 - Dry,02 - Stop sign,00 - Unknown,02 - Non-fatal injury,05 - Turning movement,0
14-6097,INNES RD @ TRIM RD,386567.24603,5037275.45163,-75.45426028450,45.47061833120,2014-06-14,11:22:00 AM,01 - Clear,01 - Daylight,01 - Dry,01 - Traffic signal,01 - Functioning,03 - P.D. only,03 - Rear end,0
14-6098,LONGSHIRE CIRC btwn SLEAFORD GT & WILTSHIRE CIRC,365558.88670,5016580.15615,-75.72545848610,45.28654993800,2014-06-14,11:50:00 AM,01 - Clear,01 - Daylight,01 - Dry,10 - No control,,03 - P.D. only,06 - SMV unattended vehicle,0
14-6099,NEPEAN ST btwn O'CONNOR ST & METCALFE ST,367741.08905,5031237.01114,-75.69577717590,45.41823711050,2014-06-14,9:00:00 AM,01 - Clear,01 - Daylight,01 - Dry,10 - No control,,03 - P.D. only,06 - SMV unattended vehicle,0
14-6100,WILHAVEN DR btwn EMMETT RD & BECKETT'S CREEK RD,394535.57456,5041332.76726,-75.35162962040,45.50614222320,2014-06-14,3:39:00 PM,01 - Clear,01 - Daylight,01 - Dry,10 - No control,,03 - P.D. only,07 - SMV other,0
14-6101,TERON RD @ PARKWAY (THE)/PENFIELD DR S,352293.56335,5020788.80477,-75.89414794160,45.32544191960,2014-06-14,4:07:00 PM,01 - Clear,01 - Daylight,01 - Dry,01 - Traffic signal,01 - Functioning,02 - Non-fatal injury,07 - SMV other,1
14-6102,ATHLONE AVE btwn RICHMOND RD & BYRON AVE,363518.25020,5028284.49223,-75.75008081510,45.39203804130,2014-06-14,5:26:00 PM,01 - Clear,01 - Daylight,01 - Dry,10 - No control,,03 - P.D. only,02 - Angle,0
14-6103,BEAUSEJOUR DR @ CHAMPNEUF DR,381547.22243,5036132.56820,-75.51863115810,45.46090531120,2014-06-14,7:06:00 PM,01 - Clear,01 - Daylight,01 - Dry,02 - Stop sign,01 - Functioning,03 - P.D. only,03 - Rear end,0
14-6104,INNES RD EB btwn INNES RD E & ORLEANS BLVD,379829.18866,5033821.37533,-75.54094908420,45.44029754920,2014-06-14,7:15:00 PM,01 - Clear,01 - Daylight,01 - Dry,10 - No control,,03 - P.D. only,04 - Sideswipe,0
14-6105,MCCARTHY RD btwn PLANTE DR & HUNT CLUB RD,370484.51165,5023452.64170,-75.66176286280,45.34794387140,2014-06-14,9:45:00 AM,01 - Clear,01 - Daylight,01 - Dry,10 - No control,,03 - P.D. only,05 - Turning movement,0
14-6106,EAGLESON RD btwn AKINS RD & RUSHMORE RD,356730.83619,5010565.25088,-75.83861712340,45.23313424550,2014-06-14,8:48:00 PM,01 - Clear,05 - Dusk,01 - Dry,10 - No control,,03 - P.D. only,07 - SMV other,0
14-6107,LESTER RD btwn ALBION RD & UPLANDS DR,372517.34627,5022203.64043,-75.63599459860,45.33651245990,2014-06-14,8:56:00 PM,01 - Clear,05 - Dusk,01 - Dry,10 - No control,,03 - P.D. only,07 - SMV other,0
14-6108,KING GEORGE ST btwn FRANCES ST & LAWSON AVE,371539.78387,5032161.31151,-75.64711980790,45.42620152240,2014-06-14,10:59:00 PM,01 - Clear,07 - Dark,01 - Dry,10 - No control,,02 - Non-fatal injury,07 - SMV other,3
14-6109,PAUL METIVIER DR btwn LEAMINGTON WAY & LONGFIELDS DR,365122.87000,5014258.10400,-75.73129839190,45.26569372010,2014-06-14,11:03:00 PM,01 - Clear,07 - Dark,01 - Dry,10 - No control,,03 - P.D. only,06 - SMV unattended vehicle,0
14-6110,RIDEAU RD btwn RIVER RD & SPRATT RD,368273.72826,5012492.59957,-75.69137605980,45.24953057050,2014-06-14,11:55:00 PM,01 - Clear,07 - Dark,01 - Dry,10 - No control,,03 - P.D. only,01 - Approaching,0
14-6111,WYMAN CRES btwn WYMAN PL & ARDEN CRT,370735.37281,5023216.01453,-75.65859337430,45.34579123130,2014-06-15,2:15:00 AM,01 - Clear,07 - Dark,02 - Wet,10 - No control,,03 - P.D. only,06 - SMV unattended vehicle,0
14-6112,ABERDEEN ST @ PRESTON ST,366650.74458,5029342.03766,-75.70994534470,45.40128390620,2014-06-15,2:53:00 AM,01 - Clear,07 - Dark,01 - Dry,02 - Stop sign,00 - Unknown,03 - P.D. only,05 - Turning movement,0
14-6113,FLEWELLYN RD @ SHEA RD,352993.12627,5012175.35307,-75.88606113510,45.24788820550,2014-06-15,8:58:00 AM,01 - Clear,01 - Daylight,01 - Dry,02 - Stop sign,01 - Functioning,02 - Non-fatal injury,02 - Angle,0
14-6114,BOOTH ST @ OTTAWA RIVER PKWY/WELLINGTON ST,366263.84014,5031007.32495,-75.71467940490,45.41630179230,2014-06-15,9:15:00 AM,01 - Clear,01 - Daylight,01 - Dry,01 - Traffic signal,01 - Functioning,03 - P.D. only,05 - Turning movement,0
14-6115,BRIDLEWOOD DR/BUDAPEST CRES S @ STEEPLE CHASE DR,355164.86680,5017226.28198,-75.85788444680,45.29318557750,2014-06-15,9:30:00 AM,01 - Clear,01 - Daylight,01 - Dry,02 - Stop sign,01 - Functioning,02 - Non-fatal injury,07 - SMV other,0
14-6116,OSGOODE MAIN ST btwn OLD GEORGE ST & ROBERT DOWD ST,374800.81022,5000880.99924,-75.60986442320,45.14443247520,2014-06-15,10:25:00 AM,01 - Clear,01 - Daylight,01 - Dry,10 - No control,,03 - P.D. only,06 - SMV unattended vehicle,0
14-6117,GILMOUR ST btwn O'CONNOR ST & METCALFE ST,367965.03841,5030883.73588,-75.69296125490,45.41503827370,2014-06-15,12:00:00 AM,01 - Clear,00 - Unknown,01 - Dry,10 - No control,,03 - P.D. only,06 - SMV unattended vehicle,0
14-6118,BASELINE RD @ CORDOVA ST,363594.16213,5024411.42213,-75.74957247120,45.35718232990,2014-06-15,12:39:00 PM,01 - Clear,01 - Daylight,01 - Dry,01 - Traffic signal,01 - Functioning,02 - Non-fatal injury,02 - Angle,0
14-6119,KIRKPATRICK CRT btwn MCGIBBON DR & END,351468.02578,5018875.54310,-75.90485859080,45.30828130790,2014-06-13,12:00:00 AM,01 - Clear,00 - Unknown,00 - Unknown,10 - No control,,03 - P.D. only,06 - SMV unattended vehicle,0
14-6120,BLAIR RD @ REGIONAL RD 174 N/OR174 IC112 RAMP61,374637.04663,5032992.62434,-75.60742613890,45.43337884160,2014-06-15,1:42:00 PM,01 - Clear,01 - Daylight,01 - Dry,01 - Traffic signal,01 - Functioning,03 - P.D. only,03 - Rear end,0
14-6121,KIRKWOOD AVE btwn RICHMOND RD & LYMAN ST,363781.80082,5028626.58543,-75.74667427880,45.39509398820,2014-06-15,1:59:00 PM,01 - Clear,01 - Daylight,01 - Dry,10 - No control,,02 - Non-fatal injury,05 - Turning movement,0
14-6122,BROADVIEW AVE @ BYRON AVE,362693.51333,5027836.13070,-75.76066564230,45.38807241470,2014-06-15,2:03:00 PM,01 - Clear,01 - Daylight,01 - Dry,02 - Stop sign,01 - Functioning,03 - P.D. only,02 - Angle,0
14-6123,HAWTHORNE AVE/ISABELLA ST @ QUEEN ELIZABETH DR,368665.52099,5030477.49883,-75.68406496820,45.41131950850,2014-06-15,1:30:00 PM,01 - Clear,01 - Daylight,01 - Dry,01 - Traffic signal,01 - Functioning,02 - Non-fatal injury,05 - Turning movement,0
14-6124,BLAIR RD @ INNES RD,375580.15670,5031440.50297,-75.59559697880,45.41931892000,2014-06-15,3:00:00 PM,01 - Clear,01 - Daylight,01 - Dry,01 - Traffic signal,01 - Functioning,02 - Non-fatal injury,03 - Rear end,0
14-6125,HUNT CLUB RD @ UPLANDS DR,370156.25327,5023120.54423,-75.66599538930,45.34498641510,2014-06-15,3:09:00 PM,01 - Clear,01 - Daylight,01 - Dry,01 - Traffic signal,01 - Functioning,03 - P.D. only,03 - Rear end,0
14-6126,BRISTOL AVE @ SUNNYSIDE AVE,369242.58467,5028894.30358,-75.67690016480,45.39702156230,2014-06-15,3:29:00 PM,01 - Clear,01 - Daylight,01 - Dry,02 - Stop sign,01 - Functioning,02 - Non-fatal injury,02 - Angle,0
14-6127,HAWTHORNE RD/RUSSELL RD @ WALKLEY RD,374677.11357,5028499.54130,-75.60755111360,45.39294842220,2014-06-15,3:00:00 PM,01 - Clear,01 - Daylight,01 - Dry,01 - Traffic signal,01 - Functioning,03 - P.D. only,03 - Rear end,0
14-6128,REDPATH DR btwn KNOWLTON DR & DYLAN WAY,366719.72616,5016795.50632,-75.71063486900,45.28838633340,2014-06-15,4:49:00 PM,01 - Clear,01 - Daylight,01 - Dry,10 - No control,,03 - P.D. only,06 - SMV unattended vehicle,0
14-6129,HUNT CLUB RD @ RIVERSIDE DR,368036.22907,5021944.55063,-75.69319636590,45.33459939400,2014-06-15,4:53:00 PM,01 - Clear,01 - Daylight,01 - Dry,01 - Traffic signal,01 - Functioning,02 - Non-fatal injury,03 - Rear end,0
14-6130,SANDHAMN PRIV btwn SANDHAMN PRIV & SANDHAMN PRIV,371772.87958,5024830.30075,-75.64513647520,45.36021774350,2014-06-15,5:17:00 PM,01 - Clear,01 - Daylight,01 - Dry,10 - No control,,03 - P.D. only,06 - SMV unattended vehicle,0
14-6131,ALBERT ST @ METCALFE ST,367691.91238,5031613.88222,-75.69635735550,45.42163249640,2014-06-15,5:58:00 PM,01 - Clear,01 - Daylight,01 - Dry,01 - Traffic signal,00 - Unknown,03 - P.D. only,04 - Sideswipe,0
14-6132,SMYTH RD E/LANCASTER RD @ ST. LAURENT BLVD N/R,373364.61061,5029425.12866,-75.62418335660,45.40140617380,2014-06-15,5:45:00 PM,01 - Clear,01 - Daylight,01 - Dry,01 - Traffic signal,01 - Functioning,03 - P.D. only,03 - Rear end,0
14-6133,BOURCIER DR btwn TOMPKINS AVE & TOMPKINS AVE,382774.30049,5037723.23005,-75.50269048070,45.47508081390,2014-06-15,7:19:00 PM,01 - Clear,01 - Daylight,01 - Dry,10 - No control,,03 - P.D. only,02 - Angle,0
14-6134,INNES RD btwn STAR TOP RD & HWY417 IC112 RAMP55,374179.05110,5030686.44002,-75.61360377810,45.41267458810,2014-06-16,5:57:00 AM,01 - Clear,01 - Daylight,01 - Dry,10 - No control,,03 - P.D. only,07 - SMV other,0
14-6135,BLASDELL AVE btwn CAMELIA AVE & WINGHAM PL,371068.87089,5035215.29568,-75.65272583230,45.45372465620,2014-06-16,7:53:00 AM,01 - Clear,01 - Daylight,01 - Dry,10 - No control,,03 - P.D. only,07 - SMV other,0
14-6136,CARLING AVE @ BAYSHORE DR/BIRCHDALE AVE,359004.04162,5023990.84907,-75.80820075590,45.35376789270,2014-06-16,8:05:00 AM,01 - Clear,01 - Daylight,01 - Dry,01 - Traffic signal,01 - Functioning,03 - P.D. only,03 - Rear end,0
14-6137,WOODROFFE AVE btwn MEADOWLANDS DR/TALLWOOD DR & NORICE ST,363180.93992,5022435.40689,-75.75507950560,45.33943684590,2014-06-16,8:15:00 AM,01 - Clear,01 - Daylight,01 - Dry,10 - No control,,03 - P.D. only,03 - Rear end,0
14-6138,MCCORDICK RD btwn ROGER STEVENS DR & CHURCH ST,365336.43311,4997585.41106,-75.73060123450,45.11565265230,2014-06-16,8:22:00 AM,01 - Clear,01 - Daylight,01 - Dry,10 - No control,,03 - P.D. only,05 - Turning movement,0
14-6139,SMYTH RD @ RIVERSIDE HOSPITAL,369988.35393,5029121.08787,-75.66734578240,45.39899305130,2014-06-16,8:30:00 AM,01 - Clear,01 - Daylight,01 - Dry,01 - Traffic signal,01 - Functioning,03 - P.D. only,04 - Sideswipe,0
14-6140,ELEANOR DR btwn LEAVER AVE & BURRIS LANE,364948.65071,5024992.21778,-75.73221512880,45.36229335310,2014-06-16,8:49:00 AM,01 - Clear,01 - Daylight,01 - Dry,10 - No control,,03 - P.D. only,05 - Turning movement,0
14-6141,BANK ST @ ST. BERNARD ST,373005.21373,5023707.55083,-75.62956326750,45.34999685490,2014-06-16,9:02:00 AM,01 - Clear,01 - Daylight,01 - Dry,01 - Traffic signal,01 - Functioning,02 - Non-fatal injury,07 - SMV other,1
14-6142,HAVELOCK ST btwn GREENFIELD AVE & CONCORD ST N,368997.86059,5030875.69058,-75.67976762550,45.41487189100,2014-06-14,6:15:00 PM,01 - Clear,01 - Daylight,01 - Dry,10 - No control,,03 - P.D. only,06 - SMV unattended vehicle,0