Record,Location,X,Y,Longitude,Latitude,Date,Time,Environment,Light,Road_Surface,Traffic_Control,Collision_Location,Collision_Classification,Impact_type,Pedestrian
14-6460,KING EDWARD AVE @ LAURIER AVE,368739.20023,5032035.85003,-75.68292153640,45.42533427640,2014-06-24,9:45:00 PM,01 - Clear,07 - Dark,01 - Dry,01 - Traffic signal,01 - Functioning,03 - P.D. only,04 - Sideswipe,0
14-6461,BANK ST @ RIVERSIDE DR S,369306.13890,5027895.50077,-75.67621907530,45.38802880870,2014-06-24,11:16:00 PM,02 - Rain,07 - Dark,02 - Wet,01 - Traffic signal,01 - Functioning,02 - Non-fatal injury,02 - Angle,0
14-6462,BANK ST btwn SPRINGHILL RD & DALMENY RD,385185.48289,5006121.88448,-75.47698807130,45.19048201680,2014-06-25,8:04:00 AM,01 - Clear,01 - Daylight,01 - Dry,10 - No control,,03 - P.D. only,05 - Turning movement,0
14-6463,CUMBERLAND ST @ YORK ST,368261.64399,5032522.69483,-75.68896087280,45.42975822350,2014-06-25,8:05:00 AM,01 - Clear,01 - Daylight,01 - Dry,01 - Traffic signal,01 - Functioning,03 - P.D. only,05 - Turning movement,0
14-6464,KING EDWARD AVE SB btwn YORK ST & GEORGE ST,368396.29552,5032587.70117,-75.68723180680,45.43033089650,2014-06-25,8:08:00 AM,01 - Clear,01 - Daylight,01 - Dry,10 - No control,,03 - P.D. only,03 - Rear end,0
14-6465,OLD SECOND LINE RD @ TERRY FOX DR,348795.20000,5022408.41290,-75.93862864270,45.34024357990,2014-06-25,8:22:00 AM,01 - Clear,01 - Daylight,01 - Dry,01 - Traffic signal,01 - Functioning,03 - P.D. only,03 - Rear end,0
14-6466,HAZELDEAN RD @ TERRY FOX DR,352209.03280,5017240.55527,-75.89556565190,45.29351965240,2014-06-25,8:30:00 AM,01 - Clear,01 - Daylight,01 - Dry,01 - Traffic signal,01 - Functioning,03 - P.D. only,03 - Rear end,0
14-6467,PIE XII ST btwn JEAN TALON ST & RICHELIEU AVE,371161.89876,5033152.32835,-75.65181478310,45.43515420740,2014-06-25,8:56:00 AM,01 - Clear,01 - Daylight,02 - Wet,10 - No control,,03 - P.D. only,06 - SMV unattended vehicle,0
14-6468,NICHOLAS ST SB btwn RAMP & LAURIER AVE E,368330.54460,5031875.95759,-75.68816383580,45.42393285570,2014-06-25,9:13:00 AM,01 - Clear,01 - Daylight,01 - Dry,10 - No control,,03 - P.D. only,03 - Rear end,0
14-6469,DUNDONALD DR @ GREENBANK RD,365090.64410,5012122.31100,-75.73196813040,45.24647859430,2014-06-24,1:00:00 PM,02 - Rain,01 - Daylight,02 - Wet,02 - Stop sign,01 - Functioning,03 - P.D. only,05 - Turning movement,0
14-6470,PRINCE OF WALES DR @ WEST HUNT CLUB RD,367459.18423,5021890.55543,-75.70056474420,45.33416532050,2014-06-24,6:45:00 AM,01 - Clear,01 - Daylight,01 - Dry,01 - Traffic signal,00 - Unknown,03 - P.D. only,04 - Sideswipe,0
14-6471,HAZELDEAN RD @ TERRY FOX DR,352209.98067,5017242.45100,-75.89555338620,45.29353664640,2014-06-25,9:00:00 AM,01 - Clear,01 - Daylight,01 - Dry,01 - Traffic signal,01 - Functioning,03 - P.D. only,03 - Rear end,0
14-6473,GREENBANK RD @ WEST HUNT CLUB RD,361478.25520,5020503.42707,-75.77702461770,45.32219254250,2014-06-24,3:00:00 PM,02 - Rain,01 - Daylight,02 - Wet,01 - Traffic signal,01 - Functioning,03 - P.D. only,03 - Rear end,0
14-6474,KENT ST btwn GILMOUR ST & JAMES ST,367649.76089,5030611.84404,-75.69702372400,45.41262026450,2014-06-25,1:37:00 PM,01 - Clear,01 - Daylight,01 - Dry,10 - No control,,03 - P.D. only,04 - Sideswipe,0
14-6475,QUILLIVAN LANE @ ROYAL ORCHARD DR,392449.30617,5041867.30841,-75.37822741240,45.51121659060,2014-06-24,9:40:00 PM,02 - Rain,07 - Dark,02 - Wet,03 - Yield sign,01 - Functioning,03 - P.D. only,07 - SMV other,0
14-6476,BESSERER ST @ CUMBERLAND ST,368416.70300,5032257.04906,-75.68701373620,45.42735395180,2014-06-25,10:52:00 AM,01 - Clear,01 - Daylight,01 - Dry,01 - Traffic signal,01 - Functioning,03 - P.D. only,04 - Sideswipe,0
14-6477,MONTREAL RD @ BETHAMY LANE/FOXBOROUGH PRIV,375321.25167,5034345.57570,-75.59848868070,45.44548324360,2014-06-25,11:33:00 AM,01 - Clear,01 - Daylight,01 - Dry,01 - Traffic signal,01 - Functioning,03 - P.D. only,03 - Rear end,0
14-6478,BARTON ST btwn AYLMER AVE & WOODBINE PL,368549.60100,5028568.82684,-75.68579252890,45.39415646040,2014-06-25,12:00:00 AM,01 - Clear,00 - Unknown,01 - Dry,10 - No control,,03 - P.D. only,06 - SMV unattended vehicle,0
14-6479,INNES RD btwn BLAIR RD & ANDERSON RD,375662.62116,5031497.37501,-75.59453523040,45.41982227470,2014-06-25,1:25:00 PM,01 - Clear,01 - Daylight,01 - Dry,10 - No control,,02 - Non-fatal injury,03 - Rear end,0
14-6480,ISLAND PARK DR @ HELENA ST,364414.17703,5028240.50407,-75.73864482320,45.39156655030,2014-06-25,1:58:00 PM,02 - Rain,01 - Daylight,02 - Wet,02 - Stop sign,01 - Functioning,03 - P.D. only,02 - Angle,0
14-6481,PARKDALE AVE @ WELLINGTON ST,365150.52998,5029269.13390,-75.72911559190,45.40075886930,2014-06-25,1:30:00 PM,01 - Clear,01 - Daylight,01 - Dry,01 - Traffic signal,01 - Functioning,03 - P.D. only,04 - Sideswipe,0
14-6482,BANK ST btwn RIVERSIDE DR & BILLINGS TRANSIT,369422.81662,5027767.76778,-75.67474591350,45.38686875260,2014-06-25,2:58:00 PM,01 - Clear,01 - Daylight,01 - Dry,10 - No control,,03 - P.D. only,02 - Angle,0
14-6483,GRASSY PLAINS DR @ EAGLEVIEW ST/MEADOWBREEZE D,355500.91161,5015496.70289,-75.85377712350,45.27759831080,2014-06-25,3:00:00 PM,01 - Clear,01 - Daylight,01 - Dry,02 - Stop sign,01 - Functioning,03 - P.D. only,02 - Angle,0
14-6484,CARLING AVE @ BAYSHORE DR/BIRCHDALE AVE,359006.29280,5023991.55997,-75.80817194830,45.35377411530,2014-06-25,3:13:00 PM,01 - Clear,01 - Daylight,01 - Dry,01 - Traffic signal,01 - Functioning,02 - Non-fatal injury,03 - Rear end,0
14-6485,AIRPORT PKWY btwn RAMP & AIRPORT PKWY (2),370828.92090,5024050.01975,-75.65728837270,45.35328655940,2014-06-25,4:14:00 PM,01 - Clear,01 - Daylight,01 - Dry,10 - No control,,03 - P.D. only,03 - Rear end,0
14-6486,BEATRICE DR @ STRANDHERD DR,365525.95520,5015320.53403,-75.72603237390,45.27521875480,2014-06-25,4:05:00 PM,01 - Clear,01 - Daylight,01 - Dry,01 - Traffic signal,01 - Functioning,03 - P.D. only,05 - Turning movement,0
14-6487,PORTOBELLO BLVD @ AQUAVIEW DR/NANTES ST,385732.69458,5036025.27284,-75.46513763060,45.45946765550,2014-06-25,4:58:00 PM,01 - Clear,01 - Daylight,01 - Dry,02 - Stop sign,01 - Functioning,02 - Non-fatal injury,02 - Angle,0
14-6488,RICHMOND RD btwn NEW ORCHARD AVE & WOODROFFE AVE,361556.80300,5026615.23296,-75.77532129260,45.37717993650,2014-06-25,5:11:00 PM,01 - Clear,01 - Daylight,01 - Dry,10 - No control,,02 - Non-fatal injury,03 - Rear end,0
14-6489,DALMENY RD @ RIVER RD,374387.23677,4996966.38137,-75.61566727930,45.10924980070,2014-06-25,5:20:00 PM,01 - Clear,01 - Daylight,01 - Dry,02 - Stop sign,01 - Functioning,03 - P.D. only,07 - SMV other,0
14-6490,HAZELDEAN RD btwn GO/KA BOUNDARY & HUNTMAR DR/IBER RD,350964.87278,5016101.23315,-75.91153305100,45.28335053690,2014-06-25,2:00:00 PM,01 - Clear,01 - Daylight,01 - Dry,10 - No control,,03 - P.D. only,04 - Sideswipe,0
14-6491,DYLAN WAY @ LEIKIN DR,366779.62984,5016801.73671,-75.70987050030,45.28843711380,2014-06-25,5:32:00 PM,01 - Clear,01 - Daylight,01 - Dry,02 - Stop sign,00 - Unknown,03 - P.D. only,05 - Turning movement,0
14-6492,MEADOWLANDS DR btwn BAYNE AVE & MERIVALE RD,364806.09326,5023698.97012,-75.73419166250,45.35066911250,2014-06-25,6:36:00 PM,01 - Clear,01 - Daylight,01 - Dry,10 - No control,,03 - P.D. only,05 - Turning movement,0
14-6493,MAIN ST btwn LEES AVE & EVELYN AVE,369009.30775,5030542.04298,-75.67966485030,45.41186879690,2014-06-25,4:00:00 PM,01 - Clear,01 - Daylight,01 - Dry,10 - No control,,03 - P.D. only,02 - Angle,0
14-6494,BANK ST btwn ALTA VISTA DR & WALKLEY RD,370325.05579,5025978.06665,-75.66346275780,45.37068179640,2014-06-25,8:34:00 PM,01 - Clear,05 - Dusk,01 - Dry,10 - No control,,03 - P.D. only,02 - Angle,0
14-6495,NORICE ST @ WOODROFFE AVE,363194.68400,5022397.96726,-75.75490856910,45.33909882320,2014-06-25,8:00:00 PM,01 - Clear,01 - Daylight,02 - Wet,01 - Traffic signal,01 - Functioning,03 - P.D. only,03 - Rear end,0
14-6496,DEERFOX DR btwn AMBERGLEN CRT & APPLEDALE DR,365146.81776,5015516.64644,-75.73084029730,45.27701601130,2014-06-24,6:30:00 PM,02 - Rain,01 - Daylight,02 - Wet,10 - No control,,03 - P.D. only,06 - SMV unattended vehicle,0
14-6497,MERIVALE RD btwn AMBERWOOD CRES & FALLOWFIELD RD,366848.58464,5018947.78674,-75.70872299100,45.30774096270,2014-06-25,5:30:00 PM,01 - Clear,01 - Daylight,01 - Dry,10 - No control,,03 - P.D. only,03 - Rear end,0
14-6498,BASELINE RD @ CEDARVIEW RD,358968.17187,5021675.75753,-75.80891202910,45.33293940770,2014-06-25,11:38:00 PM,01 - Clear,07 - Dark,01 - Dry,01 - Traffic signal,01 - Functioning,02 - Non-fatal injury,05 - Turning movement,0
14-6499,LYON ST @ WELLINGTON ST,366933.84920,5031424.27027,-75.70606697670,45.41999416520,2014-06-26,6:45:00 AM,01 - Clear,01 - Daylight,01 - Dry,01 - Traffic signal,01 - Functioning,03 - P.D. only,04 - Sideswipe,0
14-6500,JOHN QUINN RD btwn PARKWAY RD & IVESON DR,381575.66608,5015393.03639,-75.52149037350,45.27430186110,2014-06-26,7:25:00 AM,01 - Clear,01 - Daylight,01 - Dry,10 - No control,,02 - Non-fatal injury,03 - Rear end,0
14-6501,BRUYERE ST @ DALHOUSIE ST,367827.35165,5032850.88060,-75.69446856260,45.43275039800,2014-06-26,8:45:00 AM,01 - Clear,01 - Daylight,01 - Dry,01 - Traffic signal,01 - Functioning,03 - P.D. only,05 - Turning movement,0
14-6502,CLEMENTINE BLVD @ HERON RD,369547.72080,5026786.78939,-75.67327967450,45.37803068520,2014-06-26,9:09:00 AM,01 - Clear,01 - Daylight,01 - Dry,01 - Traffic signal,01 - Functioning,03 - P.D. only,05 - Turning movement,0
14-6503,WELLINGTON ST btwn METCALFE ST & ELGIN ST,367652.89819,5031870.05308,-75.69682315150,45.42394094430,2014-06-26,9:17:00 AM,01 - Clear,01 - Daylight,01 - Dry,10 - No control,,03 - P.D. only,04 - Sideswipe,0
14-6504,BRONSON AVE @ HWY 417 BRONSON IC121AR51,367287.29060,5029711.50607,-75.70176835440,45.40455174980,2014-06-25,12:30:00 PM,01 - Clear,01 - Daylight,01 - Dry,01 - Traffic signal,01 - Functioning,03 - P.D. only,03 - Rear end,0
14-6505,FLORA ST btwn BRONSON AVE & PERCY ST,367237.04046,5029969.86917,-75.70237748540,45.40688091020,2014-06-25,9:15:00 PM,01 - Clear,05 - Dusk,01 - Dry,10 - No control,,03 - P.D. only,06 - SMV unattended vehicle,0
14-6506,KING EDWARD AVE @ MURRAY ST,368292.17373,5032753.58200,-75.68854097240,45.43183289260,2014-06-26,3:15:00 PM,01 - Clear,01 - Daylight,01 - Dry,01 - Traffic signal,01 - Functioning,03 - P.D. only,99 - Other,0
14-6507,SECOND AVE btwn BANK ST & O'CONNOR ST,368314.32390,5029633.88349,-75.68866002930,45.40376089170,2014-06-26,11:18:00 AM,01 - Clear,01 - Daylight,01 - Dry,10 - No control,,02 - Non-fatal injury,07 - SMV other,1
14-6508,CYRVILLE RD @ ST. LAURENT BLVD,372242.19473,5032111.58000,-75.63815139460,45.42568668900,2014-06-26,12:10:00 PM,01 - Clear,01 - Daylight,01 - Dry,01 - Traffic signal,01 - Functioning,03 - P.D. only,02 - Angle,0
14-6509,GLADSTONE AVE @ O'CONNOR ST,368077.08087,5030660.46543,-75.69155853390,45.41301923560,2014-06-26,12:11:00 PM,01 - Clear,01 - Daylight,01 - Dry,01 - Traffic signal,01 - Functioning,03 - P.D. only,03 - Rear end,0
14-6510,SCOTT ST btwn ATHLONE AVE & TRANSIT,363366.79914,5028757.83891,-75.75195871380,45.39630981900,2014-06-26,11:30:00 AM,01 - Clear,01 - Daylight,01 - Dry,10 - No control,,03 - P.D. only,02 - Angle,0
14-6511,LENESTER AVE @ MAITLAND AVE,363077.14762,5026146.28713,-75.75596628400,45.37283561590,2014-06-26,12:57:00 PM,01 - Clear,01 - Daylight,01 - Dry,02 - Stop sign,01 - Functioning,02 - Non-fatal injury,02 - Angle,0
14-6512,BRONSON AVE @ IMPERIAL AVE/PLYMOUTH ST,367317.28150,5029641.65597,-75.70139413480,45.40392058090,2014-06-26,12:58:00 PM,01 - Clear,01 - Daylight,01 - Dry,10 - No control,,03 - P.D. only,03 - Rear end,0
14-6513,MONTREAL RD btwn ELMSMERE RD & BETHAMY LANE,375025.83237,5034304.14616,-75.60227063090,45.44514022690,2014-06-26,8:20:00 AM,01 - Clear,01 - Daylight,01 - Dry,10 - No control,,03 - P.D. only,03 - Rear end,0
14-6514,AMBLESIDE DR btwn MCEWEN AVE & NEW ORCHARD AVE,361097.33956,5026094.19189,-75.78124671420,45.37252871670,2014-06-26,1:33:00 PM,01 - Clear,01 - Daylight,01 - Dry,10 - No control,,02 - Non-fatal injury,02 - Angle,0
14-6515,PRINCE OF WALES DR @ WEST HUNT CLUB RD,367459.18423,5021889.60757,-75.70056486420,45.33415679240,2014-06-26,12:00:00 PM,01 - Clear,01 - Daylight,01 - Dry,01 - Traffic signal,01 - Functioning,03 - P.D. only,03 - Rear end,0
14-6516,VANIER PKWY NB btwn VANIER PKWY & DONALD ST,370273.20737,5032444.14040,-75.66326627380,45.42886600370,2014-06-26,1:59:00 PM,01 - Clear,01 - Daylight,01 - Dry,10 - No control,,03 - P.D. only,03 - Rear end,0
14-6517,CANOTEK RD @ SHEFFORD RD,376032.09797,5035091.70217,-75.58929466300,45.45212434870,2014-06-26,1:30:00 PM,01 - Clear,01 - Daylight,01 - Dry,01 - Traffic signal,01 - Functioning,03 - P.D. only,05 - Turning movement,0
14-6518,BASELINE RD/HERON RD @ PRINCE OF WALES DR,366874.89415,5026438.88859,-75.70744758760,45.37514225930,2014-06-26,2:10:00 PM,01 - Clear,01 - Daylight,01 - Dry,01 - Traffic signal,00 - Unknown,03 - P.D. only,04 - Sideswipe,0
14-6519,QUEEN MARY ST @ VERA ST,370523.67716,5031973.09477,-75.66012852560,45.42460424010,2014-06-26,3:38:00 PM,01 - Clear,01 - Daylight,01 - Dry,02 - Stop sign,01 - Functioning,02 - Non-fatal injury,02 - Angle,0
14-6520,COURTWOOD CRES btwn WOODWARD DR & WOODWARD DR,363468.15223,5025863.82524,-75.75100824180,45.37026143500,2014-06-26,12:00:00 AM,01 - Clear,00 - Unknown,01 - Dry,10 - No control,,03 - P.D. only,06 - SMV unattended vehicle,0
14-6521,RIVERSIDE DR @ TREMBLAY RD/HWY417 IC117 RAMP52,370801.60417,5031014.96003,-75.65670568380,45.41595717270,2014-06-26,3:46:00 PM,01 - Clear,01 - Daylight,01 - Dry,01 - Traffic signal,01 - Functioning,03 - P.D. only,03 - Rear end,0
14-6522,KING EDWARD AVE SB btwn GUIGUES AVE & ST. PATRICK ST,368204.70450,5032893.97843,-75.68964067700,45.43310406480,2014-06-26,3:52:00 PM,01 - Clear,01 - Daylight,01 - Dry,10 - No control,,03 - P.D. only,04 - Sideswipe,0
14-6523,MONTREAL RD btwn GATESTONE PRIV & SINCLAIR ST,375916.45816,5034723.92965,-75.59082610440,45.44882713760,2014-06-26,1:00:00 PM,01 - Clear,01 - Daylight,01 - Dry,10 - No control,,03 - P.D. only,04 - Sideswipe,0
14-6524,TENNANT WAY btwn MATTINGLY WAY & SOUTHBRIDGE ST,367768.83100,5014414.37100,-75.69756403140,45.26686789880,2014-06-26,1:00:00 PM,01 - Clear,01 - Daylight,01 - Dry,10 - No control,,03 - P.D. only,06 - SMV unattended vehicle,0
14-6525,ST. LAURENT BLVD @ WALKLEY RD,373903.25707,5028046.60161,-75.61749681360,45.38894987110,2014-06-26,4:18:00 PM,01 - Clear,01 - Daylight,01 - Dry,01 - Traffic signal,01 - Functioning,03 - P.D. only,03 - Rear end,0
14-6526,GRANDVIEW RD btwn JAY ST & NESBITT ST,355685.65413,5024385.44665,-75.85050946940,45.35756717350,2014-06-26,4:21:00 PM,01 - Clear,01 - Daylight,01 - Dry,10 - No control,,03 - P.D. only,07 - SMV other,0
14-6527,FISHER AVE btwn TRENT ST & 220 S OF TRENT ST,365818.87817,5026847.74297,-75.72087867700,45.37891380340,2014-06-26,4:39:00 PM,01 - Clear,01 - Daylight,01 - Dry,10 - No control,,03 - P.D. only,03 - Rear end,0
14-6528,RICHMOND RD btwn WOODROFFE AVE & LOCKHART AVE,361605.06555,5026682.95922,-75.77469732760,45.37778541930,2014-06-26,4:56:00 PM,01 - Clear,01 - Daylight,01 - Dry,10 - No control,,03 - P.D. only,05 - Turning movement,0
14-6529,DUNROBIN RD @ KINBURN SIDE RD,338032.44916,5035932.00390,-76.07504382910,45.46252589420,2014-06-26,4:58:00 PM,01 - Clear,01 - Daylight,01 - Dry,02 - Stop sign,01 - Functioning,02 - Non-fatal injury,02 - Angle,0
14-6530,CARP RD @ HAZELDEAN RD,348803.45690,5014363.11230,-75.93923748150,45.26784893000,2014-06-26,5:12:00 PM,01 - Clear,01 - Daylight,01 - Dry,01 - Traffic signal,01 - Functioning,03 - P.D. only,03 - Rear end,0
14-6531,PALLADIUM DR @ SILVER SEVEN RD,351050.41749,5017888.71657,-75.91027599600,45.29942920370,2014-06-26,4:41:00 PM,01 - Clear,01 - Daylight,01 - Dry,01 - Traffic signal,01 - Functioning,03 - P.D. only,03 - Rear end,0
14-6532,MARCH RD @ MORGAN'S GRANT WAY/SHIRLEY'S BROOK,349660.18740,5023616.56213,-75.92748252170,45.35106000560,2014-06-26,6:32:00 PM,01 - Clear,01 - Daylight,01 - Dry,01 - Traffic signal,01 - Functioning,03 - P.D. only,05 - Turning movement,0
14-6533,JOCKVALE RD @ LONGFIELDS DR,364829.29290,5014001.02790,-75.73507021200,45.26340566480,2014-06-26,5:15:00 PM,01 - Clear,01 - Daylight,01 - Dry,,01 - Functioning,03 - P.D. only,02 - Angle,0
14-6534,WHETSTONE CRES btwn FRATTON WAY & OLDFIELD ST (1),366512.20887,5015880.72219,-75.71339385780,45.28017342500,2014-06-25,12:00:00 AM,01 - Clear,00 - Unknown,01 - Dry,10 - No control,,03 - P.D. only,06 - SMV unattended vehicle,0
14-6535,COLONEL BY DR @ ECHO DR N,368781.13340,5030493.50157,-75.68258599770,45.41145293610,2014-06-26,7:41:00 PM,01 - Clear,01 - Daylight,01 - Dry,03 - Yield sign,01 - Functioning,02 - Non-fatal injury,02 - Angle,0
14-6536,WALKLEY RD btwn HEATHERINGTON RD & 152 E OF HEATHERINGTON RD,371795.27930,5026810.64044,-75.64458202980,45.37803398200,2014-06-26,9:46:00 PM,01 - Clear,07 - Dark,01 - Dry,10 - No control,,03 - P.D. only,03 - Rear end,0
14-6537,ST. JEAN ST @ ST. JOSEPH BLVD,380970.97187,5037202.82597,-75.52583275590,45.47059768530,2014-06-27,8:45:00 AM,01 - Clear,01 - Daylight,01 - Dry,01 - Traffic signal,01 - Functioning,03 - P.D. only,05 - Turning movement,0
14-6538,ST. JOSEPH BLVD @ JEANNE D'ARC BLVD,379860.26857,5036469.68517,-75.54014772970,45.46412171000,2014-06-27,8:10:00 AM,01 - Clear,01 - Daylight,01 - Dry,11 - Roundabout,01 - Functioning,03 - P.D. only,02 - Angle,0
14-6539,BRONSON AVE @ POWELL AVE,367386.64433,5029478.44857,-75.70052888360,45.40244588980,2014-06-27,9:00:00 AM,01 - Clear,01 - Daylight,01 - Dry,01 - Traffic signal,01 - Functioning,03 - P.D. only,02 - Angle,0
14-6540,DONALD ST @ ST. LAURENT BLVD,372092.29110,5032470.68917,-75.64001774060,45.42893222370,2014-06-27,9:38:00 AM,01 - Clear,01 - Daylight,01 - Dry,01 - Traffic signal,01 - Functioning,03 - P.D. only,04 - Sideswipe,0
14-6541,TERRY FOX DR @ WESTPHALIAN AVE,353455.22610,5015759.78900,-75.87982363390,45.28011017200,2014-06-27,10:27:00 AM,01 - Clear,01 - Daylight,01 - Dry,01 - Traffic signal,01 - Functioning,02 - Non-fatal injury,03 - Rear end,0
14-6542,BELL ST @ ORANGEVILLE ST,367092.23367,5029640.61363,-75.70426878410,45.40393126430,2014-06-26,9:30:00 PM,01 - Clear,07 - Dark,01 - Dry,10 - No control,,03 - P.D. only,07 - SMV other,0
14-6543,GLOUCESTER ST btwn BANK ST & O'CONNOR ST,367621.77639,5031258.77256,-75.69729875430,45.41844363660,2014-06-27,10:15:00 AM,01 - Clear,01 - Daylight,01 - Dry,10 - No control,,03 - P.D. only,06 - SMV unattended vehicle,0
14-6544,CAHILL DR @ HUNT CLUB RD,372407.73470,5024543.77673,-75.63707308930,45.35757876960,2014-06-27,11:02:00 AM,01 - Clear,01 - Daylight,01 - Dry,01 - Traffic signal,01 - Functioning,03 - P.D. only,03 - Rear end,0
14-6545,BERTONA ST @ KNOXDALE RD,362753.31564,5021447.68685,-75.76065104830,45.33058484920,2014-06-27,11:14:00 AM,01 - Clear,01 - Daylight,01 - Dry,02 - Stop sign,01 - Functioning,03 - P.D. only,05 - Turning movement,0
14-6546,SHEFFIELD RD @ WALKLEY RD,375257.62788,5028784.25124,-75.60009722110,45.39545193030,2014-06-27,10:30:00 AM,01 - Clear,01 - Daylight,01 - Dry,01 - Traffic signal,01 - Functioning,03 - P.D. only,03 - Rear end,0
14-6547,CARLING AVE @ KIRKWOOD AVE N,364276.34505,5027495.84294,-75.74049471360,45.38487794240,2014-06-27,11:00:00 AM,01 - Clear,01 - Daylight,01 - Dry,01 - Traffic signal,01 - Functioning,03 - P.D. only,04 - Sideswipe,0
14-6548,RIVERSIDE DR NB btwn SAN REMO PRIV & INDUSTRIAL AVE,370677.60960,5030572.64819,-75.65834889700,45.41198911350,2014-06-27,2:01:00 PM,01 - Clear,01 - Daylight,01 - Dry,10 - No control,,03 - P.D. only,04 - Sideswipe,0
14-6549,COLONEL BY DR/SUSSEX DR @ RIDEAU ST,367923.05691,5032045.01988,-75.69334880250,45.42549091010,2014-06-27,10:00:00 AM,01 - Clear,01 - Daylight,01 - Dry,01 - Traffic signal,01 - Functioning,03 - P.D. only,04 - Sideswipe,0
14-6550,RICHMOND RD @ WEST HUNT CLUB RD,357146.61116,5018151.01652,-75.83252271260,45.30136163900,2014-06-27,12:11:00 PM,01 - Clear,01 - Daylight,01 - Dry,01 - Traffic signal,01 - Functioning,02 - Non-fatal injury,05 - Turning movement,0
14-6551,DEVONWOOD CIRC btwn HATCHLEY RD & FINDLAY CREEK DR,375576.45194,5020335.32264,-75.59723533490,45.31940020080,2014-06-26,4:10:00 PM,01 - Clear,01 - Daylight,01 - Dry,10 - No control,,03 - P.D. only,06 - SMV unattended vehicle,0
14-6552,COVENTRY RD @ LOLA ST,371265.61784,5031614.09694,-75.65069687410,45.42130402890,2014-06-27,12:14:00 PM,01 - Clear,01 - Daylight,01 - Dry,01 - Traffic signal,01 - Functioning,03 - P.D. only,04 - Sideswipe,0
14-6553,GEORGE ST btwn WILLIAM ST & DALHOUSIE ST,368076.65495,5032260.61340,-75.69135846700,45.42741686800,2014-06-25,1:13:00 PM,01 - Clear,01 - Daylight,01 - Dry,10 - No control,,03 - P.D. only,06 - SMV unattended vehicle,0
14-6554,FINDLAY CREEK DR btwn DEVONWOOD CIRC & BANK ST,375819.51131,5020443.85136,-75.59411990140,45.32035215380,2014-06-27,12:44:00 PM,01 - Clear,01 - Daylight,01 - Dry,10 - No control,,03 - P.D. only,05 - Turning movement,0
14-6555,MITCH OWENS RD btwn RIVER RD & SPRATT RD,369589.28076,5010818.74093,-75.67483636290,45.23434946270,2014-06-27,12:57:00 PM,01 - Clear,01 - Daylight,01 - Dry,10 - No control,,03 - P.D. only,02 - Angle,0
14-6556,BERKELEY AVE @ RICHMOND RD,362911.16003,5028064.60153,-75.75785949600,45.39011013750,2014-06-27,1:17:00 PM,01 - Clear,01 - Daylight,01 - Dry,02 - Stop sign,01 - Functioning,03 - P.D. only,04 - Sideswipe,0
14-6557,LEMIEUX ST @ ST. LAURENT BLVD,372390.30290,5031741.61653,-75.63630968910,45.42234363510,2014-06-27,2:02:00 PM,01 - Clear,01 - Daylight,01 - Dry,01 - Traffic signal,01 - Functioning,03 - P.D. only,03 - Rear end,0
14-6558,BANK ST @ WALKLEY RD,370337.37807,5025946.78703,-75.66330960980,45.37039919950,2014-06-27,2:33:00 PM,01 - Clear,01 - Daylight,01 - Dry,01 - Traffic signal,01 - Functioning,03 - P.D. only,02 - Angle,0
14-6559,RICHMOND RD btwn STINSON AVE & STAFFORD RD,357951.33764,5020979.26034,-75.82195885820,45.32675003020,2014-06-27,2:35:00 PM,01 - Clear,01 - Daylight,01 - Dry,10 - No control,,03 - P.D. only,03 - Rear end,0
14-6560,HAWTHORNE RD @ HUNT CLUB RD,375509.65014,5026407.00426,-75.59721926830,45.37403725130,2014-06-27,2:40:00 PM,01 - Clear,01 - Daylight,01 - Dry,01 - Traffic signal,01 - Functioning,02 - Non-fatal injury,05 - Turning movement,0
14-6561,BRIDGE ST @ KITOMAN CRES,369415.29090,5010722.39500,-75.67706460100,45.23349853700,2014-06-27,3:05:00 PM,01 - Clear,01 - Daylight,01 - Dry,02 - Stop sign,00 - Unknown,03 - P.D. only,03 - Rear end,0
14-6562,ST. LAURENT BLVD btwn DUNBARTON CRT & MONTREAL RD,371446.65077,5034048.87432,-75.64805431610,45.44319382860,2014-06-27,2:15:00 PM,01 - Clear,01 - Daylight,01 - Dry,10 - No control,,03 - P.D. only,04 - Sideswipe,0
14-6563,CARLING AVE @ BAYSHORE DR/BIRCHDALE AVE,359004.39707,5023990.61210,-75.80819624500,45.35376573270,2014-06-27,3:51:00 PM,01 - Clear,01 - Daylight,01 - Dry,01 - Traffic signal,01 - Functioning,03 - P.D. only,05 - Turning movement,0
14-6564,HERRIDGE ST btwn GLENORA ST & MAIN ST,369203.07199,5030040.01999,-75.67725517040,45.40733396530,2014-06-27,3:00:00 PM,01 - Clear,01 - Daylight,01 - Dry,10 - No control,,03 - P.D. only,06 - SMV unattended vehicle,0
14-6565,HAMLET RD @ OTHELLO AVE,373262.25677,5029287.59963,-75.62550972020,45.40017876680,2014-06-27,4:09:00 PM,01 - Clear,01 - Daylight,01 - Dry,03 - Yield sign,01 - Functioning,03 - P.D. only,02 - Angle,0
14-6566,CONROY RD @ JOHNSTON RD,373396.30013,5026308.20631,-75.62421182690,45.37335837370,2014-06-25,3:00:00 PM,01 - Clear,01 - Daylight,01 - Dry,01 - Traffic signal,01 - Functioning,02 - Non-fatal injury,03 - Rear end,0