Record,Location,X,Y,Longitude,Latitude,Date,Time,Environment,Light,Road_Surface,Traffic_Control,Collision_Location,Collision_Classification,Impact_type,Pedestrian
14-6567,EASTVALE DR N @ OGILVIE RD,374979.08619,5036047.43676,-75.60261939530,45.46083001190,2014-06-27,4:56:00 PM,01 - Clear,01 - Daylight,01 - Dry,02 - Stop sign,00 - Unknown,02 - Non-fatal injury,05 - Turning movement,0
14-6568,SOUTHWOOD DR btwn IRIS ST & RYAN DR,360895.95164,5023363.20064,-75.78412761590,45.34797153700,2014-06-27,5:31:00 PM,01 - Clear,01 - Daylight,01 - Dry,10 - No control,,03 - P.D. only,01 - Approaching,0
14-6569,HUNT CLUB RD @ CANADAIR PRIV,368664.13920,5022310.96731,-75.68513865630,45.33783946430,2014-06-27,5:32:00 PM,01 - Clear,01 - Daylight,01 - Dry,01 - Traffic signal,01 - Functioning,02 - Non-fatal injury,03 - Rear end,0
14-6570,BANK ST btwn RIVERSIDE DR & RIVERSIDE DR,369258.01994,5027943.16595,-75.67682729360,45.38846211510,2014-06-27,5:43:00 PM,01 - Clear,01 - Daylight,01 - Dry,10 - No control,,03 - P.D. only,05 - Turning movement,0
14-6571,MERIVALE RD @ CAPILANO DR/WITHROW AVE,364642.25076,5024228.41005,-75.73621838280,45.35544694300,2014-06-27,6:17:00 PM,01 - Clear,01 - Daylight,01 - Dry,01 - Traffic signal,01 - Functioning,03 - P.D. only,05 - Turning movement,0
14-6572,BRONSON AVE @ FIFTH AVE/MADAWASKA DR,367613.20573,5028938.80719,-75.69770383760,45.39757006110,2014-06-27,6:28:00 PM,01 - Clear,01 - Daylight,01 - Dry,01 - Traffic signal,01 - Functioning,02 - Non-fatal injury,05 - Turning movement,0
14-6573,POND ST @ WHITEMARL DR,370139.21157,5034908.86349,-75.66465132660,45.45105505930,2014-06-27,5:30:00 PM,01 - Clear,01 - Daylight,01 - Dry,03 - Yield sign,00 - Unknown,03 - P.D. only,02 - Angle,0
14-6574,TERRY FOX DR btwn COPE DR & TRANS CANADA TRAIL,353938.96845,5015362.79819,-75.87369735620,45.27650430460,2014-06-27,7:08:00 PM,01 - Clear,01 - Daylight,01 - Dry,10 - No control,,03 - P.D. only,03 - Rear end,0
14-6575,CONROY RD btwn THURSTON DR & JOHNSTON RD,373295.83228,5026557.82502,-75.62545975760,45.37561416630,2014-06-27,7:15:00 PM,01 - Clear,01 - Daylight,01 - Dry,10 - No control,,03 - P.D. only,05 - Turning movement,0
14-6576,DALHOUSIE ST btwn GEORGE ST & RIDEAU ST,368164.94045,5032304.45578,-75.69022469840,45.42780335400,2014-06-27,6:30:00 PM,01 - Clear,01 - Daylight,01 - Dry,10 - No control,,03 - P.D. only,99 - Other,0
14-6577,INDUSTRIAL AVE/INNES RD @ ST. LAURENT BLVD,373099.42215,5030006.74332,-75.62748981290,45.40666519750,2014-06-27,10:55:00 PM,01 - Clear,07 - Dark,01 - Dry,01 - Traffic signal,01 - Functioning,03 - P.D. only,03 - Rear end,0
14-6578,ST. ANTHONY ST btwn PRESTON ST & END,366511.34029,5029541.18494,-75.71170094490,45.40308808260,2014-06-27,11:51:00 PM,01 - Clear,07 - Dark,01 - Dry,10 - No control,,03 - P.D. only,06 - SMV unattended vehicle,0
14-6579,YORK ST WB btwn CUMBERLAND ST & KING EDWARD AVE,368268.00463,5032546.86527,-75.68887647740,45.42997512380,2014-06-27,11:55:00 PM,01 - Clear,07 - Dark,01 - Dry,10 - No control,,03 - P.D. only,99 - Other,0
14-6580,RIVER RD btwn LORNE BRIDGE RD & ROGER STEVENS DR,373088.69104,5002542.77362,-75.63140620990,45.15955264030,2014-06-28,12:12:00 AM,01 - Clear,07 - Dark,01 - Dry,10 - No control,,03 - P.D. only,07 - SMV other,0
14-6581,O'CONNOR ST @ SOMERSET ST,367855.13086,5031012.20286,-75.69434892950,45.41620409100,2014-06-28,2:06:00 AM,01 - Clear,07 - Dark,01 - Dry,01 - Traffic signal,01 - Functioning,02 - Non-fatal injury,07 - SMV other,1
14-6582,CARLING AVE @ NORTON AVE,360638.15433,5025011.56673,-75.78723107680,45.36282405160,2014-06-28,9:19:00 AM,01 - Clear,01 - Daylight,01 - Dry,02 - Stop sign,01 - Functioning,02 - Non-fatal injury,02 - Angle,0
14-6583,CORNDAV WAY btwn CEDARSTONE ST & ROCHELLE DR,355957.74400,5006387.93000,-75.84889155180,45.19560202980,2014-06-27,9:30:00 AM,01 - Clear,01 - Daylight,01 - Dry,10 - No control,,03 - P.D. only,06 - SMV unattended vehicle,0
14-6584,PARKDALE AVE @ WELLINGTON ST,365152.07027,5029269.60783,-75.72909586080,45.40076300060,2014-06-27,2:00:00 PM,01 - Clear,01 - Daylight,01 - Dry,01 - Traffic signal,01 - Functioning,03 - P.D. only,03 - Rear end,0
14-6585,BRIDGESTONE DR btwn WAYMARK CRES & CEDAR VALLEY DR,355356.41561,5016193.28258,-75.85554776360,45.28387668770,2014-06-28,12:00:00 AM,01 - Clear,07 - Dark,01 - Dry,10 - No control,,03 - P.D. only,06 - SMV unattended vehicle,0
14-6586,CAMPEAU DR @ TERRY FOX DR,350454.17890,5019011.40307,-75.91777464020,45.30957044940,2014-06-28,11:13:00 AM,01 - Clear,01 - Daylight,01 - Dry,01 - Traffic signal,01 - Functioning,03 - P.D. only,05 - Turning movement,0
14-6587,RIOCAN AVE btwn STRANDHERD DR & MARKETPLACE AVE,364232.18895,5014852.42415,-75.74257632100,45.27111724460,2014-06-27,7:00:00 PM,01 - Clear,01 - Daylight,01 - Dry,10 - No control,,03 - P.D. only,04 - Sideswipe,0
14-6588,HERON RD @ WALKLEY RD,372267.29358,5027082.98067,-75.63851866410,45.38043910030,2014-06-28,11:30:00 AM,01 - Clear,01 - Daylight,01 - Dry,01 - Traffic signal,01 - Functioning,03 - P.D. only,02 - Angle,0
14-6589,HAZELDEAN RD btwn JOHNWOODS ST & SAVAGE DR,350193.33699,5015402.71136,-75.92143125250,45.27711525900,2014-06-28,12:51:00 PM,01 - Clear,01 - Daylight,01 - Dry,10 - No control,,03 - P.D. only,03 - Rear end,0
14-6590,FLORA ST @ KENT ST,367828.23947,5030323.56740,-75.69478054660,45.41001039030,2014-06-28,1:16:00 PM,01 - Clear,01 - Daylight,01 - Dry,02 - Stop sign,01 - Functioning,03 - P.D. only,02 - Angle,0
14-6591,WALKLEY RD @ AIRPORT PKWY SB RAMP,369835.29530,5025650.57843,-75.66975782240,45.36778077680,2014-06-28,1:49:00 PM,01 - Clear,01 - Daylight,01 - Dry,03 - Yield sign,00 - Unknown,02 - Non-fatal injury,05 - Turning movement,0
14-6592,WELLINGTON ST    W btwn HINTON AVE N & HAMILTON AVE N,365050.52004,5029217.31142,-75.73039927930,45.40030119610,2014-06-28,2:36:00 PM,01 - Clear,01 - Daylight,01 - Dry,10 - No control,,02 - Non-fatal injury,04 - Sideswipe,0
14-6593,BOWHILL AVE btwn OVERLAKE DR & HILLHURST PL,365379.59035,5023659.74165,-75.72687806380,45.35026683620,2014-06-17,12:00:00 AM,01 - Clear,00 - Unknown,01 - Dry,10 - No control,,03 - P.D. only,06 - SMV unattended vehicle,0
14-6594,ALBION RD btwn LESTER RD & LEITRIM RD,373419.07009,5020614.52186,-75.62471111610,45.32212651700,2014-06-28,2:15:00 PM,01 - Clear,01 - Daylight,01 - Dry,10 - No control,,03 - P.D. only,03 - Rear end,0
14-6595,WADE CRT btwn CRAIG HENRY DR & END,361255.13450,5021476.84568,-75.77975947670,45.33096933970,2014-06-27,9:30:00 PM,01 - Clear,07 - Dark,01 - Dry,10 - No control,,03 - P.D. only,06 - SMV unattended vehicle,0
14-6596,RUSSELL AVE btwn LAURIER AVE E & OSGOODE ST,369137.75769,5032051.69644,-75.67782682970,45.42544031150,2014-06-28,2:30:00 AM,01 - Clear,07 - Dark,01 - Dry,10 - No control,,03 - P.D. only,06 - SMV unattended vehicle,0
14-6597,WATERFERN WAY btwn ESPRIT DR & STORMWIND AVE,385619.73200,5035061.18800,-75.46674024590,45.45080682190,2014-06-28,8:41:00 PM,01 - Clear,05 - Dusk,01 - Dry,10 - No control,,03 - P.D. only,06 - SMV unattended vehicle,0
14-6598,ST. LAURENT BLVD btwn PLEASANT PARK RD & CONNERY AVE,373605.78477,5028774.69682,-75.62119378900,45.39553022790,2014-06-28,9:15:00 PM,01 - Clear,05 - Dusk,01 - Dry,10 - No control,,03 - P.D. only,05 - Turning movement,0
14-6599,BRONSON AVE @ IMPERIAL AVE/PLYMOUTH ST,367318.19633,5029643.29821,-75.70138224190,45.40393527530,2014-06-29,12:10:00 AM,01 - Clear,07 - Dark,01 - Dry,10 - No control,,03 - P.D. only,05 - Turning movement,0
14-6600,RUSSLAND RD btwn DUNNING RD & Continuation of RUSSLAND RD,398249.86410,5023466.73088,-75.30749654360,45.34492101970,2014-06-29,1:16:00 AM,01 - Clear,07 - Dark,01 - Dry,10 - No control,,02 - Non-fatal injury,07 - SMV other,0
14-6601,YORK ST WB btwn BYWARD MARKE SQ & SUSSEX DR,367844.77019,5032288.83522,-75.69431792180,45.42769173770,2014-06-29,2:53:00 AM,01 - Clear,07 - Dark,01 - Dry,10 - No control,,03 - P.D. only,06 - SMV unattended vehicle,0
14-6602,BRONSON AVE @ GLADSTONE AVE,367134.17563,5030081.56400,-75.70367731730,45.40789507610,2014-06-29,3:24:00 AM,01 - Clear,07 - Dark,01 - Dry,01 - Traffic signal,01 - Functioning,03 - P.D. only,05 - Turning movement,0
14-6603,SLACK RD btwn TURN LANE & VAAN DR,364761.38229,5020274.70639,-75.73517710690,45.31986178090,2014-06-29,3:40:00 AM,01 - Clear,07 - Dark,01 - Dry,10 - No control,,03 - P.D. only,07 - SMV other,0
14-6604,STALWART CRES btwn WHITE ALDER AVE & WHITE ALDER AVE,375540.39300,5020821.80600,-75.59762572660,45.32378101790,2014-06-28,12:00:00 AM,01 - Clear,00 - Unknown,01 - Dry,10 - No control,,03 - P.D. only,06 - SMV unattended vehicle,0
14-6605,ROOSEVELT AVE @ RICHMOND RD,362978.21957,5028118.50227,-75.75699679220,45.39058956140,2014-06-29,10:07:00 AM,01 - Clear,01 - Daylight,01 - Dry,01 - Traffic signal,01 - Functioning,02 - Non-fatal injury,07 - SMV other,1
14-6606,MAISONNEUVE ST @ ST. JOSEPH BLVD,381464.23920,5037578.58600,-75.51946655070,45.47392448590,2014-06-29,11:01:00 AM,01 - Clear,01 - Daylight,01 - Dry,02 - Stop sign,01 - Functioning,02 - Non-fatal injury,04 - Sideswipe,0
14-6607,UPPER DWYER HILL RD btwn OLD ALMONTE RD & HAMILTON SIDE RD,337926.07592,5009987.32056,-76.07814167010,45.22906943300,2014-06-28,11:16:00 AM,01 - Clear,01 - Daylight,01 - Dry,10 - No control,,03 - P.D. only,07 - SMV other,0
14-6608,REYNOLDS DR btwn ST. GEORGES ST & WARDEN AVE,382794.94712,5037426.04948,-75.50247362260,45.47240474140,2014-06-28,1:10:00 PM,01 - Clear,01 - Daylight,01 - Dry,10 - No control,,03 - P.D. only,06 - SMV unattended vehicle,0
14-6609,MERIVALE RD @ WEST HUNT CLUB RD,365613.16913,5021940.60247,-75.72410871770,45.33477805100,2014-06-29,1:52:00 PM,01 - Clear,01 - Daylight,01 - Dry,01 - Traffic signal,01 - Functioning,03 - P.D. only,03 - Rear end,0
14-6610,TOPHAM TER btwn FRENETTE ST & FRENETTE ST,385622.06403,5037939.31315,-75.46623723300,45.47670111970,2014-06-28,12:00:00 AM,01 - Clear,00 - Unknown,01 - Dry,10 - No control,,03 - P.D. only,06 - SMV unattended vehicle,0
14-6611,WELLINGTON ST btwn LYON ST N & KENT ST,367035.27100,5031489.67311,-75.70476289460,45.42057362480,2014-06-29,3:21:00 PM,01 - Clear,01 - Daylight,01 - Dry,10 - No control,,02 - Non-fatal injury,05 - Turning movement,0
14-6612,CARLING AVE @ KIRKWOOD AVE S,364353.12230,5027338.49697,-75.73953334840,45.38345564830,2014-06-28,7:00:00 AM,01 - Clear,01 - Daylight,01 - Dry,01 - Traffic signal,01 - Functioning,03 - P.D. only,04 - Sideswipe,0
14-6613,MARCH RD btwn SOLANDT RD & STATION RD,350700.26330,5022481.79561,-75.91431479700,45.34078183730,2014-06-29,3:46:00 PM,01 - Clear,01 - Daylight,01 - Dry,10 - No control,,03 - P.D. only,03 - Rear end,0
14-6614,ELGIN ST @ SLATER ST,367890.30690,5031646.31641,-75.69381833820,45.42190646490,2014-06-29,3:54:00 PM,01 - Clear,01 - Daylight,01 - Dry,01 - Traffic signal,01 - Functioning,03 - P.D. only,07 - SMV other,0
14-6615,INNES RD @ STAR TOP RD/WINDMILL LANE,374147.25187,5030664.66477,-75.61401306370,45.41248181770,2014-06-29,5:50:00 AM,01 - Clear,01 - Daylight,01 - Dry,01 - Traffic signal,01 - Functioning,03 - P.D. only,04 - Sideswipe,0
14-6616,HWY 417 CASTLEFR IC139R61 @ KANATA AVE,351616.36974,5019224.49688,-75.90293394750,45.31141140750,2014-06-29,4:31:00 PM,01 - Clear,01 - Daylight,01 - Dry,01 - Traffic signal,01 - Functioning,03 - P.D. only,02 - Angle,0
14-6617,VIEWMOUNT DR @ MERIVALE RD,365194.17103,5022950.39113,-75.72933080590,45.34390018980,2014-06-29,4:54:00 PM,01 - Clear,01 - Daylight,01 - Dry,01 - Traffic signal,01 - Functioning,03 - P.D. only,07 - SMV other,0
14-6618,RICHMOND RD @ HOLLY ACRES RD/NANAIMO DR,359058.67160,5022749.76353,-75.80763973380,45.34259635830,2014-06-29,5:25:00 PM,01 - Clear,01 - Daylight,01 - Dry,01 - Traffic signal,01 - Functioning,02 - Non-fatal injury,05 - Turning movement,0
14-6619,LEITRIM RD @ LIMEBANK RD S,369357.13820,5017875.57007,-75.67687544410,45.29786725860,2014-06-29,8:36:00 PM,01 - Clear,05 - Dusk,01 - Dry,01 - Traffic signal,01 - Functioning,03 - P.D. only,03 - Rear end,0
14-6620,QUEEN MARY ST @ VANIER PKWY,370364.21747,5031958.85253,-75.66216790970,45.42449105780,2014-06-29,10:22:00 PM,01 - Clear,07 - Dark,01 - Dry,01 - Traffic signal,01 - Functioning,03 - P.D. only,03 - Rear end,0
14-6621,WEST HUNT CLUB RD @ WOODROFFE AVE,363669.26920,5021246.48900,-75.74899054690,45.32869824810,2014-06-29,10:32:00 PM,01 - Clear,07 - Dark,01 - Dry,01 - Traffic signal,01 - Functioning,03 - P.D. only,03 - Rear end,0
14-6622,RICHMOND RD btwn FALLOWFIELD RD & RUSHMORE RD,358115.31221,5012600.74148,-75.82076766390,45.25134655330,2014-06-30,1:18:00 AM,01 - Clear,07 - Dark,01 - Dry,10 - No control,,02 - Non-fatal injury,03 - Rear end,0
14-6623,RIVERSIDE DR btwn HUNT CLUB RD & KIMBERWICK CRES,368037.00992,5022113.79313,-75.69316477930,45.33612213410,2014-06-30,8:05:00 AM,01 - Clear,01 - Daylight,01 - Dry,10 - No control,,02 - Non-fatal injury,03 - Rear end,0
14-6624,PARKDALE AVE @ WESTMOUNT AVE/HWY 417 PARKDAL I,365300.29562,5028923.45403,-75.72724514470,45.39763559300,2014-06-29,9:10:00 PM,01 - Clear,05 - Dusk,01 - Dry,01 - Traffic signal,01 - Functioning,03 - P.D. only,05 - Turning movement,0
14-6625,AIRD PL btwn JACKMAN TER & JACKMAN TER,351970.83277,5019198.09099,-75.89841611490,45.31115008080,2014-06-30,8:30:00 AM,01 - Clear,01 - Daylight,02 - Wet,10 - No control,,03 - P.D. only,05 - Turning movement,0
14-6626,PEEL ST btwn ST. LAURENT BLVD & END,371096.72860,5034977.96448,-75.65240168930,45.45158662070,2014-06-28,7:45:00 AM,01 - Clear,01 - Daylight,01 - Dry,10 - No control,,03 - P.D. only,06 - SMV unattended vehicle,0
14-6627,BLAIR RD btwn DAVIDSON DR & NICOL ST,373889.39453,5034762.08144,-75.61673218580,45.44937372210,2014-06-30,11:04:00 AM,01 - Clear,01 - Daylight,01 - Dry,10 - No control,,03 - P.D. only,05 - Turning movement,0
14-6628,ELGIN ST btwn GLOUCESTER ST & NEPEAN ST (2),368021.00414,5031449.21911,-75.69217371980,45.42012125060,2014-06-23,12:00:00 PM,01 - Clear,01 - Daylight,01 - Dry,10 - No control,,02 - Non-fatal injury,07 - SMV other,1
14-6629,BLACKBURN BYPASS @ INNES RD W,377187.79242,5032175.21607,-75.57494990110,45.42576493070,2014-06-30,10:30:00 AM,01 - Clear,01 - Daylight,01 - Dry,01 - Traffic signal,01 - Functioning,03 - P.D. only,03 - Rear end,0
14-6630,CYRVILLE RD @ ST. LAURENT BLVD,372241.21383,5032112.34046,-75.63816382410,45.42569362620,2014-06-30,1:15:00 PM,01 - Clear,01 - Daylight,01 - Dry,01 - Traffic signal,01 - Functioning,03 - P.D. only,07 - SMV other,0
14-6631,WEST HUNT CLUB RD @ WOODROFFE AVE,363670.88663,5021245.94142,-75.74896998020,45.32869318510,2014-06-30,1:00:00 PM,01 - Clear,01 - Daylight,01 - Dry,01 - Traffic signal,01 - Functioning,02 - Non-fatal injury,03 - Rear end,0
14-6632,COOPER ST @ KENT ST,367480.33493,5030889.56200,-75.69915279890,45.41513428110,2014-06-28,6:35:00 PM,01 - Clear,01 - Daylight,01 - Dry,02 - Stop sign,01 - Functioning,03 - P.D. only,99 - Other,0
14-6633,RICHMOND RD btwn FALLOWFIELD RD & RUSHMORE RD,358513.24546,5011743.36366,-75.81579101970,45.24360144250,2014-06-30,3:51:00 PM,01 - Clear,01 - Daylight,01 - Dry,10 - No control,,03 - P.D. only,07 - SMV other,0
14-6634,BANK ST btwn ALTA VISTA DR & ERIE AVE,370192.38798,5026346.08031,-75.66510758210,45.37400545670,2014-06-30,3:55:00 PM,01 - Clear,01 - Daylight,01 - Dry,10 - No control,,02 - Non-fatal injury,02 - Angle,0
14-6635,AIRPORT PKWY btwn RAMP & RAMP (2),368878.08213,5026276.89389,-75.68189512300,45.37350435480,2014-06-26,5:50:00 PM,01 - Clear,01 - Daylight,01 - Dry,10 - No control,,03 - P.D. only,03 - Rear end,0
14-6636,CARLING AVE WB btwn HARE AVE & BROMLEY RD,362540.25592,5026236.04503,-75.76280980040,45.37368769120,2014-06-30,4:34:00 PM,01 - Clear,01 - Daylight,01 - Dry,10 - No control,,03 - P.D. only,99 - Other,0
14-6637,ST. LAURENT BLVD @ COVENTRY RD/OGILVIE RD,372305.24557,5031950.62673,-75.63736781260,45.42423242450,2014-06-30,4:55:00 PM,01 - Clear,01 - Daylight,01 - Dry,01 - Traffic signal,01 - Functioning,03 - P.D. only,03 - Rear end,0
14-6638,AIRPORT PKWY @ HUNT CLUB RD,371019.00193,5023701.10247,-75.65490940530,45.35012918630,2014-06-30,5:04:00 PM,01 - Clear,01 - Daylight,01 - Dry,01 - Traffic signal,01 - Functioning,02 - Non-fatal injury,04 - Sideswipe,0
14-6639,PARKDALE AVE btwn GRANT ST & WELLINGTON ST W,365140.69586,5029292.35665,-75.72923835460,45.40096867060,2014-06-30,1:10:00 PM,01 - Clear,01 - Daylight,01 - Dry,10 - No control,,03 - P.D. only,04 - Sideswipe,0
14-6640,GREENBANK RD @ BERRIGAN DR/WESSEX RD,363724.51108,5015275.71380,-75.74899554220,45.27496873460,2014-06-30,5:49:00 PM,01 - Clear,01 - Daylight,01 - Dry,01 - Traffic signal,01 - Functioning,03 - P.D. only,03 - Rear end,0
14-6641,ELGIN ST @ QUEEN ST,367804.22857,5031778.63013,-75.69490123410,45.42310473720,2014-06-30,4:20:00 PM,01 - Clear,01 - Daylight,01 - Dry,01 - Traffic signal,01 - Functioning,03 - P.D. only,03 - Rear end,0
14-6642,CARLING AVE @ PINECREST  RD/GREENVIEW AVE,360007.14963,5024630.63227,-75.79532773070,45.35944639260,2014-06-30,7:43:00 PM,01 - Clear,01 - Daylight,01 - Dry,01 - Traffic signal,01 - Functioning,03 - P.D. only,05 - Turning movement,0
14-6643,BANK ST btwn TURN LANE & SPRINGHILL RD,384474.75048,5007852.47775,-75.48575503930,45.20613368620,2014-06-30,8:24:00 PM,01 - Clear,01 - Daylight,01 - Dry,10 - No control,,03 - P.D. only,07 - SMV other,0
14-6644,GEORGE ST btwn DALHOUSIE ST & CUMBERLAND ST,368203.32498,5032342.71264,-75.68972928600,45.42814409670,2014-06-30,10:05:00 PM,01 - Clear,07 - Dark,01 - Dry,10 - No control,,03 - P.D. only,06 - SMV unattended vehicle,0
14-6645,RIDEAU ST btwn CHARLOTTE ST & WURTEMBURG ST,369345.80573,5032922.74500,-75.67505429050,45.43325850280,2014-06-30,10:48:00 PM,01 - Clear,07 - Dark,01 - Dry,10 - No control,,03 - P.D. only,07 - SMV other,0
14-6646,GLENDALE AVE btwn PERCY ST & END,367565.25251,5029770.70799,-75.69821039780,45.40505956260,2014-07-01,12:49:00 AM,01 - Clear,07 - Dark,01 - Dry,10 - No control,,03 - P.D. only,06 - SMV unattended vehicle,0
14-6647,BOULDER WAY btwn SAFFRON CRT & MOUNTSHANNON DR,364251.94113,5016739.17953,-75.74209861800,45.28809259070,2014-07-01,1:31:00 AM,01 - Clear,07 - Dark,01 - Dry,10 - No control,,03 - P.D. only,06 - SMV unattended vehicle,0
14-6648,KILBARRON RD btwn MADDEN CRT & BEATRICE DR,364926.44031,5016684.99339,-75.73350734650,45.28754764670,2014-06-30,1:00:00 PM,01 - Clear,01 - Daylight,01 - Dry,10 - No control,,03 - P.D. only,06 - SMV unattended vehicle,0
14-6649,MURRAY ST @ SUSSEX DR,367706.10730,5032394.49730,-75.69607629540,45.42865493440,2014-07-01,7:42:00 AM,01 - Clear,01 - Daylight,01 - Dry,01 - Traffic signal,01 - Functioning,03 - P.D. only,02 - Angle,0
14-6650,ROBERTSON RD btwn HAZELDEAN RD & HAANEL DR,353848.52984,5018523.57280,-75.87453744040,45.30495199440,2014-06-30,9:35:00 AM,01 - Clear,01 - Daylight,01 - Dry,10 - No control,,03 - P.D. only,07 - SMV other,0
14-6651,BANK ST @ CAMERON AVE,368943.71400,5028263.81533,-75.68079910090,45.39137607310,2014-07-01,9:49:00 AM,01 - Clear,01 - Daylight,01 - Dry,01 - Traffic signal,01 - Functioning,02 - Non-fatal injury,03 - Rear end,0
14-6652,WEST HUNT CLUB RD @ WOODROFFE AVE,363671.16493,5021246.48900,-75.74896636500,45.32869808910,2014-07-01,11:36:00 AM,01 - Clear,01 - Daylight,01 - Dry,01 - Traffic signal,01 - Functioning,03 - P.D. only,02 - Angle,0
14-6653,MATHESON RD btwn SILVESTRI CRES & OGILVIE RD,373367.01376,5032561.86303,-75.62371623950,45.42962875280,2014-07-01,11:05:00 AM,01 - Clear,01 - Daylight,01 - Dry,10 - No control,,03 - P.D. only,04 - Sideswipe,0
14-6654,FISHER AVE @ MALIBU TER,366261.22377,5025799.53060,-75.71536154970,45.36944354470,2014-07-01,2:04:00 PM,01 - Clear,01 - Daylight,01 - Dry,02 - Stop sign,01 - Functioning,03 - P.D. only,04 - Sideswipe,0
14-6655,VANIER PKWY SB btwn MONTREAL RD & MCARTHUR AVE,370107.59995,5032981.43926,-75.66531121350,45.43371588080,2014-07-01,3:34:00 PM,01 - Clear,01 - Daylight,01 - Dry,10 - No control,,03 - P.D. only,04 - Sideswipe,0
14-6656,BANK ST @ RIVERSIDE DR N,369225.71590,5027984.30646,-75.67723442420,45.38883525650,2014-07-01,3:42:00 PM,01 - Clear,01 - Daylight,01 - Dry,01 - Traffic signal,01 - Functioning,02 - Non-fatal injury,02 - Angle,0
14-6657,MONTREAL RD @ BATHGATE DR/BURMA RD,373224.72240,5034516.84569,-75.62526273970,45.44723261070,2014-07-01,5:13:00 PM,01 - Clear,01 - Daylight,01 - Dry,01 - Traffic signal,01 - Functioning,03 - P.D. only,02 - Angle,0
14-6658,GEORGE ST @ DALHOUSIE ST,368157.69760,5032316.35016,-75.69031572000,45.42791103180,2014-07-01,4:30:00 PM,01 - Clear,01 - Daylight,01 - Dry,01 - Traffic signal,01 - Functioning,02 - Non-fatal injury,03 - Rear end,0
14-6659,ARGYLE AVE @ BANK ST,367996.18273,5030372.57210,-75.69262891400,45.41043617430,2014-07-01,4:00:00 PM,01 - Clear,01 - Daylight,01 - Dry,10 - No control,,03 - P.D. only,02 - Angle,0
14-6660,MCARTHUR AVE @ VANIER PKWY,370217.28320,5032690.58590,-75.66394815810,45.43108865130,2014-07-01,5:37:00 PM,01 - Clear,01 - Daylight,02 - Wet,01 - Traffic signal,01 - Functioning,02 - Non-fatal injury,02 - Angle,0
14-6661,FISHER AVE btwn ARNOT RD & DEER PARK RD,366326.94940,5025644.12597,-75.71454190420,45.36803947890,2014-07-01,9:27:00 PM,01 - Clear,07 - Dark,01 - Dry,10 - No control,,03 - P.D. only,05 - Turning movement,0
14-6662,LONGLEAF DR btwn ORLEANS BLVD & APPLE LEAF WAY,380786.62625,5033551.63071,-75.52875416240,45.43776718880,2014-07-01,11:12:00 PM,01 - Clear,07 - Dark,01 - Dry,10 - No control,,03 - P.D. only,07 - SMV other,0
14-6663,ELGIN ST btwn COOPER ST & SOMERSET ST W,368160.14586,5031206.42995,-75.69042719070,45.41792412860,2014-07-01,11:41:00 PM,01 - Clear,07 - Dark,01 - Dry,10 - No control,,03 - P.D. only,03 - Rear end,0
14-6664,COSTELLO AVE @ MONTEREY DR,360010.09360,5022094.54513,-75.79557327250,45.33662646320,2014-07-02,2:46:00 AM,01 - Clear,07 - Dark,01 - Dry,02 - Stop sign,01 - Functioning,03 - P.D. only,06 - SMV unattended vehicle,0
14-6665,REGIONAL RD 174 @ TRIM RD,384352.84798,5039989.92728,-75.48213642610,45.49529632290,2014-07-02,6:10:00 AM,01 - Clear,01 - Daylight,01 - Dry,01 - Traffic signal,01 - Functioning,03 - P.D. only,03 - Rear end,0
14-6666,BLAIR RD @ REGIONAL RD 174 N/OR174 IC112 RAMP61,374634.87204,5032992.49763,-75.60745394660,45.43337791880,2014-07-02,10:11:00 AM,01 - Clear,01 - Daylight,01 - Dry,01 - Traffic signal,01 - Functioning,03 - P.D. only,03 - Rear end,0
14-6667,STRANDHERD DR @ LONGFIELDS DR,364548.30353,5015173.57819,-75.73850936290,45.27398020150,2014-07-02,10:43:00 AM,01 - Clear,01 - Daylight,01 - Dry,01 - Traffic signal,00 - Unknown,03 - P.D. only,03 - Rear end,0
14-6668,BANTREE ST @ INNES RD,373707.14500,5030406.55540,-75.61967132240,45.41020294940,2014-07-02,11:00:00 AM,01 - Clear,01 - Daylight,01 - Dry,01 - Traffic signal,01 - Functioning,03 - P.D. only,03 - Rear end,0
14-6669,INDUSTRIAL AVE @ RIVERSIDE DR,370683.29680,5030590.65767,-75.65827383820,45.41215062040,2014-07-02,11:07:00 AM,01 - Clear,01 - Daylight,01 - Dry,01 - Traffic signal,01 - Functioning,02 - Non-fatal injury,03 - Rear end,0
14-6670,MOODIE DR @ WEST HUNT CLUB RD,357908.15867,5018499.21616,-75.82277551170,45.30443762140,2014-06-30,1:30:00 PM,01 - Clear,01 - Daylight,01 - Dry,01 - Traffic signal,01 - Functioning,03 - P.D. only,05 - Turning movement,0
14-6671,CENTREPOINTE DR btwn CIMARRON CRES & HYDE PARK WAY,361758.45795,5022774.13804,-75.77318939670,45.34260166400,2014-07-02,11:52:00 AM,01 - Clear,01 - Daylight,01 - Dry,10 - No control,,03 - P.D. only,03 - Rear end,0
14-6672,MERNER AVE btwn KENNEVALE DR & ARMADALE CRES,361977.41914,5014314.48172,-75.77137141780,45.26646374060,2014-07-01,10:30:00 PM,01 - Clear,07 - Dark,01 - Dry,10 - No control,,03 - P.D. only,06 - SMV unattended vehicle,0