Record,Location,X,Y,Longitude,Latitude,Date,Time,Environment,Light,Road_Surface,Traffic_Control,Collision_Location,Collision_Classification,Impact_type,Pedestrian
14-6673,KING EDWARD AVE @ LAURIER AVE,368741.12900,5032035.53047,-75.68289693230,45.42533122540,2014-07-01,9:00:00 PM,01 - Clear,05 - Dusk,01 - Dry,01 - Traffic signal,01 - Functioning,02 - Non-fatal injury,03 - Rear end,0
14-6674,KING EDWARD AVE @ STEWART ST,368634.20743,5032206.33956,-75.68424100570,45.42687786950,2014-07-02,1:27:00 PM,01 - Clear,01 - Daylight,01 - Dry,01 - Traffic signal,01 - Functioning,03 - P.D. only,02 - Angle,0
14-6675,LEES AVE btwn CHESTNUT ST & HWY417 IC118 RAMP45,369435.35609,5030820.28594,-75.67418575530,45.41433310520,2014-07-01,12:00:00 AM,01 - Clear,00 - Unknown,01 - Dry,10 - No control,,03 - P.D. only,06 - SMV unattended vehicle,0
14-6676,FOSTER ST @ PARKDALE AVE,365246.06807,5029057.60743,-75.72792127570,45.39884735910,2014-07-02,2:06:00 PM,01 - Clear,01 - Daylight,01 - Dry,02 - Stop sign,00 - Unknown,03 - P.D. only,04 - Sideswipe,0
14-6677,HOPE SIDE RD @ RICHMOND RD,356952.16267,5015486.38277,-75.83528210730,45.27739929710,2014-07-02,2:20:00 PM,01 - Clear,01 - Daylight,01 - Dry,02 - Stop sign,01 - Functioning,03 - P.D. only,07 - SMV other,0
14-6678,COVENTRY RD btwn LOLA ST & BELFAST RD,371434.52519,5031631.09218,-75.64853650220,45.42144087760,2014-07-02,2:28:00 PM,01 - Clear,01 - Daylight,01 - Dry,10 - No control,,03 - P.D. only,02 - Angle,0
14-6679,CARLING AVE @ HAMILTON AVE,365558.22777,5028129.59783,-75.72404870900,45.39047031750,2014-07-02,2:29:00 PM,01 - Clear,01 - Daylight,01 - Dry,02 - Stop sign,00 - Unknown,03 - P.D. only,03 - Rear end,0
14-6680,BASELINE RD @ WOODROFFE AVE,362551.11200,5023769.55683,-75.76295944720,45.35149356650,2014-07-02,2:35:00 PM,01 - Clear,01 - Daylight,01 - Dry,01 - Traffic signal,01 - Functioning,02 - Non-fatal injury,03 - Rear end,0
14-6681,BASELINE RD @ CLYDE AVE,364360.12510,5024890.51290,-75.73973912340,45.36142847610,2014-07-02,10:25:00 AM,01 - Clear,01 - Daylight,01 - Dry,01 - Traffic signal,01 - Functioning,03 - P.D. only,03 - Rear end,0
14-6682,HAZELDEAN RD @ HUNTMAR DR/IBER RD,350942.12397,5016077.53647,-75.91182521960,45.28313880050,2014-07-02,2:57:00 PM,01 - Clear,01 - Daylight,01 - Dry,01 - Traffic signal,01 - Functioning,03 - P.D. only,03 - Rear end,0
14-6683,ST. LAURENT BLVD btwn COVENTRY RD & LEMIEUX ST,372387.45930,5031755.83454,-75.63634407070,45.42247183670,2014-07-02,2:59:00 PM,01 - Clear,01 - Daylight,01 - Dry,10 - No control,,03 - P.D. only,03 - Rear end,0
14-6684,ISABELLA ST/HWY417 IC119AR75 @ METCALFE ST,368448.55501,5030399.52506,-75.68684667580,45.41063769340,2014-07-02,3:55:00 PM,01 - Clear,01 - Daylight,01 - Dry,01 - Traffic signal,01 - Functioning,03 - P.D. only,03 - Rear end,0
14-6685,HUNT CLUB RD @ DOWNPATRICK RD/MCCARTHY RD,370506.43108,5023400.27203,-75.66149012470,45.34747061090,2014-07-02,3:58:00 PM,01 - Clear,01 - Daylight,01 - Dry,01 - Traffic signal,01 - Functioning,03 - P.D. only,03 - Rear end,0
14-6686,BRONSON AVE btwn BRONSON AVE SB ON RAMP 43 & SUNNYSIDE AVE/UNIVERSITY,367912.75749,5028111.45231,-75.69398395870,45.39009882330,2014-07-02,4:39:00 PM,01 - Clear,01 - Daylight,01 - Dry,10 - No control,,02 - Non-fatal injury,04 - Sideswipe,0
14-6687,RIVERSIDE DR @ BROOKFIELD RD/HOG'S BACK RD,368168.18493,5026221.57363,-75.69096478620,45.37307115230,2014-07-02,3:40:00 PM,01 - Clear,01 - Daylight,01 - Dry,01 - Traffic signal,01 - Functioning,03 - P.D. only,03 - Rear end,0
14-6688,BRONSON AVE @ CATHERINE ST/RAYMOND ST,367252.20153,5029797.32696,-75.70220567990,45.40532707300,2014-07-02,4:49:00 PM,01 - Clear,01 - Daylight,01 - Dry,01 - Traffic signal,01 - Functioning,03 - P.D. only,05 - Turning movement,0
14-6689,BASELINE RD @ CORDOVA ST,363594.16213,5024410.47427,-75.74957258390,45.35717380170,2014-07-02,4:45:00 PM,01 - Clear,01 - Daylight,01 - Dry,01 - Traffic signal,00 - Unknown,03 - P.D. only,03 - Rear end,0
14-6690,BANK ST @ SOMERSET ST,367694.10749,5030915.90659,-75.69641840030,45.41535213970,2014-07-02,5:21:00 PM,01 - Clear,01 - Daylight,01 - Dry,01 - Traffic signal,01 - Functioning,03 - P.D. only,03 - Rear end,0
14-6691,MCARTHUR AVE @ VANIER PKWY,370218.85571,5032691.37958,-75.66392795780,45.43109564560,2014-07-02,5:22:00 PM,01 - Clear,01 - Daylight,01 - Dry,01 - Traffic signal,01 - Functioning,03 - P.D. only,03 - Rear end,0
14-6692,RIVERSIDE DR SB btwn BILLINGS BRIDGE SC RAMP SB & BANK ST,369197.75381,5027961.74505,-75.67759442860,45.38863482770,2014-07-02,5:28:00 PM,01 - Clear,01 - Daylight,01 - Dry,10 - No control,,03 - P.D. only,03 - Rear end,0
14-6693,VANIER PKWY SB btwn QUEEN MARY ST & PRESLAND RD,370351.86216,5031935.78415,-75.66232884850,45.42428465660,2014-07-02,3:30:00 PM,01 - Clear,01 - Daylight,01 - Dry,10 - No control,,03 - P.D. only,04 - Sideswipe,0
14-6694,FALLOWFIELD RD btwn ASHDALE AVE & PRINCE OF WALES DR,367357.12445,5019139.34726,-75.70221426450,45.30941948820,2014-07-02,6:00:00 PM,01 - Clear,01 - Daylight,01 - Dry,10 - No control,,03 - P.D. only,05 - Turning movement,0
14-6695,RICHMOND RD btwn GOLDEN AVE & BERKLEY AVE,362884.96408,5028045.50295,-75.75819626500,45.38994046510,2014-07-02,6:47:00 PM,01 - Clear,01 - Daylight,01 - Dry,10 - No control,,03 - P.D. only,04 - Sideswipe,0
14-6696,KENT ST @ LAURIER AVE,367316.69900,5031164.84209,-75.70120839660,45.41762580530,2014-07-02,7:56:00 PM,02 - Rain,01 - Daylight,02 - Wet,01 - Traffic signal,01 - Functioning,03 - P.D. only,05 - Turning movement,0
14-6697,FALLOWFIELD RD btwn KOLO DR & BILTMORE CRES,346289.28177,5004275.21691,-75.97211646980,45.17722590510,2014-07-02,9:00:00 PM,02 - Rain,05 - Dusk,02 - Wet,10 - No control,,03 - P.D. only,07 - SMV other,0
14-6698,STRANDHERD DR @ LONGFIELDS DR,364549.31747,5015173.57819,-75.73849644060,45.27398011530,2014-07-02,9:29:00 PM,01 - Clear,07 - Dark,02 - Wet,01 - Traffic signal,01 - Functioning,03 - P.D. only,02 - Angle,0
14-6699,BEAVERPOND DR btwn HALLMARK PL & APPLETON DR (1),374991.16718,5032089.79737,-75.60302942950,45.42522025410,2014-07-02,10:58:00 PM,01 - Clear,07 - Dark,02 - Wet,10 - No control,,03 - P.D. only,06 - SMV unattended vehicle,0
14-6700,RENAUD RD btwn IDA ST & Continuation of RENAUD RD,378706.69359,5031756.20009,-75.55560521770,45.42183607020,2014-07-03,3:25:00 AM,01 - Clear,07 - Dark,01 - Dry,10 - No control,,03 - P.D. only,06 - SMV unattended vehicle,0
14-6701,BASELINE RD @ CLYDE AVE,364360.63101,5024888.10326,-75.73973295670,45.36140675180,2014-07-03,6:05:00 AM,01 - Clear,01 - Daylight,01 - Dry,01 - Traffic signal,01 - Functioning,02 - Non-fatal injury,02 - Angle,0
14-6702,LAURIER AVE   W btwn O'CONNOR ST & METCALFE ST,367772.33025,5031440.20189,-75.69535206430,45.42006254400,2014-07-03,7:03:00 AM,01 - Clear,01 - Daylight,01 - Dry,10 - No control,,03 - P.D. only,05 - Turning movement,0
14-6703,WEST HUNT CLUB RD @ CLEOPATRA DR/LANCELOT DR,365234.58800,5021732.16709,-75.72896389560,45.33293528220,2014-07-03,7:40:00 AM,01 - Clear,01 - Daylight,01 - Dry,01 - Traffic signal,01 - Functioning,03 - P.D. only,05 - Turning movement,0
14-6704,MARCH RD btwn MORGAN'S GRANT WAY & TERRY FOX DR,349851.81239,5023414.67478,-75.92505546980,45.34923109540,2014-07-03,4:30:00 AM,01 - Clear,07 - Dark,01 - Dry,10 - No control,,03 - P.D. only,07 - SMV other,0
14-6705,BASELINE RD @ CLYDE AVE,364358.22937,5024887.66930,-75.73976366180,45.36140305080,2014-07-03,8:20:00 AM,01 - Clear,01 - Daylight,01 - Dry,01 - Traffic signal,01 - Functioning,03 - P.D. only,03 - Rear end,0
14-6706,INNES RD @ PORTOBELLO BLVD,385633.87456,5036890.39694,-75.46625874930,45.46726263980,2014-07-03,9:03:00 AM,01 - Clear,01 - Daylight,01 - Dry,01 - Traffic signal,01 - Functioning,03 - P.D. only,05 - Turning movement,0
14-6707,COLONEL BY DR @ HAWTHORNE AVE/PRETORIA BRIDGE,368769.13200,5030526.51477,-75.68273502590,45.41175107470,2014-07-03,10:00:00 AM,01 - Clear,01 - Daylight,01 - Dry,01 - Traffic signal,01 - Functioning,02 - Non-fatal injury,03 - Rear end,0
14-6708,WEST HUNT CLUB RD @ WOODROFFE AVE,363669.26920,5021245.54113,-75.74899065960,45.32868971890,2014-06-21,11:20:00 AM,01 - Clear,01 - Daylight,01 - Dry,01 - Traffic signal,01 - Functioning,03 - P.D. only,03 - Rear end,0
14-6709,HUNT CLUB RD @ RIVERSIDE DR,368037.17693,5021945.49850,-75.69318415350,45.33460783760,2014-07-03,10:00:00 AM,01 - Clear,01 - Daylight,01 - Dry,01 - Traffic signal,01 - Functioning,03 - P.D. only,03 - Rear end,0
14-6710,HUNT CLUB RD @ LORRY GREENBERG DR/SABLE RIDGE,372825.16050,5024808.45267,-75.63170936650,45.35991985000,2014-07-02,10:30:00 AM,01 - Clear,01 - Daylight,01 - Dry,01 - Traffic signal,01 - Functioning,02 - Non-fatal injury,03 - Rear end,0
14-6711,LAURIER AVE   E btwn RING LANE & KING EDWARD AVE,368727.71612,5032027.61901,-75.68306934490,45.42526126650,2014-07-03,11:51:00 AM,01 - Clear,01 - Daylight,01 - Dry,10 - No control,,03 - P.D. only,04 - Sideswipe,0
14-6712,ST. PATRICK ST @ 36 W OF MACKENZIE AVE,367597.51393,5032423.56787,-75.69746024680,45.42892626050,2014-07-02,2:45:00 PM,01 - Clear,01 - Daylight,01 - Dry,01 - Traffic signal,01 - Functioning,03 - P.D. only,03 - Rear end,0
14-6713,JEANNE D'ARC BLVD  S btwn BELCOURT BLVD & DES EPINETTES AVE,382200.93804,5035959.63742,-75.51030055210,45.45927730830,2014-07-02,8:30:00 PM,02 - Rain,05 - Dusk,02 - Wet,10 - No control,,03 - P.D. only,03 - Rear end,0
14-6714,CARLING AVE @ PINECREST  RD/GREENVIEW AVE,360007.14963,5024633.47587,-75.79532741310,45.35947197920,2014-07-03,1:17:00 PM,01 - Clear,01 - Daylight,01 - Dry,01 - Traffic signal,01 - Functioning,03 - P.D. only,03 - Rear end,0
14-6715,CARLING AVE @ RICHMOND RD,360245.17203,5024782.27276,-75.79227279860,45.36079206550,2014-07-03,12:10:00 PM,01 - Clear,01 - Daylight,01 - Dry,01 - Traffic signal,01 - Functioning,03 - P.D. only,02 - Angle,0
14-6716,AIRPORT PKWY btwn AIRPORT PKWY/HUNT CLUB RAMP 42 & WALKLEY RD NB RAMP,370449.11866,5024550.11072,-75.66206876750,45.35782188650,2014-07-03,2:10:00 PM,01 - Clear,01 - Daylight,01 - Dry,10 - No control,,03 - P.D. only,05 - Turning movement,0
14-6717,HELENE-CAMPBELL RD btwn HIBISCUS WAY & PEERLESS ST,361315.63000,5015173.54400,-75.77970634670,45.27424714470,2014-07-03,2:37:00 PM,01 - Clear,01 - Daylight,01 - Dry,10 - No control,,03 - P.D. only,07 - SMV other,0
14-6718,PARENT AVE btwn ST. ANDREW ST & GUIGUES AVE,367771.62979,5032635.94098,-75.69520814320,45.43082146580,2014-07-03,2:50:00 PM,01 - Clear,01 - Daylight,01 - Dry,10 - No control,,03 - P.D. only,04 - Sideswipe,0
14-6719,HERON RD EB btwn RIVERSIDE DR & BRONSON AVE RAMP 35,368234.37504,5026644.37750,-75.69006550070,45.37686944010,2014-07-03,2:56:00 PM,01 - Clear,01 - Daylight,01 - Dry,10 - No control,,03 - P.D. only,07 - SMV other,0
14-6720,REGIONAL ROAD 174 btwn OR174 IC101 RAMP36 & OR174 IC101 RAMP26,382635.10764,5038855.96978,-75.50429100880,45.48528772160,2014-07-03,3:37:00 PM,01 - Clear,01 - Daylight,01 - Dry,10 - No control,,02 - Non-fatal injury,07 - SMV other,0
14-6721,TERRY FOX DR @ PALLADIUM DR/KATIMAVIK RD,351270.19193,5018179.87947,-75.90744658350,45.30203466290,2014-07-03,3:39:00 PM,01 - Clear,01 - Daylight,01 - Dry,01 - Traffic signal,01 - Functioning,03 - P.D. only,03 - Rear end,0
14-6722,ADELINE ST @ PRESTON ST,366778.27860,5029049.60663,-75.70835318410,45.39864141020,2014-07-03,3:57:00 PM,01 - Clear,01 - Daylight,01 - Dry,02 - Stop sign,01 - Functioning,03 - P.D. only,03 - Rear end,0
14-6723,BAYSHORE DR @ RICHMOND RD,359373.19217,5023368.27241,-75.80355839300,45.34813731220,2014-07-03,3:54:00 PM,01 - Clear,01 - Daylight,01 - Dry,01 - Traffic signal,01 - Functioning,03 - P.D. only,03 - Rear end,0
14-6724,JASMINE CRES btwn OGILVIE RD & BEAVERHILL DR,375425.55688,5034059.75212,-75.59719648040,45.44290104220,2014-07-03,4:10:00 PM,01 - Clear,01 - Daylight,01 - Dry,10 - No control,,02 - Non-fatal injury,07 - SMV other,1
14-6725,ST. JOSEPH BLVD @ JEANNE D'ARC BLVD,379860.26857,5036471.58090,-75.54014744020,45.46413876610,2014-07-03,3:45:00 PM,01 - Clear,01 - Daylight,01 - Dry,11 - Roundabout,01 - Functioning,03 - P.D. only,04 - Sideswipe,0
14-6726,BLACKBURN BYPASS EB btwn 1700 W OF NAVAN RD & NAVAN RD,378764.71472,5032723.10699,-75.55471871440,45.43052951430,2014-07-03,4:45:00 PM,02 - Rain,01 - Daylight,02 - Wet,10 - No control,,03 - P.D. only,07 - SMV other,0
14-6727,DWYER HILL RD @ GOLF CLUB WAY,341462.88900,5006731.92000,-76.03334167210,45.19960018140,2014-07-03,4:51:00 PM,01 - Clear,01 - Daylight,02 - Wet,02 - Stop sign,00 - Unknown,03 - P.D. only,03 - Rear end,0
14-6728,JOCKVALE RD @ STRANDHERD DR,363560.95443,5014579.73293,-75.75116228850,45.26871996750,2014-07-03,4:50:00 PM,02 - Rain,01 - Daylight,02 - Wet,01 - Traffic signal,01 - Functioning,03 - P.D. only,05 - Turning movement,0
14-6729,MERIVALE RD @ 110 S OF BURRIS LANE/LOBLAWS SC,364814.81488,5024953.22900,-75.73392809570,45.36195400840,2014-07-03,4:52:00 PM,01 - Clear,01 - Daylight,01 - Dry,01 - Traffic signal,01 - Functioning,03 - P.D. only,02 - Angle,0
14-6730,KANATA AVE/CASTLEFRANK RD @ AIRD PL,351811.59034,5019069.58225,-75.90045906260,45.31000440680,2014-07-03,5:23:00 PM,01 - Clear,01 - Daylight,01 - Dry,01 - Traffic signal,01 - Functioning,03 - P.D. only,03 - Rear end,0
14-6731,DONALD B. MUNRO DR btwn GRANTS SIDE RD & LOMAR RD,332358.78429,5024623.66853,-76.14822592570,45.36101578850,2014-07-03,5:20:00 PM,01 - Clear,01 - Daylight,02 - Wet,10 - No control,,03 - P.D. only,07 - SMV other,0
14-6732,REGIONAL ROAD 174 EB btwn HWY417 IC113 RAMP65 & OR174 BLAIR IC112 RAMP51,374765.79621,5032792.97156,-75.60580918660,45.43156960790,2014-07-03,5:00:00 PM,01 - Clear,01 - Daylight,01 - Dry,10 - No control,,03 - P.D. only,03 - Rear end,0
14-6733,BANK ST @ SOMERSET ST,367694.22897,5030915.56450,-75.69641689170,45.41534905070,2014-07-03,5:10:00 PM,01 - Clear,01 - Daylight,01 - Dry,01 - Traffic signal,00 - Unknown,03 - P.D. only,04 - Sideswipe,0
14-6734,BRONSON AVE @ SUNNYSIDE AVE/UNIVERSITY RD - CA,367924.13190,5028090.59923,-75.69384137760,45.38991016790,2014-06-30,9:00:00 PM,01 - Clear,05 - Dusk,01 - Dry,01 - Traffic signal,01 - Functioning,03 - P.D. only,03 - Rear end,0
14-6735,ST. PATRICK ST btwn PARENT AVE & DALHOUSIE ST,367934.47785,5032629.20669,-75.69312797800,45.43074619080,2014-07-03,6:30:00 PM,01 - Clear,01 - Daylight,01 - Dry,10 - No control,,03 - P.D. only,03 - Rear end,0
14-6736,PRINCE OF WALES DR @ WEST HUNT CLUB RD,367458.20333,5021891.75679,-75.70057710570,45.33417621810,2014-06-25,8:55:00 AM,01 - Clear,01 - Daylight,01 - Dry,01 - Traffic signal,01 - Functioning,03 - P.D. only,03 - Rear end,0
14-6737,NORTH BLUFF DR/OWLS CABIN AVE @ SPRATT RD,369300.81008,5016556.92727,-75.67776504350,45.28600750040,2014-07-03,7:49:00 PM,01 - Clear,01 - Daylight,01 - Dry,02 - Stop sign,01 - Functioning,03 - P.D. only,02 - Angle,0
14-6738,REGIONAL ROAD 174 EB btwn HWY417 IC113 RAMP65 & OR174 BLAIR IC112 RAMP51,374778.11848,5032801.50237,-75.60565050960,45.43164513050,2014-07-03,5:30:00 PM,01 - Clear,01 - Daylight,01 - Dry,10 - No control,,03 - P.D. only,03 - Rear end,0
14-6739,RUSSELL RD btwn HAIG DR & CUBA AVE,372823.24033,5029560.80576,-75.63107908490,45.40267974760,2014-07-03,8:59:00 PM,01 - Clear,05 - Dusk,01 - Dry,10 - No control,,03 - P.D. only,07 - SMV other,0
14-6740,HEMMINGWOOD WAY @ WESTPOINTE CRES E,362256.06067,5023165.46407,-75.76679487180,45.34608221460,2014-07-03,11:00:00 PM,01 - Clear,07 - Dark,01 - Dry,02 - Stop sign,01 - Functioning,03 - P.D. only,06 - SMV unattended vehicle,0
14-6741,ELGIN ST btwn ALBERT ST & SLATER ST (1),367857.82060,5031697.36339,-75.69422687990,45.42236869770,2014-07-04,2:11:00 AM,01 - Clear,07 - Dark,01 - Dry,10 - No control,,03 - P.D. only,04 - Sideswipe,0
14-6742,KING EDWARD AVE @ ST. ANDREW ST,368161.20697,5032969.34326,-75.69018685270,45.43378611350,2014-07-04,7:24:00 AM,01 - Clear,01 - Daylight,01 - Dry,01 - Traffic signal,01 - Functioning,03 - P.D. only,03 - Rear end,0
14-6743,CATHERINE ST @ METCALFE ST,368393.19973,5030487.32356,-75.68754247870,45.41143270750,2014-07-04,9:00:00 AM,01 - Clear,01 - Daylight,01 - Dry,01 - Traffic signal,01 - Functioning,02 - Non-fatal injury,07 - SMV other,1
14-6744,TERRY FOX DR btwn COPE DR & TRANS CANADA TRAIL,353283.59355,5015954.31237,-75.88199219010,45.28187240130,2014-07-04,9:18:00 AM,01 - Clear,01 - Daylight,01 - Dry,10 - No control,,03 - P.D. only,03 - Rear end,0
14-6745,LEEDS AVE btwn SHEFFIELD RD & END,374877.43154,5029561.92721,-75.60484210120,45.40248721910,2014-07-04,9:30:00 AM,01 - Clear,01 - Daylight,01 - Dry,10 - No control,,03 - P.D. only,06 - SMV unattended vehicle,0
14-6746,CYRVILLE RD @ INNES RD,375049.14650,5031119.56420,-75.60242694700,45.41648480500,2014-07-04,10:15:00 AM,01 - Clear,01 - Daylight,01 - Dry,01 - Traffic signal,01 - Functioning,02 - Non-fatal injury,03 - Rear end,0
14-6747,PINEWOOD CRES btwn RICHMOND RD & HARWOOD AVE,360145.27290,5024467.33650,-75.79358312330,45.35796617110,2014-07-02,7:30:00 PM,01 - Clear,01 - Daylight,01 - Dry,10 - No control,,03 - P.D. only,06 - SMV unattended vehicle,0
14-6748,FLEWELLYN RD btwn CONLEY RD & NO NAME,348748.31127,5008378.57255,-75.94046903740,45.21400100750,2014-07-04,10:28:00 AM,01 - Clear,01 - Daylight,01 - Dry,10 - No control,,03 - P.D. only,07 - SMV other,0
14-6749,TRIM RD btwn WALL RD & NAVAN RD,388015.79165,5033727.50466,-75.43633801050,45.43852652720,2014-07-04,10:55:00 AM,01 - Clear,01 - Daylight,01 - Dry,10 - No control,,02 - Non-fatal injury,02 - Angle,0
14-6750,STITTSVILLE MAIN ST @ HAZELDEAN RD,349558.90507,5014878.97049,-75.92956432910,45.27244313250,2014-07-04,11:24:00 AM,01 - Clear,01 - Daylight,01 - Dry,01 - Traffic signal,01 - Functioning,02 - Non-fatal injury,05 - Turning movement,0
14-6751,CASTLEFRANK RD @ HAZELDEAN RD,352678.35203,5017674.87327,-75.88954054570,45.29739593220,2014-07-04,11:32:00 AM,01 - Clear,01 - Daylight,01 - Dry,01 - Traffic signal,01 - Functioning,03 - P.D. only,05 - Turning movement,0
14-6752,STITTSVILLE MAIN ST @ HAZELDEAN RD,349558.39810,5014878.71700,-75.92957081310,45.27244088370,2014-07-04,12:45:00 PM,01 - Clear,01 - Daylight,01 - Dry,01 - Traffic signal,00 - Unknown,03 - P.D. only,04 - Sideswipe,0
14-6753,ALBERT ST @ PRESTON ST,366160.37902,5030465.95569,-75.71606859830,45.41143977940,2014-06-05,10:30:00 PM,01 - Clear,07 - Dark,01 - Dry,01 - Traffic signal,01 - Functioning,03 - P.D. only,03 - Rear end,0
14-6754,HUNT CLUB RD btwn TURN LANE & RIVERSIDE DR,368020.11532,5021942.65490,-75.69340217660,45.33458378880,2014-07-04,12:30:00 PM,01 - Clear,01 - Daylight,01 - Dry,10 - No control,,03 - P.D. only,03 - Rear end,0
14-6755,STITTSVILLE MAIN ST @ HAZELDEAN RD,349556.97630,5014879.66487,-75.92958884710,45.27244950370,2014-07-04,1:40:00 PM,01 - Clear,01 - Daylight,01 - Dry,01 - Traffic signal,01 - Functioning,03 - P.D. only,04 - Sideswipe,0
14-6756,WELLINGTON ST btwn LYON ST N & KENT ST,367092.12112,5031524.29213,-75.70403216220,45.42088005630,2014-07-04,2:58:00 PM,01 - Clear,01 - Daylight,01 - Dry,10 - No control,,03 - P.D. only,04 - Sideswipe,0
14-6757,TENTH LINE RD @ CHARLEMAGNE BLVD S/DES EPINETT,383640.97510,5036900.45590,-75.49173924100,45.46758093120,2014-07-04,3:16:00 PM,01 - Clear,01 - Daylight,01 - Dry,01 - Traffic signal,01 - Functioning,03 - P.D. only,03 - Rear end,0
14-6758,TERRY FOX DR @ PALLADIUM DR/KATIMAVIK RD,351270.19193,5018182.72307,-75.90744631690,45.30206025040,2014-07-02,11:30:00 PM,01 - Clear,07 - Dark,01 - Dry,01 - Traffic signal,01 - Functioning,03 - P.D. only,05 - Turning movement,0
14-6759,SUSSEX DR btwn 151 W OF KING EDWARD AVE/L.B. PEARSON BUILDING & RAMP,367620.21270,5033403.94776,-75.69704510070,45.43774534280,2014-07-04,4:28:00 PM,01 - Clear,01 - Daylight,08 - Loose sand or gravel,10 - No control,,03 - P.D. only,03 - Rear end,0
14-6760,THURSTON DR btwn CONROY RD & THOMAS SPRATT PL,373779.94106,5027134.23256,-75.61919896870,45.38075293970,2014-07-02,4:45:00 PM,01 - Clear,01 - Daylight,01 - Dry,10 - No control,,03 - P.D. only,05 - Turning movement,0
14-6761,RICHMOND RD btwn STONEHAVEN DR & HOPE SIDE RD,356939.84039,5015511.97518,-75.83543646530,45.27763049600,2014-07-03,10:45:00 AM,01 - Clear,01 - Daylight,01 - Dry,10 - No control,,02 - Non-fatal injury,04 - Sideswipe,0
14-6762,EAGLESON RD btwn FALLOWFIELD RD & AKINS RD,356146.98897,5012145.33894,-75.84588929210,45.24739510210,2014-07-04,5:11:00 PM,01 - Clear,01 - Daylight,01 - Dry,10 - No control,,02 - Non-fatal injury,03 - Rear end,0
14-6763,TRIM RD btwn ST. JOSEPH BLVD & WATTERS RD,384725.57616,5039200.06466,-75.47749681540,45.48814732710,2014-07-04,5:40:00 PM,01 - Clear,01 - Daylight,01 - Dry,10 - No control,,03 - P.D. only,03 - Rear end,0
14-6764,BASELINE RD btwn NAVAHO DR & DEERFIELD DR,363213.17885,5024179.02289,-75.75446224920,45.35512306900,2014-07-04,5:53:00 PM,01 - Clear,01 - Daylight,01 - Dry,10 - No control,,03 - P.D. only,03 - Rear end,0
14-6765,BEECH ST @ LORETTA AVE,366383.17443,5029141.56330,-75.71338787790,45.39950367740,2014-07-04,5:56:00 PM,01 - Clear,01 - Daylight,01 - Dry,02 - Stop sign,01 - Functioning,03 - P.D. only,02 - Angle,0
14-6766,EARL ARMSTRONG RD @ SPRATT RD,368396.70910,5015012.18956,-75.68948698100,45.27219051700,2014-07-04,6:09:00 PM,01 - Clear,01 - Daylight,01 - Dry,01 - Traffic signal,01 - Functioning,02 - Non-fatal injury,05 - Turning movement,0
14-6767,ALTA VISTA DR @ BANK ST,370249.03296,5026201.22133,-75.66440364430,45.37269677390,2014-07-04,7:22:00 PM,01 - Clear,01 - Daylight,01 - Dry,01 - Traffic signal,01 - Functioning,02 - Non-fatal injury,04 - Sideswipe,0
14-6768,LISGAR ST btwn BANK ST & O'CONNOR ST,367618.45788,5031075.94331,-75.69736445970,45.41679889480,2014-07-04,8:18:00 PM,01 - Clear,01 - Daylight,01 - Dry,10 - No control,,03 - P.D. only,06 - SMV unattended vehicle,0
14-6769,KINGSDALE AVE btwn BANK ST & SIXTH ST,373312.81953,5023526.11112,-75.62566318930,45.34833434600,2014-07-04,8:55:00 PM,01 - Clear,05 - Dusk,01 - Dry,10 - No control,,03 - P.D. only,05 - Turning movement,0
14-6770,HUNT CLUB RD @ RIVERSIDE DR,368038.12480,5021945.49850,-75.69317206080,45.33460775220,2014-07-04,3:30:00 PM,01 - Clear,01 - Daylight,01 - Dry,01 - Traffic signal,00 - Unknown,03 - P.D. only,03 - Rear end,0
14-6771,WELLINGTON ST    W btwn SHERBROOKE AVE & PINHEY ST,365443.45046,5029532.02826,-75.72534200240,45.40309901940,2014-07-04,10:28:00 PM,01 - Clear,07 - Dark,01 - Dry,10 - No control,,02 - Non-fatal injury,04 - Sideswipe,0
14-6772,BANK ST @ CATHERINE ST,368038.69146,5030268.83943,-75.69209919880,45.40949898070,2014-07-05,1:36:00 AM,01 - Clear,07 - Dark,01 - Dry,01 - Traffic signal,01 - Functioning,03 - P.D. only,02 - Angle,0
14-6773,LEIKIN DR btwn HOLITZNER WAY & CRESTWAY DR,366806.84775,5017373.56913,-75.70945207190,45.29358000820,2014-07-05,12:14:00 AM,01 - Clear,07 - Dark,01 - Dry,10 - No control,,03 - P.D. only,07 - SMV other,0
14-6774,BROPHY DR @ MOODIE DR,362748.08190,5006863.34240,-75.76241925420,45.19935449810,2014-07-05,7:42:00 AM,01 - Clear,01 - Daylight,01 - Dry,02 - Stop sign,01 - Functioning,03 - P.D. only,07 - SMV other,0
14-6775,GLADSTONE AVE btwn BAY ST & LYON ST N,367568.35361,5030351.12577,-75.69809689110,45.41028170890,2014-07-05,9:03:00 AM,01 - Clear,01 - Daylight,01 - Dry,10 - No control,,03 - P.D. only,06 - SMV unattended vehicle,0
14-6776,HOG'S BACK RD btwn COLONEL BY DR & RIVERSIDE DR,367867.43755,5026063.78171,-75.69482425700,45.37167851210,2014-07-05,9:23:00 AM,01 - Clear,01 - Daylight,01 - Dry,10 - No control,,03 - P.D. only,05 - Turning movement,0