Record,Location,X,Y,Longitude,Latitude,Date,Time,Environment,Light,Road_Surface,Traffic_Control,Collision_Location,Collision_Classification,Impact_type,Pedestrian
14-6883,SUNNYSIDE AVE btwn CARRAWAY PRIV & SENECA ST,368083.44560,5028190.81516,-75.69179413280,45.39079750520,2014-07-08,4:30:00 PM,01 - Clear,01 - Daylight,01 - Dry,10 - No control,,03 - P.D. only,06 - SMV unattended vehicle,0
14-6884,INNES RD @ JEANNE D'ARC BLVD/MER BLEUE RD,382638.22753,5035565.65797,-75.50477229060,45.45568403900,2014-07-08,7:14:00 PM,02 - Rain,01 - Daylight,02 - Wet,01 - Traffic signal,01 - Functioning,03 - P.D. only,05 - Turning movement,0
14-6885,O'CONNOR ST btwn SLATER ST & LAURIER AVE W,367586.81390,5031438.25393,-75.69772257010,45.42006169010,2014-06-28,12:00:00 AM,01 - Clear,00 - Unknown,01 - Dry,10 - No control,,03 - P.D. only,06 - SMV unattended vehicle,0
14-6886,BLAIR RD btwn BEAVERPOND DR & INNES RD,375503.37945,5031624.38922,-75.59655149900,45.42098118820,2014-07-08,8:29:00 PM,02 - Rain,05 - Dusk,02 - Wet,10 - No control,,03 - P.D. only,03 - Rear end,0
14-6887,TENTH LINE RD @ CHARLEMAGNE BLVD N/TOMPKINS AV,383183.45597,5037978.82977,-75.49741730770,45.47733466070,2014-07-08,8:40:00 PM,02 - Rain,05 - Dusk,02 - Wet,01 - Traffic signal,01 - Functioning,03 - P.D. only,03 - Rear end,0
14-6888,KENT ST @ LAURIER AVE,367316.22507,5031164.58860,-75.70121448340,45.41762356680,2014-07-08,8:44:00 PM,01 - Clear,05 - Dusk,02 - Wet,01 - Traffic signal,01 - Functioning,02 - Non-fatal injury,05 - Turning movement,0
14-6889,GREENFIELD AVE btwn HAVELOCK ST & MONTCALM ST,368993.10353,5030956.75519,-75.67981783980,45.41560171800,2014-07-08,10:31:00 PM,01 - Clear,07 - Dark,02 - Wet,10 - No control,,02 - Non-fatal injury,06 - SMV unattended vehicle,0
14-6890,CEDARVIEW RD btwn BRUIN RD & HWY416 IC72 RAMP62,359287.37212,5020487.92634,-75.80497063940,45.32222653720,2014-07-09,7:14:00 AM,01 - Clear,01 - Daylight,01 - Dry,10 - No control,,03 - P.D. only,04 - Sideswipe,0
14-6891,MITCH OWENS RD/BRIDGE ST @ RIVER RD,369506.08015,5010766.44478,-75.67590270660,45.23388655690,2014-07-09,7:22:00 AM,01 - Clear,01 - Daylight,01 - Dry,01 - Traffic signal,01 - Functioning,02 - Non-fatal injury,03 - Rear end,0
14-6892,LEES AVE / GRAHAM AVE @ MAIN ST,369001.67537,5030560.44438,-75.67975995470,45.41203506650,2014-07-09,7:20:00 AM,01 - Clear,01 - Daylight,01 - Dry,01 - Traffic signal,01 - Functioning,03 - P.D. only,03 - Rear end,0
14-6893,CAMPEAU DR/HWY 417 MARCH IC138R63 @ MARCH RD,352839.25523,5020474.57097,-75.88721770220,45.32257724610,2014-07-09,8:20:00 AM,01 - Clear,01 - Daylight,01 - Dry,01 - Traffic signal,01 - Functioning,03 - P.D. only,04 - Sideswipe,0
14-6894,CLOVER ST @ HERON RD,369292.24177,5026765.49167,-75.67654415720,45.37786261770,2014-07-09,9:07:00 AM,01 - Clear,01 - Daylight,01 - Dry,01 - Traffic signal,00 - Unknown,03 - P.D. only,03 - Rear end,0
14-6895,ROBERTSON RD btwn FITZGERALD RD & MOODIE DR,356800.95001,5020298.77727,-75.83670458630,45.32071314230,2014-07-09,9:00:00 AM,01 - Clear,01 - Daylight,01 - Dry,10 - No control,,03 - P.D. only,04 - Sideswipe,0
14-6896,VANIER PKWY/CRICHTON ST @ BEECHWOOD AVE/ST. PA,369127.89344,5033487.19113,-75.67776533390,45.43835724730,2014-07-09,9:05:00 AM,01 - Clear,01 - Daylight,01 - Dry,01 - Traffic signal,01 - Functioning,03 - P.D. only,03 - Rear end,0
14-6897,AGES DR @ HAWTHORNE RD,374972.21513,5027716.58793,-75.60389396310,45.38587428450,2014-07-09,10:49:00 AM,01 - Clear,01 - Daylight,01 - Dry,01 - Traffic signal,01 - Functioning,03 - P.D. only,05 - Turning movement,0
14-6898,BRISTOL AVE @ SOUTHERN DR,369204.24047,5028952.44053,-75.67738227900,45.39754818690,2014-07-08,6:00:00 PM,02 - Rain,01 - Daylight,02 - Wet,02 - Stop sign,01 - Functioning,03 - P.D. only,02 - Angle,0
14-6899,MEADOWLANDS DR    W btwn WOODROFFE AVE & TURN LANE,363074.72573,5022740.63048,-75.75639869570,45.34219205630,2014-07-09,12:28:00 PM,01 - Clear,01 - Daylight,01 - Dry,10 - No control,,03 - P.D. only,02 - Angle,0
14-6900,KINTYRE PRIV @ MEADOWLANDS DR,366823.52851,5025203.34783,-75.70825847140,45.36402968270,2014-07-09,1:07:00 PM,01 - Clear,01 - Daylight,01 - Dry,10 - No control,,03 - P.D. only,03 - Rear end,0
14-6901,SHORE ST @ TRIOLE ST,372942.15460,5030713.51277,-75.62940094190,45.41303971060,2014-07-09,1:35:00 PM,01 - Clear,01 - Daylight,01 - Dry,10 - No control,,03 - P.D. only,06 - SMV unattended vehicle,0
14-6902,JERSEY ST btwn LIBERTY WAY & LIBERTY WAY,385622.65977,5037495.61426,-75.46630260640,45.47270908810,2014-07-08,9:00:00 PM,01 - Clear,05 - Dusk,01 - Dry,10 - No control,,03 - P.D. only,06 - SMV unattended vehicle,0
14-6903,JEANNE D'ARC BLVD @ ORLEANS BLVD S,380940.74450,5036251.34006,-75.52636668170,45.46204028490,2014-07-09,3:23:00 PM,01 - Clear,01 - Daylight,01 - Dry,01 - Traffic signal,01 - Functioning,03 - P.D. only,05 - Turning movement,0
14-6904,BROME CRES btwn BEAUCOURT PL & PRINCESS LOUISE DR (2),383992.61870,5038548.79284,-75.48697723660,45.48237134740,2014-07-09,9:45:00 AM,01 - Clear,01 - Daylight,01 - Dry,10 - No control,,03 - P.D. only,06 - SMV unattended vehicle,0
14-6905,WEST HUNT CLUB RD @ WOODROFFE AVE,363670.69100,5021246.74249,-75.74897238000,45.32870040980,2014-07-07,4:00:00 PM,01 - Clear,01 - Daylight,01 - Dry,01 - Traffic signal,00 - Unknown,03 - P.D. only,04 - Sideswipe,0
14-6906,CYRVILLE RD btwn STAR TOP RD & MEADOWBROOK RD,374604.49593,5031251.08691,-75.60808892030,45.41771267760,2014-07-09,4:26:00 PM,01 - Clear,01 - Daylight,01 - Dry,10 - No control,,03 - P.D. only,02 - Angle,0
14-6907,BANK ST btwn ROSEBELLA AVE & KINGSDALE AVE,373211.31978,5023544.17636,-75.62695584300,45.34850679850,2014-07-09,4:45:00 PM,01 - Clear,01 - Daylight,01 - Dry,10 - No control,,03 - P.D. only,03 - Rear end,0
14-6908,PRINCE OF WALES DR btwn RIDEAU GLEN DR & FALLOWFIELD RD,367467.70686,5018608.96473,-75.70087121650,45.30463731930,2014-07-09,4:56:00 PM,01 - Clear,01 - Daylight,01 - Dry,10 - No control,,03 - P.D. only,02 - Angle,0
14-6909,KATIMAVIK RD btwn BEAUFORT DR & PEARY WAY,352621.11136,5019681.04015,-75.89007677040,45.31545178340,2014-07-09,5:31:00 PM,01 - Clear,01 - Daylight,01 - Dry,10 - No control,,03 - P.D. only,07 - SMV other,0
14-6910,COLONNADE RD @ PRINCE OF WALES DR,367394.23767,5023265.56823,-75.70121932270,45.34654322350,2014-07-09,5:31:00 PM,01 - Clear,01 - Daylight,01 - Dry,01 - Traffic signal,01 - Functioning,03 - P.D. only,04 - Sideswipe,0
14-6911,PARKDALE AVE btwn COLOMBINE DRWY & BURNSIDE AVE,364759.78074,5030170.33668,-75.73399677140,45.40890126940,2014-07-09,6:07:00 PM,01 - Clear,01 - Daylight,01 - Dry,10 - No control,,02 - Non-fatal injury,07 - SMV other,0
14-6912,JEANNE D'ARC BLVD @ ORLEANS BLVD S,380939.59554,5036251.09089,-75.52638141070,45.46203816800,2014-07-09,7:12:00 PM,01 - Clear,01 - Daylight,01 - Dry,01 - Traffic signal,01 - Functioning,03 - P.D. only,03 - Rear end,0
14-6913,INNES RD @ ORLEANS BLVD,380459.27995,5034297.00906,-75.53282304940,45.44450903860,2014-07-09,7:26:00 PM,01 - Clear,01 - Daylight,01 - Dry,01 - Traffic signal,01 - Functioning,03 - P.D. only,05 - Turning movement,0
14-6914,FISHER AVE @ DEER PARK RD/DYNES RD,366408.18343,5025456.47527,-75.71352836180,45.36634390030,2014-07-08,5:20:00 PM,02 - Rain,01 - Daylight,02 - Wet,01 - Traffic signal,01 - Functioning,03 - P.D. only,03 - Rear end,0
14-6915,FRANKTOWN RD btwn SILVER FOX WAY & SKEEL CRT,347488.68539,4997925.89962,-75.95739905180,45.12001947200,2014-07-09,8:46:00 PM,01 - Clear,05 - Dusk,01 - Dry,10 - No control,,03 - P.D. only,07 - SMV other,0
14-6916,BASELINE RD @ GREENBANK RD,360597.68430,5022585.76763,-75.78802137470,45.34099999870,2014-07-09,9:50:00 PM,01 - Clear,07 - Dark,01 - Dry,01 - Traffic signal,01 - Functioning,03 - P.D. only,03 - Rear end,0
14-6917,SPENCER ST btwn HINTON AVE N & HAMILTON AVE N,364918.85599,5029407.66236,-75.73205771330,45.40202525150,2014-07-09,10:29:00 PM,01 - Clear,07 - Dark,01 - Dry,10 - No control,,03 - P.D. only,06 - SMV unattended vehicle,0
14-6918,NICHOLAS ST SB btwn Continuation of WALLER ST & HWY417 IC118 RAMP35,369070.50290,5031307.33870,-75.67878330010,45.41874903730,2014-07-10,5:44:00 AM,01 - Clear,03 - Dawn,01 - Dry,10 - No control,,02 - Non-fatal injury,04 - Sideswipe,0
14-6919,BEAUSEJOUR DR btwn BARRINGTON ST & GREYWOOD DR,381344.55758,5036015.10822,-75.52124054420,45.45987073590,2014-07-10,6:19:00 AM,01 - Clear,01 - Daylight,01 - Dry,10 - No control,,02 - Non-fatal injury,02 - Angle,0
14-6920,CASTLEFRANK RD @ KATIMAVIK RD,351951.87470,5018943.51590,-75.89868210330,45.30886062630,2014-07-10,6:49:00 AM,01 - Clear,01 - Daylight,01 - Dry,01 - Traffic signal,01 - Functioning,02 - Non-fatal injury,02 - Angle,0
14-6921,BELFAST RD btwn TRAINYARDS DR & ST. LAURENT BLVD,372300.70784,5030686.37151,-75.63759898520,45.41285767210,2014-07-10,8:15:00 AM,01 - Clear,01 - Daylight,01 - Dry,10 - No control,,02 - Non-fatal injury,07 - SMV other,0
14-6922,QUEEN ST btwn KENT ST & BANK ST,367264.19624,5031440.98633,-75.70184416510,45.42011515410,2014-07-10,8:50:00 AM,01 - Clear,01 - Daylight,01 - Dry,10 - No control,,03 - P.D. only,05 - Turning movement,0
14-6923,BEAUDRY ST @ DONALD ST,370836.18623,5032326.68527,-75.65608805510,45.42775626480,2014-07-10,10:46:00 AM,01 - Clear,01 - Daylight,01 - Dry,02 - Stop sign,01 - Functioning,02 - Non-fatal injury,02 - Angle,0
14-6924,BANK ST @ KILBORN AVE/BELANGER AVE,369655.14170,5027428.49567,-75.67182393660,45.38379461920,2014-07-10,10:45:00 AM,01 - Clear,01 - Daylight,01 - Dry,01 - Traffic signal,01 - Functioning,03 - P.D. only,03 - Rear end,0
14-6925,ELM CRES N @ STITTSVILLE MAIN ST,350442.34635,5013103.18177,-75.91846894410,45.25640718960,2014-07-10,11:51:00 AM,01 - Clear,01 - Daylight,01 - Dry,02 - Stop sign,00 - Unknown,03 - P.D. only,03 - Rear end,0
14-6926,PINEWOOD CRES btwn HARWOOD AVE & HENLEY ST,360296.06356,5024119.68826,-75.79169763410,45.35482612250,2014-07-10,11:20:00 AM,01 - Clear,01 - Daylight,01 - Dry,10 - No control,,03 - P.D. only,06 - SMV unattended vehicle,0
14-6927,SCOTT ST btwn HURON AVE N & TUNNEY'S PASTURE DRWY,364723.95292,5029588.92203,-75.73452510410,45.40367289700,2014-07-10,12:18:00 PM,01 - Clear,01 - Daylight,01 - Dry,10 - No control,,03 - P.D. only,99 - Other,0
14-6928,MANOTICK STATION RD @ MITCH OWENS RD,373509.21903,5013267.48293,-75.62457889580,45.25601113250,2014-07-10,12:41:00 PM,01 - Clear,01 - Daylight,01 - Dry,02 - Stop sign,01 - Functioning,03 - P.D. only,03 - Rear end,0
14-6929,MONTREAL RD @ GRANVILLE ST/LAFONTAINE AVE,370826.71340,5033475.82617,-75.65605499870,45.43809662750,2014-07-10,1:15:00 PM,01 - Clear,01 - Daylight,01 - Dry,01 - Traffic signal,01 - Functioning,02 - Non-fatal injury,03 - Rear end,0
14-6930,GREENBANK RD @ LISA AVE,360554.20117,5022893.49210,-75.78854149510,45.34377235770,2014-07-10,8:50:00 AM,01 - Clear,01 - Daylight,01 - Dry,01 - Traffic signal,00 - Unknown,03 - P.D. only,03 - Rear end,0
14-6931,BANK ST btwn FOXBAR AVE & ST. PAUL AVE,370504.04983,5025569.68646,-75.66123215870,45.36699056500,2014-07-10,1:45:00 PM,01 - Clear,01 - Daylight,01 - Dry,10 - No control,,03 - P.D. only,03 - Rear end,0
14-6932,PRINCE OF WALES DR btwn 187 N OF MEADOWLANDS DR & MEADOWLANDS DR/HOG'S,367332.80001,5025808.11653,-75.70168161810,45.36942600710,2014-07-10,1:45:00 PM,01 - Clear,01 - Daylight,01 - Dry,10 - No control,,03 - P.D. only,05 - Turning movement,0
14-6933,AUTUMNFIELD ST btwn COLDWATER CRES & CROWNRIDGE DR,355767.45000,5015077.17200,-75.85042317320,45.27380401200,2014-07-10,2:14:00 PM,01 - Clear,01 - Daylight,01 - Dry,10 - No control,,03 - P.D. only,06 - SMV unattended vehicle,0
14-6934,MERIVALE RD @ WOODFIELD DR/ROYDON PL,365463.20807,5022298.75239,-75.72597793130,45.33801361840,2014-06-27,9:00:00 AM,01 - Clear,01 - Daylight,01 - Dry,01 - Traffic signal,00 - Unknown,03 - P.D. only,03 - Rear end,0
14-6935,HOLLAND AVE btwn SCOTT ST & SPENCER ST,364762.30177,5029533.66403,-75.73404199440,45.40317241360,2014-07-10,3:31:00 PM,01 - Clear,01 - Daylight,01 - Dry,10 - No control,,03 - P.D. only,05 - Turning movement,0
14-6936,BANTREE ST @ NEWMARKET ST,373673.90790,5030481.19890,-75.62008546610,45.41087782700,2014-07-10,4:13:00 PM,01 - Clear,01 - Daylight,01 - Dry,02 - Stop sign,01 - Functioning,03 - P.D. only,03 - Rear end,0
14-6937,FALLOWFIELD RD btwn STEEPLE HILL CRES & MOODIE DR,359358.40945,5014588.07167,-75.80471364160,45.26913357290,2014-07-10,4:47:00 PM,01 - Clear,01 - Daylight,01 - Dry,10 - No control,,03 - P.D. only,03 - Rear end,0
14-6938,MARCH RD @ SOLANDT RD,350489.60850,5022711.76983,-75.91698136290,45.34286494660,2014-07-10,5:04:00 PM,01 - Clear,01 - Daylight,01 - Dry,01 - Traffic signal,01 - Functioning,02 - Non-fatal injury,03 - Rear end,0
14-6939,DONALD ST btwn NORTH RIVER RD & MARGUERITE AVE,369982.92603,5032233.34216,-75.66700351300,45.42699644020,2014-07-10,5:34:00 PM,01 - Clear,01 - Daylight,01 - Dry,10 - No control,,03 - P.D. only,05 - Turning movement,0
14-6940,JOHNSTON RD btwn BASLAW DR & CELLINI CRT (2),374360.53327,5026537.08407,-75.61187043220,45.37532266260,2014-07-10,5:40:00 PM,01 - Clear,01 - Daylight,01 - Dry,10 - No control,,03 - P.D. only,06 - SMV unattended vehicle,0
14-6941,GILLIGAN RD @ LEITRIM RD,372980.20000,5020083.56600,-75.63038167950,45.31739190600,2014-07-10,5:57:00 PM,01 - Clear,01 - Daylight,01 - Dry,01 - Traffic signal,00 - Unknown,03 - P.D. only,03 - Rear end,0
14-6942,GLADSTONE AVE @ METCALFE ST,368231.21867,5030751.32906,-75.68957774040,45.41382284270,2014-07-10,6:00:00 PM,01 - Clear,01 - Daylight,01 - Dry,01 - Traffic signal,01 - Functioning,03 - P.D. only,02 - Angle,0
14-6943,RICHMOND RD @ LYNHAR RD/STAFFORD RD,358138.02365,5021086.48410,-75.81956595740,45.32770067580,2014-07-03,4:00:00 PM,01 - Clear,01 - Daylight,01 - Dry,01 - Traffic signal,01 - Functioning,03 - P.D. only,03 - Rear end,0
14-6944,CARLING AVE @ HOLLAND AVE,365416.69870,5028039.81423,-75.72586705830,45.38967472800,2014-07-10,6:25:00 PM,01 - Clear,01 - Daylight,01 - Dry,01 - Traffic signal,01 - Functioning,03 - P.D. only,05 - Turning movement,0
14-6945,LONGWOOD AVE @ RICHMOND RD,357580.12303,5020137.35953,-75.82678377140,45.31920254150,2014-07-10,6:49:00 PM,01 - Clear,01 - Daylight,01 - Dry,02 - Stop sign,01 - Functioning,03 - P.D. only,03 - Rear end,0
14-6946,BASELINE RD/HWY 416 RICHMOND IC75R53 @ RICHMON,358636.48676,5021821.04877,-75.81312762080,45.33427227130,2014-07-10,6:51:00 PM,01 - Clear,01 - Daylight,01 - Dry,01 - Traffic signal,01 - Functioning,03 - P.D. only,03 - Rear end,0
14-6947,MARCH RD @ SOLANDT RD,350490.08243,5022711.45027,-75.91697534550,45.34286204080,2014-07-10,5:50:00 PM,01 - Clear,01 - Daylight,01 - Dry,01 - Traffic signal,01 - Functioning,03 - P.D. only,03 - Rear end,0
14-6948,EAGLESON RD @ HAZELDEAN RD/ROBERTSON RD,353675.04670,5018423.51213,-75.87675941610,45.30406371980,2014-07-10,8:22:00 PM,01 - Clear,05 - Dusk,01 - Dry,01 - Traffic signal,01 - Functioning,03 - P.D. only,05 - Turning movement,0
14-6949,BOWESVILLE RD btwn HIGH RD & EARL ARMSTRONG RD,371952.34915,5018902.82111,-75.64365015130,45.30686694650,2014-07-10,11:48:00 PM,01 - Clear,07 - Dark,01 - Dry,10 - No control,,03 - P.D. only,07 - SMV other,0
14-6950,GREENBANK RD btwn LISA AVE & BASELINE RD,360595.65642,5022590.33036,-75.78804673420,45.34104121600,2014-07-11,8:25:00 AM,01 - Clear,01 - Daylight,01 - Dry,10 - No control,,02 - Non-fatal injury,03 - Rear end,0
14-6951,ST. LAURENT BLVD @ MCARTHUR AVE,371921.71900,5032888.33536,-75.64214044310,45.43270640020,2014-07-11,10:19:00 AM,01 - Clear,01 - Daylight,01 - Dry,01 - Traffic signal,01 - Functioning,03 - P.D. only,04 - Sideswipe,0
14-6952,MONTREAL RD btwn PALACE ST & VANIER PKWY,370039.06051,5033048.53049,-75.66617822520,45.43432593720,2014-07-09,3:00:00 PM,01 - Clear,01 - Daylight,01 - Dry,10 - No control,,03 - P.D. only,04 - Sideswipe,0
14-6953,FRANKTOWN RD btwn DWYER HILL RD & MATILDA GT,348437.22552,4998757.83545,-75.94527050190,45.12744782170,2014-07-11,10:25:00 AM,01 - Clear,01 - Daylight,01 - Dry,10 - No control,,03 - P.D. only,03 - Rear end,0
14-6954,RIVER RD btwn OLD MILL WAY & BRIDGE ST,369462.91114,5010789.72007,-75.67644942660,45.23409995190,2014-07-10,5:45:00 PM,01 - Clear,01 - Daylight,01 - Dry,10 - No control,,03 - P.D. only,02 - Angle,0
14-6955,HUNT CLUB RD @ PAUL ANKA DR,369775.35553,5022897.49040,-75.67088477340,45.34301482170,2014-07-11,11:21:00 AM,01 - Clear,01 - Daylight,01 - Dry,01 - Traffic signal,01 - Functioning,02 - Non-fatal injury,02 - Angle,0
14-6956,BASELINE RD btwn MERIVALE RD & FARLANE BLVD,365184.48094,5025405.36281,-75.72915459280,45.36599048910,2014-07-11,11:26:00 AM,01 - Clear,01 - Daylight,01 - Dry,10 - No control,,03 - P.D. only,02 - Angle,0
14-6957,HOLLAND AVE/TUNNEY'S PASTURE @ SCOTT ST,364738.56012,5029596.40982,-75.73433761680,45.40373902000,2014-07-11,11:27:00 AM,01 - Clear,01 - Daylight,01 - Dry,01 - Traffic signal,00 - Unknown,03 - P.D. only,03 - Rear end,0
14-6958,CATHERINE ST @ METCALFE ST,368394.21367,5030486.81659,-75.68752959070,45.41142805350,2014-07-11,11:10:00 AM,01 - Clear,01 - Daylight,01 - Dry,01 - Traffic signal,01 - Functioning,02 - Non-fatal injury,03 - Rear end,0
14-6959,GLEBE AVE btwn BANK ST & O'CONNOR ST,368491.11902,5029940.08263,-75.68636230360,45.40649990870,2014-07-11,9:00:00 AM,01 - Clear,01 - Daylight,01 - Dry,10 - No control,,03 - P.D. only,99 - Other,0
14-6960,BANK ST btwn JOHNSTON RD & SOUTHKEYS SC,370875.05116,5024794.15401,-75.65660022340,45.35997769980,2014-07-11,1:08:00 PM,01 - Clear,01 - Daylight,01 - Dry,10 - No control,,03 - P.D. only,03 - Rear end,0
14-6961,TERRY FOX DR btwn 329 N OF CAMPEAU DR/SIGNATURE CENTRE & CAMPEAU DR,350264.54075,5019037.27840,-75.92019058640,45.30981558470,2014-07-11,1:44:00 PM,01 - Clear,01 - Daylight,01 - Dry,10 - No control,,02 - Non-fatal injury,05 - Turning movement,0
14-6962,MONTREAL RD @ OGILVIE RD,375654.73500,5034556.83959,-75.59419569430,45.44735034420,2014-07-11,1:20:00 PM,01 - Clear,01 - Daylight,01 - Dry,01 - Traffic signal,01 - Functioning,03 - P.D. only,03 - Rear end,0
14-6963,STATION RD btwn MARCH RD & END,350819.46514,5022167.83462,-75.91282306940,45.33794893910,2014-07-11,12:30:00 PM,01 - Clear,01 - Daylight,01 - Dry,10 - No control,,03 - P.D. only,06 - SMV unattended vehicle,0
14-6964,CYRVILLE RD @ INNES RD,375048.19863,5031121.45993,-75.60243878660,45.41650195670,2014-07-11,2:54:00 PM,01 - Clear,01 - Daylight,01 - Dry,01 - Traffic signal,01 - Functioning,03 - P.D. only,03 - Rear end,0
14-6965,BASELINE RD btwn MARSON ST & FISHER AVE,365914.72909,5025867.56946,-75.71977620800,45.37008604590,2014-07-11,3:02:00 PM,01 - Clear,01 - Daylight,01 - Dry,10 - No control,,02 - Non-fatal injury,03 - Rear end,0
14-6966,KELLY AVE @ PINECREST RD,360277.17553,5023954.27286,-75.79195724790,45.35333921300,2014-07-11,3:00:00 PM,01 - Clear,01 - Daylight,01 - Dry,02 - Stop sign,01 - Functioning,02 - Non-fatal injury,02 - Angle,0
14-6967,COLONNADE RD @ MERIVALE RD,365363.69500,5022545.25686,-75.72721736320,45.34024023100,2014-07-11,3:18:00 PM,01 - Clear,01 - Daylight,01 - Dry,01 - Traffic signal,01 - Functioning,03 - P.D. only,03 - Rear end,0
14-6968,WALKLEY RD btwn SPRINGLAND DR & MCCARTHY RD,368725.30505,5024984.71205,-75.68401267180,45.36189160530,2014-07-11,3:25:00 PM,01 - Clear,01 - Daylight,01 - Dry,10 - No control,,03 - P.D. only,02 - Angle,0
14-6969,RIVERSIDE DR btwn RAMP & TURN LANE (1),368378.47998,5027218.70074,-75.68815178960,45.38202397880,2014-07-11,2:48:00 PM,01 - Clear,01 - Daylight,01 - Dry,10 - No control,,02 - Non-fatal injury,03 - Rear end,0
14-6970,BANK ST btwn HOLMWOOD AVE & LANSDOWNE PARK,368492.60847,5029176.70562,-75.68644187400,45.39963115140,2014-06-17,4:30:00 PM,01 - Clear,01 - Daylight,01 - Dry,10 - No control,,03 - P.D. only,01 - Approaching,0
14-6971,ALTA VISTA DR @ BANK ST,370248.57607,5026200.99289,-75.66440950720,45.37269476150,2014-07-11,4:10:00 PM,01 - Clear,01 - Daylight,01 - Dry,01 - Traffic signal,01 - Functioning,03 - P.D. only,03 - Rear end,0
14-6972,MEADOWBREEZE DR btwn BURNSTEAD CRES & GLENRILL PL,356274.09971,5015728.21998,-75.84389886980,45.27962536470,2014-07-11,6:50:00 AM,01 - Clear,01 - Daylight,01 - Dry,10 - No control,,03 - P.D. only,06 - SMV unattended vehicle,0
14-6973,OSGOODE MAIN ST btwn LOGAN FARM DR & DREW HENRY DR,375458.29425,5001333.97134,-75.60144079620,45.14844280200,2014-07-11,4:56:00 PM,01 - Clear,01 - Daylight,01 - Dry,10 - No control,,02 - Non-fatal injury,03 - Rear end,0
14-6974,HAWTHORNE RD btwn DAVIDSON RD & LEITRIM RD,376979.44611,5022849.17277,-75.57897567700,45.34187582780,2014-07-11,5:19:00 PM,01 - Clear,01 - Daylight,01 - Dry,10 - No control,,03 - P.D. only,07 - SMV other,0
14-6975,MARGUERITE AVE @ MCARTHUR AVE,370031.18333,5032668.68827,-75.66632921590,45.43090900860,2014-07-11,5:30:00 PM,01 - Clear,01 - Daylight,01 - Dry,01 - Traffic signal,01 - Functioning,03 - P.D. only,03 - Rear end,0
14-6976,MITCH OWENS RD btwn RAMSAYVILLE RD & 8TH LINE RD,382327.56148,5018745.31131,-75.51138497580,45.30438121430,2014-07-11,5:23:00 PM,01 - Clear,01 - Daylight,01 - Dry,10 - No control,,03 - P.D. only,07 - SMV other,0
14-6977,ISLAND PARK DR @ RICHMOND RD,364130.68670,5028867.81029,-75.74218962670,45.39723500970,2014-07-11,5:48:00 PM,01 - Clear,01 - Daylight,01 - Dry,01 - Traffic signal,01 - Functioning,03 - P.D. only,04 - Sideswipe,0
14-6978,TOROVIN PRIV btwn STONEHENGE CRES & END,374981.18785,5031573.79770,-75.60323044990,45.42057857240,2014-07-11,6:09:00 PM,01 - Clear,01 - Daylight,01 - Dry,10 - No control,,03 - P.D. only,02 - Angle,0
14-6979,RENAUD RD btwn Continuation of RENAUD RD & PERCIFOR WAY,380982.83630,5032225.74175,-75.52645174740,45.42581649510,2014-07-11,6:28:00 PM,01 - Clear,01 - Daylight,01 - Dry,10 - No control,,02 - Non-fatal injury,07 - SMV other,0
14-6980,MCBEAN ST @ STRACHAN ST,357159.09583,5005791.33900,-75.83366506320,45.19014552940,2014-07-11,6:39:00 PM,01 - Clear,01 - Daylight,01 - Dry,02 - Stop sign,00 - Unknown,03 - P.D. only,05 - Turning movement,0
14-6981,FALLOWFIELD RD btwn ASHDALE AVE & PRINCE OF WALES DR,367316.77161,5019118.12897,-75.70273150830,45.30923216210,2014-07-11,6:58:00 PM,01 - Clear,01 - Daylight,01 - Dry,10 - No control,,03 - P.D. only,03 - Rear end,0
14-6982,WOODROFFE AVE @ SPORTSPLEX S,363832.60673,5020898.50113,-75.74694848330,45.32555335770,2014-07-11,7:03:00 PM,01 - Clear,01 - Daylight,01 - Dry,01 - Traffic signal,01 - Functioning,02 - Non-fatal injury,03 - Rear end,0
14-6983,CONROY RD btwn THURSTON DR & JOHNSTON RD,373245.76273,5026695.89073,-75.62607982480,45.37686131650,2014-07-11,7:49:00 PM,01 - Clear,01 - Daylight,01 - Dry,08 - Traffic gate,01 - Functioning,03 - P.D. only,03 - Rear end,0
14-6984,GREENBANK RD @ MALVERN DR/FOXFIELD DR,363312.16033,5016196.32903,-75.75414205870,45.28328688410,2014-07-08,3:20:00 PM,01 - Clear,01 - Daylight,01 - Dry,01 - Traffic signal,01 - Functioning,03 - P.D. only,02 - Angle,0
14-6985,CHARLEMAGNE BLVD @ GARDENWAY DR/BOTTRIELL WAY,384050.35920,5037033.75800,-75.48648314390,45.46873393110,2014-07-11,7:53:00 PM,01 - Clear,01 - Daylight,01 - Dry,01 - Traffic signal,01 - Functioning,02 - Non-fatal injury,07 - SMV other,1
14-6986,BANK ST btwn BANK ST EXTENSION NB & JOHNSTON RD,370669.02030,5025201.26215,-75.65917551180,45.36366011810,2014-07-11,9:42:00 PM,01 - Clear,07 - Dark,01 - Dry,10 - No control,,03 - P.D. only,04 - Sideswipe,0
14-6987,HUNT CLUB RD btwn MOUNTAIN CRES & TURN LANE,371490.72702,5023991.29293,-75.64885075010,45.35269552630,2014-07-11,10:12:00 PM,01 - Clear,07 - Dark,01 - Dry,10 - No control,,03 - P.D. only,03 - Rear end,0