Record,Location,X,Y,Longitude,Latitude,Date,Time,Environment,Light,Road_Surface,Traffic_Control,Collision_Location,Collision_Classification,Impact_type,Pedestrian
14-6988,MEADOWLANDS DR @ MERIVALE RD,364858.19293,5023725.76389,-75.73352356380,45.35090573970,2014-07-11,11:53:00 PM,01 - Clear,07 - Dark,01 - Dry,01 - Traffic signal,01 - Functioning,03 - P.D. only,05 - Turning movement,0
14-6989,TARTAN DR btwn TOWNSEND DR & BIRKETT ST,363187.24601,5014531.84962,-75.75592997760,45.26832023590,2014-07-12,1:20:00 AM,01 - Clear,07 - Dark,01 - Dry,10 - No control,,03 - P.D. only,06 - SMV unattended vehicle,0
14-6990,CARLING AVE btwn BURKE RD & DEFENSE  RESEARCH COMPLEX,353094.35331,5022822.35864,-75.88373480650,45.34368555300,2014-07-12,5:25:00 AM,01 - Clear,03 - Dawn,01 - Dry,10 - No control,,01 - Fatal injury,07 - SMV other,0
14-6991,WOODFIELD DR btwn DOWNSVIEW CRES & MERIVALE RD,365375.95440,5022267.41314,-75.72709496490,45.33773917020,2014-07-11,12:00:00 AM,01 - Clear,00 - Unknown,01 - Dry,10 - No control,,03 - P.D. only,06 - SMV unattended vehicle,0
14-6992,THORNTON AVE btwn MONK ST & BANK ST,368412.28372,5029311.08193,-75.68745044320,45.40084753010,2014-07-12,9:14:00 AM,01 - Clear,01 - Daylight,01 - Dry,10 - No control,,03 - P.D. only,06 - SMV unattended vehicle,0
14-6993,SOMERSET ST    W btwn BELL ST N & ARTHUR ST,366788.39584,5030372.25870,-75.70805769570,45.41054137470,2014-07-12,10:00:00 AM,01 - Clear,01 - Daylight,01 - Dry,10 - No control,,03 - P.D. only,99 - Other,0
14-6994,BAYSHORE DR btwn WOODRIDGE CRES S & BAYSHORE CS,359228.09232,5023519.13845,-75.80539335980,45.34950608250,2014-07-12,10:00:00 AM,01 - Clear,01 - Daylight,01 - Dry,10 - No control,,03 - P.D. only,04 - Sideswipe,0
14-6995,BEVERLY ST @ STITTSVILLE MAIN ST,349844.05753,5013823.52887,-75.92602607550,45.26292769140,2014-07-12,11:21:00 AM,01 - Clear,01 - Daylight,01 - Dry,01 - Traffic signal,01 - Functioning,03 - P.D. only,07 - SMV other,0
14-6996,TERRY FOX DR @ PALLADIUM DR/KATIMAVIK RD,351269.21103,5018182.02869,-75.90745888910,45.30205406680,2014-07-12,11:34:00 AM,01 - Clear,01 - Daylight,01 - Dry,01 - Traffic signal,01 - Functioning,02 - Non-fatal injury,03 - Rear end,0
14-6997,RIVER RD btwn OSGOODE MAIN ST & DALMENY RD,373493.64959,4998840.46987,-75.62676470380,45.12620019890,2014-07-12,11:54:00 AM,01 - Clear,01 - Daylight,01 - Dry,10 - No control,,02 - Non-fatal injury,07 - SMV other,0
14-6998,MERIVALE RD @ 170 N OF HUNTCLUB RD/COSTCO/CANA,365548.81687,5022099.91265,-75.72491013070,45.33621707790,2014-07-12,12:43:00 PM,01 - Clear,01 - Daylight,01 - Dry,01 - Traffic signal,01 - Functioning,03 - P.D. only,02 - Angle,0
14-6999,EAGLESON RD @ FALLOWFIELD RD,355960.21230,5012594.40570,-75.84822227590,45.25144951830,2014-07-11,9:45:00 PM,01 - Clear,07 - Dark,01 - Dry,01 - Traffic signal,01 - Functioning,03 - P.D. only,03 - Rear end,0
14-7000,RIVERSIDE DR btwn RIDGEWOOD AVE & BAYPORT PRIV,368302.13235,5025525.28365,-75.68934432850,45.36679399240,2014-07-12,1:11:00 PM,01 - Clear,01 - Daylight,01 - Dry,10 - No control,,03 - P.D. only,03 - Rear end,0
14-7001,TENTH LINE RD btwn HARVEST VALLEY AVE & SOUTHFIELD WAY,384597.15653,5034627.76373,-75.47988181800,45.44702476890,2014-07-12,1:46:00 PM,01 - Clear,01 - Daylight,01 - Dry,10 - No control,,03 - P.D. only,07 - SMV other,0
14-7002,GREENBANK RD @ JOCKVALE RD,364122.19477,5014331.17376,-75.74404026560,45.26643631230,2014-07-12,2:19:00 PM,01 - Clear,01 - Daylight,01 - Dry,01 - Traffic signal,01 - Functioning,03 - P.D. only,03 - Rear end,0
14-7003,HAWTHORNE RD/RUSSELL RD @ WALKLEY RD,374675.21783,5028501.43703,-75.60757505470,45.39296566800,2014-07-12,3:12:00 PM,01 - Clear,01 - Daylight,01 - Dry,01 - Traffic signal,01 - Functioning,03 - P.D. only,03 - Rear end,0
14-7004,ST. JOSEPH BLVD @ JEANNE D'ARC BLVD,379860.26857,5036471.58090,-75.54014744020,45.46413876610,2014-07-12,2:30:00 PM,01 - Clear,01 - Daylight,01 - Dry,11 - Roundabout,01 - Functioning,03 - P.D. only,04 - Sideswipe,0
14-7005,NORBERRY CRES btwn SPRINGLAND DR & SPRINGLAND DR,368824.78295,5025764.43773,-75.68264196150,45.36889828830,2014-07-12,5:10:00 PM,01 - Clear,01 - Daylight,01 - Dry,10 - No control,,02 - Non-fatal injury,07 - SMV other,1
14-7006,PARENT AVE btwn ST. PATRICK ST & MURRAY ST,367855.59570,5032499.97081,-75.69415255730,45.42959048750,2014-07-12,4:30:00 PM,01 - Clear,01 - Daylight,01 - Dry,10 - No control,,03 - P.D. only,06 - SMV unattended vehicle,0
14-7007,KATIMAVIK RD @ AIRD PL/CHIMO DR W,352170.40414,5019158.59269,-75.89587483960,45.31078123220,2014-07-12,5:35:00 PM,01 - Clear,01 - Daylight,01 - Dry,01 - Traffic signal,01 - Functioning,03 - P.D. only,03 - Rear end,0
14-7008,MCCARTHY RD @ TWYFORD ST,369902.72020,5023803.26826,-75.66914048540,45.35115295760,2014-07-12,6:08:00 PM,01 - Clear,01 - Daylight,01 - Dry,02 - Stop sign,00 - Unknown,02 - Non-fatal injury,05 - Turning movement,0
14-7009,INNES RD btwn VISENEAU DR & BELCOURT BLVD,381951.74367,5035163.94850,-75.51361126800,45.45214592230,2014-07-12,6:27:00 PM,01 - Clear,01 - Daylight,01 - Dry,10 - No control,,03 - P.D. only,04 - Sideswipe,0
14-7010,CYRVILLE RD @ OGILVIE RD,372453.71910,5032003.16016,-75.63546350980,45.42469075240,2014-07-12,7:17:00 PM,01 - Clear,01 - Daylight,01 - Dry,01 - Traffic signal,01 - Functioning,02 - Non-fatal injury,03 - Rear end,0
14-7011,BOOKTON PL btwn GREY SEAL CIRC & GREY SEAL CIRC,369242.05799,5016354.18534,-75.67854024890,45.28418864760,2014-07-12,7:58:00 PM,01 - Clear,01 - Daylight,01 - Dry,10 - No control,,03 - P.D. only,06 - SMV unattended vehicle,0
14-7012,BRAMBLING WAY btwn REGATTA AVE & TOWHEE PL,364796.49600,5012572.40700,-75.73566057730,45.25055370720,2014-07-12,12:00:00 AM,01 - Clear,00 - Unknown,01 - Dry,10 - No control,,03 - P.D. only,06 - SMV unattended vehicle,0
14-7013,PRINCE OF WALES DR @ FAIRPARK DR,367267.52101,5015415.78253,-75.70382581530,45.27592322850,2014-07-12,11:23:00 PM,01 - Clear,07 - Dark,01 - Dry,02 - Stop sign,00 - Unknown,02 - Non-fatal injury,03 - Rear end,0
14-7014,LONGFIELDS DR @ PAUL METIVIER DR,364841.33400,5014200.43700,-75.73489268780,45.26519892110,2014-07-13,2:40:00 AM,01 - Clear,07 - Dark,01 - Dry,02 - Stop sign,01 - Functioning,03 - P.D. only,07 - SMV other,0
14-7015,WOODROFFE AVE SB btwn WEST HUNT CLUB RD & SPORTSPLEX N,363687.27868,5021207.62644,-75.74876543780,45.32834705420,2014-07-13,5:03:00 AM,01 - Clear,03 - Dawn,01 - Dry,10 - No control,,03 - P.D. only,01 - Approaching,0
14-7016,DWYER HILL RD btwn BLEEKS RD & COPELAND RD,347274.74775,5000034.48180,-75.95993918210,45.13900669060,2014-07-13,5:57:00 AM,01 - Clear,01 - Daylight,01 - Dry,10 - No control,,03 - P.D. only,07 - SMV other,0
14-7017,CATHERINE ST/HWY 417 O'CONN IC119BR76 @ O'CONN,368243.88300,5030392.56710,-75.68946213090,45.41059367180,2014-07-13,9:57:00 AM,02 - Rain,01 - Daylight,02 - Wet,01 - Traffic signal,01 - Functioning,03 - P.D. only,02 - Angle,0
14-7018,ST. JOSEPH BLVD @ TENTH LINE RD,382889.97442,5038666.45280,-75.50106125100,45.48355415500,2014-07-13,11:15:00 AM,02 - Rain,01 - Daylight,02 - Wet,01 - Traffic signal,01 - Functioning,03 - P.D. only,03 - Rear end,0
14-7019,BLACKLEAF DR @ JOCKVALE RD,365567.33590,5012899.70600,-75.72580116240,45.25343260620,2014-07-13,10:15:00 AM,02 - Rain,01 - Daylight,02 - Wet,02 - Stop sign,01 - Functioning,03 - P.D. only,02 - Angle,0
14-7020,MONTREAL RD @ ST. LAURENT BLVD,371545.22897,5033816.64683,-75.64682582520,45.44109495020,2014-07-13,11:57:00 AM,02 - Rain,01 - Daylight,02 - Wet,01 - Traffic signal,01 - Functioning,03 - P.D. only,03 - Rear end,0
14-7021,FROBISHER LANE W @ RIVERSIDE DR,370118.78966,5029601.15264,-75.66561631580,45.40330034180,2014-07-13,12:23:00 PM,02 - Rain,01 - Daylight,02 - Wet,01 - Traffic signal,01 - Functioning,02 - Non-fatal injury,05 - Turning movement,0
14-7022,INNES RD btwn O'TOOLE RD & DUNNING RD,389405.07305,5038415.43445,-75.41777675880,45.48053659980,2014-07-13,12:49:00 PM,02 - Rain,01 - Daylight,02 - Wet,10 - No control,,03 - P.D. only,07 - SMV other,0
14-7023,SANDALWOOD DR btwn BAYCREST DR & HERON RD,371387.62860,5026738.99866,-75.64979613210,45.37742823700,2014-07-13,12:00:00 PM,02 - Rain,01 - Daylight,02 - Wet,10 - No control,,03 - P.D. only,06 - SMV unattended vehicle,0
14-7024,BASELINE RD @ CENTREPOINTE DR W/COBDEN RD,361634.15533,5023206.56253,-75.77472573170,45.34650268380,2014-07-13,2:06:00 PM,02 - Rain,01 - Daylight,02 - Wet,01 - Traffic signal,01 - Functioning,02 - Non-fatal injury,02 - Angle,0
14-7025,BRONSON AVE @ LISGAR ST,366898.11630,5030642.51597,-75.70662203190,45.41296334470,2014-07-13,2:37:00 PM,02 - Rain,01 - Daylight,02 - Wet,02 - Stop sign,01 - Functioning,03 - P.D. only,02 - Angle,0
14-7026,ANWATIN ST @ ARNOLD DR,357741.07170,5019568.46910,-75.82479179420,45.31407149080,2014-07-13,2:38:00 PM,02 - Rain,01 - Daylight,02 - Wet,02 - Stop sign,01 - Functioning,03 - P.D. only,07 - SMV other,0
14-7027,VIEWMOUNT DR @ MERIVALE RD,365195.11890,5022948.49540,-75.72931894270,45.34388305090,2014-07-13,2:48:00 PM,01 - Clear,01 - Daylight,01 - Dry,01 - Traffic signal,01 - Functioning,03 - P.D. only,05 - Turning movement,0
14-7028,EAGLESON RD @ FALLOWFIELD RD,355961.63410,5012592.98052,-75.84820431010,45.25143659060,2014-07-13,3:33:00 PM,01 - Clear,01 - Daylight,01 - Dry,01 - Traffic signal,01 - Functioning,03 - P.D. only,02 - Angle,0
14-7029,GLADSTONE AVE @ LEBRETON ST,366855.70712,5029922.97475,-75.70725438620,45.40649288000,2014-07-13,3:49:00 PM,01 - Clear,01 - Daylight,01 - Dry,02 - Stop sign,01 - Functioning,02 - Non-fatal injury,02 - Angle,0
14-7030,EIGHTH LINE RD @ FARMERS WAY,383022.26568,5023978.49700,-75.50170078240,45.35138895090,2014-07-13,3:54:00 PM,01 - Clear,01 - Daylight,02 - Wet,02 - Stop sign,01 - Functioning,03 - P.D. only,02 - Angle,0
14-7031,RAMSAYVILLE RD @ MITCH OWENS RD,381145.29837,5018039.23176,-75.52656746970,45.29815779050,2014-07-13,3:40:00 PM,02 - Rain,01 - Daylight,02 - Wet,02 - Stop sign,01 - Functioning,03 - P.D. only,07 - SMV other,0
14-7032,MEADOWLANDS DR/TALLWOOD DR @ WOODROFFE AVE,363057.16353,5022730.49430,-75.75662396880,45.34210231020,2014-07-13,3:00:00 PM,02 - Rain,01 - Daylight,02 - Wet,01 - Traffic signal,01 - Functioning,03 - P.D. only,03 - Rear end,0
14-7033,PRINCE OF WALES DR btwn RIDEAU HEIGHTS LANE & STEPHANIE AVE,367511.56257,5022779.94422,-75.69978382340,45.34216319480,2014-07-13,5:48:00 PM,01 - Clear,01 - Daylight,01 - Dry,10 - No control,,03 - P.D. only,03 - Rear end,0
14-7034,HOLLAND AVE @ ISLAND PARK DR/N.C.C. DRIVEWAY,365426.17153,5027916.58723,-75.72576123130,45.38856513770,2014-07-13,6:05:00 PM,01 - Clear,01 - Daylight,01 - Dry,01 - Traffic signal,01 - Functioning,02 - Non-fatal injury,02 - Angle,0
14-7035,AIRPORT PKWY @ UPLANDS DR RAMP 62,371299.56478,5021623.72027,-75.65160846030,45.33141098040,2014-07-13,7:51:00 PM,01 - Clear,01 - Daylight,01 - Dry,03 - Yield sign,00 - Unknown,03 - P.D. only,05 - Turning movement,0
14-7036,RIVERSIDE DR NB btwn DATA CENTRE RD & BILLINGS BRIDGESC RAMP NB,369025.20565,5027752.26198,-75.67982502510,45.38676580780,2014-07-13,9:57:00 PM,01 - Clear,07 - Dark,01 - Dry,10 - No control,,03 - P.D. only,07 - SMV other,0
14-7037,BANFF AVE @ KITCHENER AVE,370724.23187,5025605.27841,-75.65841690300,45.36729013460,2014-07-13,10:12:00 PM,01 - Clear,07 - Dark,01 - Dry,02 - Stop sign,01 - Functioning,02 - Non-fatal injury,07 - SMV other,0
14-7038,BAYSWATER AVE @ SOMERSET ST,365810.33083,5029911.56760,-75.72060895630,45.40648214100,2014-07-13,11:03:00 PM,01 - Clear,07 - Dark,01 - Dry,01 - Traffic signal,01 - Functioning,02 - Non-fatal injury,02 - Angle,0
14-7039,STITTSVILLE MAIN ST @ HAZELDEAN RD,349558.21188,5014878.78258,-75.92957318010,45.27244148590,2014-07-14,6:00:00 AM,01 - Clear,01 - Daylight,01 - Dry,01 - Traffic signal,01 - Functioning,02 - Non-fatal injury,02 - Angle,0
14-7040,INNES RD @ JEANNE D'ARC BLVD/MER BLEUE RD,382639.17540,5035567.55370,-75.50475987270,45.45570098930,2014-07-14,7:04:00 AM,01 - Clear,01 - Daylight,01 - Dry,01 - Traffic signal,01 - Functioning,03 - P.D. only,02 - Angle,0
14-7041,GREENBANK RD @ WEST HUNT CLUB RD,361479.67700,5020502.73269,-75.77700656240,45.32218617950,2014-07-14,7:51:00 AM,01 - Clear,01 - Daylight,01 - Dry,01 - Traffic signal,01 - Functioning,03 - P.D. only,03 - Rear end,0
14-7042,BOOTH ST @ SOMERSET ST,366591.28100,5030254.57070,-75.71059047740,45.40949988220,2014-07-14,8:08:00 AM,01 - Clear,01 - Daylight,01 - Dry,01 - Traffic signal,01 - Functioning,02 - Non-fatal injury,05 - Turning movement,0
14-7043,MEADOWLANDS DR/TALLWOOD DR @ WOODROFFE AVE,363057.16353,5022729.54643,-75.75662408040,45.34209378110,2014-07-14,6:50:00 AM,01 - Clear,01 - Daylight,01 - Dry,01 - Traffic signal,01 - Functioning,03 - P.D. only,03 - Rear end,0
14-7044,FALLOWFIELD RD btwn STEEPLE HILL CRES & MOODIE DR,358485.37926,5014061.87618,-75.81589551630,45.26446596580,2014-07-14,8:56:00 AM,01 - Clear,01 - Daylight,01 - Dry,10 - No control,,03 - P.D. only,07 - SMV other,0
14-7045,DUNROBIN RD btwn MARCH RD & RIDDELL DR,347172.12581,5026269.11713,-75.95900690830,45.37508310340,2014-07-14,9:00:00 AM,01 - Clear,01 - Daylight,01 - Dry,10 - No control,,03 - P.D. only,05 - Turning movement,0
14-7046,BASELINE RD @ WOODROFFE AVE,362549.69020,5023770.75819,-75.76297745090,45.35150449370,2014-07-14,9:30:00 AM,01 - Clear,01 - Daylight,01 - Dry,01 - Traffic signal,01 - Functioning,03 - P.D. only,04 - Sideswipe,0
14-7047,GREENBANK RD @ STRANDHERD DR,363933.20997,5014783.46933,-75.74639448890,45.27052199100,2014-07-14,7:45:00 AM,01 - Clear,01 - Daylight,01 - Dry,01 - Traffic signal,01 - Functioning,03 - P.D. only,03 - Rear end,0
14-7048,WEST HUNT CLUB RD @ CLEOPATRA DR/LANCELOT DR,365235.22607,5021732.49400,-75.72895571540,45.33293816870,2014-07-14,10:50:00 AM,01 - Clear,01 - Daylight,01 - Dry,01 - Traffic signal,01 - Functioning,03 - P.D. only,04 - Sideswipe,0
14-7049,BESSERER ST @ NICHOLAS ST,368187.63661,5032110.13422,-75.68995969110,45.42605285980,2014-07-03,11:20:00 AM,01 - Clear,01 - Daylight,01 - Dry,01 - Traffic signal,01 - Functioning,03 - P.D. only,04 - Sideswipe,0
14-7050,NELSON ST btwn YORK ST & RIDEAU ST,368643.87210,5032514.11688,-75.68407761070,45.42964625520,2014-07-14,12:56:00 PM,01 - Clear,01 - Daylight,01 - Dry,10 - No control,,03 - P.D. only,06 - SMV unattended vehicle,0
14-7051,ALBION RD btwn RIDEAU RD & TULLAMORE ST,375514.39701,5015721.06934,-75.59868480830,45.27788907480,2014-07-14,1:22:00 PM,01 - Clear,01 - Daylight,08 - Loose sand or gravel,10 - No control,,03 - P.D. only,04 - Sideswipe,0
14-7052,DONALD ST btwn EVE ST & LOLA ST,371078.78731,5032357.81139,-75.65298387650,45.42801337700,2014-07-14,1:30:00 PM,01 - Clear,01 - Daylight,01 - Dry,10 - No control,,03 - P.D. only,02 - Angle,0
14-7053,REGIONAL RD 174 @ TRIM RD,384351.37937,5039989.39283,-75.48215530020,45.49529168140,2014-07-14,1:40:00 PM,01 - Clear,01 - Daylight,01 - Dry,01 - Traffic signal,01 - Functioning,02 - Non-fatal injury,03 - Rear end,0
14-7054,ELGIN ST btwn COOPER ST & SOMERSET ST W,368154.06221,5031217.07634,-75.69050354750,45.41802047130,2014-07-14,1:44:00 PM,01 - Clear,01 - Daylight,01 - Dry,10 - No control,,02 - Non-fatal injury,04 - Sideswipe,0
14-7055,GREENBANK RD @ HWY 417 IC129 RAMP57/IRIS ST,360530.83507,5023311.54613,-75.78879253420,45.34753585810,2014-07-14,11:30:00 AM,01 - Clear,01 - Daylight,01 - Dry,01 - Traffic signal,01 - Functioning,03 - P.D. only,04 - Sideswipe,0
14-7056,WOODRIDGE CRES btwn BAYSHORE DR & BAYSHORE PS,358984.78769,5023822.31694,-75.80846494250,45.35225292610,2014-07-11,12:00:00 AM,01 - Clear,00 - Unknown,01 - Dry,10 - No control,,03 - P.D. only,06 - SMV unattended vehicle,0
14-7057,PRINCE OF WALES DR btwn WELLSMERE CRT & RIDEAU HEIGHTS LANE,367419.40546,5022554.03950,-75.70098825020,45.34013877950,2014-07-14,8:00:00 AM,01 - Clear,01 - Daylight,01 - Dry,10 - No control,,03 - P.D. only,04 - Sideswipe,0
14-7058,INDUSTRIAL AVE/INNES RD @ ST. LAURENT BLVD,373099.22043,5030006.32716,-75.62749244820,45.40666147330,2014-07-14,2:29:00 PM,01 - Clear,01 - Daylight,01 - Dry,01 - Traffic signal,01 - Functioning,03 - P.D. only,03 - Rear end,0
14-7059,ALBION RD    S btwn JOHNSTON RD & END,371463.92871,5025315.16565,-75.64901418040,45.36460983800,2014-07-14,11:30:00 AM,01 - Clear,01 - Daylight,01 - Dry,10 - No control,,03 - P.D. only,06 - SMV unattended vehicle,0
14-7060,RICHMOND RD btwn TURN LANE & HWY416 IC75A RAMP53,358630.27271,5021807.90646,-75.81320832710,45.33415449300,2014-07-14,4:06:00 PM,01 - Clear,01 - Daylight,01 - Dry,10 - No control,,02 - Non-fatal injury,07 - SMV other,0
14-7061,TERRY FOX DR @ PALLADIUM DR/KATIMAVIK RD,351269.24407,5018179.87947,-75.90745866850,45.30203472560,2014-07-14,4:34:00 PM,01 - Clear,01 - Daylight,01 - Dry,01 - Traffic signal,01 - Functioning,02 - Non-fatal injury,03 - Rear end,0
14-7062,BANK ST btwn REGENT ST & THORNTON AVE,368429.32435,5029324.65978,-75.68723104460,45.40096815120,2014-07-14,4:44:00 PM,01 - Clear,01 - Daylight,01 - Dry,10 - No control,,02 - Non-fatal injury,04 - Sideswipe,0
14-7063,ALBERT ST @ ELGIN ST/MACKENZIE KING BRIDGE,367850.23767,5031711.58140,-75.69432194730,45.42249731000,2014-07-14,4:53:00 PM,01 - Clear,01 - Daylight,01 - Dry,01 - Traffic signal,01 - Functioning,02 - Non-fatal injury,07 - SMV other,0
14-7064,ST. LAURENT BLVD btwn HWY417 IC115 RAMP26 & HWY417 IC115 RAMP51,372524.14992,5031431.14946,-75.63464222310,45.41953725350,2014-07-14,3:30:00 PM,01 - Clear,01 - Daylight,01 - Dry,10 - No control,,03 - P.D. only,04 - Sideswipe,0
14-7065,MARCH RD btwn CAMPEAU DR/HWY 417 MARCH IC138R63 & HWY417 IC138 RAMP36,352847.78604,5020463.19656,-75.88710999430,45.32247431310,2014-07-14,5:00:00 PM,01 - Clear,01 - Daylight,01 - Dry,10 - No control,,02 - Non-fatal injury,03 - Rear end,0
14-7066,NORMANDY CRES btwn ORTONA AVE & APELDOORN AVE,367159.25771,5024463.06890,-75.70406664590,45.35733902560,2014-07-12,12:00:00 AM,01 - Clear,00 - Unknown,01 - Dry,10 - No control,,03 - P.D. only,06 - SMV unattended vehicle,0
14-7067,STRANDHERD DR btwn MCGARRY TER & LONGFIELDS DR,364522.27021,5015164.79389,-75.73884218390,45.27390337190,2014-07-13,12:00:00 PM,01 - Clear,01 - Daylight,01 - Dry,10 - No control,,03 - P.D. only,04 - Sideswipe,0
14-7068,BLAIR PL @ OGILVIE RD,374801.49975,5033371.81867,-75.60527063420,45.43677417730,2014-07-14,5:38:00 PM,01 - Clear,01 - Daylight,01 - Dry,01 - Traffic signal,01 - Functioning,02 - Non-fatal injury,02 - Angle,0
14-7069,WOODROFFE AVE @ TECUMSEH ST,362368.68910,5024229.99093,-75.76523378950,45.35565151720,2014-07-14,5:45:00 PM,01 - Clear,01 - Daylight,01 - Dry,02 - Stop sign,01 - Functioning,02 - Non-fatal injury,03 - Rear end,0
14-7070,FAIRMONT AVE @ YOUNG ST,365821.80183,5029152.62671,-75.72055634430,45.39965237730,2014-07-14,5:48:00 PM,01 - Clear,01 - Daylight,01 - Dry,02 - Stop sign,01 - Functioning,03 - P.D. only,99 - Other,0
14-7071,OSGOODE ST btwn NELSON ST & SWEETLAND AVE,369048.55598,5031975.15763,-75.67897660520,45.42475984280,2014-07-13,12:00:00 AM,02 - Rain,00 - Unknown,02 - Wet,10 - No control,,03 - P.D. only,06 - SMV unattended vehicle,0
14-7072,SLATER ST btwn BANK ST & O'CONNOR ST,367440.34221,5031363.10771,-75.69960352620,45.41939867810,2014-07-14,5:45:00 PM,01 - Clear,01 - Daylight,01 - Dry,10 - No control,,03 - P.D. only,04 - Sideswipe,0
14-7073,ST. JOSEPH BLVD btwn DUSSERE ST & ST. JEAN ST,380895.07379,5037153.13448,-75.52681098710,45.47015887550,2014-07-14,5:30:00 PM,01 - Clear,01 - Daylight,01 - Dry,10 - No control,,03 - P.D. only,05 - Turning movement,0
14-7074,HOLLY ACRES RD @ CARLING AVE,358233.82692,5023497.99233,-75.81808346260,45.34939226580,2014-07-14,6:35:00 PM,01 - Clear,01 - Daylight,01 - Dry,01 - Traffic signal,01 - Functioning,03 - P.D. only,03 - Rear end,0
14-7075,MERIVALE RD @ EMERALD PLAZA SC,364735.71320,5024006.39767,-75.73505252030,45.35344132330,2014-07-14,6:37:00 PM,01 - Clear,01 - Daylight,01 - Dry,01 - Traffic signal,00 - Unknown,03 - P.D. only,04 - Sideswipe,0
14-7076,ST. JOSEPH BLVD @ JEANNE D'ARC BLVD,379861.21643,5036471.58090,-75.54013532170,45.46413866420,2014-07-09,5:25:00 PM,01 - Clear,01 - Daylight,01 - Dry,11 - Roundabout,01 - Functioning,03 - P.D. only,02 - Angle,0
14-7077,HUNT CLUB RD @ RIVERSIDE DR,368036.22907,5021946.44637,-75.69319612370,45.33461645200,2014-07-14,5:10:00 PM,01 - Clear,01 - Daylight,01 - Dry,01 - Traffic signal,01 - Functioning,03 - P.D. only,03 - Rear end,0
14-7078,ARGYLE AVE @ O'CONNOR ST,368185.18473,5030486.52087,-75.69019988400,45.41144435640,2014-07-14,6:20:00 PM,01 - Clear,01 - Daylight,01 - Dry,01 - Traffic signal,01 - Functioning,03 - P.D. only,03 - Rear end,0
14-7079,AIRPORT PKWY btwn RAMP & AIRPORT PKWY (2),371029.42847,5023666.97924,-75.65478092500,45.34982117080,2014-07-10,3:30:00 PM,01 - Clear,01 - Daylight,01 - Dry,10 - No control,,03 - P.D. only,07 - SMV other,0
14-7080,UPPER DWYER HILL RD @ VAUGHAN SIDE RD,331998.01240,5016530.52580,-76.15327545390,45.28820335050,2014-07-14,9:14:00 PM,01 - Clear,05 - Dusk,01 - Dry,02 - Stop sign,01 - Functioning,03 - P.D. only,07 - SMV other,0
14-7081,OLD CARP RD btwn HUNTMAR DR & SECOND LINE RD,345275.99701,5022414.81337,-75.98353064460,45.34051304320,2014-07-14,9:31:00 PM,01 - Clear,07 - Dark,01 - Dry,10 - No control,,02 - Non-fatal injury,07 - SMV other,0
14-7082,NORGREEN ST btwn WILLAND LANE & CHARMONT WAY,337850.78583,5037549.07580,-76.07725800350,45.47708530980,2014-07-14,10:16:00 PM,01 - Clear,07 - Dark,01 - Dry,10 - No control,,03 - P.D. only,06 - SMV unattended vehicle,0
14-7083,RIVERSIDE DR @ PLEASANT PARK RD,369562.26494,5028415.77446,-75.67288025880,45.39268642370,2014-07-15,7:30:00 AM,01 - Clear,01 - Daylight,01 - Dry,01 - Traffic signal,01 - Functioning,03 - P.D. only,03 - Rear end,0
14-7084,BRENNAN AVE btwn BYRON AVE & IONA ST,364177.43776,5028530.49103,-75.74163314400,45.39419591140,2014-07-15,8:03:00 AM,01 - Clear,01 - Daylight,01 - Dry,10 - No control,,03 - P.D. only,06 - SMV unattended vehicle,0
14-7085,SLATER ST btwn BAY ST & LYON ST N,367010.72051,5031095.31059,-75.70512635980,45.41702745440,2014-07-15,8:00:00 AM,01 - Clear,01 - Daylight,01 - Dry,10 - No control,,03 - P.D. only,03 - Rear end,0
14-7086,ALTA VISTA DR @ SMYTH RD,370433.18983,5029082.50537,-75.66166961400,45.39860434090,2014-07-15,9:43:00 AM,01 - Clear,01 - Daylight,01 - Dry,01 - Traffic signal,01 - Functioning,03 - P.D. only,03 - Rear end,0
14-7087,MERIVALE RD @ WEST HUNT CLUB RD,365614.11700,5021941.55033,-75.72409650850,45.33478649710,2014-07-15,9:30:00 AM,02 - Rain,01 - Daylight,02 - Wet,01 - Traffic signal,01 - Functioning,03 - P.D. only,03 - Rear end,0
14-7088,MEADOWLANDS DR btwn HOGAN ST & NESS ST,366356.10665,5024910.20487,-75.71426114330,45.36143324240,2014-07-15,12:00:00 AM,02 - Rain,00 - Unknown,02 - Wet,10 - No control,,03 - P.D. only,06 - SMV unattended vehicle,0
14-7089,FITZGERALD RD @ ROBERTSON RD,356790.04953,5020291.19433,-75.83684441370,45.32064571700,2014-07-15,9:50:00 AM,02 - Rain,01 - Daylight,02 - Wet,01 - Traffic signal,01 - Functioning,02 - Non-fatal injury,07 - SMV other,1
14-7090,STRANDHERD DR @ CEDARVIEW RD/TARTAN DR,362290.73867,5013546.35547,-75.76746791600,45.25952654430,2014-07-15,9:52:00 AM,02 - Rain,01 - Daylight,02 - Wet,01 - Traffic signal,01 - Functioning,03 - P.D. only,03 - Rear end,0
14-7091,MEADOWLANDS DR @ MERIVALE RD,364858.22597,5023724.56253,-75.73352328730,45.35089492690,2014-07-15,10:26:00 AM,02 - Rain,01 - Daylight,02 - Wet,01 - Traffic signal,01 - Functioning,02 - Non-fatal injury,02 - Angle,0
14-7092,BANK ST btwn FOURTH AVE & FIFTH AVE,368384.51822,5029438.32763,-75.68778866360,45.40199496920,2014-07-15,11:02:00 AM,01 - Clear,01 - Daylight,01 - Dry,10 - No control,,03 - P.D. only,04 - Sideswipe,0