Record,Location,X,Y,Longitude,Latitude,Date,Time,Environment,Light,Road_Surface,Traffic_Control,Collision_Location,Collision_Classification,Impact_type,Pedestrian
14-7093,HUNT CLUB RD @ RIVERSIDE DR,368036.22907,5021945.49850,-75.69319624480,45.33460792300,2014-07-15,11:28:00 AM,02 - Rain,01 - Daylight,02 - Wet,01 - Traffic signal,01 - Functioning,03 - P.D. only,03 - Rear end,0
14-7094,FRANK KENNY RD btwn MCFADDEN RD & RUSSELL RD,392542.39236,5026411.03968,-75.37979188580,45.37214791990,2014-07-15,9:30:00 AM,02 - Rain,01 - Daylight,02 - Wet,10 - No control,,03 - P.D. only,07 - SMV other,0
14-7095,HUNT CLUB RD @ RIVERSIDE DR,368039.07267,5021944.55063,-75.69316008930,45.33459913770,2014-07-15,11:30:00 AM,02 - Rain,01 - Daylight,02 - Wet,01 - Traffic signal,01 - Functioning,03 - P.D. only,03 - Rear end,0
14-7096,COLONEL BY DR @ HAWTHORNE AVE/PRETORIA BRIDGE,368768.55510,5030525.86130,-75.68274248040,45.41174524750,2014-07-15,11:37:00 AM,02 - Rain,01 - Daylight,02 - Wet,01 - Traffic signal,01 - Functioning,03 - P.D. only,03 - Rear end,0
14-7097,MAIN ST btwn LEES AVE & EVELYN AVE,369032.54766,5030488.73778,-75.67937491540,45.41138704270,2014-07-15,12:45:00 PM,01 - Clear,01 - Daylight,01 - Dry,10 - No control,,02 - Non-fatal injury,03 - Rear end,0
14-7098,ALTA VISTA DR @ SMYTH RD,370432.71590,5029082.31796,-75.66167569140,45.39860269920,2014-07-15,11:18:00 AM,02 - Rain,01 - Daylight,02 - Wet,01 - Traffic signal,01 - Functioning,03 - P.D. only,03 - Rear end,0
14-7099,NICHOLAS ST NB btwn LAURIER AVE E & WALLER ST,368458.47112,5031731.91919,-75.68654788370,45.42262521900,2014-07-15,12:45:00 PM,01 - Clear,01 - Daylight,01 - Dry,10 - No control,,03 - P.D. only,04 - Sideswipe,0
14-7100,DAVENTRY CRES btwn DEWBERRY CRES & ROSECLIFFE CRT,364663.11237,5016842.47128,-75.73684495230,45.28898710600,2014-07-14,12:00:00 AM,01 - Clear,07 - Dark,01 - Dry,10 - No control,,03 - P.D. only,06 - SMV unattended vehicle,0
14-7101,BRITTANY DR @ MONTREAL RD,371912.71180,5033995.34226,-75.64210461780,45.44266758530,2014-07-15,1:05:00 PM,01 - Clear,01 - Daylight,01 - Dry,01 - Traffic signal,01 - Functioning,02 - Non-fatal injury,07 - SMV other,1
14-7102,BANK ST @ WALKLEY RD,370338.32593,5025946.78703,-75.66329751090,45.37039911090,2014-07-15,1:25:00 PM,01 - Clear,01 - Daylight,01 - Dry,01 - Traffic signal,01 - Functioning,02 - Non-fatal injury,03 - Rear end,0
14-7103,CARP RD @ HWY 417 CARP IC144R51,347517.10341,5015685.97229,-75.95551568490,45.27983184090,2014-07-15,1:50:00 PM,01 - Clear,01 - Daylight,01 - Dry,02 - Stop sign,00 - Unknown,03 - P.D. only,03 - Rear end,0
14-7104,CHAMPLAIN ST @ JEANNE D'ARC BLVD,381380.42591,5038725.55610,-75.52035953670,45.48425314530,2014-07-15,3:00:00 PM,01 - Clear,01 - Daylight,01 - Dry,01 - Traffic signal,01 - Functioning,03 - P.D. only,03 - Rear end,0
14-7105,CARLING AVE @ CROYDON AVE,360658.20667,5025042.51750,-75.78697163120,45.36310094790,2014-07-18,3:15:00 PM,01 - Clear,01 - Daylight,01 - Dry,01 - Traffic signal,01 - Functioning,02 - Non-fatal injury,07 - SMV other,1
14-7106,IBER RD btwn HARRY DOUGLAS DR & ABBOTT ST E,351771.51291,5015120.44500,-75.90134412630,45.27447167890,2014-07-15,5:02:00 PM,01 - Clear,01 - Daylight,01 - Dry,10 - No control,,03 - P.D. only,03 - Rear end,0
14-7107,CORNELL ST @ BASELINE RD,360389.19597,5022456.49790,-75.79069600520,45.33985338180,2014-07-15,5:11:00 PM,01 - Clear,01 - Daylight,01 - Dry,02 - Stop sign,01 - Functioning,03 - P.D. only,02 - Angle,0
14-7108,INNES RD @ 215 W OF CYRVILLE RD/HOME DEPOT W,374863.41167,5031002.67953,-75.60481640580,45.41545176130,2014-07-15,11:15:00 AM,01 - Clear,01 - Daylight,01 - Dry,01 - Traffic signal,01 - Functioning,03 - P.D. only,99 - Other,0
14-7109,CUMMINGS AVE btwn CLARKE AVE & QUEBEC ST,372235.46955,5033462.29083,-75.63805234160,45.43784038940,2014-07-15,5:49:00 PM,01 - Clear,01 - Daylight,01 - Dry,10 - No control,,03 - P.D. only,06 - SMV unattended vehicle,0
14-7110,RICHMOND RD @ LYNHAR RD/STAFFORD RD,358138.51795,5021085.98980,-75.81955970530,45.32769619040,2014-07-15,5:45:00 PM,01 - Clear,01 - Daylight,01 - Dry,01 - Traffic signal,01 - Functioning,03 - P.D. only,03 - Rear end,0
14-7111,TERRY FOX DR btwn HUNTSVILLE DR & OLD SECOND LINE RD,348077.05500,5020190.66800,-75.94798550950,45.32033234760,2014-07-15,6:11:00 PM,01 - Clear,01 - Daylight,01 - Dry,10 - No control,,02 - Non-fatal injury,01 - Approaching,0
14-7112,JOSEPH CYR ST @ LEMIEUX ST,372497.09117,5031754.46113,-75.63494350560,45.42244887900,2014-07-15,6:45:00 PM,01 - Clear,01 - Daylight,01 - Dry,02 - Stop sign,01 - Functioning,03 - P.D. only,04 - Sideswipe,0
14-7113,DOVERCOURT AVE @ EDISON AVE,363531.21987,5027389.54410,-75.75002168940,45.38398435390,2014-07-15,7:00:00 PM,01 - Clear,01 - Daylight,01 - Dry,02 - Stop sign,01 - Functioning,03 - P.D. only,99 - Other,0
14-7114,NICHOLAS ST/NICHOLAS ST SB @ SB RAMP FROM WALL,368321.64620,5031893.29416,-75.68827529840,45.42408965250,2014-07-15,7:14:00 PM,01 - Clear,01 - Daylight,01 - Dry,01 - Traffic signal,01 - Functioning,03 - P.D. only,05 - Turning movement,0
14-7115,GALETTA SIDE RD btwn CANON SMITH DR & NEWTOWN RD,329470.94796,5036531.55953,-76.18449099900,45.46827573300,2014-07-15,9:24:00 PM,01 - Clear,07 - Dark,01 - Dry,10 - No control,,03 - P.D. only,07 - SMV other,0
14-7116,EAGLESON RD @ MICHAEL COWPLAND DR/STONEHAVEN D,354384.99567,5016623.44410,-75.86788688500,45.28781657430,2014-07-15,10:22:00 PM,01 - Clear,07 - Dark,01 - Dry,01 - Traffic signal,01 - Functioning,03 - P.D. only,05 - Turning movement,0
14-7117,RAVEN AVE btwn KIRKWOOD AVE & MERIVALE RD,364715.47347,5026790.21996,-75.73497323770,45.37849145180,2014-07-16,12:52:00 AM,01 - Clear,07 - Dark,01 - Dry,10 - No control,,03 - P.D. only,06 - SMV unattended vehicle,0
14-7118,EAGLESON RD @ FERNBANK RD,354799.10323,5015586.47683,-75.86271261950,45.27845637620,2014-07-16,2:25:00 AM,01 - Clear,07 - Dark,01 - Dry,01 - Traffic signal,01 - Functioning,03 - P.D. only,07 - SMV other,0
14-7119,RIDEAU RD btwn DOWNEY RD & BOWESVILLE RD,372605.42023,5015047.69943,-75.63584983470,45.27211681230,2014-07-16,2:36:00 AM,01 - Clear,07 - Dark,01 - Dry,10 - No control,,03 - P.D. only,07 - SMV other,0
14-7120,JOHN QUINN RD btwn STONE SCHOOL RD & BANK ST,383113.66141,5011635.23723,-75.50248371490,45.24032163560,2014-04-16,5:13:00 AM,01 - Clear,03 - Dawn,01 - Dry,10 - No control,,03 - P.D. only,07 - SMV other,0
14-7121,PONTIAC ST btwn PATRICIA AVE & KEYWORTH AVE,363685.54891,5029727.98033,-75.74777202020,45.40501223840,2014-07-16,3:00:00 AM,01 - Clear,07 - Dark,01 - Dry,10 - No control,,03 - P.D. only,07 - SMV other,0
14-7122,OGILVIE RD btwn ELMRIDGE DR & 190 E OF ELMRIDGE DR/JASMINE CRES,375428.78697,5034076.69194,-75.59715276410,45.44305313010,2014-07-16,6:34:00 AM,01 - Clear,01 - Daylight,01 - Dry,10 - No control,,03 - P.D. only,01 - Approaching,0
14-7123,ROBERTSON RD btwn FITZGERALD RD & MOODIE DR,357021.48301,5020429.16341,-75.83387803120,45.32187000050,2014-07-16,7:19:00 AM,01 - Clear,01 - Daylight,01 - Dry,10 - No control,,02 - Non-fatal injury,05 - Turning movement,0
14-7124,CARP RD btwn NORMA LANE & HOLLAND HILL RD,340000.73117,5024171.97874,-76.05071515810,45.35660924480,2014-07-16,7:29:00 AM,01 - Clear,01 - Daylight,01 - Dry,10 - No control,,03 - P.D. only,07 - SMV other,0
14-7125,HUNT CLUB RD @ UPLANDS DR,370156.25327,5023121.49210,-75.66599526400,45.34499494410,2014-07-16,8:11:00 AM,01 - Clear,01 - Daylight,01 - Dry,01 - Traffic signal,01 - Functioning,03 - P.D. only,03 - Rear end,0
14-7126,TENTH LINE RD btwn DES EPINETTES AVE & INNES RD,383936.33156,5036186.96885,-75.48807751950,45.46112822680,2014-07-16,8:25:00 AM,01 - Clear,01 - Daylight,01 - Dry,10 - No control,,03 - P.D. only,03 - Rear end,0
14-7127,INNES RD @ TENTH LINE RD,383952.26727,5036159.81429,-75.48787815220,45.46088210910,2014-07-16,8:41:00 AM,01 - Clear,01 - Daylight,01 - Dry,01 - Traffic signal,01 - Functioning,03 - P.D. only,03 - Rear end,0
14-7128,ST. LAURENT BLVD btwn MEADOW PARK PL & KAREN WAY,371263.95691,5034496.50231,-75.65032897380,45.44723876900,2014-07-16,9:01:00 AM,01 - Clear,01 - Daylight,01 - Dry,10 - No control,,02 - Non-fatal injury,07 - SMV other,1
14-7129,WITHROW AVE btwn ST. HELEN'S PL & MERIVALE RD,364628.76506,5024216.80309,-75.73639189340,45.35534365560,2014-07-16,8:35:00 AM,01 - Clear,01 - Daylight,01 - Dry,10 - No control,,03 - P.D. only,02 - Angle,0
14-7130,CROWNRIDGE DR @ MEADOWBREEZE DR,356003.55200,5015123.32046,-75.84740950470,45.27420211290,2014-07-16,9:59:00 AM,01 - Clear,01 - Daylight,01 - Dry,02 - Stop sign,00 - Unknown,03 - P.D. only,03 - Rear end,0
14-7131,CARLING AVE @ ROSEVIEW AVE,359358.19737,5024199.50610,-75.80365801880,45.35561792280,2014-07-16,10:40:00 AM,01 - Clear,01 - Daylight,01 - Dry,02 - Stop sign,01 - Functioning,03 - P.D. only,02 - Angle,0
14-7132,GRAND HARBOUR CRT btwn OLD ORCHARD CRES & TO BE DETERMINED,350115.88931,5015130.53543,-75.92244317060,45.27467112500,2014-07-16,11:00:00 AM,01 - Clear,01 - Daylight,01 - Dry,10 - No control,,03 - P.D. only,06 - SMV unattended vehicle,0
14-7133,INDUSTRIAL AVE/INNES RD @ ST. LAURENT BLVD,373100.20133,5030006.51457,-75.62747989290,45.40666306380,2014-07-16,12:00:00 PM,01 - Clear,01 - Daylight,01 - Dry,01 - Traffic signal,01 - Functioning,03 - P.D. only,03 - Rear end,0
14-7134,WEST HUNT CLUB RD EB btwn WOODROFFE AVE & 354 E OF WOODROFFE AVE/REC P,363710.02749,5021277.76862,-75.74846690620,45.32897627980,2014-07-14,8:40:00 AM,01 - Clear,01 - Daylight,01 - Dry,10 - No control,,02 - Non-fatal injury,03 - Rear end,0
14-7135,CHAMPLAIN ST @ PLACE D'ORLEANS DR,381598.66780,5038180.81590,-75.51765331680,45.47932806620,2014-07-16,10:30:00 AM,01 - Clear,01 - Daylight,01 - Dry,01 - Traffic signal,01 - Functioning,03 - P.D. only,03 - Rear end,0
14-7136,BASELINE RD @ ST. HELEN'S PL,364106.20127,5024732.79493,-75.74299899850,45.36003087750,2014-07-16,12:43:00 PM,01 - Clear,01 - Daylight,01 - Dry,02 - Stop sign,00 - Unknown,03 - P.D. only,03 - Rear end,0
14-7137,TREMBLAY RD btwn AVENUE U & ST. LAURENT BLVD,372344.88987,5031381.97793,-75.63693922980,45.41911215930,2014-07-16,10:45:00 AM,01 - Clear,01 - Daylight,01 - Dry,10 - No control,,03 - P.D. only,03 - Rear end,0
14-7138,ARLINGTON AVE @ BANK ST,368009.07347,5030344.62163,-75.69246782630,45.41018352040,2014-07-16,1:05:00 PM,01 - Clear,01 - Daylight,01 - Dry,02 - Stop sign,01 - Functioning,03 - P.D. only,02 - Angle,0
14-7139,RICHARD AVE btwn CLEMENTINE BLVD & GILLES ST,369601.41463,5026971.99025,-75.67256986050,45.37969210090,2014-07-16,12:00:00 AM,00 - Unknown,00 - Unknown,01 - Dry,10 - No control,,03 - P.D. only,06 - SMV unattended vehicle,0
14-7140,CRESTWAY DR @ PRINCE OF WALES DR,367370.05207,5016575.01327,-75.70237299360,45.28634476410,2014-07-16,2:42:00 PM,01 - Clear,01 - Daylight,01 - Dry,01 - Traffic signal,01 - Functioning,02 - Non-fatal injury,03 - Rear end,0
14-7141,RICHMOND RD btwn PATRICIA AVE & LEIGHTON TER,363979.54161,5028770.03235,-75.74413171180,45.39636801360,2014-07-16,2:15:00 PM,01 - Clear,01 - Daylight,01 - Dry,10 - No control,,03 - P.D. only,04 - Sideswipe,0
14-7142,BRONSON AVE @ PRIMROSE AVE,366885.69950,5030670.33126,-75.70677715230,45.41321472040,2014-07-16,2:54:00 PM,01 - Clear,01 - Daylight,01 - Dry,01 - Traffic signal,01 - Functioning,03 - P.D. only,02 - Angle,0
14-7143,RIVER RD btwn BALMORAL DR & JARVIS DR,368181.14672,5020091.42847,-75.69158482760,45.31791227390,2014-07-16,3:33:00 PM,01 - Clear,01 - Daylight,01 - Dry,10 - No control,,02 - Non-fatal injury,07 - SMV other,0
14-7144,ANDERSON RD @ RUSSELL RD,379786.80584,5026705.07242,-75.54257315800,45.37627443920,2014-07-15,4:55:00 PM,01 - Clear,01 - Daylight,01 - Dry,02 - Stop sign,01 - Functioning,03 - P.D. only,03 - Rear end,0
14-7145,TENTH LINE RD @ CHARLEMAGNE BLVD S/DES EPINETT,383640.97510,5036900.45590,-75.49173924100,45.46758093120,2014-07-16,5:05:00 PM,01 - Clear,01 - Daylight,01 - Dry,01 - Traffic signal,00 - Unknown,03 - P.D. only,03 - Rear end,0
14-7146,IONA ST @ PICCADILLY AVE,364434.17093,5028423.50177,-75.73836737900,45.39321142640,2014-07-16,6:54:00 PM,01 - Clear,01 - Daylight,01 - Dry,03 - Yield sign,01 - Functioning,03 - P.D. only,02 - Angle,0
14-7147,BASELINE RD btwn NAVAHO DR & DEERFIELD DR,363107.49045,5024109.92709,-75.75581920360,45.35451014800,2014-07-16,6:56:00 PM,01 - Clear,01 - Daylight,01 - Dry,10 - No control,,03 - P.D. only,04 - Sideswipe,0
14-7148,VINEYARD DR btwn CHABLIS PK & BORDEAU GRV,378673.95602,5037218.37955,-75.55520337440,45.47098437120,2014-07-16,7:00:00 PM,01 - Clear,01 - Daylight,01 - Dry,10 - No control,,03 - P.D. only,06 - SMV unattended vehicle,0
14-7149,ST. JOSEPH BLVD @ JEANNE D'ARC BLVD,379860.26857,5036470.63303,-75.54014758500,45.46413023760,2014-07-16,7:35:00 PM,01 - Clear,01 - Daylight,01 - Dry,11 - Roundabout,01 - Functioning,03 - P.D. only,02 - Angle,0
14-7150,CARLING AVE @ HOLLAND AVE,365417.17263,5028037.59893,-75.72586127890,45.38965475420,2014-07-16,10:08:00 PM,01 - Clear,07 - Dark,01 - Dry,01 - Traffic signal,01 - Functioning,03 - P.D. only,02 - Angle,0
14-7151,COLONEL BY DR @ HAWTHORNE AVE/PRETORIA BRIDGE,368766.28840,5030525.56690,-75.68277147480,45.41174280580,2014-07-17,1:32:00 AM,01 - Clear,07 - Dark,01 - Dry,01 - Traffic signal,01 - Functioning,03 - P.D. only,07 - SMV other,0
14-7152,BARNSDALE RD @ GREENBANK RD,365590.57022,5010927.63177,-75.72574626840,45.23568584410,2014-07-17,6:52:00 AM,01 - Clear,01 - Daylight,01 - Dry,02 - Stop sign,01 - Functioning,03 - P.D. only,02 - Angle,0
14-7153,DONNELLY DR btwn FAIRMILE RD & FOURTH LINE RD,371924.54624,4993105.51333,-75.64747728970,45.07474742890,2014-07-16,5:00:00 PM,01 - Clear,01 - Daylight,01 - Dry,10 - No control,,03 - P.D. only,07 - SMV other,0
14-7154,MITCH OWENS RD @ OLD PRESCOTT RD,377090.18480,5015546.55517,-75.57862804470,45.27615860860,2014-07-17,8:47:00 AM,01 - Clear,01 - Daylight,01 - Dry,01 - Traffic signal,01 - Functioning,03 - P.D. only,99 - Other,0
14-7155,BAY ST @ QUEEN ST,366902.06657,5031211.63533,-75.70649984900,45.41808376140,2014-07-17,9:33:00 AM,01 - Clear,01 - Daylight,01 - Dry,01 - Traffic signal,01 - Functioning,03 - P.D. only,05 - Turning movement,0
14-7156,PRINCE OF WALES DR btwn BASELINE RD/HERON RD & GREEN VALLEY CRES,366934.40932,5026596.88086,-75.70666791260,45.37655856240,2014-07-17,9:54:00 AM,01 - Clear,01 - Daylight,01 - Dry,10 - No control,,02 - Non-fatal injury,05 - Turning movement,0
14-7157,HALL ST btwn HAMLET RD & OLYMPIA CRES,372959.77157,5029246.39923,-75.62937870440,45.39983757830,2014-07-11,9:15:00 AM,01 - Clear,01 - Daylight,01 - Dry,10 - No control,,03 - P.D. only,06 - SMV unattended vehicle,0
14-7158,WEST HUNT CLUB RD @ CLEOPATRA DR/LANCELOT DR,365235.39392,5021732.49400,-75.72895357480,45.33293815420,2014-07-17,10:45:00 AM,01 - Clear,01 - Daylight,01 - Dry,01 - Traffic signal,01 - Functioning,03 - P.D. only,03 - Rear end,0
14-7159,LISGAR ST btwn ELGIN ST & CARTIER ST,368096.30533,5031355.78375,-75.69122363480,45.41927374250,2014-06-13,10:00:00 AM,02 - Rain,01 - Daylight,02 - Wet,10 - No control,,03 - P.D. only,99 - Other,0
14-7160,BRIDGE ST @ LONG ISLAND RD,369062.07867,5010346.34647,-75.68161118850,45.23014719810,2014-07-17,11:00:00 AM,01 - Clear,01 - Daylight,01 - Dry,01 - Traffic signal,01 - Functioning,03 - P.D. only,03 - Rear end,0
14-7161,ST. JOSEPH BLVD @ JEANNE D'ARC BLVD,379862.16430,5036471.58090,-75.54012320190,45.46413856240,2014-07-17,11:00:00 AM,01 - Clear,01 - Daylight,01 - Dry,11 - Roundabout,01 - Functioning,03 - P.D. only,02 - Angle,0
14-7162,CAMPEAU DR @ CONACHER GT,351581.25700,5019751.73112,-75.90333194510,45.31615792790,2014-07-17,11:07:00 AM,01 - Clear,01 - Daylight,01 - Dry,02 - Stop sign,01 - Functioning,02 - Non-fatal injury,02 - Angle,0
14-7163,ELGIN ST @ SOMERSET ST,368164.23467,5031198.57190,-75.69037596260,45.41785305370,2014-07-16,1:00:00 PM,01 - Clear,01 - Daylight,01 - Dry,01 - Traffic signal,01 - Functioning,03 - P.D. only,03 - Rear end,0
14-7164,ST. LAURENT BLVD btwn INDUSTRIAL AVE & BOURASSA ST,373133.84942,5029927.18658,-75.62706109020,45.40594602300,2014-07-14,2:45:00 PM,01 - Clear,01 - Daylight,01 - Dry,10 - No control,,03 - P.D. only,04 - Sideswipe,0
14-7165,GLADSTONE AVE @ LEBRETON ST,366856.17433,5029923.51657,-75.70724835020,45.40649771350,2014-07-17,2:03:00 PM,01 - Clear,01 - Daylight,01 - Dry,02 - Stop sign,01 - Functioning,03 - P.D. only,02 - Angle,0
14-7166,BANK ST @ SIEVERIGHT AVE,372195.40267,5024135.30330,-75.63983861640,45.35392391200,2014-07-17,12:00:00 PM,01 - Clear,01 - Daylight,01 - Dry,02 - Stop sign,01 - Functioning,02 - Non-fatal injury,05 - Turning movement,0
14-7167,HUNTER'S RUN DR btwn BEAUSEJOUR DR & JEANNE D'ARC BLVD,380630.39096,5036001.42803,-75.53037323270,45.45982553030,2014-07-17,2:58:00 PM,01 - Clear,01 - Daylight,01 - Dry,10 - No control,,03 - P.D. only,05 - Turning movement,0
14-7168,INDUSTRIAL AVE @ ALTA VISTA DR/SANDFORD FLEMIN,370885.73390,5030557.36798,-75.65569224350,45.41183200560,2014-07-17,3:16:00 PM,01 - Clear,01 - Daylight,01 - Dry,01 - Traffic signal,01 - Functioning,03 - P.D. only,03 - Rear end,0
14-7169,BRIAN GOOD AVE @ POPLIN ST,368164.58300,5014727.02710,-75.69248142210,45.26964560720,2014-07-17,3:37:00 PM,01 - Clear,01 - Daylight,08 - Loose sand or gravel,,01 - Functioning,03 - P.D. only,99 - Other,0
14-7170,ST. JOSEPH BLVD @ JEANNE D'ARC BLVD,379862.16430,5036472.52877,-75.54012305710,45.46414709090,2014-07-17,2:45:00 PM,01 - Clear,01 - Daylight,01 - Dry,11 - Roundabout,00 - Unknown,03 - P.D. only,04 - Sideswipe,0
14-7171,HAWTHORNE RD @ LOUISEIZE RD,377825.77500,5020845.25266,-75.56847343000,45.32375795220,2014-07-17,4:41:00 PM,01 - Clear,01 - Daylight,01 - Dry,02 - Stop sign,00 - Unknown,03 - P.D. only,02 - Angle,0
14-7172,COLUMBUS AVE @ NORTH RIVER RD,369996.29430,5032146.53117,-75.66684418410,45.42621410380,2014-07-17,4:58:00 PM,01 - Clear,01 - Daylight,01 - Dry,02 - Stop sign,01 - Functioning,02 - Non-fatal injury,07 - SMV other,0
14-7173,RIDEAU ST @ WALLER ST,368282.16758,5032274.73373,-75.68873057120,45.42752529510,2014-07-17,5:30:00 PM,01 - Clear,01 - Daylight,01 - Dry,01 - Traffic signal,01 - Functioning,03 - P.D. only,04 - Sideswipe,0
14-7174,CATHERINE ST/HWY 417 O'CONN IC119BR76 @ O'CONN,368243.64946,5030392.71970,-75.68946509410,45.41059506600,2014-07-17,5:41:00 PM,01 - Clear,01 - Daylight,01 - Dry,01 - Traffic signal,01 - Functioning,03 - P.D. only,05 - Turning movement,0
14-7175,ROYDON PL btwn WOODFIELD DR & WEST HUNT CLUB RD,365508.44968,5022327.98054,-75.72539714570,45.33827269580,2014-07-17,6:20:00 PM,01 - Clear,01 - Daylight,01 - Dry,10 - No control,,03 - P.D. only,05 - Turning movement,0
14-7176,ELGIN ST NB @ WELLINGTON ST/RIDEAU ST,367801.67062,5031963.83332,-75.69491023120,45.42477136400,2014-07-17,9:58:00 PM,01 - Clear,07 - Dark,01 - Dry,01 - Traffic signal,01 - Functioning,03 - P.D. only,04 - Sideswipe,0
14-7177,CARP RD @ DONALD B. MUNRO DR,341193.01433,5022820.57523,-76.03559739650,45.34438793680,2014-07-18,1:10:00 AM,01 - Clear,07 - Dark,01 - Dry,02 - Stop sign,01 - Functioning,03 - P.D. only,03 - Rear end,0
14-7178,FALLOWFIELD RD btwn KOLO DR & BILTMORE CRES,346317.26438,5004293.03940,-75.97175896910,45.17738463590,2014-07-18,7:07:00 AM,01 - Clear,01 - Daylight,01 - Dry,10 - No control,,03 - P.D. only,07 - SMV other,0
14-7179,RUSSELL RD btwn ST. LAURENT BLVD & SOUTHVALE CRES,373622.77589,5029222.11354,-75.62091437600,45.39955420610,2014-07-18,7:20:00 AM,01 - Clear,01 - Daylight,01 - Dry,10 - No control,,03 - P.D. only,02 - Angle,0
14-7180,BRIDGE ST/MAPLE AVE @ MANOTICK MAIN ST,368700.27382,5009932.39510,-75.68627151960,45.22645540350,2014-07-18,7:15:00 AM,01 - Clear,01 - Daylight,01 - Dry,01 - Traffic signal,01 - Functioning,03 - P.D. only,03 - Rear end,0
14-7181,COLONEL BY DR/MACKENZIE AVE @ DALY AVE,368001.28980,5031906.47573,-75.69236693860,45.42423727250,2014-07-18,8:00:00 AM,01 - Clear,01 - Daylight,01 - Dry,01 - Traffic signal,01 - Functioning,02 - Non-fatal injury,03 - Rear end,0
14-7182,INNES RD @ STAR TOP RD/WINDMILL LANE,374148.19973,5030668.45623,-75.61400042260,45.41251583690,2014-07-18,9:05:00 AM,01 - Clear,01 - Daylight,01 - Dry,01 - Traffic signal,01 - Functioning,03 - P.D. only,06 - SMV unattended vehicle,0
14-7183,PRINCE OF WALES DR @ WEST HUNT CLUB RD,367460.13210,5021890.55543,-75.70055265170,45.33416523590,2014-07-18,8:20:00 AM,01 - Clear,01 - Daylight,01 - Dry,01 - Traffic signal,01 - Functioning,03 - P.D. only,03 - Rear end,0
14-7184,CRETE PL @ MCARTHUR AVE,370528.18573,5032724.69367,-75.65997060990,45.43136638800,2014-07-18,9:24:00 AM,01 - Clear,01 - Daylight,01 - Dry,02 - Stop sign,01 - Functioning,03 - P.D. only,04 - Sideswipe,0
14-7185,OTTAWA RIVER PKWY @ PORTAGE BRIDGE,366516.63285,5031317.43909,-75.71141094930,45.41906985810,2014-07-18,9:28:00 AM,01 - Clear,01 - Daylight,01 - Dry,01 - Traffic signal,01 - Functioning,02 - Non-fatal injury,03 - Rear end,0
14-7186,RIVER MIST RD btwn DUNDONALD DR & WHITE ARCTIC,364730.39700,5011971.61100,-75.73657500850,45.24515335650,2014-07-17,11:30:00 AM,01 - Clear,01 - Daylight,01 - Dry,10 - No control,,03 - P.D. only,06 - SMV unattended vehicle,0
14-7187,THATCHER ST btwn DAVID DR & HOWDEN AVE,363465.30315,5023122.53113,-75.75136995530,45.34559581030,2014-07-16,6:00:00 PM,01 - Clear,01 - Daylight,01 - Dry,10 - No control,,03 - P.D. only,06 - SMV unattended vehicle,0
14-7188,MCARTHUR AVE btwn MAYFIELD ST & VANIER PKWY,370147.23729,5032683.35557,-75.66484422880,45.43103014460,2014-07-18,11:53:00 AM,01 - Clear,01 - Daylight,01 - Dry,10 - No control,,03 - P.D. only,02 - Angle,0
14-7189,LONGFIELDS DR @ PAUL METIVIER DR,364841.33400,5014200.43700,-75.73489268780,45.26519892110,2014-07-17,6:45:00 PM,01 - Clear,01 - Daylight,01 - Dry,02 - Stop sign,01 - Functioning,03 - P.D. only,02 - Angle,0
14-7190,HOPE SIDE RD @ RICHMOND RD,356952.93963,5015484.82884,-75.83527236900,45.27738525630,2014-07-18,12:44:00 PM,01 - Clear,01 - Daylight,01 - Dry,02 - Stop sign,01 - Functioning,02 - Non-fatal injury,02 - Angle,0
14-7191,STITTSVILLE MAIN ST @ HAZELDEAN RD,349558.87203,5014877.76913,-75.92956485920,45.27243232400,2014-07-18,12:47:00 PM,01 - Clear,01 - Daylight,01 - Dry,01 - Traffic signal,01 - Functioning,03 - P.D. only,05 - Turning movement,0
14-7192,HAMPTON AVE btwn WELLINGTON ST W & END,364469.90633,5028968.86018,-75.73784505250,45.39811540970,2014-07-18,12:10:00 PM,01 - Clear,01 - Daylight,01 - Dry,10 - No control,,03 - P.D. only,06 - SMV unattended vehicle,0
14-7193,ST. LAURENT BLVD btwn SHORE ST & BELFAST RD,372838.44922,5030625.00750,-75.63073796850,45.41225347160,2014-07-17,12:57:00 PM,01 - Clear,01 - Daylight,01 - Dry,10 - No control,,03 - P.D. only,04 - Sideswipe,0
14-7194,ST. LAURENT BLVD btwn THURSTON DR & WALKLEY RD,373811.52264,5027557.37785,-75.61873660120,45.38455710240,2014-07-18,1:06:00 PM,01 - Clear,01 - Daylight,01 - Dry,10 - No control,,03 - P.D. only,05 - Turning movement,0
14-7195,KENNEVALE DR @ STRANDHERD DR,361491.38607,5014097.65327,-75.77758932980,45.26455204230,2014-07-18,1:13:00 PM,01 - Clear,01 - Daylight,01 - Dry,01 - Traffic signal,01 - Functioning,03 - P.D. only,03 - Rear end,0
14-7196,MACDONALD-CARTIER BR btwn RAMP & END (1),367401.81283,5033232.56250,-75.69985816400,45.43622286530,2014-07-18,1:36:00 PM,01 - Clear,01 - Daylight,01 - Dry,10 - No control,,03 - P.D. only,04 - Sideswipe,0
14-7197,BELFAST RD btwn ST. LAURENT BLVD & TRIOLE ST,372928.18253,5030605.64038,-75.62959434210,45.41207048550,2014-07-18,1:50:00 PM,01 - Clear,01 - Daylight,01 - Dry,10 - No control,,02 - Non-fatal injury,05 - Turning movement,0