Record,Location,X,Y,Longitude,Latitude,Date,Time,Environment,Light,Road_Surface,Traffic_Control,Collision_Location,Collision_Classification,Impact_type,Pedestrian
14-7302,RAMSGATE PRIV btwn FLANNERY DR & FLANNERY DR,368919.71238,5026123.68025,-75.68138356030,45.37212197430,2014-07-12,12:00:00 AM,01 - Clear,00 - Unknown,01 - Dry,10 - No control,,03 - P.D. only,06 - SMV unattended vehicle,0
14-7303,LAURIER AVE   E btwn LAURIER AVE W & NICHOLAS ST,368365.58013,5031790.68696,-75.68772717700,45.42316243790,2014-07-22,11:44:00 AM,01 - Clear,01 - Daylight,01 - Dry,10 - No control,,03 - P.D. only,03 - Rear end,0
14-7304,ALESTHER ST @ DONALD ST,371995.09017,5032460.58370,-75.64126118740,45.42885064440,2014-07-22,10:30:00 AM,01 - Clear,01 - Daylight,01 - Dry,02 - Stop sign,00 - Unknown,03 - P.D. only,03 - Rear end,0
14-7305,HERON RD btwn WILDWOOD AVE & BANK ST,369975.34085,5026851.54220,-75.66781170980,45.37857366230,2014-07-22,12:06:00 PM,01 - Clear,01 - Daylight,01 - Dry,10 - No control,,02 - Non-fatal injury,02 - Angle,0
14-7306,OGILVIE RD @ ELMRIDGE DR/JASMINE CRES N,375421.20403,5034061.52607,-75.59725186180,45.44291744330,2014-05-03,12:20:00 PM,01 - Clear,01 - Daylight,01 - Dry,01 - Traffic signal,01 - Functioning,02 - Non-fatal injury,03 - Rear end,0
14-7307,RICHARDSON AVE btwn MIDWAY AVE & LAWN AVE,361321.70974,5025898.89997,-75.77840473560,45.37075343410,2014-07-22,10:30:00 AM,01 - Clear,01 - Daylight,01 - Dry,10 - No control,,03 - P.D. only,04 - Sideswipe,0
14-7308,BERRIGAN DR btwn WESSEX RD & EDGEWARE DR (1),363870.14755,5015338.53756,-75.74713206210,45.27552180430,2014-07-22,12:59:00 PM,01 - Clear,01 - Daylight,01 - Dry,10 - No control,,02 - Non-fatal injury,02 - Angle,0
14-7309,LEITRIM RD btwn 810 W OF HAWTHORNE & HAWTHORNE RD,376646.27230,5022356.29084,-75.58329806390,45.33747530570,2014-07-22,12:59:00 PM,01 - Clear,01 - Daylight,01 - Dry,10 - No control,,03 - P.D. only,04 - Sideswipe,0
14-7310,BANK ST btwn HERON RD & ANOKA ST,370006.20986,5026822.88868,-75.66742138620,45.37831297510,2014-07-22,9:44:00 AM,01 - Clear,01 - Daylight,01 - Dry,10 - No control,,03 - P.D. only,02 - Angle,0
14-7311,BASELINE RD @ CENTREPOINTE DR W/COBDEN RD,361632.74393,5023206.11683,-75.77474379270,45.34649878770,2014-07-22,2:49:00 PM,01 - Clear,01 - Daylight,01 - Dry,01 - Traffic signal,01 - Functioning,03 - P.D. only,02 - Angle,0
14-7312,GROVE AVE btwn LEONARD AVE & GROSVENOR AVE,368591.53067,5028218.22757,-75.68530238700,45.39099805770,2014-07-22,7:45:00 AM,01 - Clear,01 - Daylight,01 - Dry,10 - No control,,03 - P.D. only,99 - Other,0
14-7313,CUMORAH DR/RED WILLOW DR @ MAPLE RUN AVE,380652.12412,5035118.24812,-75.53023159850,45.45187701280,2014-07-22,3:39:00 PM,01 - Clear,01 - Daylight,01 - Dry,02 - Stop sign,00 - Unknown,02 - Non-fatal injury,07 - SMV other,0
14-7314,REGIONAL RD 174 @ TRIM RD,384350.43150,5039989.39283,-75.48216742650,45.49529178950,2014-06-27,7:15:00 AM,01 - Clear,01 - Daylight,01 - Dry,01 - Traffic signal,01 - Functioning,03 - P.D. only,03 - Rear end,0
14-7315,CLEOPATRA DR btwn CAMELOT DR & Continuation of CLEOPATRA DR,365409.33256,5021295.81795,-75.72678810160,45.32899399360,2014-07-22,3:52:00 PM,01 - Clear,01 - Daylight,01 - Dry,10 - No control,,03 - P.D. only,02 - Angle,0
14-7316,CARLING AVE @ FAIRLAWN AVE/WOODROFFE AVE E,361934.68410,5025830.52790,-75.77058762240,45.37008852270,2014-07-22,4:25:00 PM,01 - Clear,01 - Daylight,01 - Dry,01 - Traffic signal,01 - Functioning,03 - P.D. only,05 - Turning movement,0
14-7317,LYNDA LANE @ SMYTH RD,371610.70846,5029192.30856,-75.64661599970,45.39948093200,2014-07-22,3:35:00 PM,01 - Clear,01 - Daylight,01 - Dry,02 - Stop sign,01 - Functioning,02 - Non-fatal injury,02 - Angle,0
14-7318,BENTBROOK CRES N @ TARTAN DR N,363285.10520,5014685.42760,-75.75466490790,45.26969400560,2014-07-22,4:39:00 PM,01 - Clear,01 - Daylight,01 - Dry,02 - Stop sign,01 - Functioning,03 - P.D. only,02 - Angle,0
14-7319,MEADOWLANDS DR/TALLWOOD DR @ WOODROFFE AVE,363056.92927,5022730.51111,-75.75662695500,45.34210248080,2014-07-21,8:30:00 PM,01 - Clear,05 - Dusk,01 - Dry,01 - Traffic signal,01 - Functioning,02 - Non-fatal injury,03 - Rear end,0
14-7320,CARLING AVE WB btwn CARLINGWOOD SC & IROQUOIS RD,362115.47363,5025970.38818,-75.76826352650,45.37133221020,2014-07-22,4:30:00 PM,01 - Clear,01 - Daylight,01 - Dry,10 - No control,,03 - P.D. only,03 - Rear end,0
14-7321,KING EDWARD AVE @ SUSSEX DR,367666.06967,5033505.49273,-75.69644605500,45.43865488630,2014-07-22,3:50:00 PM,01 - Clear,01 - Daylight,01 - Dry,01 - Traffic signal,01 - Functioning,03 - P.D. only,04 - Sideswipe,0
14-7322,MARCH RD @ DIAMONDVIEW RD,340134.94400,5019864.53983,-76.04930977090,45.31784237710,2014-07-22,5:26:00 PM,01 - Clear,01 - Daylight,01 - Dry,02 - Stop sign,01 - Functioning,03 - P.D. only,03 - Rear end,0
14-7323,WALKLEY RD @ WEXFORD WAY,369343.24117,5025362.52840,-75.67607637030,45.36523447000,2014-07-22,5:28:00 PM,01 - Clear,01 - Daylight,01 - Dry,02 - Stop sign,01 - Functioning,02 - Non-fatal injury,02 - Angle,0
14-7324,BASELINE RD @ CLYDE AVE,364359.17723,5024889.56503,-75.73975133610,45.36142002750,2014-07-22,5:40:00 PM,01 - Clear,01 - Daylight,01 - Dry,01 - Traffic signal,01 - Functioning,02 - Non-fatal injury,03 - Rear end,0
14-7325,TERRY FOX DR btwn PALLADIUM DR & MAPLE GROVE RD,351537.02092,5017883.42185,-75.90407230910,45.29934935760,2014-07-22,5:45:00 PM,01 - Clear,01 - Daylight,01 - Dry,10 - No control,,03 - P.D. only,03 - Rear end,0
14-7326,CLEMOW AVE btwn BANK ST & COBALT AVE,368248.83701,5029892.99056,-75.68946314190,45.40609819410,2014-07-11,12:00:00 AM,01 - Clear,00 - Unknown,01 - Dry,10 - No control,,03 - P.D. only,06 - SMV unattended vehicle,0
14-7327,WEST HUNT CLUB RD @ ANTARES DR/LASER ST,367107.23737,5022080.55383,-75.70503069040,45.33590623250,2014-07-22,6:10:00 PM,01 - Clear,01 - Daylight,01 - Dry,01 - Traffic signal,01 - Functioning,03 - P.D. only,03 - Rear end,0
14-7328,DWYER HILL RD btwn O'NEIL RD & ROGER STEVENS DR,352940.50315,4990944.51364,-75.88877703160,45.05684672360,2014-07-22,6:33:00 PM,01 - Clear,01 - Daylight,01 - Dry,10 - No control,,02 - Non-fatal injury,07 - SMV other,0
14-7329,CLYDE AVE @ MAITLAND AVE,364250.16743,5025142.41273,-75.74111226150,45.36370436900,2014-07-22,4:45:00 PM,01 - Clear,01 - Daylight,01 - Dry,03 - Yield sign,00 - Unknown,03 - P.D. only,05 - Turning movement,0
14-7330,CAMPEAU DR @ TERON RD/COLCHESTER SQ,352563.21553,5020468.28626,-75.89073923320,45.32253953130,2014-07-22,11:02:00 AM,01 - Clear,01 - Daylight,01 - Dry,01 - Traffic signal,01 - Functioning,03 - P.D. only,03 - Rear end,0
14-7331,KANATA AVE btwn HWY417 IC139 RAMP15 & AIRD PL,351728.89288,5019133.64191,-75.90150758170,45.31058636170,2014-07-22,7:35:00 PM,01 - Clear,01 - Daylight,01 - Dry,10 - No control,,02 - Non-fatal injury,03 - Rear end,0
14-7332,RIVERSIDE DR @ UPLANDS DR/KIMBERWICK CRES N,368194.24207,5022792.55253,-75.69107190400,45.34221528140,2014-07-18,8:00:00 PM,01 - Clear,01 - Daylight,01 - Dry,01 - Traffic signal,01 - Functioning,03 - P.D. only,04 - Sideswipe,0
14-7333,ELGIN ST @ LAURIER AVE,367949.18383,5031548.62793,-75.69307859310,45.42102218420,2014-07-22,3:50:00 PM,01 - Clear,01 - Daylight,01 - Dry,01 - Traffic signal,00 - Unknown,03 - P.D. only,04 - Sideswipe,0
14-7334,VANIER PKWY/CRICHTON ST @ BEECHWOOD AVE/ST. PA,369129.21880,5033489.97760,-75.67774803030,45.43838219720,2014-07-22,10:18:00 PM,01 - Clear,07 - Dark,01 - Dry,01 - Traffic signal,00 - Unknown,03 - P.D. only,03 - Rear end,0
14-7335,HAWTHORNE RD btwn STEVENAGE DR & HUNT CLUB RD,375146.69311,5027293.63159,-75.60172641150,45.38205122950,2014-07-22,10:28:00 PM,01 - Clear,07 - Dark,01 - Dry,10 - No control,,03 - P.D. only,02 - Angle,0
14-7336,ALBERT ST @ O'CONNOR ST,367538.22857,5031520.57300,-75.69833283980,45.42080672950,2014-07-23,6:52:00 AM,01 - Clear,01 - Daylight,01 - Dry,01 - Traffic signal,01 - Functioning,03 - P.D. only,02 - Angle,0
14-7337,STRANDHERD DR btwn Continuation of STRANDHERD DR & MCKENNA CASEY DR,361817.48540,5013668.21594,-75.77348351340,45.26066156960,2014-07-23,8:03:00 AM,01 - Clear,01 - Daylight,01 - Dry,08 - Traffic gate,01 - Functioning,02 - Non-fatal injury,03 - Rear end,0
14-7338,BEAVER RDG E @ WARBONNET DR E,365540.13894,5024683.84240,-75.72470349700,45.35946764350,2014-07-23,8:24:00 AM,01 - Clear,01 - Daylight,01 - Dry,02 - Stop sign,01 - Functioning,03 - P.D. only,06 - SMV unattended vehicle,0
14-7339,DEAN MARTIN CRES btwn PAUL ANKA DR & GIBFORD DR,370008.97500,5022870.48134,-75.66790755750,45.34275012330,2014-07-23,8:00:00 AM,01 - Clear,01 - Daylight,01 - Dry,10 - No control,,03 - P.D. only,06 - SMV unattended vehicle,0
14-7340,CHAPLEAU AVE btwn PUTMAN AVE & BEECHWOOD AVE,369508.65913,5033870.67477,-75.67284850390,45.44177254070,2014-07-23,8:45:00 AM,01 - Clear,01 - Daylight,01 - Dry,10 - No control,,03 - P.D. only,02 - Angle,0
14-7341,BARNSDALE RD btwn TRAIL RD & CEDARVIEW RD,363965.48658,5009998.52688,-75.74655265560,45.22746411420,2014-07-23,8:55:00 AM,01 - Clear,01 - Daylight,01 - Dry,10 - No control,,02 - Non-fatal injury,07 - SMV other,0
14-7342,GREENBANK RD @ STRANDHERD DR,363933.56542,5014783.46933,-75.74638996000,45.27052196110,2014-07-23,10:47:00 AM,01 - Clear,01 - Daylight,01 - Dry,01 - Traffic signal,01 - Functioning,03 - P.D. only,02 - Angle,0
14-7343,CAPILANO DR btwn WITHROW AVE & KERRY CRES,364714.00616,5024295.98549,-75.73529444280,45.35604884940,2014-07-23,11:04:00 AM,01 - Clear,01 - Daylight,01 - Dry,10 - No control,,03 - P.D. only,02 - Angle,0
14-7344,PLACE D'ORLEANS @ CENTRUM BLVD/PLACE D'ORLEANS,381966.16210,5038138.53967,-75.51295996810,45.47890718210,2014-07-23,8:45:00 AM,01 - Clear,01 - Daylight,01 - Dry,01 - Traffic signal,01 - Functioning,02 - Non-fatal injury,05 - Turning movement,0
14-7345,HAIG DR @ RUSSELL RD,372730.25667,5029658.61543,-75.63225323600,45.40356882390,2014-07-23,12:20:00 PM,01 - Clear,01 - Daylight,01 - Dry,01 - Traffic signal,01 - Functioning,03 - P.D. only,04 - Sideswipe,0
14-7346,BRONSON AVE @ SOMERSET ST,366968.65996,5030476.09027,-75.70574182950,45.41145963140,2014-07-23,12:27:00 PM,01 - Clear,01 - Daylight,01 - Dry,01 - Traffic signal,01 - Functioning,02 - Non-fatal injury,05 - Turning movement,0
14-7347,BELFAST RD btwn ST. LAURENT BLVD & TRIOLE ST,372882.05111,5030588.04067,-75.63018607940,45.41191662100,2014-07-23,3:07:00 PM,01 - Clear,01 - Daylight,01 - Dry,10 - No control,,03 - P.D. only,99 - Other,0
14-7348,ST. LAURENT BLVD btwn BELFAST RD & INDUSTRIAL AVE,373054.24701,5030112.21129,-75.62805224820,45.40761855650,2014-07-23,3:26:00 PM,01 - Clear,01 - Daylight,01 - Dry,10 - No control,,03 - P.D. only,03 - Rear end,0
14-7349,PORTOBELLO BLVD btwn BRIAN COBURN BLVD & SUMMER DAYS WALK/STORMWIND AVE,385795.94700,5035384.88400,-75.46443444940,45.45369872750,2014-07-23,4:00:00 PM,01 - Clear,01 - Daylight,01 - Dry,10 - No control,,03 - P.D. only,07 - SMV other,0
14-7350,BERGAMOT CIRC btwn TO BE DETERMINED & AZALEA LANE (1),385965.03855,5038200.16780,-75.46180800320,45.47900824340,2014-07-22,2:00:00 PM,01 - Clear,01 - Daylight,01 - Dry,10 - No control,,03 - P.D. only,06 - SMV unattended vehicle,0
14-7351,ALPINE AVE @ CARLING AVE,360498.09880,5024944.41463,-75.78902630240,45.36223096180,2014-07-23,3:45:00 PM,01 - Clear,01 - Daylight,01 - Dry,01 - Traffic signal,01 - Functioning,03 - P.D. only,04 - Sideswipe,0
14-7352,LEWIS ST @ O'CONNOR ST,367967.23187,5030830.62853,-75.69294003890,45.41456023250,2014-07-23,4:22:00 PM,01 - Clear,01 - Daylight,01 - Dry,02 - Stop sign,01 - Functioning,02 - Non-fatal injury,02 - Angle,0
14-7353,GLADSTONE AVE btwn KENT ST & BANK ST,367896.49550,5030551.22009,-75.69387948620,45.41205258700,2014-07-23,4:40:00 PM,01 - Clear,01 - Daylight,01 - Dry,10 - No control,,03 - P.D. only,02 - Angle,0
14-7354,RIVERSIDE DR NB btwn RIVERSIDE DR SPLIT & DATA CENTRE RD,368742.89833,5027526.00498,-75.68345911670,45.38475584420,2014-07-23,4:43:00 PM,01 - Clear,01 - Daylight,01 - Dry,10 - No control,,03 - P.D. only,02 - Angle,0
14-7355,CATHERINE ST @ ELGIN ST,368550.33993,5030575.67617,-75.68552365490,45.41221337760,2014-07-23,5:14:00 PM,01 - Clear,01 - Daylight,01 - Dry,01 - Traffic signal,01 - Functioning,03 - P.D. only,04 - Sideswipe,0
14-7356,GREENBANK RD @ 207 S OF BELLMAN DR/GREENBANK S,361338.15353,5020825.58377,-75.77877479980,45.32510260620,2014-07-23,5:47:00 PM,01 - Clear,01 - Daylight,01 - Dry,01 - Traffic signal,00 - Unknown,03 - P.D. only,03 - Rear end,0
14-7357,BASELINE RD @ MERIVALE RD,365055.17033,5025325.51490,-75.73081491050,45.36528315890,2014-07-23,6:29:00 PM,01 - Clear,01 - Daylight,01 - Dry,01 - Traffic signal,00 - Unknown,03 - P.D. only,03 - Rear end,0
14-7358,ST. JOSEPH BLVD btwn DUSSERE ST & ST. JEAN ST,380909.85339,5037160.33093,-75.52662088190,45.47022201230,2014-07-23,7:51:00 PM,01 - Clear,01 - Daylight,01 - Dry,10 - No control,,03 - P.D. only,05 - Turning movement,0
14-7359,REGIONAL ROAD 174 btwn QUIGLEY HILL RD & REGIONAL ROAD 174 DIVIDED,387156.96426,5042396.24556,-75.44586025960,45.51662041960,2014-07-23,7:55:00 PM,01 - Clear,01 - Daylight,01 - Dry,10 - No control,,02 - Non-fatal injury,01 - Approaching,0
14-7360,CANOTEK RD @ SHEFFORD RD,376029.25437,5035092.65003,-75.58933087670,45.45213316620,2014-07-23,12:15:00 PM,01 - Clear,01 - Daylight,01 - Dry,01 - Traffic signal,01 - Functioning,03 - P.D. only,05 - Turning movement,0
14-7361,ROWALLEN PL btwn SHELLBROOK WAY & SHELLBROOK WAY,372984.83454,5026002.36653,-75.62950673070,45.37064670750,2014-07-23,8:30:00 PM,01 - Clear,05 - Dusk,01 - Dry,10 - No control,,03 - P.D. only,06 - SMV unattended vehicle,0
14-7362,INDUSTRIAL AVE @ RIVERSIDE DR,370683.29680,5030593.50127,-75.65827345810,45.41217620600,2014-07-23,9:23:00 PM,01 - Clear,07 - Dark,01 - Dry,01 - Traffic signal,01 - Functioning,03 - P.D. only,03 - Rear end,0
14-7363,CYRVILLE RD btwn LABRIE AVE & STAR TOP RD,373437.87481,5031666.22037,-75.62293555360,45.42156326080,2014-07-23,9:30:00 PM,01 - Clear,07 - Dark,01 - Dry,10 - No control,,02 - Non-fatal injury,01 - Approaching,0
14-7364,SCOTT ST btwn ATHLONE AVE & TRANSIT,363345.22365,5028743.02257,-75.75223601920,45.39617830870,2014-07-23,9:45:00 PM,01 - Clear,07 - Dark,01 - Dry,10 - No control,,03 - P.D. only,05 - Turning movement,0
14-7365,NORMAN ST @ ROCHESTER ST,366889.19303,5029271.31616,-75.70690870420,45.40062646610,2014-07-24,5:09:00 AM,01 - Clear,03 - Dawn,01 - Dry,02 - Stop sign,00 - Unknown,02 - Non-fatal injury,06 - SMV unattended vehicle,0
14-7366,KIMBERWICK CRES btwn QUINTERRA CRT & TATTERSALL WAY,368088.91160,5022797.09014,-75.69241523560,45.34226562040,2014-07-24,5:58:00 AM,01 - Clear,03 - Dawn,01 - Dry,10 - No control,,03 - P.D. only,06 - SMV unattended vehicle,0
14-7367,AVIATION PKWY @ OGILVIE RD,373110.24027,5032375.63773,-75.62702324190,45.42797831680,2014-07-24,6:58:00 AM,01 - Clear,01 - Daylight,01 - Dry,01 - Traffic signal,01 - Functioning,03 - P.D. only,03 - Rear end,0
14-7368,ABETTI RDG/RIVERSTONE DR @ JOCKVALE RD,365167.23377,5013547.96795,-75.73081940280,45.25930011120,2014-07-24,7:30:00 AM,01 - Clear,01 - Daylight,01 - Dry,01 - Traffic signal,01 - Functioning,03 - P.D. only,03 - Rear end,0
14-7369,NICHOLAS ST NB btwn LAURIER AVE E & WALLER ST,368461.94664,5031730.33941,-75.68650368110,45.42261068820,2014-07-24,7:15:00 AM,01 - Clear,01 - Daylight,01 - Dry,10 - No control,,03 - P.D. only,04 - Sideswipe,0
14-7370,HUNT CLUB RD btwn CAHILL DR & LORRY GREENBERG DR,372743.64391,5024748.73703,-75.63275795420,45.35939045520,2014-07-24,10:30:00 AM,01 - Clear,01 - Daylight,01 - Dry,10 - No control,,03 - P.D. only,04 - Sideswipe,0
14-7371,ST. JOSEPH BLVD @ JEANNE D'ARC BLVD,379862.16430,5036469.68517,-75.54012349140,45.46412150630,2014-07-24,9:50:00 AM,01 - Clear,01 - Daylight,01 - Dry,11 - Roundabout,01 - Functioning,03 - P.D. only,04 - Sideswipe,0
14-7372,RICHMOND RD btwn GOLDEN AVE & BERKLEY AVE,362905.03395,5028059.69475,-75.75793830270,45.39006649600,2014-07-24,12:00:00 AM,01 - Clear,00 - Unknown,01 - Dry,10 - No control,,03 - P.D. only,06 - SMV unattended vehicle,0
14-7373,BANK ST btwn CHESLEY ST & RIVERDALE AVE,369035.37569,5028164.07862,-75.67964156250,45.39047027230,2014-07-24,11:47:00 AM,01 - Clear,01 - Daylight,01 - Dry,10 - No control,,02 - Non-fatal injury,07 - SMV other,1
14-7374,BANK ST @ MITCH OWENS RD,377759.23963,5015946.51163,-75.57004296800,45.27968815060,2014-07-24,12:07:00 PM,01 - Clear,01 - Daylight,01 - Dry,01 - Traffic signal,01 - Functioning,03 - P.D. only,04 - Sideswipe,0
14-7375,CARP RD @ HAZELDEAN RD,348803.15410,5014361.38407,-75.93924149320,45.26783339800,2014-07-24,12:23:00 PM,01 - Clear,01 - Daylight,01 - Dry,01 - Traffic signal,01 - Functioning,02 - Non-fatal injury,05 - Turning movement,0
14-7376,DONALD ST @ OKEE ST,371886.43589,5032448.41385,-75.64265126730,45.42875157660,2014-07-24,12:38:00 PM,01 - Clear,01 - Daylight,01 - Dry,02 - Stop sign,00 - Unknown,03 - P.D. only,05 - Turning movement,0
14-7377,BRONSON AVE @ KIPPEWA DR,367557.19073,5029075.55690,-75.69840183310,45.39880551880,2014-07-23,4:45:00 PM,01 - Clear,01 - Daylight,01 - Dry,02 - Stop sign,01 - Functioning,03 - P.D. only,02 - Angle,0
14-7378,EAGLESON RD btwn MARCH RD & HWY417 IC138 RAMP35,352955.19773,5020200.83224,-75.88576545740,45.32010614570,2014-07-24,1:11:00 PM,01 - Clear,01 - Daylight,01 - Dry,10 - No control,,03 - P.D. only,03 - Rear end,0
14-7379,GREENBANK RD @ PRINCE OF WALES DR,366203.11300,5009544.32907,-75.71811607870,45.22318570180,2014-07-24,11:50:00 AM,01 - Clear,01 - Daylight,01 - Dry,02 - Stop sign,01 - Functioning,03 - P.D. only,02 - Angle,0
14-7380,ARMSTRONG ST @ PARKDALE AVE,365090.21817,5029403.61083,-75.72986947200,45.40197405900,2014-07-24,3:06:00 PM,01 - Clear,01 - Daylight,01 - Dry,01 - Traffic signal,01 - Functioning,02 - Non-fatal injury,05 - Turning movement,0
14-7381,EAGLESON RD @ COPE DR/CADENCE GT,354622.04410,5016024.58360,-75.86492529190,45.28241113100,2014-07-24,2:50:00 PM,01 - Clear,01 - Daylight,01 - Dry,01 - Traffic signal,01 - Functioning,03 - P.D. only,04 - Sideswipe,0
14-7382,WALKLEY RD btwn MARTHA AVE & AUDREY AVE,374033.26013,5028120.82416,-75.61582635840,45.38960485280,2014-07-24,3:52:00 PM,01 - Clear,01 - Daylight,01 - Dry,10 - No control,,03 - P.D. only,04 - Sideswipe,0
14-7383,PARKDALE AVE @ GLADSTONE AVE,365217.17563,5029116.66537,-75.72828305240,45.39938124370,2014-07-24,4:04:00 PM,01 - Clear,01 - Daylight,01 - Dry,01 - Traffic signal,01 - Functioning,03 - P.D. only,03 - Rear end,0
14-7384,DUNDONALD DR @ GREENBANK RD,365090.64410,5012122.31100,-75.73196813040,45.24647859430,2014-07-24,4:07:00 PM,01 - Clear,01 - Daylight,01 - Dry,02 - Stop sign,00 - Unknown,02 - Non-fatal injury,05 - Turning movement,0
14-7385,INNES RD @ 240 E OF TENTH LINE RD/HOME DEPOT E,384167.82091,5036257.74262,-75.48510648890,45.46173872390,2014-07-24,4:08:00 PM,01 - Clear,01 - Daylight,01 - Dry,01 - Traffic signal,01 - Functioning,03 - P.D. only,03 - Rear end,0
14-7386,ST. JOSEPH BLVD @ JEANNE D'ARC BLVD,379862.16430,5036471.58090,-75.54012320190,45.46413856240,2014-07-24,4:15:00 PM,01 - Clear,01 - Daylight,01 - Dry,11 - Roundabout,01 - Functioning,03 - P.D. only,04 - Sideswipe,0
14-7387,ABBOTT ST @ STITTSVILLE MAIN ST,350249.05823,5013334.26050,-75.92091037530,45.25849903070,2014-07-24,4:24:00 PM,01 - Clear,01 - Daylight,01 - Dry,01 - Traffic signal,01 - Functioning,03 - P.D. only,03 - Rear end,0
14-7388,IRIS ST btwn GREENBANK RD & TO BE DETERMINED,360547.22975,5023316.99654,-75.78858271560,45.34758359780,2014-07-24,4:25:00 PM,01 - Clear,01 - Daylight,01 - Dry,10 - No control,,03 - P.D. only,04 - Sideswipe,0
14-7389,TERRY FOX DR btwn HWY417 IC140 RAMP35 & HWY417 IC140 RAMP52,350981.85823,5018511.35237,-75.91109212420,45.30503636010,2014-07-24,4:29:00 PM,01 - Clear,01 - Daylight,01 - Dry,10 - No control,,03 - P.D. only,03 - Rear end,0
14-7390,LAJOIE ST @ MONTREAL RD,370535.18853,5033326.58730,-75.65980075810,45.43678130990,2014-07-24,4:44:00 PM,01 - Clear,01 - Daylight,01 - Dry,01 - Traffic signal,01 - Functioning,03 - P.D. only,03 - Rear end,0
14-7391,MERIVALE RD btwn KINGSTON AVE & CALDWELL AVE,364905.97620,5026246.52594,-75.73260721020,45.37358307160,2014-07-24,4:48:00 PM,01 - Clear,01 - Daylight,01 - Dry,10 - No control,,03 - P.D. only,02 - Angle,0
14-7392,CROYDON AVE @ RICHMOND RD,360545.21287,5025271.57183,-75.78838804160,45.36517096290,2014-07-24,3:45:00 PM,01 - Clear,01 - Daylight,01 - Dry,01 - Traffic signal,01 - Functioning,03 - P.D. only,03 - Rear end,0
14-7393,ABERDEEN ST @ PRESTON ST,366652.16863,5029341.56260,-75.70992721640,45.40127950560,2014-07-24,5:21:00 PM,01 - Clear,01 - Daylight,01 - Dry,02 - Stop sign,01 - Functioning,02 - Non-fatal injury,07 - SMV other,1
14-7394,PRINCE OF WALES DR btwn TURN LANE & WEST HUNT CLUB RD,367457.28850,5021864.96302,-75.70059216810,45.33393521400,2014-07-24,5:22:00 PM,01 - Clear,01 - Daylight,01 - Dry,10 - No control,,03 - P.D. only,04 - Sideswipe,0
14-7395,TREMBLAY RD btwn RIVERSIDE DR & TRAIN STATION,371127.74345,5031278.40861,-75.65250363940,45.41829673330,2014-07-24,5:31:00 PM,01 - Clear,01 - Daylight,01 - Dry,10 - No control,,03 - P.D. only,02 - Angle,0
14-7396,SHERBOURNE RD btwn BROMLEY RD & CARLING AVE,362935.58890,5026503.69298,-75.75773136260,45.37606326840,2014-07-24,6:09:00 PM,01 - Clear,01 - Daylight,01 - Dry,10 - No control,,03 - P.D. only,03 - Rear end,0
14-7397,JEFFERSON ST btwn FEATHERSTON DR & ARIZONA AVE,371773.51694,5027348.46687,-75.64478691210,45.38287522120,2014-07-23,12:00:00 AM,01 - Clear,00 - Unknown,01 - Dry,10 - No control,,03 - P.D. only,06 - SMV unattended vehicle,0
14-7398,ST. LAURENT BLVD btwn INDUSTRIAL AVE & BOURASSA ST,373224.78869,5029718.69168,-75.62592844360,45.40406119870,2014-07-24,1:00:00 PM,01 - Clear,01 - Daylight,01 - Dry,10 - No control,,03 - P.D. only,03 - Rear end,0
14-7399,INNES RD @ STONEHENGE CRES E,375362.32070,5031312.60513,-75.59839837620,45.41819016900,2014-07-24,6:22:00 PM,01 - Clear,01 - Daylight,01 - Dry,01 - Traffic signal,01 - Functioning,03 - P.D. only,03 - Rear end,0
14-7400,CARP RD @ LLOYDALEX CRES,347919.93777,5015244.44160,-75.95041963500,45.27583419080,2014-07-24,6:45:00 PM,01 - Clear,01 - Daylight,01 - Dry,02 - Stop sign,00 - Unknown,03 - P.D. only,03 - Rear end,0
14-7401,TERRY FOX DR @ PALLADIUM DR/KATIMAVIK RD,351270.19193,5018183.67093,-75.90744622810,45.30206877890,2014-07-24,11:36:00 PM,01 - Clear,07 - Dark,01 - Dry,01 - Traffic signal,00 - Unknown,03 - P.D. only,03 - Rear end,0
14-7402,ROGER STEVENS DR btwn MALAKOFF RD & MCCORDICK RD,363759.16340,4997486.42827,-75.75065774520,45.11489526400,2014-07-24,12:03:00 AM,01 - Clear,07 - Dark,01 - Dry,10 - No control,,02 - Non-fatal injury,07 - SMV other,0
14-7403,FERNBANK RD @ SHEA RD,352053.95547,5013123.75029,-75.89793452770,45.25648587990,2014-07-25,1:56:00 AM,01 - Clear,07 - Dark,01 - Dry,03 - Yield sign,01 - Functioning,02 - Non-fatal injury,07 - SMV other,0
14-7404,STAGECOACH RD btwn VISTA PATRICK PRIV & GOLDEN ASH LANE,375595.30647,5014045.45717,-75.59789255880,45.26280430940,2014-07-25,4:50:00 AM,01 - Clear,03 - Dawn,01 - Dry,10 - No control,,03 - P.D. only,07 - SMV other,0
14-7405,DRISCOLL DR N @ JEAN PARK RD N,367976.36406,5011123.20558,-75.69533792890,45.23723558580,2014-07-25,6:33:00 AM,01 - Clear,01 - Daylight,01 - Dry,02 - Stop sign,01 - Functioning,03 - P.D. only,02 - Angle,0
14-7406,INNES RD @ STONEHENGE CRES E,375364.21643,5031313.55300,-75.59837402140,45.41819850650,2014-07-24,12:45:00 PM,01 - Clear,01 - Daylight,01 - Dry,01 - Traffic signal,01 - Functioning,03 - P.D. only,03 - Rear end,0
14-7407,BRONSON AVE btwn RAYMOND ST & HWY417 IC121A RAMP51,367256.97390,5029783.29636,-75.70214649810,45.40520040390,2014-07-25,7:30:00 AM,01 - Clear,01 - Daylight,01 - Dry,10 - No control,,03 - P.D. only,04 - Sideswipe,0