Record,Location,X,Y,Longitude,Latitude,Date,Time,Environment,Light,Road_Surface,Traffic_Control,Collision_Location,Collision_Classification,Impact_type,Pedestrian
14-7408,KINBURN SIDE RD btwn DIAMONDVIEW RD & CARP RD,332107.50901,5030624.54714,-76.15110122240,45.41502419920,2014-07-25,6:20:00 AM,01 - Clear,01 - Daylight,01 - Dry,10 - No control,,03 - P.D. only,07 - SMV other,0
14-7409,MEADOWLANDS DR/TALLWOOD DR @ WOODROFFE AVE,363056.82630,5022730.61408,-75.75662825700,45.34210341610,2014-07-25,11:51:00 AM,01 - Clear,01 - Daylight,01 - Dry,01 - Traffic signal,01 - Functioning,03 - P.D. only,03 - Rear end,0
14-7410,HAZELDEAN RD @ TERRY FOX DR,352206.18920,5017240.55527,-75.89560190390,45.29351984420,2014-07-25,11:00:00 AM,01 - Clear,01 - Daylight,01 - Dry,01 - Traffic signal,01 - Functioning,03 - P.D. only,04 - Sideswipe,0
14-7411,BEAVERHILL DR @ LAPORTE ST,375897.46568,5034111.85204,-75.59115732400,45.44332197030,2014-07-25,11:20:00 AM,01 - Clear,01 - Daylight,01 - Dry,02 - Stop sign,01 - Functioning,03 - P.D. only,02 - Angle,0
14-7412,PARKDALE AVE @ WELLINGTON ST,365149.54579,5029270.94451,-75.72912794090,45.40077524550,2014-07-25,10:40:00 AM,01 - Clear,01 - Daylight,01 - Dry,01 - Traffic signal,01 - Functioning,03 - P.D. only,05 - Turning movement,0
14-7413,AGES DR @ LEGACY RD,374601.26417,5027549.64407,-75.60865407210,45.38440926730,2014-07-25,1:03:00 PM,01 - Clear,01 - Daylight,01 - Dry,02 - Stop sign,01 - Functioning,03 - P.D. only,05 - Turning movement,0
14-7414,CATHERINE ST @ METCALFE ST,368393.70670,5030486.81659,-75.68753606740,45.41142809960,2014-07-25,1:16:00 PM,01 - Clear,01 - Daylight,01 - Dry,01 - Traffic signal,01 - Functioning,03 - P.D. only,02 - Angle,0
14-7415,HAWTHORNE AVE @ MAIN ST,368970.23567,5030633.51507,-75.68015207350,45.41269541480,2014-07-25,12:40:00 PM,01 - Clear,01 - Daylight,01 - Dry,01 - Traffic signal,01 - Functioning,03 - P.D. only,06 - SMV unattended vehicle,0
14-7416,REGIONAL ROAD 174 btwn MCTEER RD & CANAAN RD,395628.21410,5043363.31413,-75.33727350620,45.52426873580,2014-07-25,2:33:00 PM,01 - Clear,01 - Daylight,01 - Dry,10 - No control,,03 - P.D. only,03 - Rear end,0
14-7417,WAVERLEY ST @ O'CONNOR ST,368009.18213,5030763.67437,-75.69241270030,45.41395401310,2014-07-25,2:49:00 PM,01 - Clear,01 - Daylight,01 - Dry,02 - Stop sign,01 - Functioning,03 - P.D. only,02 - Angle,0
14-7418,BYRON AVE @ CHURCHILL AVE,363277.06237,5028181.49837,-75.75317308340,45.39113150100,2014-07-25,3:29:00 PM,01 - Clear,01 - Daylight,08 - Loose sand or gravel,01 - Traffic signal,01 - Functioning,03 - P.D. only,99 - Other,0
14-7419,HERON RD btwn FINN CRT & BAYCREST DR,371121.45442,5026978.59663,-75.65316214060,45.37960929890,2014-07-25,3:33:00 PM,01 - Clear,01 - Daylight,01 - Dry,10 - No control,,03 - P.D. only,03 - Rear end,0
14-7420,MITCH OWENS RD btwn RIVER RD & SPRATT RD,369669.10220,5010874.22374,-75.67381262030,45.23484134330,2014-07-25,4:21:00 PM,01 - Clear,01 - Daylight,01 - Dry,10 - No control,,03 - P.D. only,02 - Angle,0
14-7421,HERON RD EB btwn RIVERSIDE DR & BRONSON AVE RAMP 35,368336.86393,5026653.74270,-75.68875584210,45.37694441940,2014-07-25,5:17:00 PM,01 - Clear,01 - Daylight,01 - Dry,10 - No control,,03 - P.D. only,05 - Turning movement,0
14-7422,EAGLESON RD @ HWY 417 EAGLESO IC138R51/PARK AN,353035.76645,5020014.10239,-75.88475602170,45.31842038230,2014-07-25,5:32:00 PM,01 - Clear,01 - Daylight,01 - Dry,01 - Traffic signal,01 - Functioning,02 - Non-fatal injury,03 - Rear end,0
14-7423,WALKLEY RD @ HEATHERINGTON RD,371766.25087,5026792.63097,-75.64495507490,45.37787471530,2014-07-25,5:55:00 PM,01 - Clear,01 - Daylight,01 - Dry,01 - Traffic signal,01 - Functioning,02 - Non-fatal injury,03 - Rear end,0
14-7424,MANOTICK MAIN ST @ MILL ST,368821.17133,5009831.38900,-75.68474511670,45.22553557630,2014-07-25,5:56:00 PM,01 - Clear,01 - Daylight,01 - Dry,02 - Stop sign,01 - Functioning,03 - P.D. only,02 - Angle,0
14-7425,RICHMOND RD @ LYNHAR RD/STAFFORD RD,358138.23560,5021085.50590,-75.81956335980,45.32769185770,2014-07-25,7:23:00 PM,01 - Clear,01 - Daylight,01 - Dry,01 - Traffic signal,01 - Functioning,03 - P.D. only,04 - Sideswipe,0
14-7426,LORNE AVE @ SOMERSET ST,366651.41488,5030306.56631,-75.70981579120,45.40996241240,2014-07-25,8:18:00 PM,01 - Clear,01 - Daylight,01 - Dry,02 - Stop sign,00 - Unknown,03 - P.D. only,05 - Turning movement,0
14-7427,TENTH LINE RD @ CHARLEMAGNE BLVD S/DES EPINETT,383640.97510,5036900.45590,-75.49173924100,45.46758093120,2014-07-25,8:00:00 PM,01 - Clear,01 - Daylight,01 - Dry,01 - Traffic signal,01 - Functioning,03 - P.D. only,04 - Sideswipe,0
14-7428,ROBERTSON RD btwn HAZELDEAN RD & HAANEL DR,354541.71980,5018933.74948,-75.86565731680,45.30859409490,2014-07-25,8:47:00 PM,01 - Clear,05 - Dusk,01 - Dry,10 - No control,,03 - P.D. only,07 - SMV other,0
14-7429,BLAIR RD @ OGILVIE RD,374507.24977,5033198.57500,-75.60905568510,45.43524482300,2014-07-25,9:02:00 PM,01 - Clear,07 - Dark,01 - Dry,01 - Traffic signal,00 - Unknown,02 - Non-fatal injury,03 - Rear end,0
14-7430,ADELINE ST btwn NORFOLK AVE & ROCHESTER ST,366909.97673,5029111.62078,-75.70666336100,45.39918772660,2014-07-25,12:00:00 AM,01 - Clear,00 - Unknown,01 - Dry,10 - No control,,03 - P.D. only,06 - SMV unattended vehicle,0
14-7431,ALTA VISTA DR @ SMYTH RD,370434.13770,5029082.50537,-75.66165750780,45.39860425200,2014-07-25,9:42:00 PM,01 - Clear,07 - Dark,01 - Dry,01 - Traffic signal,01 - Functioning,03 - P.D. only,04 - Sideswipe,0
14-7432,SADDLESMITH CIRC btwn TO BE DETERMINED & CEDAR VALLEY DR (2),355812.08393,5015934.86913,-75.84976621060,45.28151851100,2014-07-26,9:21:00 AM,01 - Clear,01 - Daylight,01 - Dry,10 - No control,,03 - P.D. only,06 - SMV unattended vehicle,0
14-7433,INNES RD @ 215 W OF CYRVILLE RD/HOME DEPOT W,374864.10214,5031000.30472,-75.60480792340,45.41543032500,2014-07-26,9:30:00 AM,01 - Clear,01 - Daylight,01 - Dry,01 - Traffic signal,01 - Functioning,03 - P.D. only,03 - Rear end,0
14-7434,GLYNN AVE btwn NORTH RIVER RD & SYLVESTER ST,370151.33015,5032081.16153,-75.66487183560,45.42561146600,2014-07-25,12:30:00 PM,01 - Clear,01 - Daylight,01 - Dry,10 - No control,,03 - P.D. only,06 - SMV unattended vehicle,0
14-7435,CAPILANO DR btwn WITHROW AVE & KERRY CRES,364671.64920,5024257.41227,-75.73583968480,45.35570539110,2014-07-26,11:27:00 AM,01 - Clear,01 - Daylight,01 - Dry,10 - No control,,02 - Non-fatal injury,02 - Angle,0
14-7436,HAZELDEAN RD @ TERRY FOX DR,352207.13707,5017240.55527,-75.89558981950,45.29351978030,2014-07-25,5:00:00 PM,01 - Clear,01 - Daylight,01 - Dry,01 - Traffic signal,01 - Functioning,03 - P.D. only,03 - Rear end,0
14-7437,SCULLY WAY btwn MULDER AVE & BRASSEUR CRES,386365.73401,5037260.11496,-75.45683958200,45.47050391120,2014-07-26,11:45:00 AM,01 - Clear,01 - Daylight,01 - Dry,10 - No control,,03 - P.D. only,06 - SMV unattended vehicle,0
14-7438,GREENLAND RD btwn Continuation of GREENLAND RD & SCOTCH PINE GRV,344076.09019,5033642.63437,-75.99794702450,45.44161212170,2014-07-25,9:00:00 PM,01 - Clear,05 - Dusk,01 - Dry,10 - No control,,03 - P.D. only,07 - SMV other,0
14-7439,BARNSDALE RD @ PRINCE OF WALES DR,366647.20317,5011532.66669,-75.71221459280,45.24103792690,2014-07-26,1:18:00 PM,01 - Clear,01 - Daylight,01 - Dry,02 - Stop sign,01 - Functioning,03 - P.D. only,02 - Angle,0
14-7440,SIMARD DR btwn CHAPEL PARK PRIV & BROUSSEAU CRES,381443.18429,5035073.64602,-75.52012633470,45.45138941210,2014-07-26,12:30:00 PM,01 - Clear,01 - Daylight,01 - Dry,10 - No control,,03 - P.D. only,04 - Sideswipe,0
14-7441,MCARTHUR AVE @ VANIER PKWY,370221.07467,5032688.69017,-75.66389995870,45.43107123990,2014-07-26,3:00:00 PM,01 - Clear,01 - Daylight,01 - Dry,01 - Traffic signal,01 - Functioning,02 - Non-fatal injury,03 - Rear end,0
14-7442,CEDARWOOD DR @ WALKLEY RD,371195.23557,5026456.79143,-75.65229031520,45.37490729390,2014-07-26,5:07:00 PM,01 - Clear,01 - Daylight,01 - Dry,01 - Traffic signal,01 - Functioning,02 - Non-fatal injury,07 - SMV other,1
14-7443,FALLOWFIELD RD btwn ASHDALE AVE & PRINCE OF WALES DR,367339.88744,5019128.70087,-75.70243541000,45.30932522860,2014-07-26,5:18:00 PM,01 - Clear,01 - Daylight,01 - Dry,10 - No control,,02 - Non-fatal injury,03 - Rear end,0
14-7444,JOCKVALE RD btwn TARTAN DR & STRANDHERD DR,363514.10180,5014658.12374,-75.75175004930,45.26942924340,2014-07-25,6:00:00 PM,01 - Clear,01 - Daylight,01 - Dry,10 - No control,,03 - P.D. only,03 - Rear end,0
14-7445,BARNSDALE RD @ PRINCE OF WALES DR,366647.60529,5011533.01926,-75.71220942760,45.24104106430,2014-07-26,6:48:00 PM,01 - Clear,01 - Daylight,01 - Dry,02 - Stop sign,01 - Functioning,02 - Non-fatal injury,02 - Angle,0
14-7446,MERIVALE RD @ COLDREY AVE/CRERAR AVE,364894.22987,5027391.59653,-75.73261780330,45.38388721670,2014-07-26,6:57:00 PM,01 - Clear,01 - Daylight,01 - Dry,01 - Traffic signal,01 - Functioning,03 - P.D. only,02 - Angle,0
14-7447,ALESTHER ST @ DONALD ST,371993.62959,5032459.97764,-75.64127993410,45.42884533130,2014-07-26,6:40:00 PM,01 - Clear,01 - Daylight,01 - Dry,02 - Stop sign,01 - Functioning,03 - P.D. only,05 - Turning movement,0
14-7448,CLAYMOR AVE btwn EIFFEL AVE & DEBRA AVE,366811.57910,5025513.53080,-75.70837206460,45.36682170070,2014-07-26,8:08:00 PM,01 - Clear,05 - Dusk,01 - Dry,10 - No control,,03 - P.D. only,06 - SMV unattended vehicle,0
14-7449,BRUYERE ST @ FORSEY ST,368444.80863,5033225.14192,-75.68652946720,45.43606194040,2014-07-26,8:55:00 PM,01 - Clear,05 - Dusk,01 - Dry,10 - No control,,02 - Non-fatal injury,07 - SMV other,0
14-7450,COLONNADE RD    N btwn CORINTH PRIV & CITIPLACE DR,366754.14027,5023360.78041,-75.70937505290,45.34745675670,2014-07-27,12:14:00 AM,02 - Rain,07 - Dark,02 - Wet,10 - No control,,03 - P.D. only,07 - SMV other,0
14-7451,INDUSTRIAL AVE @ NEIGHBORHOOD WAY,371094.14350,5030527.55710,-75.65303391530,45.41154406770,2014-07-27,5:06:00 AM,01 - Clear,03 - Dawn,02 - Wet,02 - Stop sign,01 - Functioning,03 - P.D. only,99 - Other,0
14-7452,CARP RD btwn THOMAS A. DOLAN PKWY & NORMA LANE,336679.53108,5025935.39655,-76.09299042190,45.37263609720,2014-07-27,1:30:00 AM,02 - Rain,07 - Dark,02 - Wet,10 - No control,,03 - P.D. only,07 - SMV other,0
14-7453,LAURIER AVE @ NICHOLAS ST,368372.68688,5031796.84472,-75.68763557730,45.42321719690,2014-07-27,6:26:00 AM,01 - Clear,01 - Daylight,02 - Wet,01 - Traffic signal,01 - Functioning,03 - P.D. only,05 - Turning movement,0
14-7454,BRONSON AVE @ SUNNYSIDE AVE/UNIVERSITY RD - CA,367923.18403,5028090.59923,-75.69385348200,45.38991025330,2014-07-27,7:58:00 AM,01 - Clear,01 - Daylight,02 - Wet,01 - Traffic signal,01 - Functioning,03 - P.D. only,03 - Rear end,0
14-7455,PAUL ANKA DR btwn UPLANDS DR & SAMPLE RD,369436.57285,5023389.96653,-75.67514298840,45.34747729430,2014-07-24,7:00:00 PM,01 - Clear,01 - Daylight,01 - Dry,10 - No control,,03 - P.D. only,02 - Angle,0
14-7456,BRONSON AVE @ COMMISSIONER ST/SLATER ST,366769.10079,5030949.85128,-75.70823155750,45.41574009530,2014-07-27,8:41:00 AM,01 - Clear,01 - Daylight,01 - Dry,01 - Traffic signal,01 - Functioning,02 - Non-fatal injury,02 - Angle,0
14-7457,STRATHCONA AVE btwn O'CONNOR ST & METCALFE ST,368456.52843,5030217.34296,-75.68676834590,45.40899775380,2014-07-27,9:32:00 AM,01 - Clear,01 - Daylight,02 - Wet,10 - No control,,03 - P.D. only,06 - SMV unattended vehicle,0
14-7458,INDUSTRIAL AVE/INNES RD @ ST. LAURENT BLVD,373100.60848,5030006.74332,-75.62747465990,45.40666508180,2014-07-27,10:09:00 AM,01 - Clear,01 - Daylight,01 - Dry,01 - Traffic signal,01 - Functioning,03 - P.D. only,03 - Rear end,0
14-7459,STEWART ST btwn KING EDWARD AVE & NELSON ST,368709.85853,5032251.48925,-75.68326847470,45.42727720180,2014-07-27,11:07:00 AM,01 - Clear,01 - Daylight,01 - Dry,10 - No control,,03 - P.D. only,02 - Angle,0
14-7460,BASELINE RD @ GREENBANK RD,360597.21037,5022585.44807,-75.78802745730,45.34099716150,2014-07-27,11:05:00 AM,01 - Clear,01 - Daylight,01 - Dry,01 - Traffic signal,01 - Functioning,03 - P.D. only,03 - Rear end,0
14-7461,CARLING AVE/STATION RD @ MARCH RD,350908.09073,5022245.55973,-75.91168508440,45.33864250760,2014-07-27,1:10:00 PM,01 - Clear,01 - Daylight,01 - Dry,01 - Traffic signal,01 - Functioning,01 - Fatal injury,99 - Other,0
14-7462,ANJANA CIRC btwn TARTARUGA LANE & TARTARUGA LANE,361833.08561,5013886.96855,-75.77325963900,45.26262866090,2014-07-17,12:00:00 AM,01 - Clear,00 - Unknown,01 - Dry,10 - No control,,03 - P.D. only,06 - SMV unattended vehicle,0
14-7463,TERRY FOX DR btwn CASTLEFRANK RD & TRANS CANADA TRAIL,353053.25071,5016230.87425,-75.88490124890,45.28437682570,2014-07-27,3:05:00 PM,02 - Rain,01 - Daylight,02 - Wet,10 - No control,,03 - P.D. only,03 - Rear end,0
14-7464,CARLING AVE @ HARTLEIGH AVE,361400.20887,5025513.53300,-75.77744679280,45.36727959500,2014-07-27,3:34:00 PM,01 - Clear,01 - Daylight,01 - Dry,02 - Stop sign,01 - Functioning,03 - P.D. only,07 - SMV other,0
14-7465,BANK ST btwn MACLAREN ST & GILMOUR ST,367747.87124,5030833.24553,-75.69574210170,45.41460354700,2014-07-27,4:00:00 PM,01 - Clear,01 - Daylight,01 - Dry,10 - No control,,02 - Non-fatal injury,01 - Approaching,0
14-7466,WEST HUNT CLUB RD EB btwn 210 W OF MERIVALE RD & MERIVALE RD,365534.49615,5021878.99109,-75.72511994280,45.33423049340,2014-07-27,4:33:00 PM,01 - Clear,01 - Daylight,02 - Wet,10 - No control,,03 - P.D. only,03 - Rear end,0
14-7467,BASELINE RD @ CLYDE AVE,364359.17723,5024890.51290,-75.73975122190,45.36142855660,2014-07-27,4:39:00 PM,01 - Clear,01 - Daylight,01 - Dry,01 - Traffic signal,00 - Unknown,03 - P.D. only,03 - Rear end,0
14-7468,MAXWELL BRIDGE RD btwn WINDANCE CRES & PENDRA WAY,349258.62977,5024641.80289,-75.93251484880,45.36031092140,2014-07-27,4:52:00 PM,01 - Clear,01 - Daylight,01 - Dry,10 - No control,,03 - P.D. only,06 - SMV unattended vehicle,0
14-7469,RAMSAYVILLE RD @ MITCH OWENS RD,381146.21320,5018038.47130,-75.52655592440,45.29815084850,2014-07-27,6:29:00 PM,01 - Clear,01 - Daylight,01 - Dry,02 - Stop sign,01 - Functioning,02 - Non-fatal injury,07 - SMV other,0
14-7470,FIELDING DR btwn FIELDING CRT & SOUTHMORE DR W,368723.28652,5024600.98722,-75.68408806360,45.35843913150,2014-07-27,7:57:00 PM,01 - Clear,01 - Daylight,01 - Dry,10 - No control,,03 - P.D. only,06 - SMV unattended vehicle,0
14-7471,BRONSON AVE @ SOMERSET ST,366969.11790,5030477.52007,-75.70573579970,45.41147245560,2014-07-28,1:21:00 AM,01 - Clear,07 - Dark,01 - Dry,01 - Traffic signal,01 - Functioning,02 - Non-fatal injury,02 - Angle,0
14-7472,COBOURG ST @ ST. PATRICK ST,368803.88370,5033233.31323,-75.68193938730,45.43610268710,2014-07-28,8:49:00 AM,01 - Clear,01 - Daylight,01 - Dry,01 - Traffic signal,01 - Functioning,02 - Non-fatal injury,02 - Angle,0
14-7473,BANK ST @ PARK LANE,374038.76737,5022685.38922,-75.61651767430,45.34069856890,2014-07-28,9:35:00 AM,02 - Rain,01 - Daylight,02 - Wet,02 - Stop sign,00 - Unknown,02 - Non-fatal injury,03 - Rear end,0
14-7474,MONTREAL RD @ SHEFFORD RD,376126.20443,5034854.52257,-75.58812605350,45.44998075740,2014-07-28,10:49:00 AM,02 - Rain,01 - Daylight,02 - Wet,01 - Traffic signal,01 - Functioning,03 - P.D. only,04 - Sideswipe,0
14-7475,CARLING AVE @ RICHMOND RD,360245.67900,5024781.76579,-75.79226638440,45.36078746350,2014-07-28,9:30:00 AM,01 - Clear,01 - Daylight,01 - Dry,01 - Traffic signal,01 - Functioning,03 - P.D. only,04 - Sideswipe,0
14-7476,TARA DR @ MAITLAND AVE,363496.16383,5025386.58293,-75.75070736070,45.36596492390,2014-07-28,10:50:00 AM,01 - Clear,01 - Daylight,01 - Dry,02 - Stop sign,01 - Functioning,03 - P.D. only,03 - Rear end,0
14-7477,FALLOWFIELD RD @ MERIVALE RD,366891.23867,5018843.52133,-75.70819215740,45.30679902560,2014-07-28,11:19:00 AM,02 - Rain,01 - Daylight,02 - Wet,01 - Traffic signal,01 - Functioning,03 - P.D. only,04 - Sideswipe,0
14-7478,GLOUCESTER ST @ METCALFE ST,367834.18573,5031386.58000,-75.69456862690,45.41957450140,2014-07-25,2:50:00 PM,01 - Clear,01 - Daylight,01 - Dry,01 - Traffic signal,01 - Functioning,03 - P.D. only,04 - Sideswipe,0
14-7479,MARCH RD btwn CARLING AVE/STATION RD & 280 S OF CARLING AVE/STATION RD,351040.36030,5022101.70143,-75.91001092740,45.33733933470,2014-07-27,1:15:00 PM,01 - Clear,01 - Daylight,01 - Dry,10 - No control,,03 - P.D. only,03 - Rear end,0
14-7480,RIVERSIDE DR @ HERON RD,368121.10490,5026646.73917,-75.69151129340,45.37690093570,2014-07-28,2:45:00 PM,01 - Clear,01 - Daylight,01 - Dry,01 - Traffic signal,01 - Functioning,03 - P.D. only,02 - Angle,0
14-7481,REGIONAL ROAD 174 btwn QUIGLEY HILL RD & REGIONAL ROAD 174 DIVIDED,386584.37266,5042163.87573,-75.45322675670,45.51459720270,2014-07-28,12:29:00 PM,02 - Rain,01 - Daylight,02 - Wet,10 - No control,,02 - Non-fatal injury,05 - Turning movement,0
14-7482,RUSSELL RD S @ ST. LAURENT BLVD,373569.69532,5029261.92397,-75.62158675310,45.39991761830,2014-07-28,1:14:00 PM,02 - Rain,01 - Daylight,02 - Wet,01 - Traffic signal,01 - Functioning,02 - Non-fatal injury,02 - Angle,0
14-7483,CEDARVIEW RD @ HWY 416 WESTHUNT IC72R24,359608.00674,5019744.48240,-75.80096326160,45.31551203090,2014-07-28,1:18:00 PM,02 - Rain,01 - Daylight,02 - Wet,02 - Stop sign,00 - Unknown,03 - P.D. only,03 - Rear end,0
14-7484,TRAINYARDS DR btwn TERMINAL AVE & BELFAST RD,371878.95607,5030896.66307,-75.64295813050,45.41479033810,2014-07-28,1:25:00 PM,01 - Clear,01 - Daylight,01 - Dry,10 - No control,,03 - P.D. only,04 - Sideswipe,0
14-7485,PRESTON ST @ PRINCE OF WALES DR/QUEEN ELIZABET,366899.80241,5028776.54800,-75.70683548910,45.39617373340,2014-07-28,12:40:00 PM,02 - Rain,01 - Daylight,02 - Wet,01 - Traffic signal,01 - Functioning,03 - P.D. only,05 - Turning movement,0
14-7486,HUNT CLUB RD @ RIVERSIDE DR,368037.84720,5021943.42122,-75.69317586770,45.33458908610,2014-07-26,8:00:00 AM,01 - Clear,01 - Daylight,01 - Dry,01 - Traffic signal,01 - Functioning,03 - P.D. only,03 - Rear end,0
14-7487,HWY 417 CASTLEFR IC139R61 @ KANATA AVE,351617.29463,5019225.31095,-75.90292207570,45.31141867130,2014-07-28,1:38:00 PM,02 - Rain,01 - Daylight,02 - Wet,01 - Traffic signal,01 - Functioning,03 - P.D. only,07 - SMV other,0
14-7488,WOODROFFE AVE btwn TURN LANE & KNOXDALE RD,363411.63303,5021848.28795,-75.75220573330,45.33413475880,2014-07-28,1:47:00 PM,02 - Rain,01 - Daylight,02 - Wet,10 - No control,,03 - P.D. only,03 - Rear end,0
14-7489,KANATA AVE/CASTLEFRANK RD @ AIRD PL,351810.80537,5019069.57714,-75.90046907240,45.31000441260,2014-07-28,2:06:00 PM,02 - Rain,01 - Daylight,02 - Wet,01 - Traffic signal,01 - Functioning,03 - P.D. only,03 - Rear end,0
14-7490,BREWER RD @ BRONSON AVE,368109.52103,5027767.38377,-75.69151547220,45.38698523410,2014-07-28,3:20:00 PM,02 - Rain,01 - Daylight,02 - Wet,01 - Traffic signal,01 - Functioning,03 - P.D. only,03 - Rear end,0
14-7491,BRONSON AVE btwn BREWER WAY & RIVERSIDE DR RAMPS 34B & 42A-3,368111.16831,5027760.98135,-75.69149525890,45.38692747820,2014-07-28,3:38:00 PM,01 - Clear,01 - Daylight,02 - Wet,10 - No control,,03 - P.D. only,03 - Rear end,0
14-7492,INNES RD btwn 260 E OF BELCOURT BLVD/WALMART SC & JEANNE D'ARC BLVD/ME,382574.72042,5035533.43048,-75.50558925630,45.45540115480,2014-07-28,3:46:00 PM,01 - Clear,01 - Daylight,01 - Dry,10 - No control,,03 - P.D. only,03 - Rear end,0
14-7493,RENAUD RD btwn Continuation of RENAUD RD & Continuation of RENAUD RD,379945.21995,5031616.73089,-75.53980256500,45.42044928640,2014-07-28,3:49:00 PM,02 - Rain,01 - Daylight,02 - Wet,10 - No control,,02 - Non-fatal injury,07 - SMV other,0
14-7494,WINSOME TER btwn BRASSEUR CRES & END,385985.27466,5037582.33377,-75.46165130730,45.47344724280,2014-07-27,12:00:00 AM,01 - Clear,00 - Unknown,01 - Dry,10 - No control,,03 - P.D. only,06 - SMV unattended vehicle,0
14-7495,FALLOWFIELD RD @ GREENBANK RD,363080.20177,5016734.35103,-75.75703540210,45.28814728450,2014-07-28,4:15:00 PM,01 - Clear,01 - Daylight,01 - Dry,01 - Traffic signal,01 - Functioning,03 - P.D. only,05 - Turning movement,0
14-7496,MAITLAND AVE btwn CARLING AVE & DUNCAN PL,362974.15477,5026410.37758,-75.75724999160,45.37522042730,2014-07-28,4:18:00 PM,01 - Clear,01 - Daylight,01 - Dry,10 - No control,,03 - P.D. only,07 - SMV other,0
14-7497,WOODROFFE AVE @ KNOXDALE RD/MEDHURST DR,363422.05957,5021826.48700,-75.75207529960,45.33393772400,2014-07-28,4:21:00 PM,01 - Clear,01 - Daylight,01 - Dry,01 - Traffic signal,01 - Functioning,02 - Non-fatal injury,03 - Rear end,0
14-7498,JOHN QUINN RD btwn STONE SCHOOL RD & BANK ST,383457.46990,5010752.76809,-75.49824467220,45.23234331320,2014-07-28,4:30:00 PM,02 - Rain,01 - Daylight,02 - Wet,10 - No control,,02 - Non-fatal injury,07 - SMV other,0
14-7499,QUEEN ST btwn BRONSON AVE & BAY ST,366849.63992,5031181.31685,-75.70717347690,45.41781561690,2014-07-27,1:00:00 AM,01 - Clear,07 - Dark,01 - Dry,10 - No control,,03 - P.D. only,06 - SMV unattended vehicle,0
14-7500,JOSEPH CYR ST @ LEMIEUX ST,372495.22847,5031752.81889,-75.63496753080,45.42243428350,2014-07-28,4:49:00 PM,01 - Clear,01 - Daylight,01 - Dry,02 - Stop sign,01 - Functioning,02 - Non-fatal injury,03 - Rear end,0
14-7501,BREWER RD @ BRONSON AVE,368109.04710,5027767.19636,-75.69152154750,45.38698359070,2014-07-28,4:15:00 PM,02 - Rain,01 - Daylight,02 - Wet,01 - Traffic signal,01 - Functioning,03 - P.D. only,03 - Rear end,0
14-7502,BLAIR RD @ MEADOWBROOK RD,375196.15630,5032311.56930,-75.60037850840,45.42719503410,2014-07-28,4:45:00 PM,01 - Clear,01 - Daylight,02 - Wet,01 - Traffic signal,01 - Functioning,03 - P.D. only,04 - Sideswipe,0
14-7503,STAR TOP RD btwn CYRVILLE RD & ALGOMA RD,373909.66833,5031266.32528,-75.61696371880,45.41791876040,2014-07-28,5:22:00 PM,01 - Clear,01 - Daylight,01 - Dry,10 - No control,,03 - P.D. only,02 - Angle,0
14-7504,NELSON ST @ RIDEAU ST,368651.94496,5032498.46907,-75.68397647880,45.42950472500,2014-07-28,5:28:00 PM,01 - Clear,01 - Daylight,01 - Dry,01 - Traffic signal,01 - Functioning,03 - P.D. only,02 - Angle,0
14-7505,MITCH OWENS RD/BRIDGE ST @ RIVER RD,369499.70290,5010770.15803,-75.67598343660,45.23392055400,2014-07-28,5:35:00 PM,02 - Rain,01 - Daylight,02 - Wet,01 - Traffic signal,01 - Functioning,03 - P.D. only,03 - Rear end,0
14-7506,INNES RD btwn FRANK KENNY RD & O'TOOLE RD,388497.86516,5038049.82266,-75.42944153100,45.47735657590,2014-07-28,5:00:00 PM,02 - Rain,01 - Daylight,02 - Wet,10 - No control,,03 - P.D. only,07 - SMV other,0
14-7507,STRANDHERD DR @ ANDORA AVE,363229.93203,5014302.19417,-75.75541306390,45.26625024190,2014-07-28,5:15:00 PM,02 - Rain,01 - Daylight,02 - Wet,01 - Traffic signal,01 - Functioning,03 - P.D. only,03 - Rear end,0
14-7508,OGILVIE RD btwn CYRVILLE RD & MURDOCK GT,372554.36766,5032062.60213,-75.63416930800,45.42521584080,2014-07-28,10:49:00 PM,01 - Clear,07 - Dark,01 - Dry,10 - No control,,03 - P.D. only,04 - Sideswipe,0
14-7509,O'KEEFE CRT btwn FOXTAIL AVE & END,360110.75794,5014947.67854,-75.79508646500,45.27231058960,2014-07-28,10:50:00 PM,01 - Clear,07 - Dark,01 - Dry,10 - No control,,02 - Non-fatal injury,07 - SMV other,0
14-7510,CUMMINGS AVE btwn QUEBEC ST & BURN ST,372280.47933,5033343.40363,-75.63749339790,45.43676635770,2014-07-29,2:32:00 AM,01 - Clear,07 - Dark,01 - Dry,10 - No control,,03 - P.D. only,06 - SMV unattended vehicle,0
14-7511,ABBOTT ST    E btwn CARBERY DR & STITTSVILLE MAIN ST,350365.34855,5013437.58290,-75.91941926120,45.25942124020,2014-07-29,9:39:00 AM,01 - Clear,01 - Daylight,01 - Dry,10 - No control,,03 - P.D. only,06 - SMV unattended vehicle,0