Record,Location,X,Y,Longitude,Latitude,Date,Time,Environment,Light,Road_Surface,Traffic_Control,Collision_Location,Collision_Classification,Impact_type,Pedestrian
14-7618,JEANNE D'ARC BLVD @ ORLEANS BLVD N,380029.20173,5038106.54657,-75.53773715800,45.47883072260,2014-07-31,10:23:00 PM,01 - Clear,07 - Dark,01 - Dry,01 - Traffic signal,01 - Functioning,03 - P.D. only,05 - Turning movement,0
14-7619,MONTREAL RD btwn MONTGOMERY ST & PALACE ST,369898.57777,5032966.69981,-75.66798436670,45.43360275050,2014-07-31,10:26:00 PM,01 - Clear,07 - Dark,01 - Dry,10 - No control,,02 - Non-fatal injury,06 - SMV unattended vehicle,0
14-7620,SUSSEX DR btwn BOTELER ST & LADY GREY DR,367452.53879,5032966.95693,-75.69924367760,45.43382849380,2014-07-31,11:49:00 PM,01 - Clear,07 - Dark,08 - Loose sand or gravel,10 - No control,,03 - P.D. only,07 - SMV other,0
14-7621,STONEHAVEN DR btwn STONEMEADOW DR & BRIDLE PARK DR,356093.60326,5016377.80635,-75.84613222740,45.28548366040,2014-08-01,2:38:00 AM,01 - Clear,07 - Dark,01 - Dry,10 - No control,,03 - P.D. only,07 - SMV other,0
14-7622,HERON RD WB btwn TURN LANE & DATA CENTRE RD,368961.15628,5026739.17577,-75.68077453760,45.37765623220,2014-08-01,2:17:00 AM,01 - Clear,07 - Dark,01 - Dry,10 - No control,,02 - Non-fatal injury,07 - SMV other,0
14-7623,BANK ST @ RIDEAU RD,376954.27857,5017843.52473,-75.58002597370,45.29683980730,2014-08-01,7:03:00 AM,01 - Clear,01 - Daylight,01 - Dry,01 - Traffic signal,01 - Functioning,02 - Non-fatal injury,02 - Angle,0
14-7624,WEST HUNT CLUB RD @ 354 E OF WOODROFFE AVE/REC,363985.05667,5021425.43677,-75.74494092600,45.33028184750,2014-08-01,7:36:00 AM,01 - Clear,01 - Daylight,01 - Dry,01 - Traffic signal,00 - Unknown,02 - Non-fatal injury,03 - Rear end,0
14-7625,RICHARDSON SIDE RD @ TERRY FOX DR,348803.08600,5019506.07210,-75.93878597800,45.31412702200,2014-08-01,7:44:00 AM,01 - Clear,01 - Daylight,01 - Dry,01 - Traffic signal,01 - Functioning,02 - Non-fatal injury,05 - Turning movement,0
14-7626,AVIATION PKWY @ OGILVIE RD,373110.47302,5032378.80044,-75.62701982980,45.42800675050,2014-08-01,7:53:00 AM,01 - Clear,01 - Daylight,01 - Dry,01 - Traffic signal,01 - Functioning,03 - P.D. only,03 - Rear end,0
14-7627,ESSON ST @ HUNT CLUB RD,374639.73810,5025906.07522,-75.60839527780,45.36961735870,2014-08-01,8:34:00 AM,01 - Clear,01 - Daylight,01 - Dry,02 - Stop sign,00 - Unknown,02 - Non-fatal injury,03 - Rear end,0
14-7628,BEECHWOOD AVE @ SPRINGFIELD RD,369236.22747,5033652.64103,-75.67635909910,45.43983592370,2014-08-01,8:42:00 AM,01 - Clear,01 - Daylight,01 - Dry,01 - Traffic signal,01 - Functioning,03 - P.D. only,04 - Sideswipe,0
14-7629,EDGEWARE DR btwn BURNT OAK DR & RAYNER'S LANE,363915.94965,5015503.86429,-75.74652866270,45.27700556620,2014-08-01,9:05:00 AM,01 - Clear,01 - Daylight,01 - Dry,10 - No control,,03 - P.D. only,02 - Angle,0
14-7630,CAMPEAU DR @ TERON RD/COLCHESTER SQ,352565.14430,5020465.63007,-75.89071488730,45.32251549910,2014-08-01,8:30:00 AM,01 - Clear,01 - Daylight,01 - Dry,01 - Traffic signal,01 - Functioning,03 - P.D. only,05 - Turning movement,0
14-7631,WALKLEY EXTENSION RD btwn WALKLEY RD & HWY417 IC110 RAMP55,375419.18651,5028873.17985,-75.59802128030,45.39623578980,2014-08-01,9:15:00 AM,01 - Clear,01 - Daylight,01 - Dry,10 - No control,,03 - P.D. only,04 - Sideswipe,0
14-7632,CONROY RD @ LORRY GREENBERG DR,373567.71207,5025877.23513,-75.62208361860,45.36946387540,2014-08-01,10:05:00 AM,01 - Clear,01 - Daylight,01 - Dry,01 - Traffic signal,01 - Functioning,03 - P.D. only,05 - Turning movement,0
14-7633,TENTH LINE RD @ CHARLEMAGNE BLVD S/DES EPINETT,383640.97510,5036900.45590,-75.49173924100,45.46758093120,2014-08-01,10:11:00 AM,01 - Clear,01 - Daylight,01 - Dry,01 - Traffic signal,01 - Functioning,02 - Non-fatal injury,03 - Rear end,0
14-7634,BRONSON AVE @ CATHERINE ST/RAYMOND ST,367251.28670,5029796.56650,-75.70221746110,45.40532031190,2014-08-01,10:23:00 AM,01 - Clear,01 - Daylight,01 - Dry,01 - Traffic signal,01 - Functioning,03 - P.D. only,04 - Sideswipe,0
14-7635,BANK ST @ CHAMBERLAIN AVE N/ISABELLA ST,368085.08177,5030167.51007,-75.69151961050,45.40858305860,2014-07-31,11:45:00 AM,01 - Clear,01 - Daylight,01 - Dry,01 - Traffic signal,01 - Functioning,03 - P.D. only,04 - Sideswipe,0
14-7636,WEST HUNT CLUB RD @ CLEOPATRA DR/LANCELOT DR,365237.30366,5021732.16709,-75.72892925130,45.33293504840,2014-08-01,11:52:00 AM,01 - Clear,01 - Daylight,01 - Dry,01 - Traffic signal,01 - Functioning,03 - P.D. only,03 - Rear end,0
14-7637,INNES RD btwn PRESTWICK DR & TENTH LINE RD,383923.79821,5036149.13426,-75.48824384880,45.46078924500,2014-08-01,11:20:00 AM,01 - Clear,01 - Daylight,01 - Dry,10 - No control,,03 - P.D. only,02 - Angle,0
14-7638,DEAKIN ST @ PRINCE OF WALES DR,367390.20413,5021523.74129,-75.70149112380,45.33087094780,2014-07-31,3:45:00 PM,01 - Clear,01 - Daylight,01 - Dry,01 - Traffic signal,01 - Functioning,03 - P.D. only,03 - Rear end,0
14-7639,BRIARFIELD CRES btwn DEANCOURT CRES & DEANCOURT CRES,383811.90565,5038117.37354,-75.48935793750,45.47851031650,2014-07-31,9:00:00 PM,01 - Clear,05 - Dusk,01 - Dry,10 - No control,,03 - P.D. only,06 - SMV unattended vehicle,0
14-7640,BANK ST @ RIVERSIDE DR N,369226.22287,5027984.81343,-75.67722788390,45.38883977080,2014-08-01,12:58:00 PM,01 - Clear,01 - Daylight,01 - Dry,01 - Traffic signal,01 - Functioning,03 - P.D. only,02 - Angle,0
14-7641,DONNA ST btwn OAKRIDGE BLVD & WESTWOOD DR,363210.87739,5022593.04976,-75.75467893490,45.34085281300,2014-08-01,1:36:00 PM,01 - Clear,01 - Daylight,01 - Dry,10 - No control,,03 - P.D. only,06 - SMV unattended vehicle,0
14-7642,OGILVIE RD btwn CYRVILLE RD & MURDOCK GT,372495.69441,5032030.26116,-75.63492345080,45.42493053340,2014-08-01,3:11:00 PM,01 - Clear,01 - Daylight,01 - Dry,10 - No control,,03 - P.D. only,04 - Sideswipe,0
14-7643,GREENBANK RD @ WEST HUNT CLUB RD,361478.25520,5020502.47920,-75.77702472620,45.32218401330,2014-08-01,3:30:00 PM,01 - Clear,01 - Daylight,01 - Dry,01 - Traffic signal,01 - Functioning,03 - P.D. only,03 - Rear end,0
14-7644,MONTREAL RD @ ST. LAURENT BLVD,371545.22897,5033817.59470,-75.64682569670,45.44110347900,2014-08-01,3:37:00 PM,01 - Clear,01 - Daylight,01 - Dry,01 - Traffic signal,01 - Functioning,03 - P.D. only,05 - Turning movement,0
14-7645,BILLINGS BRIDGESC RAMP NB @ RIVERSIDE DR EB,369082.39929,5027762.65496,-75.67909336750,45.38685407420,2014-08-01,3:45:00 PM,01 - Clear,01 - Daylight,01 - Dry,02 - Stop sign,01 - Functioning,02 - Non-fatal injury,02 - Angle,0
14-7646,MOODIE DR @ FITZGERALD RD/STAFFORD RD,356919.65160,5020814.73663,-75.83513629260,45.32534699740,2014-08-01,3:49:00 PM,01 - Clear,01 - Daylight,01 - Dry,01 - Traffic signal,01 - Functioning,03 - P.D. only,05 - Turning movement,0
14-7647,DATA CENTRE RD btwn TURN LANE & TURN LANE,369014.39763,5027431.93648,-75.68000470630,45.38388460820,2014-08-01,4:05:00 PM,01 - Clear,01 - Daylight,01 - Dry,10 - No control,,03 - P.D. only,02 - Angle,0
14-7648,WOODROFFE AVE @ DEERFOX DR/STONEWAY DR,365885.37243,5015942.21636,-75.72137542920,45.28078149200,2014-08-01,8:30:00 AM,01 - Clear,01 - Daylight,01 - Dry,01 - Traffic signal,01 - Functioning,03 - P.D. only,03 - Rear end,0
14-7649,WEST HUNT CLUB RD @ WOODROFFE AVE,363670.69100,5021246.74249,-75.74897238000,45.32870040980,2014-08-01,4:40:00 PM,01 - Clear,01 - Daylight,01 - Dry,01 - Traffic signal,01 - Functioning,03 - P.D. only,03 - Rear end,0
14-7650,POTTER DR btwn WATTERSON ST & DOCTOR LEACH DR,368783.60978,5009094.28005,-75.68531811770,45.21890651050,2014-08-01,4:43:00 PM,01 - Clear,01 - Daylight,01 - Dry,10 - No control,,02 - Non-fatal injury,04 - Sideswipe,0
14-7651,CHAPEL ST @ RIDEAU ST,368890.98650,5032642.32343,-75.68090313530,45.43077720750,2014-08-01,4:44:00 PM,01 - Clear,01 - Daylight,01 - Dry,01 - Traffic signal,01 - Functioning,03 - P.D. only,03 - Rear end,0
14-7652,TANDALEE CRES @ STONEHAVEN DR,356137.09585,5016111.05576,-75.84560543700,45.28308021300,2014-08-01,5:49:00 PM,01 - Clear,01 - Daylight,01 - Dry,02 - Stop sign,00 - Unknown,02 - Non-fatal injury,03 - Rear end,0
14-7653,DEAKIN ST @ PRINCE OF WALES DR,367391.21807,5021523.74129,-75.70147818880,45.33087085730,2014-08-01,5:51:00 PM,01 - Clear,01 - Daylight,01 - Dry,01 - Traffic signal,01 - Functioning,03 - P.D. only,03 - Rear end,0
14-7654,HOLLAND AVE @ TYNDALL ST,365029.76929,5028918.03783,-75.73070085550,45.39761018280,2014-08-01,5:54:00 PM,01 - Clear,01 - Daylight,01 - Dry,01 - Traffic signal,01 - Functioning,02 - Non-fatal injury,04 - Sideswipe,0
14-7655,BAY ST @ SPARKS ST,366856.22457,5031282.43330,-75.70707661570,45.41872484800,2014-08-01,5:15:00 PM,01 - Clear,01 - Daylight,01 - Dry,01 - Traffic signal,01 - Functioning,03 - P.D. only,05 - Turning movement,0
14-7656,SACKVILLE ST @ TAVISTOCK RD,360765.25400,5024899.56593,-75.78562147120,45.36180613820,2014-08-01,7:35:00 PM,01 - Clear,01 - Daylight,01 - Dry,02 - Stop sign,01 - Functioning,02 - Non-fatal injury,07 - SMV other,0
14-7657,BASELINE RD @ WOODROFFE AVE,362551.11200,5023772.40043,-75.76295911510,45.35151915300,2014-08-01,8:05:00 PM,01 - Clear,05 - Dusk,01 - Dry,01 - Traffic signal,01 - Functioning,03 - P.D. only,07 - SMV other,0
14-7658,KING EDWARD AVE @ RIDEAU ST,368512.18113,5032413.58920,-75.68577345160,45.42875375250,2014-08-01,8:48:00 PM,01 - Clear,07 - Dark,01 - Dry,01 - Traffic signal,01 - Functioning,03 - P.D. only,02 - Angle,0
14-7659,ELGIN ST btwn COOPER ST & SOMERSET ST W,368161.66677,5031204.40206,-75.69040802040,45.41790574450,2014-08-01,8:55:00 PM,01 - Clear,05 - Dusk,01 - Dry,10 - No control,,03 - P.D. only,06 - SMV unattended vehicle,0
14-7660,BERRIGAN DR btwn CROXLEY WAY & CLARIDGE DR,364436.68911,5015721.68576,-75.73986591370,45.27892154630,2014-08-01,9:29:00 PM,01 - Clear,07 - Dark,01 - Dry,10 - No control,,03 - P.D. only,06 - SMV unattended vehicle,0
14-7661,BASELINE RD @ FISHER AVE,366167.20057,5026029.29316,-75.71653323090,45.37151914110,2014-08-01,10:51:00 PM,01 - Clear,07 - Dark,01 - Dry,01 - Traffic signal,01 - Functioning,03 - P.D. only,04 - Sideswipe,0
14-7662,HWY 417 TERRYFO IC140R61 @ TERRY FOX DR,350809.99543,5018708.95677,-75.91326524790,45.30682573640,2014-08-02,1:40:00 AM,01 - Clear,07 - Dark,01 - Dry,01 - Traffic signal,01 - Functioning,03 - P.D. only,03 - Rear end,0
14-7663,HINES RD btwn INNOVATION DR & END,349981.48156,5022940.37513,-75.92344406380,45.34495490040,2014-08-02,1:09:00 AM,01 - Clear,07 - Dark,01 - Dry,10 - No control,,03 - P.D. only,07 - SMV other,0
14-7664,BANK ST @ ERIE AVE,370134.24667,5026479.52630,-75.66583216410,45.37521158420,2014-08-02,3:01:00 AM,01 - Clear,07 - Dark,01 - Dry,01 - Traffic signal,01 - Functioning,03 - P.D. only,05 - Turning movement,0
14-7665,ELGIN ST btwn QUEEN ST & ALBERT ST (1),367813.82798,5031771.21298,-75.69477952920,45.42303713590,2014-08-02,3:21:00 AM,01 - Clear,07 - Dark,01 - Dry,10 - No control,,03 - P.D. only,04 - Sideswipe,0
14-7666,ROGER STEVENS DR btwn HWY416 IC49 RAMP24 & SECOND LINE RD S,369893.65282,5001417.90278,-75.67218750330,45.14973283600,2014-08-02,7:10:00 AM,01 - Clear,01 - Daylight,01 - Dry,10 - No control,,02 - Non-fatal injury,07 - SMV other,0
14-7667,MITCH OWENS RD @ STAGECOACH RD,375399.28077,5014483.51033,-75.60032784200,45.26676547880,2014-08-01,5:30:00 PM,01 - Clear,01 - Daylight,01 - Dry,01 - Traffic signal,01 - Functioning,02 - Non-fatal injury,03 - Rear end,0
14-7668,BOOTH ST @ RAYMOND ST,366859.27710,5029642.50937,-75.70724408430,45.40396901370,2014-08-02,10:00:00 AM,01 - Clear,01 - Daylight,01 - Dry,01 - Traffic signal,01 - Functioning,03 - P.D. only,02 - Angle,0
14-7669,ST. LAURENT BLVD btwn SHORE ST & BELFAST RD,372855.02339,5030588.53825,-75.63053127570,45.41192372710,2014-08-02,11:28:00 AM,01 - Clear,01 - Daylight,01 - Dry,10 - No control,,03 - P.D. only,03 - Rear end,0
14-7670,BANKFIELD RD @ PRINCE OF WALES DR,366380.16383,5008974.43853,-75.71593228000,45.21804235170,2014-08-02,12:02:00 PM,01 - Clear,01 - Daylight,01 - Dry,01 - Traffic signal,01 - Functioning,03 - P.D. only,02 - Angle,0
14-7671,BASELINE RD/HWY 416 RICHMOND IC75R53 @ RICHMON,358635.85791,5021820.99293,-75.81313565010,45.33427181660,2014-08-02,12:03:00 PM,01 - Clear,01 - Daylight,01 - Dry,01 - Traffic signal,01 - Functioning,03 - P.D. only,03 - Rear end,0
14-7672,RIDEAU RD btwn POWER RD & HAWTHORNE RD,378535.30141,5018878.67205,-75.55971652400,45.30598944520,2014-08-01,11:45:00 AM,01 - Clear,01 - Daylight,01 - Dry,10 - No control,,03 - P.D. only,03 - Rear end,0
14-7673,ALBERT ST @ BOOTH ST,366430.11500,5030626.56660,-75.71260273440,45.41286120950,2014-08-02,12:35:00 PM,01 - Clear,01 - Daylight,01 - Dry,01 - Traffic signal,01 - Functioning,03 - P.D. only,02 - Angle,0
14-7674,CEDARVIEW RD @ FALLOWFIELD RD,361297.03687,5015664.44210,-75.77988742890,45.27866577770,2014-08-02,1:04:00 PM,01 - Clear,01 - Daylight,01 - Dry,01 - Traffic signal,01 - Functioning,03 - P.D. only,03 - Rear end,0
14-7675,CARLING AVE EB btwn BAYSHORE DR & CARLING AVE,359033.78095,5023992.50783,-75.80782104290,45.35378051820,2014-08-02,1:13:00 PM,01 - Clear,01 - Daylight,01 - Dry,10 - No control,,03 - P.D. only,04 - Sideswipe,0
14-7676,HINES RD btwn INNOVATION DR & SOLANDT RD,350172.08885,5022740.32253,-75.92103021910,45.34314247930,2014-08-02,1:55:00 PM,01 - Clear,01 - Daylight,01 - Dry,10 - No control,,01 - Fatal injury,02 - Angle,0
14-7677,SHANDON AVE btwn GRANDFIELD LANE & EARL MULLIGAN DR,364954.35073,5017362.19541,-75.73306945470,45.29363869430,2014-08-02,1:59:00 PM,01 - Clear,01 - Daylight,01 - Dry,10 - No control,,02 - Non-fatal injury,02 - Angle,0
14-7678,POULIN AVE @ RICHMOND RD,360327.10120,5024898.61807,-75.79121402580,45.36183245200,2014-08-02,1:00:00 PM,01 - Clear,01 - Daylight,01 - Dry,01 - Traffic signal,00 - Unknown,03 - P.D. only,05 - Turning movement,0
14-7679,ISLAND PARK DR @ RICHMOND RD,364131.16063,5028867.55680,-75.74218360470,45.39723268860,2014-08-02,3:11:00 PM,01 - Clear,01 - Daylight,01 - Dry,01 - Traffic signal,01 - Functioning,03 - P.D. only,03 - Rear end,0
14-7680,BASELINE RD @ WOODROFFE AVE,362551.11200,5023768.60897,-75.76295955790,45.35148503820,2014-08-02,4:15:00 PM,01 - Clear,01 - Daylight,01 - Dry,01 - Traffic signal,01 - Functioning,03 - P.D. only,04 - Sideswipe,0
14-7681,CENTREPOINTE DR @ HEMMINGWOOD WAY E,362326.06278,5023204.97396,-75.76589704320,45.34643198450,2014-08-02,5:45:00 PM,01 - Clear,01 - Daylight,01 - Dry,02 - Stop sign,00 - Unknown,03 - P.D. only,05 - Turning movement,0
14-7682,RIDEAU ST btwn SUSSEX DR & 88 W OF WILLIAM ST/FREIMAN MALL,367961.85732,5032069.84648,-75.69284983710,45.42571078890,2014-08-02,6:01:00 PM,01 - Clear,01 - Daylight,01 - Dry,10 - No control,,03 - P.D. only,04 - Sideswipe,0
14-7683,BLAIR RD @ OGILVIE RD,374506.30190,5033197.62713,-75.60906793310,45.43523638880,2014-08-02,6:12:00 PM,01 - Clear,01 - Daylight,01 - Dry,01 - Traffic signal,01 - Functioning,03 - P.D. only,07 - SMV other,0
14-7684,CASTLEFRANK RD @ KATIMAVIK RD,351949.97897,5018943.51590,-75.89870627740,45.30886075360,2014-08-02,6:57:00 PM,01 - Clear,01 - Daylight,01 - Dry,01 - Traffic signal,01 - Functioning,03 - P.D. only,03 - Rear end,0
14-7685,GREENBANK RD btwn BATEMAN DR/BELLMAN DR & GREENBANK SQUARE SC,361307.30892,5020886.01197,-75.77916133940,45.32564882280,2014-08-02,7:07:00 PM,01 - Clear,01 - Daylight,01 - Dry,10 - No control,,03 - P.D. only,02 - Angle,0
14-7686,ALDERCREST DR btwn FIELDROW ST & OAKVIEW AVE,364312.52271,5022908.38582,-75.74058526890,45.34359758390,2014-08-02,7:30:00 PM,01 - Clear,05 - Dusk,01 - Dry,10 - No control,,03 - P.D. only,06 - SMV unattended vehicle,0
14-7687,PAUL METIVIER DR btwn TEMAGAMI DR & BEATRICE DR,365686.78555,5014595.34729,-75.72407166270,45.26867963880,2014-08-02,9:22:00 PM,01 - Clear,07 - Dark,01 - Dry,10 - No control,,02 - Non-fatal injury,06 - SMV unattended vehicle,0
14-7688,BANK ST @ WILTON CRES,368580.07987,5028968.44213,-75.68535162800,45.39774929900,2014-08-02,10:58:00 PM,01 - Clear,07 - Dark,01 - Dry,02 - Stop sign,01 - Functioning,02 - Non-fatal injury,05 - Turning movement,0
14-7689,RIDEAU ST btwn SUSSEX DR & 88 W OF WILLIAM ST/FREIMAN MALL,367952.45971,5032064.77269,-75.69297056830,45.42566598510,2014-08-03,12:10:00 AM,01 - Clear,07 - Dark,01 - Dry,10 - No control,,03 - P.D. only,04 - Sideswipe,0
14-7690,LORNE GREENE WAY btwn HOWE ST & DON ST,359829.31196,5025132.82219,-75.79754158590,45.36397906680,2014-08-02,12:00:00 AM,01 - Clear,00 - Unknown,01 - Dry,10 - No control,,03 - P.D. only,06 - SMV unattended vehicle,0
14-7691,BOOTH ST @ CARLING AVE,367092.34223,5029106.55990,-75.70433485390,45.39912598810,2014-08-03,7:05:00 AM,01 - Clear,01 - Daylight,01 - Dry,01 - Traffic signal,01 - Functioning,03 - P.D. only,04 - Sideswipe,0
14-7692,GREENBANK RD @ WEST HUNT CLUB RD,361480.15093,5020502.47920,-75.77700054700,45.32218386030,2014-08-02,6:00:00 PM,01 - Clear,01 - Daylight,01 - Dry,01 - Traffic signal,01 - Functioning,03 - P.D. only,03 - Rear end,0
14-7693,RAMSAYVILLE RD @ WHYTE SIDE RD,378010.62647,5025608.59850,-75.56541074360,45.36659681520,2014-08-03,9:58:00 AM,01 - Clear,01 - Daylight,01 - Dry,02 - Stop sign,01 - Functioning,02 - Non-fatal injury,02 - Angle,0
14-7694,OLD TENTH LINE RD @ TENTH LINE RD,383042.48903,5038357.08317,-75.49915984950,45.48075365220,2014-08-03,10:03:00 AM,01 - Clear,01 - Daylight,01 - Dry,01 - Traffic signal,01 - Functioning,03 - P.D. only,02 - Angle,0
14-7695,DUNROBIN RD @ VANCES SIDE RD,340158.07303,5033679.61140,-76.04802540150,45.44215399490,2014-08-03,10:57:00 AM,01 - Clear,01 - Daylight,01 - Dry,02 - Stop sign,00 - Unknown,03 - P.D. only,05 - Turning movement,0
14-7696,WEST HUNT CLUB RD @ ROYDON PL/SUNDERLAND ST,365974.03711,5022170.53558,-75.71947655010,45.33681558850,2014-08-03,11:27:00 AM,01 - Clear,01 - Daylight,01 - Dry,01 - Traffic signal,01 - Functioning,03 - P.D. only,03 - Rear end,0
14-7697,RICHMOND RD btwn STAFFORD RD & NORTHSIDE RD,358149.51012,5021094.14294,-75.81941861030,45.32776871720,2014-08-02,3:30:00 PM,01 - Clear,01 - Daylight,01 - Dry,10 - No control,,03 - P.D. only,04 - Sideswipe,0
14-7698,CARLING AVE @ HOLLAND AVE,365418.12050,5028038.54680,-75.72584905800,45.38966320120,2014-08-03,12:48:00 PM,01 - Clear,01 - Daylight,01 - Dry,01 - Traffic signal,01 - Functioning,03 - P.D. only,05 - Turning movement,0
14-7699,MEADOWLANDS DR @ MERIVALE RD,364857.27810,5023725.51040,-75.73353526840,45.35090353710,2014-08-03,2:55:00 PM,01 - Clear,01 - Daylight,01 - Dry,01 - Traffic signal,01 - Functioning,03 - P.D. only,04 - Sideswipe,0
14-7700,MOODIE DR btwn 200 N OF ROBERTSON RD & ROBERTSON RD,357058.23978,5020475.85725,-75.83340427680,45.32228742190,2014-08-03,3:16:00 PM,01 - Clear,01 - Daylight,01 - Dry,10 - No control,,03 - P.D. only,04 - Sideswipe,0
14-7701,KILBIRNIE DR btwn Continuation of KILBIRNIE DR & SANDGATE RDG,365915.47725,5011900.13867,-75.72148900090,45.24440834870,2014-08-03,3:46:00 PM,01 - Clear,01 - Daylight,01 - Dry,10 - No control,,03 - P.D. only,06 - SMV unattended vehicle,0
14-7702,KING EDWARD AVE NB btwn SUSSEX DR & UNION ST,367675.54834,5033497.90980,-75.69632588020,45.43858580570,2014-08-03,4:30:00 PM,01 - Clear,01 - Daylight,01 - Dry,10 - No control,,03 - P.D. only,03 - Rear end,0
14-7703,BOOTH ST @ TRANSITWAY,366370.27930,5030744.57210,-75.71335239180,45.41392825740,2014-08-03,4:38:00 PM,01 - Clear,01 - Daylight,01 - Dry,01 - Traffic signal,01 - Functioning,02 - Non-fatal injury,02 - Angle,0
14-7704,BRONSON AVE @ JAMES ST,367067.17463,5030240.62163,-75.70451308620,45.40933219430,2014-08-03,5:14:00 PM,01 - Clear,01 - Daylight,01 - Dry,02 - Stop sign,01 - Functioning,02 - Non-fatal injury,04 - Sideswipe,0
14-7705,RIVERSIDE DR @ HERON RD,368120.80187,5026647.82716,-75.69151502230,45.37691075260,2014-08-03,5:28:00 PM,01 - Clear,01 - Daylight,01 - Dry,01 - Traffic signal,01 - Functioning,03 - P.D. only,02 - Angle,0
14-7706,FAIRLEA CRES btwn HEATHERINGTON RD & GORE PRIV,372057.19943,5026720.41014,-75.64125041370,45.37719703070,2014-08-03,5:55:00 PM,01 - Clear,01 - Daylight,01 - Dry,10 - No control,,02 - Non-fatal injury,05 - Turning movement,0
14-7707,PRINCE OF WALES DR @ WEST HUNT CLUB RD,367460.13210,5021891.50330,-75.70055253170,45.33417376490,2014-08-03,6:05:00 PM,01 - Clear,01 - Daylight,01 - Dry,01 - Traffic signal,01 - Functioning,03 - P.D. only,03 - Rear end,0
14-7709,CARLING AVE WB btwn HWY417 IC124 RAMP76 & KIRKWOOD AVE,364229.77521,5027467.00253,-75.74109282510,45.38462239410,2014-08-03,8:47:00 PM,01 - Clear,07 - Dark,01 - Dry,10 - No control,,03 - P.D. only,07 - SMV other,0
14-7710,LUMBERMAN WAY @ ORLEANS BLVD,380451.74963,5037240.97051,-75.53246637480,45.47099731450,2014-08-04,3:04:00 AM,01 - Clear,07 - Dark,01 - Dry,02 - Stop sign,01 - Functioning,03 - P.D. only,07 - SMV other,0
14-7711,WOODROFFE AVE btwn TURN LANE & RICE AVE,361451.11198,5026954.86327,-75.77663169470,45.38024445250,2014-08-04,6:23:00 AM,01 - Clear,01 - Daylight,01 - Dry,10 - No control,,03 - P.D. only,07 - SMV other,0
14-7712,BROOKFIELD RAMP 34 btwn TO BE DETERMINED & AIRPORT PKWY,368734.76417,5026372.53564,-75.68371233950,45.37437800270,2014-08-03,12:00:00 PM,01 - Clear,01 - Daylight,08 - Loose sand or gravel,10 - No control,,02 - Non-fatal injury,07 - SMV other,0
14-7713,CEDARVIEW RD @ FALLOWFIELD RD,361296.08900,5015664.44210,-75.77989950990,45.27866585390,2014-08-04,11:48:00 AM,01 - Clear,01 - Daylight,01 - Dry,01 - Traffic signal,01 - Functioning,02 - Non-fatal injury,02 - Angle,0
14-7714,WILBROD ST btwn CORNWALL ST & NELSON ST,368764.51011,5032193.80754,-75.68257762120,45.42675320640,2014-08-03,5:30:00 PM,01 - Clear,01 - Daylight,01 - Dry,10 - No control,,03 - P.D. only,02 - Angle,0
14-7715,TERRY FOX DR btwn HALKIRK AVE & CASTLEFRANK RD,352605.57378,5016756.89494,-75.89055691170,45.28914068680,2014-08-04,1:52:00 PM,01 - Clear,01 - Daylight,01 - Dry,10 - No control,,03 - P.D. only,04 - Sideswipe,0
14-7716,ST. JOSEPH BLVD btwn BOYER RD & ORLEANS BLVD,380574.93631,5036944.48637,-75.53093684520,45.46831643480,2014-08-04,1:25:00 PM,01 - Clear,01 - Daylight,01 - Dry,10 - No control,,03 - P.D. only,03 - Rear end,0
14-7717,CAMPEAU DR @ HERLIHEY WAY,350508.58490,5019178.24456,-75.91706544970,45.31106819520,2014-08-04,2:51:00 PM,02 - Rain,01 - Daylight,02 - Wet,01 - Traffic signal,01 - Functioning,03 - P.D. only,03 - Rear end,0
14-7718,GREENBANK RD @ 220 N OF STRANDHERD DR,363849.81430,5014987.21370,-75.74743297900,45.27236229440,2014-08-04,4:37:00 PM,02 - Rain,01 - Daylight,02 - Wet,01 - Traffic signal,01 - Functioning,03 - P.D. only,03 - Rear end,0
14-7719,CARP RD @ HAZELDEAN RD,348805.08287,5014360.68969,-75.93921697610,45.26782702880,2014-08-04,4:00:00 PM,02 - Rain,01 - Daylight,02 - Wet,01 - Traffic signal,01 - Functioning,03 - P.D. only,03 - Rear end,0
14-7720,BLAIR RD btwn LAURA PRIV & BEAVERPOND DR,375376.36066,5031919.92188,-75.59813200570,45.42365305160,2014-08-04,4:56:00 PM,01 - Clear,01 - Daylight,02 - Wet,10 - No control,,03 - P.D. only,04 - Sideswipe,0
14-7721,LYON ST @ WELLINGTON ST,366934.79707,5031426.16600,-75.70605462680,45.42001113790,2014-08-04,4:45:00 PM,01 - Clear,01 - Daylight,01 - Dry,01 - Traffic signal,01 - Functioning,03 - P.D. only,04 - Sideswipe,0
14-7722,MEADOWLANDS DR btwn CHESTERTON DR & TIVERTON DR,365200.98961,5024331.85169,-75.72907506700,45.35632978700,2014-08-04,5:00:00 PM,01 - Clear,01 - Daylight,01 - Dry,10 - No control,,03 - P.D. only,05 - Turning movement,0
14-7723,BANK ST btwn RIVERSIDE DR & BILLINGS TRANSIT,369386.79766,5027805.68248,-75.67520087690,45.38721321920,2014-08-04,7:39:00 PM,01 - Clear,01 - Daylight,01 - Dry,10 - No control,,02 - Non-fatal injury,02 - Angle,0