Record,Location,X,Y,Longitude,Latitude,Date,Time,Environment,Light,Road_Surface,Traffic_Control,Collision_Location,Collision_Classification,Impact_type,Pedestrian
14-7829,JOCKVALE RD @ STRANDHERD DR,363562.85017,5014578.78507,-75.75113824300,45.26871128070,2014-08-07,9:46:00 PM,01 - Clear,07 - Dark,01 - Dry,01 - Traffic signal,01 - Functioning,01 - Fatal injury,07 - SMV other,0
14-7830,ST. JOSEPH BLVD @ JEANNE D'ARC BLVD,379861.21643,5036471.58090,-75.54013532170,45.46413866420,2014-08-07,9:49:00 PM,01 - Clear,07 - Dark,01 - Dry,11 - Roundabout,01 - Functioning,03 - P.D. only,04 - Sideswipe,0
14-7831,HUNTERSWOOD CRES btwn FOLKWAY GT (2) & HUNTERSWOOD CRES,375211.55897,5026715.80475,-75.60098062710,45.37684570680,2014-08-08,2:19:00 AM,01 - Clear,07 - Dark,01 - Dry,10 - No control,,03 - P.D. only,06 - SMV unattended vehicle,0
14-7832,CAMPEAU DR/HWY 417 MARCH IC138R63 @ MARCH RD,352841.15097,5020477.41457,-75.88719324520,45.32260270370,2014-08-08,2:48:00 AM,01 - Clear,07 - Dark,01 - Dry,01 - Traffic signal,01 - Functioning,02 - Non-fatal injury,07 - SMV other,0
14-7833,DEBRA AVE @ MEADOWLANDS DR,367215.18413,5025589.52800,-75.70321061900,45.36746968210,2014-08-08,8:31:00 AM,01 - Clear,01 - Daylight,01 - Dry,01 - Traffic signal,01 - Functioning,03 - P.D. only,07 - SMV other,0
14-7834,PRINCE OF WALES DR @ WEST HUNT CLUB RD,367458.71030,5021891.24981,-75.70057070200,45.33417161090,2014-08-08,9:50:00 AM,01 - Clear,01 - Daylight,01 - Dry,01 - Traffic signal,01 - Functioning,03 - P.D. only,03 - Rear end,0
14-7835,MERIVALE RD btwn COLDREY AVE & THAMES ST,364911.45848,5027503.54874,-75.73238418670,45.38489306300,2014-08-08,9:53:00 AM,01 - Clear,01 - Daylight,01 - Dry,10 - No control,,03 - P.D. only,07 - SMV other,0
14-7836,PARKDALE AVE btwn SIMS AVE & HWY417 IC122 RAMP16,365278.75207,5028981.39342,-75.72751318530,45.39815878000,2014-08-08,10:50:00 AM,01 - Clear,01 - Daylight,01 - Dry,10 - No control,,03 - P.D. only,01 - Approaching,0
14-7837,SMIRLE AVE btwn SCOTT ST & SPENCER ST,364568.55202,5029301.62806,-75.73654485330,45.40110117260,2014-08-08,9:45:00 AM,01 - Clear,01 - Daylight,01 - Dry,10 - No control,,03 - P.D. only,06 - SMV unattended vehicle,0
14-7838,STRANDHERD DR @ 215 W OF GREENBANK RD/BARRHAVE,363743.38177,5014678.40643,-75.74882595920,45.26959256860,2014-08-07,9:30:00 PM,01 - Clear,07 - Dark,01 - Dry,01 - Traffic signal,01 - Functioning,03 - P.D. only,02 - Angle,0
14-7839,OAKBRIAR CRES btwn GOLFLINKS DR & MARWOOD CRT,366204.38696,5013591.19070,-75.71760020300,45.25959926930,2014-07-12,8:00:00 AM,01 - Clear,01 - Daylight,01 - Dry,10 - No control,,03 - P.D. only,06 - SMV unattended vehicle,0
14-7840,BASELINE RD @ FISHER AVE,366166.69360,5026029.80013,-75.71653964010,45.37152374650,2014-08-07,9:15:00 AM,01 - Clear,01 - Daylight,01 - Dry,01 - Traffic signal,01 - Functioning,03 - P.D. only,03 - Rear end,0
14-7841,LEMIEUX ST btwn JOSEPH CYR ST & RAMP,372538.06798,5031693.50029,-75.63442833220,45.42189641590,2014-08-08,12:09:00 PM,01 - Clear,01 - Daylight,01 - Dry,10 - No control,,03 - P.D. only,03 - Rear end,0
14-7842,VANIER PKWY/CRICHTON ST @ BEECHWOOD AVE/ST. PA,369129.21880,5033488.08187,-75.67774827800,45.43836514050,2014-08-08,11:15:00 AM,01 - Clear,01 - Daylight,01 - Dry,01 - Traffic signal,01 - Functioning,03 - P.D. only,03 - Rear end,0
14-7843,ST. LAURENT BLVD @ TREMBLAY RD,372598.08357,5031239.68027,-75.63372397560,45.41780734240,2014-08-08,10:45:00 AM,01 - Clear,01 - Daylight,01 - Dry,01 - Traffic signal,01 - Functioning,03 - P.D. only,03 - Rear end,0
14-7844,CUMBERLAND ST @ ST. ANDREW ST,368041.69320,5032896.01078,-75.69172361280,45.43313711260,2014-08-07,2:00:00 PM,01 - Clear,01 - Daylight,01 - Dry,02 - Stop sign,00 - Unknown,03 - P.D. only,05 - Turning movement,0
14-7845,YORK ST WB btwn BYWARD MARKE SQ & SUSSEX DR,367807.85515,5032268.76539,-75.69479219860,45.42751448290,2014-08-08,1:00:00 PM,01 - Clear,01 - Daylight,01 - Dry,10 - No control,,03 - P.D. only,03 - Rear end,0
14-7846,HAWTHORNE RD/RUSSELL RD @ WALKLEY RD,374677.11357,5028499.54130,-75.60755111360,45.39294842220,2014-08-08,1:00:00 PM,01 - Clear,01 - Daylight,01 - Dry,01 - Traffic signal,01 - Functioning,03 - P.D. only,03 - Rear end,0
14-7847,CYR AVE btwn MONTREAL RD & JEANNE MANCE ST,370232.11083,5033131.96302,-75.66370002070,45.43505859040,2014-08-08,2:00:00 PM,01 - Clear,01 - Daylight,01 - Dry,10 - No control,,03 - P.D. only,05 - Turning movement,0
14-7848,MACKENZIE AVE @ RIDEAU ST,367869.22527,5032009.58020,-75.69404118730,45.42517689150,2014-08-08,1:45:00 PM,01 - Clear,01 - Daylight,01 - Dry,01 - Traffic signal,01 - Functioning,03 - P.D. only,02 - Angle,0
14-7849,HERON RD btwn HUNTLEY AVE & CLEMENTINE BLVD,369518.81085,5026784.64017,-75.67364904880,45.37801401840,2014-08-08,2:22:00 PM,01 - Clear,01 - Daylight,01 - Dry,10 - No control,,03 - P.D. only,04 - Sideswipe,0
14-7850,INNES RD @ JEANNE D'ARC BLVD/MER BLEUE RD,382639.17540,5035566.60583,-75.50476002280,45.45569246090,2014-08-08,2:34:00 PM,01 - Clear,01 - Daylight,01 - Dry,01 - Traffic signal,01 - Functioning,03 - P.D. only,03 - Rear end,0
14-7851,PRESTON ST @ SIDNEY ST,366808.94890,5028986.09866,-75.70796945470,45.39806726720,2014-08-08,2:38:00 PM,01 - Clear,01 - Daylight,01 - Dry,02 - Stop sign,01 - Functioning,02 - Non-fatal injury,02 - Angle,0
14-7852,ST. PATRICK ST/ST. ANDREW ST @ BEAUSOLEIL DR,368428.07181,5033069.10119,-75.68676353320,45.43465946720,2014-08-08,2:59:00 PM,01 - Clear,01 - Daylight,01 - Dry,01 - Traffic signal,01 - Functioning,03 - P.D. only,03 - Rear end,0
14-7853,CAMBRIAN RD @ CEDARVIEW RD,363003.14533,5011834.40240,-75.75859183470,45.24406368790,2014-08-08,3:30:00 PM,01 - Clear,01 - Daylight,01 - Dry,02 - Stop sign,00 - Unknown,02 - Non-fatal injury,07 - SMV other,0
14-7854,COLONIAL RD btwn DELSON DR & FRANK KENNY RD,389690.81946,5031959.79342,-75.41523640670,45.42242119000,2014-08-08,4:04:00 PM,01 - Clear,01 - Daylight,01 - Dry,10 - No control,,03 - P.D. only,06 - SMV unattended vehicle,0
14-7855,INNES RD btwn INDUSTRIAL AVE & BANTREE ST,373347.33018,5030160.57859,-75.62430182550,45.40802510090,2014-08-08,3:40:00 PM,01 - Clear,01 - Daylight,01 - Dry,10 - No control,,03 - P.D. only,03 - Rear end,0
14-7856,CRAIG HENRY DR @ IVYLEA ST/WOODVALE GR,363035.21547,5021804.39043,-75.75701299960,45.33377111120,2014-08-07,7:00:00 PM,01 - Clear,01 - Daylight,01 - Dry,02 - Stop sign,00 - Unknown,03 - P.D. only,03 - Rear end,0
14-7857,EAGLESON RD @ FLEWELLYN RD,355333.62350,5014248.69273,-75.85603621990,45.26638047620,2014-08-08,6:38:00 PM,01 - Clear,01 - Daylight,01 - Dry,02 - Stop sign,00 - Unknown,03 - P.D. only,03 - Rear end,0
14-7858,CHELTONIA WAY btwn INSMILL CRES & GOLDRIDGE DR,349722.13662,5019350.28806,-75.92707914210,45.31266703920,2014-08-08,11:00:00 AM,01 - Clear,01 - Daylight,01 - Dry,10 - No control,,03 - P.D. only,06 - SMV unattended vehicle,0
14-7859,BRONSON AVE @ CATHERINE ST/RAYMOND ST,367252.23457,5029796.56650,-75.70220535340,45.40532022730,2014-08-07,9:15:00 PM,01 - Clear,07 - Dark,01 - Dry,01 - Traffic signal,01 - Functioning,03 - P.D. only,05 - Turning movement,0
14-7860,LOLA ST @ PRINCE ALBERT ST,371137.72450,5031971.10144,-75.65228285010,45.42452834110,2014-08-08,9:16:00 PM,01 - Clear,07 - Dark,01 - Dry,02 - Stop sign,01 - Functioning,03 - P.D. only,07 - SMV other,0
14-7861,CORKSTOWN RD @ MARCH RD,352658.08703,5020885.38173,-75.88948882250,45.32628617820,2014-08-08,9:29:00 PM,01 - Clear,07 - Dark,01 - Dry,02 - Stop sign,01 - Functioning,03 - P.D. only,03 - Rear end,0
14-7862,MATHIEU WAY @ MERKLEY DR,384442.98307,5037681.23547,-75.48135780790,45.47451466270,2014-08-09,12:21:00 AM,01 - Clear,07 - Dark,01 - Dry,02 - Stop sign,01 - Functioning,02 - Non-fatal injury,05 - Turning movement,0
14-7863,RICHARDSON SIDE RD btwn CARP RD & OAK CREEK RD,346498.58518,5017434.02652,-75.96835051560,45.29562265210,2014-08-09,9:34:00 AM,01 - Clear,01 - Daylight,01 - Dry,10 - No control,,03 - P.D. only,07 - SMV other,0
14-7864,TORWOOD DR @ VANCES SIDE RD,343335.20374,5036433.94173,-76.00719845770,45.46677002350,2014-08-09,9:15:00 AM,01 - Clear,01 - Daylight,01 - Dry,02 - Stop sign,01 - Functioning,03 - P.D. only,02 - Angle,0
14-7865,CARLING AVE @ ROSEVIEW AVE,359359.14523,5024196.66250,-75.80364623640,45.35559226240,2014-08-09,10:07:00 AM,01 - Clear,01 - Daylight,01 - Dry,02 - Stop sign,01 - Functioning,03 - P.D. only,02 - Angle,0
14-7866,PRESTWICK DR btwn SUMMERLANDS CRES & SUMMERLANDS CRES,383586.58052,5036342.10372,-75.49252425530,45.46256352010,2014-08-09,10:27:00 AM,01 - Clear,01 - Daylight,01 - Dry,10 - No control,,03 - P.D. only,07 - SMV other,0
14-7867,CARP RD btwn RIVINGTON ST & MARCH RD,341746.63801,5022179.77390,-76.02858083080,45.33859282060,2014-08-09,10:41:00 AM,01 - Clear,01 - Daylight,01 - Dry,10 - No control,,02 - Non-fatal injury,03 - Rear end,0
14-7868,MONTREAL RD @ FOXVIEW PL/DESLOGES PRIV,372907.30360,5034447.26572,-75.62932976050,45.44663756770,2014-08-09,10:51:00 AM,01 - Clear,01 - Daylight,01 - Dry,02 - Stop sign,00 - Unknown,03 - P.D. only,02 - Angle,0
14-7869,GRANDFIELD LANE btwn LONG GATE CRT & SHANDON AVE,364789.99067,5017510.64259,-75.73514679870,45.29498846680,2014-08-09,11:25:00 AM,01 - Clear,01 - Daylight,01 - Dry,10 - No control,,03 - P.D. only,99 - Other,0
14-7870,CARLING AVE/STATION RD @ MARCH RD,350909.03860,5022244.61187,-75.91167307870,45.33863391680,2014-08-09,12:45:00 AM,01 - Clear,07 - Dark,01 - Dry,01 - Traffic signal,01 - Functioning,03 - P.D. only,03 - Rear end,0
14-7871,HWY 7 HAZELDEAN RD IC RAMP 24 btwn HIGHWAY 7 & HAZELDEAN RD,346576.64702,5012181.95039,-75.96779718090,45.24835769840,2014-08-09,12:49:00 PM,01 - Clear,01 - Daylight,01 - Dry,10 - No control,,02 - Non-fatal injury,07 - SMV other,0
14-7872,LYON ST @ WELLINGTON ST,366934.32088,5031425.69094,-75.70606077090,45.42000690540,2014-08-09,12:00:00 PM,01 - Clear,01 - Daylight,01 - Dry,01 - Traffic signal,01 - Functioning,03 - P.D. only,04 - Sideswipe,0
14-7873,VANIER PKWY NB btwn RIVERSIDE DR & HWY417 IC117 RAMP26,370812.85832,5031206.15811,-75.65653629440,45.41767643320,2014-08-09,1:41:00 PM,01 - Clear,01 - Daylight,01 - Dry,10 - No control,,02 - Non-fatal injury,03 - Rear end,0
14-7874,NAVAHO DR @ WOODROFFE AVE/TRANSITWAY N BASELIN,362706.74887,5023492.54761,-75.76100575680,45.34898822510,2014-08-09,1:48:00 PM,01 - Clear,01 - Daylight,01 - Dry,01 - Traffic signal,01 - Functioning,03 - P.D. only,05 - Turning movement,0
14-7875,INNES RD @ JEANNE D'ARC BLVD/MER BLEUE RD,382638.70372,5035568.02876,-75.50476582770,45.45570531640,2014-08-09,2:55:00 PM,01 - Clear,01 - Daylight,01 - Dry,01 - Traffic signal,01 - Functioning,03 - P.D. only,03 - Rear end,0
14-7876,FARLANE BLVD btwn ELEANOR DR & WALLFORD WAY,365545.53312,5025216.04981,-75.72456923390,45.36425588700,2014-08-09,3:50:00 PM,01 - Clear,01 - Daylight,01 - Dry,10 - No control,,03 - P.D. only,07 - SMV other,0
14-7877,NAVAN RD W @ MER BLEUE RD,384007.79054,5032256.30436,-75.48779658640,45.42575547950,2014-08-09,4:40:00 PM,01 - Clear,01 - Daylight,01 - Dry,02 - Stop sign,01 - Functioning,03 - P.D. only,03 - Rear end,0
14-7878,RUSSLAND RD btwn ROCKDALE RD & DUNNING RD,397588.75704,5023181.25283,-75.31598458830,45.34244040350,2014-08-09,6:24:00 PM,01 - Clear,01 - Daylight,01 - Dry,10 - No control,,03 - P.D. only,07 - SMV other,0
14-7879,VANIER PKWY NB btwn BEECHWOOD AVE/ ST. PATRICK ST/CRICHTON ST & DESCHA,369651.87779,5033364.27043,-75.67108469870,45.43720285170,2014-08-09,6:30:00 PM,01 - Clear,01 - Daylight,01 - Dry,10 - No control,,03 - P.D. only,04 - Sideswipe,0
14-7880,KATIMAVIK RD btwn TRANSIT & WHITNEY DR,352345.77346,5019368.13863,-75.89361833370,45.31265492290,2014-08-09,8:35:00 PM,01 - Clear,05 - Dusk,01 - Dry,10 - No control,,03 - P.D. only,07 - SMV other,0
14-7881,BANK ST @ SOMERSET ST,367694.70290,5030915.81799,-75.69641080510,45.41535128900,2014-08-09,10:44:00 PM,01 - Clear,07 - Dark,01 - Dry,01 - Traffic signal,01 - Functioning,02 - Non-fatal injury,05 - Turning movement,0
14-7882,HENN DR btwn AUGUST ST & LOEPER ST,388953.01682,5032184.48746,-75.42462423730,45.42453189580,2014-08-09,11:23:00 PM,01 - Clear,07 - Dark,01 - Dry,10 - No control,,03 - P.D. only,06 - SMV unattended vehicle,0
14-7883,FLEWELLYN RD btwn CONLEY RD & NO NAME,348666.00425,5008327.76980,-75.94152135910,45.21354898940,2014-08-10,1:40:00 AM,01 - Clear,07 - Dark,01 - Dry,10 - No control,,02 - Non-fatal injury,07 - SMV other,0
14-7884,HOLLAND AVE btwn TYNDALL ST & 95 N OF SHERWOOD DR/FISHER PARK HS,365087.38402,5028792.26267,-75.72998039640,45.39647352710,2014-08-10,5:57:00 AM,01 - Clear,03 - Dawn,01 - Dry,10 - No control,,03 - P.D. only,07 - SMV other,0
14-7885,ALPINE AVE @ SEVERN AVE,360818.20757,5024230.50910,-75.78502141460,45.35578176460,2014-08-10,7:31:00 AM,01 - Clear,01 - Daylight,01 - Dry,10 - No control,,03 - P.D. only,07 - SMV other,0
14-7886,HALTON TER btwn PEPPERIDGE WAY & BRADY AVE,348913.89489,5023265.40554,-75.93703776160,45.34794755720,2014-08-09,11:00:00 PM,01 - Clear,07 - Dark,01 - Dry,10 - No control,,03 - P.D. only,07 - SMV other,0
14-7887,FALLOWFIELD RD @ GREENBANK RD,363080.16873,5016732.20181,-75.75703607650,45.28812794880,2014-08-10,9:48:00 AM,01 - Clear,01 - Daylight,01 - Dry,01 - Traffic signal,01 - Functioning,02 - Non-fatal injury,05 - Turning movement,0
14-7888,RICHMOND RD @ FRASER AVE,362490.19887,5027692.30376,-75.76327868320,45.38679505540,2014-08-10,10:41:00 AM,01 - Clear,01 - Daylight,01 - Dry,01 - Traffic signal,01 - Functioning,02 - Non-fatal injury,03 - Rear end,0
14-7889,COLONEL BY DR/SUSSEX DR @ RIDEAU ST,367921.60946,5032044.55069,-75.69336735720,45.42548681910,2014-08-10,11:00:00 AM,01 - Clear,01 - Daylight,01 - Dry,01 - Traffic signal,01 - Functioning,03 - P.D. only,03 - Rear end,0
14-7890,STONEMEADOW DR btwn REDSTONE LANE & SPRINGCREEK CRES,356293.80214,5016686.74080,-75.84354828750,45.28824886980,2014-08-10,1:10:00 PM,01 - Clear,01 - Daylight,01 - Dry,10 - No control,,03 - P.D. only,06 - SMV unattended vehicle,0
14-7891,CARLING AVE @ HOLLAND AVE,365419.06837,5028039.49467,-75.72583683700,45.38967164810,2014-08-10,1:31:00 PM,01 - Clear,01 - Daylight,01 - Dry,01 - Traffic signal,01 - Functioning,03 - P.D. only,02 - Angle,0
14-7892,BANK ST btwn BANK ST EXTENSION NB & JOHNSTON RD,370789.19374,5024961.01618,-75.65767373340,45.36148715930,2014-08-10,1:30:00 PM,01 - Clear,01 - Daylight,01 - Dry,10 - No control,,03 - P.D. only,03 - Rear end,0
14-7893,LEITRIM RD @ LIMEBANK RD S,369356.19033,5017878.41367,-75.67688715870,45.29789293190,2014-08-10,3:53:00 PM,01 - Clear,01 - Daylight,01 - Dry,01 - Traffic signal,01 - Functioning,03 - P.D. only,03 - Rear end,0
14-7894,TENTH LINE RD btwn OLD TENTH LINE RD & TOMPKINS AVE,383180.61236,5037991.15204,-75.49745170770,45.47744584380,2014-08-10,5:24:00 PM,01 - Clear,01 - Daylight,01 - Dry,10 - No control,,02 - Non-fatal injury,03 - Rear end,0
14-7895,KING GEORGE ST btwn LOLA ST & NAUGHTON ST,371219.64130,5032126.07810,-75.65121526860,45.42591498070,2014-08-09,12:00:00 AM,01 - Clear,00 - Unknown,01 - Dry,10 - No control,,03 - P.D. only,06 - SMV unattended vehicle,0
14-7896,DONALD ST @ VANIER PKWY,370312.18703,5032270.58540,-75.66279126300,45.42730077750,2014-08-10,5:40:00 PM,01 - Clear,01 - Daylight,01 - Dry,01 - Traffic signal,01 - Functioning,03 - P.D. only,05 - Turning movement,0
14-7897,BOOTH ST @ SOMERSET ST,366591.28100,5030254.57070,-75.71059047740,45.40949988220,2014-08-10,6:20:00 PM,01 - Clear,01 - Daylight,01 - Dry,01 - Traffic signal,01 - Functioning,03 - P.D. only,05 - Turning movement,0
14-7898,HWY 417 INNES IC112R68 @ INNES RD,374641.62155,5030920.62505,-75.60766144740,45.41473565110,2014-08-10,7:05:00 PM,01 - Clear,01 - Daylight,01 - Dry,01 - Traffic signal,01 - Functioning,02 - Non-fatal injury,07 - SMV other,0
14-7899,FRANK ST @ METCALFE ST,368203.23277,5030792.62493,-75.68992995080,45.41419694490,2014-08-10,8:11:00 PM,01 - Clear,05 - Dusk,01 - Dry,02 - Stop sign,00 - Unknown,03 - P.D. only,05 - Turning movement,0
14-7900,AIRPORT PKWY @ HUNT CLUB RD,371019.94980,5023700.15460,-75.65489743640,45.35012056790,2014-08-10,8:32:00 PM,01 - Clear,05 - Dusk,01 - Dry,01 - Traffic signal,01 - Functioning,03 - P.D. only,03 - Rear end,0
14-7901,ELGIN ST @ MCLEOD ST,368425.18603,5030780.51927,-75.68709601990,45.41406787710,2014-08-10,9:11:00 PM,01 - Clear,07 - Dark,01 - Dry,02 - Stop sign,00 - Unknown,02 - Non-fatal injury,03 - Rear end,0
14-7902,BANK ST @ CHAMBERLAIN AVE N/ISABELLA ST,368082.23817,5030164.66647,-75.69155629950,45.40855773000,2014-08-10,9:41:00 PM,01 - Clear,07 - Dark,01 - Dry,01 - Traffic signal,01 - Functioning,02 - Non-fatal injury,03 - Rear end,0
14-7903,METCALFE ST @ SLATER ST,367730.27480,5031547.68007,-75.69587565970,45.42103338180,2014-08-10,10:23:00 PM,01 - Clear,07 - Dark,01 - Dry,01 - Traffic signal,01 - Functioning,03 - P.D. only,07 - SMV other,0
14-7904,BASELINE RD @ FISHER AVE,366166.18663,5026029.80013,-75.71654611230,45.37152379090,2014-08-11,6:55:00 AM,01 - Clear,01 - Daylight,01 - Dry,01 - Traffic signal,01 - Functioning,03 - P.D. only,03 - Rear end,0
14-7905,AVIATION PKWY @ OGILVIE RD,373110.24027,5032376.58560,-75.62702311040,45.42798684560,2014-08-11,7:40:00 AM,01 - Clear,01 - Daylight,01 - Dry,01 - Traffic signal,01 - Functioning,02 - Non-fatal injury,04 - Sideswipe,0
14-7906,RIVERSIDE DR SB btwn Continuation of RIVERSIDE DR & HWY417 IC117 RAMP5,370752.31507,5030863.30126,-75.65735567180,45.41459725670,2014-08-11,8:06:00 AM,01 - Clear,01 - Daylight,01 - Dry,10 - No control,,03 - P.D. only,03 - Rear end,0
14-7907,AIRPORT PKWY @ HUNT CLUB RD,371019.00193,5023703.94607,-75.65490902450,45.35015477210,2014-08-11,8:15:00 AM,01 - Clear,01 - Daylight,01 - Dry,01 - Traffic signal,01 - Functioning,03 - P.D. only,03 - Rear end,0
14-7908,COLDREY AVE @ KIRKWOOD AVE,364438.22157,5027135.59183,-75.73847127730,45.38162270310,2014-08-11,9:34:00 AM,01 - Clear,01 - Daylight,01 - Dry,01 - Traffic signal,01 - Functioning,02 - Non-fatal injury,02 - Angle,0
14-7909,LAURIER AVE   W btwn METCALFE ST & ELGIN ST,367921.29949,5031534.17552,-75.69343671530,45.42089466270,2014-08-11,9:37:00 AM,01 - Clear,01 - Daylight,01 - Dry,10 - No control,,02 - Non-fatal injury,04 - Sideswipe,0
14-7910,ALERT RD/AIRPORT PKWY/UPLANDS DR RAMP 62 @ LES,371306.58932,5021353.78140,-75.65155511880,45.32898148130,2014-08-11,8:00:00 AM,01 - Clear,01 - Daylight,01 - Dry,01 - Traffic signal,00 - Unknown,03 - P.D. only,04 - Sideswipe,0
14-7911,GREENBANK RD @ WEST HUNT CLUB RD,361481.09880,5020500.58347,-75.77698867370,45.32216672620,2014-08-02,11:20:00 AM,01 - Clear,01 - Daylight,01 - Dry,01 - Traffic signal,01 - Functioning,03 - P.D. only,03 - Rear end,0
14-7912,SILVER SAGE AVE btwn CLARIDGE DR & TWINFLOWER WAY,364629.88300,5016333.99600,-75.73732984990,45.28441468810,2014-08-08,9:00:00 PM,01 - Clear,07 - Dark,01 - Dry,10 - No control,,02 - Non-fatal injury,07 - SMV other,0
14-7913,ALTA VISTA DR @ CUNNINGHAM AVE,370344.72290,5028018.30526,-75.66294085550,45.38903733790,2014-08-11,10:50:00 AM,01 - Clear,01 - Daylight,01 - Dry,02 - Stop sign,01 - Functioning,03 - P.D. only,05 - Turning movement,0
14-7914,POLYTEK ST btwn CANOTEK RD & END,376431.67886,5035603.15041,-75.58411216800,45.45668518750,2014-08-11,10:15:00 AM,01 - Clear,01 - Daylight,01 - Dry,10 - No control,,03 - P.D. only,04 - Sideswipe,0
14-7915,FALLOWFIELD RD @ TRANSITWAY/VIARAIL,364467.65644,5017549.20594,-75.73925145340,45.29536290370,2014-08-11,12:21:00 PM,01 - Clear,01 - Daylight,01 - Dry,01 - Traffic signal,00 - Unknown,03 - P.D. only,03 - Rear end,0
14-7916,ISABELLA ST/HWY 417 O'CONN IC119BR57 @ O'CONNO,368297.55596,5030309.17263,-75.68878723380,45.40983844760,2014-08-11,12:54:00 PM,01 - Clear,01 - Daylight,01 - Dry,01 - Traffic signal,01 - Functioning,03 - P.D. only,03 - Rear end,0
14-7917,WALKLEY RD btwn BANTON ST & MELFORT ST,374424.41059,5028352.68602,-75.61079888880,45.39165225890,2014-08-11,2:44:00 PM,01 - Clear,01 - Daylight,01 - Dry,10 - No control,,03 - P.D. only,04 - Sideswipe,0
14-7918,ST. LAURENT BLVD @ WALKLEY RD,373903.25707,5028046.60161,-75.61749681360,45.38894987110,2014-08-11,12:00:00 PM,01 - Clear,01 - Daylight,01 - Dry,01 - Traffic signal,01 - Functioning,03 - P.D. only,04 - Sideswipe,0
14-7919,ST. LAURENT BLVD btwn BOURASSA ST & SMYTH RD,373315.67500,5029499.27485,-75.62479806580,45.40207809810,2014-08-12,1:20:00 AM,01 - Clear,07 - Dark,01 - Dry,10 - No control,,03 - P.D. only,03 - Rear end,0
14-7920,ST. LAURENT BLVD btwn MCARTHUR AVE & DONALD ST,372066.33647,5032547.87007,-75.64033885540,45.42962915810,2014-08-11,3:25:00 PM,01 - Clear,01 - Daylight,01 - Dry,10 - No control,,02 - Non-fatal injury,07 - SMV other,0
14-7921,ROCKDALE RD S @ HIGHWAY 417,395258.07664,5022266.71850,-75.34588588690,45.33451686530,2014-08-11,3:51:00 PM,01 - Clear,01 - Daylight,01 - Dry,02 - Stop sign,01 - Functioning,03 - P.D. only,02 - Angle,0
14-7922,"MCARTHUR AVE @ EGLISE, RUE DE L/MOORVALE ST",371446.19063,5032825.52667,-75.64822583110,45.43218675660,2014-08-11,3:56:00 PM,01 - Clear,01 - Daylight,01 - Dry,01 - Traffic signal,01 - Functioning,02 - Non-fatal injury,05 - Turning movement,0
14-7923,SAUNDERSON DR btwn OLYMPIA CRES & WINGATE DR,372998.86712,5029109.33144,-75.62889833810,45.39860049620,2014-08-10,8:00:00 AM,01 - Clear,01 - Daylight,01 - Dry,10 - No control,,03 - P.D. only,06 - SMV unattended vehicle,0
14-7924,CROWNHILL ST btwn BLAIR RD & DUNHAM ST,374585.73925,5033367.22168,-75.60802870800,45.43675438340,2014-08-11,4:45:00 PM,01 - Clear,01 - Daylight,01 - Dry,10 - No control,,03 - P.D. only,05 - Turning movement,0
14-7925,DAZE ST btwn HUNT CLUB RD & 200 W OF BANK ST,371225.30374,5023984.13869,-75.65223883790,45.35265634700,2014-08-11,5:53:00 PM,01 - Clear,01 - Daylight,01 - Dry,10 - No control,,03 - P.D. only,03 - Rear end,0
14-7926,EMOND ST @ MONTREAL RD,370194.23677,5033133.64093,-75.66418382060,45.43507723040,2014-08-11,4:15:00 PM,01 - Clear,01 - Daylight,01 - Dry,02 - Stop sign,01 - Functioning,03 - P.D. only,03 - Rear end,0
14-7927,CLEOPATRA DR btwn CAESAR AVE & MERIVALE RD,365929.21036,5021111.01372,-75.72017929380,45.32728605950,2014-08-11,4:00:00 PM,01 - Clear,01 - Daylight,01 - Dry,10 - No control,,03 - P.D. only,02 - Angle,0
14-7928,BRONSON AVE btwn CARLING AVE & FIRST AVE,367486.09563,5029250.25394,-75.69928763930,45.40038376150,2014-08-08,3:50:00 PM,01 - Clear,01 - Daylight,01 - Dry,10 - No control,,03 - P.D. only,04 - Sideswipe,0
14-7929,ST. LAURENT BLVD @ TAWNEY RD,373575.25577,5028847.59713,-75.62157350440,45.39618915050,2014-08-11,7:19:00 PM,01 - Clear,01 - Daylight,01 - Dry,02 - Stop sign,00 - Unknown,02 - Non-fatal injury,03 - Rear end,0
14-7930,BRONSON AVE @ POWELL AVE,367386.45710,5029479.10973,-75.70053119070,45.40245185490,2014-08-11,6:00:00 PM,01 - Clear,01 - Daylight,01 - Dry,01 - Traffic signal,01 - Functioning,03 - P.D. only,03 - Rear end,0
14-7931,FALLOWFIELD RD @ WOODROFFE AVE,365085.15000,5017904.61518,-75.73133605650,45.29850814940,2014-08-11,7:52:00 PM,01 - Clear,01 - Daylight,01 - Dry,01 - Traffic signal,01 - Functioning,02 - Non-fatal injury,05 - Turning movement,0
14-7932,RIDDELL DR btwn MARCH VALLEY RD & SIXTH LINE RD,349875.01499,5028792.83288,-75.92426854300,45.39762324290,2014-08-11,6:05:00 PM,01 - Clear,01 - Daylight,01 - Dry,10 - No control,,03 - P.D. only,07 - SMV other,0
14-7933,INNES RD @ VISENEAU DR,381798.27717,5035071.66027,-75.51558749930,45.45133251410,2014-08-11,8:25:00 PM,01 - Clear,05 - Dusk,01 - Dry,01 - Traffic signal,01 - Functioning,02 - Non-fatal injury,02 - Angle,0