Record,Location,X,Y,Longitude,Latitude,Date,Time,Environment,Light,Road_Surface,Traffic_Control,Collision_Location,Collision_Classification,Impact_type,Pedestrian
14-7934,BREEZEHILL AVE @ GLADSTONE AVE,366099.20137,5029523.81369,-75.71696725960,45.40296799190,2014-08-11,4:00:00 PM,01 - Clear,01 - Daylight,01 - Dry,02 - Stop sign,01 - Functioning,03 - P.D. only,02 - Angle,0
14-7935,NELSON ST @ RIDEAU ST,368649.55930,5032498.95100,-75.68400690230,45.42950927880,2014-08-11,10:19:00 PM,01 - Clear,07 - Dark,01 - Dry,01 - Traffic signal,01 - Functioning,02 - Non-fatal injury,05 - Turning movement,0
14-7936,BLACKBURN AVE @ MANN AVE,369623.21327,5031597.34076,-75.67168362420,45.42130737540,2014-08-11,10:10:00 PM,01 - Clear,07 - Dark,01 - Dry,02 - Stop sign,01 - Functioning,03 - P.D. only,03 - Rear end,0
14-7937,LOLA ST @ DONALD ST,371094.21903,5032360.34446,-75.65278634630,45.42803470620,2014-08-12,7:16:00 AM,01 - Clear,01 - Daylight,01 - Dry,01 - Traffic signal,01 - Functioning,03 - P.D. only,02 - Angle,0
14-7938,LEITRIM RD @ ALBION RD,373498.05903,5020421.15693,-75.62373049230,45.32037895840,2014-08-12,7:15:00 AM,01 - Clear,01 - Daylight,01 - Dry,01 - Traffic signal,01 - Functioning,02 - Non-fatal injury,03 - Rear end,0
14-7939,JEANNE D'ARC BLVD  S btwn OR174 IC105 RAMP53 & YOUVILLE DR,379581.64412,5036769.41685,-75.54366460940,45.46684834900,2014-08-12,8:02:00 AM,01 - Clear,01 - Daylight,01 - Dry,10 - No control,,02 - Non-fatal injury,04 - Sideswipe,0
14-7940,BAYCREST DR @ WALKLEY RD,371421.73060,5026590.78049,-75.64938075560,45.37609138170,2014-08-12,8:10:00 AM,01 - Clear,01 - Daylight,01 - Dry,01 - Traffic signal,01 - Functioning,03 - P.D. only,02 - Angle,0
14-7941,RUSSELL RD btwn RUSSELL RD & WALKLEY RD,374810.79995,5028170.55831,-75.60589059820,45.38997504210,2014-08-12,8:10:00 AM,01 - Clear,01 - Daylight,01 - Dry,10 - No control,,02 - Non-fatal injury,03 - Rear end,0
14-7942,INDUSTRIAL AVE/INNES RD @ ST. LAURENT BLVD,373100.20133,5030004.61883,-75.62748015550,45.40664600620,2014-08-12,9:37:00 AM,01 - Clear,01 - Daylight,01 - Dry,01 - Traffic signal,01 - Functioning,03 - P.D. only,04 - Sideswipe,0
14-7943,TERRY FOX DR btwn COPE DR & TRANS CANADA TRAIL,353580.36647,5015612.71160,-75.87824310010,45.27877806030,2014-08-12,10:01:00 AM,02 - Rain,01 - Daylight,02 - Wet,10 - No control,,02 - Non-fatal injury,03 - Rear end,0
14-7944,GREENBANK RD btwn 220 N OF STRANDHERD DR & STRANDHERD DR,363893.39954,5014882.04753,-75.74689006660,45.27141234580,2014-08-12,10:11:00 AM,02 - Rain,01 - Daylight,02 - Wet,10 - No control,,03 - P.D. only,03 - Rear end,0
14-7945,BASELINE RD @ MERIVALE RD,365054.22247,5025325.51490,-75.73082700850,45.36528324040,2014-08-12,10:34:00 AM,02 - Rain,01 - Daylight,02 - Wet,01 - Traffic signal,01 - Functioning,03 - P.D. only,03 - Rear end,0
14-7946,TRIM RD @ 150 S OF INNES RD,386622.19370,5037141.45133,-75.45357997530,45.46940629800,2014-08-12,10:40:00 AM,02 - Rain,01 - Daylight,02 - Wet,01 - Traffic signal,01 - Functioning,02 - Non-fatal injury,02 - Angle,0
14-7947,RAMSAYVILLE RD @ MITCH OWENS RD,381144.28443,5018039.23176,-75.52658039670,45.29815790060,2014-08-12,10:41:00 AM,02 - Rain,01 - Daylight,02 - Wet,02 - Stop sign,00 - Unknown,02 - Non-fatal injury,03 - Rear end,0
14-7948,CAMPEAU DR @ TERRY FOX DR,350456.56456,5019011.90098,-75.91774417120,45.30957477460,2014-08-12,11:24:00 AM,02 - Rain,01 - Daylight,02 - Wet,01 - Traffic signal,01 - Functioning,03 - P.D. only,03 - Rear end,0
14-7949,GREENBANK RD @ LISA AVE,360554.20117,5022891.59637,-75.78854170870,45.34375530020,2014-08-12,11:25:00 AM,02 - Rain,01 - Daylight,02 - Wet,01 - Traffic signal,01 - Functioning,02 - Non-fatal injury,02 - Angle,0
14-7950,INNES RD @ ORLEANS BLVD,380462.21690,5034296.40300,-75.53278560460,45.44450326750,2014-08-12,12:11:00 PM,01 - Clear,01 - Daylight,01 - Dry,01 - Traffic signal,01 - Functioning,02 - Non-fatal injury,03 - Rear end,0
14-7951,CARP RD @ WESTBROOK RD,347736.14330,5015445.28430,-75.95274468810,45.27765269670,2014-08-12,12:17:00 PM,02 - Rain,01 - Daylight,02 - Wet,01 - Traffic signal,01 - Functioning,03 - P.D. only,03 - Rear end,0
14-7952,MERIVALE RD/LOTTA AVE @ CLYDE AVE,364522.17223,5024505.63017,-75.73771734770,45.35795156950,2014-08-12,12:16:00 PM,02 - Rain,01 - Daylight,02 - Wet,01 - Traffic signal,01 - Functioning,03 - P.D. only,03 - Rear end,0
14-7953,RUSSELL RD btwn ST. LAURENT BLVD & SOUTHVALE CRES,373784.03926,5029108.92341,-75.61887060500,45.39851990390,2014-08-12,1:15:00 PM,02 - Rain,01 - Daylight,02 - Wet,10 - No control,,03 - P.D. only,02 - Angle,0
14-7954,BLOHM DR btwn LORRY GREENBERG DR & 68 N OF BRISTON PRIV,373696.13953,5025923.19821,-75.62043784640,45.36986481900,2014-08-12,2:01:00 PM,01 - Clear,01 - Daylight,01 - Dry,10 - No control,,03 - P.D. only,05 - Turning movement,0
14-7955,HEMLOCK RD btwn BIRCH AVE & JUSTIN AVE,370308.03941,5034696.39067,-75.66252142340,45.44912751990,2014-08-12,2:03:00 PM,02 - Rain,01 - Daylight,02 - Wet,10 - No control,,03 - P.D. only,99 - Other,0
14-7956,CARLING AVE WB btwn KIRKWOOD AVE & HWY417 IC124 RAMP67,364313.29682,5027511.66228,-75.74002097950,45.38501714410,2014-08-12,2:10:00 PM,02 - Rain,01 - Daylight,02 - Wet,10 - No control,,03 - P.D. only,04 - Sideswipe,0
14-7957,INDUSTRIAL AVE @ ALTA VISTA DR/SANDFORD FLEMIN,370884.21683,5030558.33046,-75.65571149470,45.41184080910,2014-08-12,2:30:00 PM,02 - Rain,01 - Daylight,02 - Wet,01 - Traffic signal,01 - Functioning,03 - P.D. only,04 - Sideswipe,0
14-7958,JOY'S RD btwn FRANKTOWN RD & OTTAWA ST,355345.02948,5004858.48997,-75.85684437230,45.18188376880,2014-08-12,2:35:00 PM,01 - Clear,01 - Daylight,01 - Dry,10 - No control,,03 - P.D. only,07 - SMV other,0
14-7959,ST. JOSEPH BLVD @ REGIONAL RD 174/TRANSITWAY,376556.40326,5035057.22909,-75.58259728850,45.45176054400,2014-08-07,4:00:00 PM,01 - Clear,01 - Daylight,01 - Dry,01 - Traffic signal,01 - Functioning,03 - P.D. only,02 - Angle,0
14-7960,SOMERSET ST    W btwn ELGIN ST & CARTIER ST,368185.37822,5031210.79909,-75.69010425990,45.41796115480,2014-08-12,1:15:00 PM,02 - Rain,01 - Daylight,02 - Wet,10 - No control,,03 - P.D. only,04 - Sideswipe,0
14-7961,CORDOVA ST @ WITHROW AVE,363962.16083,5023807.50830,-75.74494814490,45.35171742940,2014-08-12,3:42:00 PM,02 - Rain,01 - Daylight,02 - Wet,02 - Stop sign,01 - Functioning,03 - P.D. only,02 - Angle,0
14-7962,BANNER RD @ GREENBANK RD,361023.09440,5021568.38763,-75.78270915510,45.33181166160,2014-08-12,1:00:00 PM,02 - Rain,01 - Daylight,02 - Wet,01 - Traffic signal,01 - Functioning,03 - P.D. only,03 - Rear end,0
14-7963,COLDREY AVE @ KIRKWOOD AVE,364439.16943,5027134.64397,-75.73845929030,45.38161409420,2014-08-08,10:15:00 AM,01 - Clear,01 - Daylight,01 - Dry,01 - Traffic signal,01 - Functioning,03 - P.D. only,04 - Sideswipe,0
14-7964,RIDEAU RIVER DR @ SMYTH RD,369544.09397,5029282.60913,-75.67299853810,45.40048758680,2014-08-12,4:26:00 PM,02 - Rain,01 - Daylight,02 - Wet,02 - Stop sign,00 - Unknown,03 - P.D. only,03 - Rear end,0
14-7965,KEENAN AVE @ WESTMINSTER AVE,362536.10830,5027155.59373,-75.76275523150,45.38196202390,2014-08-12,4:26:00 PM,02 - Rain,01 - Daylight,02 - Wet,02 - Stop sign,01 - Functioning,03 - P.D. only,02 - Angle,0
14-7966,SUNNYSIDE DR @ FERNBANK RD,351340.07163,5012505.45943,-75.90708756970,45.25096987020,2014-08-12,4:35:00 PM,02 - Rain,01 - Daylight,02 - Wet,02 - Stop sign,01 - Functioning,03 - P.D. only,03 - Rear end,0
14-7967,HEMLOCK RD btwn JUSTIN AVE & THORNWOOD RD,370535.40914,5034719.49733,-75.65961187310,45.44931407470,2014-08-12,4:40:00 PM,02 - Rain,01 - Daylight,02 - Wet,10 - No control,,03 - P.D. only,03 - Rear end,0
14-7968,BREWER RD @ BRONSON AVE,368109.04710,5027765.96084,-75.69152170600,45.38697247310,2014-08-12,4:44:00 PM,02 - Rain,01 - Daylight,02 - Wet,01 - Traffic signal,01 - Functioning,03 - P.D. only,03 - Rear end,0
14-7969,HAWTHORNE RD/RUSSELL RD @ WALKLEY RD,374674.77683,5028500.08385,-75.60758087800,45.39295353750,2014-08-12,5:05:00 PM,02 - Rain,01 - Daylight,02 - Wet,01 - Traffic signal,01 - Functioning,03 - P.D. only,04 - Sideswipe,0
14-7970,HAWTHORNE RD/RUSSELL RD @ WALKLEY RD,374674.52103,5028499.27140,-75.60758425960,45.39294625250,2014-08-12,5:23:00 PM,02 - Rain,01 - Daylight,02 - Wet,01 - Traffic signal,01 - Functioning,03 - P.D. only,03 - Rear end,0
14-7971,BREWER RD @ BRONSON AVE,368108.57317,5027763.59230,-75.69152806100,45.38695120490,2014-08-12,5:30:00 PM,02 - Rain,01 - Daylight,02 - Wet,01 - Traffic signal,00 - Unknown,03 - P.D. only,04 - Sideswipe,0
14-7972,BANK ST btwn ARENA PL & WHITE ALDER AVE,375430.26605,5021440.35018,-75.59894210940,45.32935751750,2014-08-12,5:35:00 PM,02 - Rain,01 - Daylight,02 - Wet,10 - No control,,03 - P.D. only,03 - Rear end,0
14-7973,BREWER RD @ BRONSON AVE,368110.46890,5027763.59230,-75.69150385470,45.38695103350,2014-08-12,5:41:00 PM,02 - Rain,01 - Daylight,02 - Wet,01 - Traffic signal,01 - Functioning,02 - Non-fatal injury,04 - Sideswipe,0
14-7974,KENT ST @ WELLINGTON ST,367099.11960,5031526.57350,-75.70394245570,45.42089996040,2014-08-12,6:00:00 PM,02 - Rain,01 - Daylight,02 - Wet,01 - Traffic signal,01 - Functioning,03 - P.D. only,03 - Rear end,0
14-7975,BASELINE RD btwn LOBLAWS SC & MERIVALE RD,364841.90019,5025195.65708,-75.73355293570,45.36413301960,2014-08-12,6:02:00 PM,02 - Rain,01 - Daylight,02 - Wet,10 - No control,,03 - P.D. only,03 - Rear end,0
14-7976,BOOTH ST btwn PRIMROSE AVE & ELM ST,366505.75547,5030456.40582,-75.71165773220,45.41132348440,2014-08-12,6:10:00 PM,02 - Rain,01 - Daylight,02 - Wet,10 - No control,,03 - P.D. only,02 - Angle,0
14-7977,INNES RD btwn ANDERSON RD & INNES RD,376690.49347,5032076.31446,-75.58131853860,45.42492636110,2014-08-12,6:48:00 PM,02 - Rain,01 - Daylight,02 - Wet,10 - No control,,03 - P.D. only,04 - Sideswipe,0
14-7978,CENTRAL PARK DR N @ MERIVALE RD,364952.90390,5025871.17816,-75.73205383320,45.37020173070,2014-08-12,5:30:00 PM,02 - Rain,01 - Daylight,02 - Wet,01 - Traffic signal,01 - Functioning,02 - Non-fatal injury,03 - Rear end,0
14-7979,INDUSTRIAL AVE @ RUSSELL RD,372465.25467,5030281.44883,-75.63555252940,45.40919846880,2014-08-12,7:13:00 PM,02 - Rain,05 - Dusk,02 - Wet,01 - Traffic signal,01 - Functioning,02 - Non-fatal injury,07 - SMV other,0
14-7980,RAMSAYVILLE RD @ RUSSELL RD N,377778.23543,5026759.48107,-75.56820696180,45.37697605390,2014-08-12,7:23:00 PM,02 - Rain,01 - Daylight,02 - Wet,02 - Stop sign,01 - Functioning,02 - Non-fatal injury,07 - SMV other,0
14-7981,ORLEANS BLVD btwn LUMBERMAN WAY & ST. JOSEPH BLVD,380612.30642,5037009.02612,-75.53044904280,45.46889305580,2014-08-12,7:35:00 PM,01 - Clear,05 - Dusk,01 - Dry,10 - No control,,02 - Non-fatal injury,03 - Rear end,0
14-7982,LAURIER AVE   E btwn RUSSELL AVE & CHAPEL ST,369104.01726,5032257.00186,-75.67823115000,45.42729067590,2014-08-12,8:11:00 PM,01 - Clear,05 - Dusk,01 - Dry,10 - No control,,03 - P.D. only,04 - Sideswipe,0
14-7983,KING EDWARD AVE @ SOMERSET ST/MARIE CURIE PRIV,368957.37420,5031674.36484,-75.68018085990,45.42206178840,2014-08-12,5:10:00 PM,02 - Rain,01 - Daylight,02 - Wet,01 - Traffic signal,01 - Functioning,03 - P.D. only,03 - Rear end,0
14-7984,EAGLESON RD @ COPE DR/CADENCE GT,354620.14837,5016027.42720,-75.86494916920,45.28243685270,2014-08-12,8:41:00 PM,02 - Rain,07 - Dark,02 - Wet,01 - Traffic signal,01 - Functioning,03 - P.D. only,05 - Turning movement,0
14-7985,BELL ST    N btwn SOMERSET ST W & ECCLES ST,366809.85246,5030281.16322,-75.70779505780,45.40971982240,2014-08-07,12:00:00 AM,01 - Clear,00 - Unknown,01 - Dry,10 - No control,,03 - P.D. only,06 - SMV unattended vehicle,0
14-7986,CARLING AVE @ MAITLAND AVE/SHERBOURNE RD,362945.06757,5026488.52710,-75.75761213550,45.37592602110,2014-08-12,9:28:00 PM,02 - Rain,07 - Dark,02 - Wet,01 - Traffic signal,01 - Functioning,02 - Non-fatal injury,02 - Angle,0
14-7987,BANK ST btwn BELMONT AVE & GROVE AVE,368832.07089,5028393.40208,-75.68220796960,45.39255227150,2014-08-12,9:38:00 PM,02 - Rain,07 - Dark,02 - Wet,10 - No control,,02 - Non-fatal injury,02 - Angle,0
14-7988,CATHERINE ST @ KENT ST,367909.12930,5030188.56440,-75.69376452180,45.40878838620,2014-08-12,10:18:00 PM,02 - Rain,07 - Dark,02 - Wet,01 - Traffic signal,01 - Functioning,01 - Fatal injury,07 - SMV other,1
14-7989,INNES RD btwn FRANK KENNY RD & O'TOOLE RD,388503.20324,5038017.25677,-75.42937881500,45.47706294400,2014-08-12,10:48:00 PM,02 - Rain,07 - Dark,02 - Wet,10 - No control,,03 - P.D. only,07 - SMV other,0
14-7990,BANK ST @ LEITRIM RD,375359.17600,5021619.49710,-75.59982338630,45.33097655880,2014-08-13,7:47:00 AM,02 - Rain,01 - Daylight,02 - Wet,01 - Traffic signal,01 - Functioning,02 - Non-fatal injury,05 - Turning movement,0
14-7991,MURRAY ST btwn SUSSEX DR & PARENT AVE,367819.57674,5032462.05612,-75.69461768460,45.42925259050,2014-08-12,5:30:00 PM,02 - Rain,01 - Daylight,02 - Wet,10 - No control,,03 - P.D. only,04 - Sideswipe,0
14-7992,WELLINGTON ST btwn O'CONNOR ST & METCALFE ST,367525.41484,5031794.83278,-75.69846163820,45.42327557950,2014-08-13,8:20:00 AM,02 - Rain,01 - Daylight,02 - Wet,10 - No control,,03 - P.D. only,04 - Sideswipe,0
14-7993,BESSERER ST @ WALLER ST,368314.79166,5032192.66377,-75.68832427780,45.42678389740,2014-08-13,10:57:00 AM,01 - Clear,01 - Daylight,02 - Wet,01 - Traffic signal,01 - Functioning,03 - P.D. only,04 - Sideswipe,0
14-7994,HAZELDEAN RD btwn GO/KA BOUNDARY & HUNTMAR DR/IBER RD,351054.92017,5016181.80187,-75.91037776120,45.28406959860,2014-08-08,11:45:00 AM,01 - Clear,01 - Daylight,01 - Dry,10 - No control,,03 - P.D. only,04 - Sideswipe,0
14-7995,BASELINE RD @ GREENBANK RD,360598.15823,5022586.39593,-75.78801525740,45.34100561450,2014-08-13,12:34:00 PM,01 - Clear,01 - Daylight,01 - Dry,01 - Traffic signal,01 - Functioning,02 - Non-fatal injury,03 - Rear end,0
14-7996,KENT ST btwn GILMOUR ST & JAMES ST,367652.60450,5030609.94831,-75.69698763920,45.41260295220,2014-08-13,11:50:00 AM,01 - Clear,01 - Daylight,01 - Dry,10 - No control,,03 - P.D. only,99 - Other,0
14-7997,INNES RD @ JEANNE D'ARC BLVD/MER BLEUE RD,382639.17540,5035566.60583,-75.50476002280,45.45569246090,2014-08-13,12:50:00 PM,01 - Clear,01 - Daylight,01 - Dry,01 - Traffic signal,01 - Functioning,03 - P.D. only,03 - Rear end,0
14-7998,ST. LAURENT BLVD btwn TREMBLAY RD & SHORE ST,372609.45798,5031209.34851,-75.63358283230,45.41753332870,2014-08-13,12:56:00 PM,01 - Clear,01 - Daylight,01 - Dry,10 - No control,,02 - Non-fatal injury,03 - Rear end,0
14-7999,COWLEY AVE @ PONTIAC ST,363797.45504,5029773.48480,-75.74633716570,45.40541225610,2014-08-12,12:35:00 PM,02 - Rain,01 - Daylight,02 - Wet,10 - No control,,03 - P.D. only,06 - SMV unattended vehicle,0
14-8000,RIVERSIDE DR @ PLEASANT PARK RD,369560.77707,5028414.06613,-75.67289948260,45.39267118960,2014-08-13,11:50:00 AM,01 - Clear,01 - Daylight,02 - Wet,01 - Traffic signal,01 - Functioning,02 - Non-fatal injury,03 - Rear end,0
14-8001,TRIM RD btwn TAYLOR CREEK DR & ST. JOSEPH BLVD,384644.01395,5039381.14689,-75.47851063930,45.48978586220,2014-08-13,1:27:00 PM,02 - Rain,01 - Daylight,02 - Wet,10 - No control,,03 - P.D. only,02 - Angle,0
14-8002,BANK ST btwn BLAIS RD & RIDEAU RD,376514.50462,5018806.10267,-75.58549317920,45.30554572480,2014-08-13,2:00:00 PM,01 - Clear,01 - Daylight,01 - Dry,10 - No control,,03 - P.D. only,05 - Turning movement,0
14-8003,ST. LAURENT BLVD btwn INDUSTRIAL AVE & BOURASSA ST,373173.69882,5029836.68456,-75.62656463850,45.40512783640,2014-08-13,2:20:00 PM,01 - Clear,01 - Daylight,01 - Dry,10 - No control,,03 - P.D. only,04 - Sideswipe,0
14-8004,PRINCE OF WALES DR @ WEST HUNT CLUB RD,367459.18423,5021890.55543,-75.70056474420,45.33416532050,2014-08-13,2:51:00 PM,01 - Clear,01 - Daylight,01 - Dry,01 - Traffic signal,01 - Functioning,02 - Non-fatal injury,03 - Rear end,0
14-8005,ST. LAURENT BLVD @ COVENTRY RD/OGILVIE RD,372305.24557,5031949.67887,-75.63736794250,45.42422389660,2014-08-13,3:04:00 PM,01 - Clear,01 - Daylight,01 - Dry,01 - Traffic signal,01 - Functioning,03 - P.D. only,04 - Sideswipe,0
14-8006,BASELINE RD btwn DEERFIELD DR & FERGUSON ST,363429.78963,5024308.87223,-75.75168244530,45.35627336100,2014-08-13,8:00:00 AM,02 - Rain,01 - Daylight,02 - Wet,10 - No control,,03 - P.D. only,02 - Angle,0
14-8007,BRUYERE ST btwn PARENT AVE & DALHOUSIE ST,367711.07419,5032776.73848,-75.69596399210,45.43209376320,2014-06-30,12:00:00 AM,01 - Clear,00 - Unknown,01 - Dry,10 - No control,,03 - P.D. only,06 - SMV unattended vehicle,0
14-8008,ST. LAURENT BLVD btwn DONALD ST & 125 N OF QUEEN MARY ST,372159.58968,5032304.81239,-75.63918046290,45.42743326370,2014-08-13,3:20:00 PM,01 - Clear,01 - Daylight,01 - Dry,10 - No control,,03 - P.D. only,02 - Angle,0
14-8009,COVENTRY RD btwn ARCOLA PRIV & LOLA ST,371163.67344,5031604.19094,-75.65200071870,45.42122457690,2014-08-13,1:30:00 PM,02 - Rain,01 - Daylight,02 - Wet,10 - No control,,03 - P.D. only,03 - Rear end,0
14-8010,SECOND LINE RD    S btwn CENTURY RD E & CARSONBY RD E,366552.93839,5005285.69855,-75.71418970550,45.18483572880,2014-08-13,4:18:00 PM,01 - Clear,01 - Daylight,01 - Dry,10 - No control,,03 - P.D. only,07 - SMV other,0
14-8011,BASELINE RD @ WOODROFFE AVE,362549.21627,5023769.55683,-75.76298363880,45.35149372260,2014-08-13,4:00:00 PM,02 - Rain,01 - Daylight,02 - Wet,01 - Traffic signal,01 - Functioning,03 - P.D. only,02 - Angle,0
14-8012,BANK ST @ HERON RD,369997.14180,5026851.54220,-75.66753337560,45.37857163390,2014-08-11,1:30:00 PM,01 - Clear,01 - Daylight,01 - Dry,01 - Traffic signal,01 - Functioning,03 - P.D. only,03 - Rear end,0
14-8013,RICHMOND RD @ LYNHAR RD/STAFFORD RD,358137.19037,5021084.57987,-75.81957679220,45.32768360490,2014-08-13,5:11:00 PM,01 - Clear,01 - Daylight,01 - Dry,01 - Traffic signal,01 - Functioning,02 - Non-fatal injury,03 - Rear end,0
14-8014,GREENBANK RD @ BERRIGAN DR/WESSEX RD,363724.15563,5015276.42470,-75.74899998840,45.27497516100,2014-08-13,5:22:00 PM,01 - Clear,01 - Daylight,01 - Dry,01 - Traffic signal,01 - Functioning,03 - P.D. only,03 - Rear end,0
14-8015,BASELINE RD @ WOODROFFE AVE,362549.21627,5023768.60897,-75.76298374950,45.35148519430,2014-08-13,6:05:00 PM,01 - Clear,01 - Daylight,01 - Dry,01 - Traffic signal,01 - Functioning,03 - P.D. only,03 - Rear end,0
14-8016,MONTREAL RD btwn BEGIN ST & PARK ST,370488.98218,5033298.96791,-75.66039496920,45.43653714490,2014-08-13,6:00:00 PM,01 - Clear,01 - Daylight,01 - Dry,10 - No control,,03 - P.D. only,03 - Rear end,0
14-8017,OLD TENTH LINE RD @ TENTH LINE RD,383042.48903,5038358.97890,-75.49915954750,45.48077070800,2014-08-13,5:20:00 PM,01 - Clear,01 - Daylight,01 - Dry,01 - Traffic signal,01 - Functioning,03 - P.D. only,03 - Rear end,0
14-8018,FALAISE RD @ FISHER AVE,366777.13000,5024560.57323,-75.70893130610,45.35825023210,2014-08-13,5:30:00 PM,01 - Clear,01 - Daylight,01 - Dry,02 - Stop sign,01 - Functioning,02 - Non-fatal injury,02 - Angle,0
14-8019,NINTH LINE RD btwn ANDERSON RD & FARMERS WAY,382478.22116,5021371.35916,-75.50905231940,45.32799211680,2014-08-13,7:43:00 PM,02 - Rain,05 - Dusk,02 - Wet,10 - No control,,03 - P.D. only,05 - Turning movement,0
14-8020,LAURIER AVE @ NICHOLAS ST,368374.11093,5031795.42630,-75.68761756560,45.42320430530,2014-08-13,8:24:00 PM,01 - Clear,07 - Dark,01 - Dry,01 - Traffic signal,01 - Functioning,03 - P.D. only,02 - Angle,0
14-8021,CAMPEAU DR/HWY 417 MARCH IC138R63 @ MARCH RD,352843.04670,5020476.46670,-75.88716915720,45.32259404450,2014-08-13,8:44:00 PM,01 - Clear,07 - Dark,01 - Dry,01 - Traffic signal,01 - Functioning,03 - P.D. only,03 - Rear end,0
14-8022,BRONSON AVE @ CATHERINE ST/RAYMOND ST,367253.18243,5029797.51437,-75.70219312690,45.40532867170,2014-08-09,10:30:00 PM,01 - Clear,07 - Dark,01 - Dry,01 - Traffic signal,01 - Functioning,02 - Non-fatal injury,05 - Turning movement,0
14-8023,BANK ST @ LEITRIM RD,375359.17600,5021618.54923,-75.59982352140,45.33096803000,2014-08-13,9:39:00 PM,02 - Rain,07 - Dark,02 - Wet,01 - Traffic signal,01 - Functioning,03 - P.D. only,03 - Rear end,0
14-8024,COLONEL BY DR btwn ROSEDALE AVE & ECHO DR,368503.34881,5028771.17185,-75.68635707240,45.39598130850,2014-08-13,11:12:00 PM,02 - Rain,07 - Dark,02 - Wet,10 - No control,,02 - Non-fatal injury,07 - SMV other,0
14-8025,MALKOWSKI ST btwn STATEWOOD DR & FORESTBROOK ST,348779.99727,5022828.38885,-75.93878528090,45.34402358320,2014-08-14,12:24:00 AM,01 - Clear,07 - Dark,01 - Dry,10 - No control,,03 - P.D. only,06 - SMV unattended vehicle,0
14-8026,CORKERY RD btwn MARCH RD & MANION RD,336224.32902,5015882.38223,-76.09943998620,45.28219473340,2014-08-14,5:45:00 AM,01 - Clear,03 - Dawn,01 - Dry,10 - No control,,03 - P.D. only,07 - SMV other,0
14-8027,LEITRIM RD btwn 810 W OF HAWTHORNE & BANK ST,375403.88855,5021645.09913,-75.59924937310,45.33120241820,2014-08-14,6:43:00 AM,01 - Clear,01 - Daylight,01 - Dry,10 - No control,,03 - P.D. only,02 - Angle,0
14-8028,DALHOUSIE ST @ RIDEAU ST,368205.87972,5032227.58120,-75.68971146360,45.42710795330,2014-08-14,7:45:00 AM,01 - Clear,01 - Daylight,01 - Dry,01 - Traffic signal,01 - Functioning,02 - Non-fatal injury,07 - SMV other,1
14-8029,KATIMAVIK RD @ CHIMO DR E/HEARST WAY,352958.58207,5019611.92582,-75.88577954520,45.31480681250,2014-08-14,7:55:00 AM,01 - Clear,01 - Daylight,01 - Dry,01 - Traffic signal,01 - Functioning,03 - P.D. only,03 - Rear end,0
14-8030,DALEHURST DR @ WOODFIELD DR,363757.25065,5021820.71201,-75.74779984890,45.33385767850,2014-08-14,8:30:00 AM,01 - Clear,01 - Daylight,01 - Dry,02 - Stop sign,01 - Functioning,03 - P.D. only,02 - Angle,0
14-8031,ALTA VISTA DR @ RANDALL AVE,370410.14340,5027366.54190,-75.66219211010,45.38316687250,2014-08-14,8:44:00 AM,01 - Clear,01 - Daylight,01 - Dry,01 - Traffic signal,01 - Functioning,02 - Non-fatal injury,03 - Rear end,0
14-8032,TRAMONTANA PL btwn HUNTMAR DR & ROSEHILL AVE,350471.00423,5016523.53149,-75.91778923110,45.28718276890,2014-08-13,8:00:00 AM,01 - Clear,01 - Daylight,01 - Dry,10 - No control,,03 - P.D. only,06 - SMV unattended vehicle,0
14-8033,BRIDGE ST @ LONG ISLAND RD,369061.13080,5010345.39860,-75.68162338130,45.23013875550,2014-08-13,9:48:00 AM,02 - Rain,01 - Daylight,02 - Wet,01 - Traffic signal,01 - Functioning,03 - P.D. only,07 - SMV other,0
14-8034,WALKLEY EXTENSION RD btwn WALKLEY RD & HWY417 IC110 RAMP55,375482.85358,5028906.81368,-75.59720337900,45.39653198520,2014-08-14,9:00:00 AM,01 - Clear,01 - Daylight,01 - Dry,10 - No control,,03 - P.D. only,04 - Sideswipe,0
14-8035,COOPER ST @ ELGIN ST,368119.24007,5031270.64103,-75.69094155340,45.41850558080,2014-08-14,9:56:00 AM,01 - Clear,01 - Daylight,01 - Dry,01 - Traffic signal,01 - Functioning,03 - P.D. only,04 - Sideswipe,0
14-8036,SUSSEX DR btwn GEORGE ST & RIDEAU ST,367873.59254,5032121.93733,-75.69397099670,45.42618744880,2014-07-23,12:00:00 AM,01 - Clear,00 - Unknown,01 - Dry,10 - No control,,03 - P.D. only,04 - Sideswipe,0
14-8037,INNES RD btwn HWY417 IC112 RAMP57 & HWY417 IC112 RAMP65,374309.16960,5030760.48847,-75.61193112430,45.41332792660,2014-08-14,10:44:00 AM,01 - Clear,01 - Daylight,01 - Dry,10 - No control,,02 - Non-fatal injury,99 - Other,0
14-8038,JEANNE D'ARC BLVD @ ORLEANS BLVD N,380031.09747,5038104.65083,-75.53771320250,45.47881346150,2014-08-14,9:20:00 AM,01 - Clear,01 - Daylight,01 - Dry,01 - Traffic signal,01 - Functioning,03 - P.D. only,03 - Rear end,0
14-8039,SHERWOOD DR btwn LARCHWOOD AVE & BAYSWATER AVE,366225.00357,5028777.91337,-75.71545331300,45.39624554100,2014-08-14,10:53:00 AM,01 - Clear,01 - Daylight,01 - Dry,10 - No control,,03 - P.D. only,03 - Rear end,0