Record,Location,X,Y,Longitude,Latitude,Date,Time,Environment,Light,Road_Surface,Traffic_Control,Collision_Location,Collision_Classification,Impact_type,Pedestrian
14-8250,BRONSON AVE btwn PLYMOUTH ST & RENFREW AVE,367344.15852,5029575.31827,-75.70105925100,45.40332129260,2014-08-20,4:06:00 PM,01 - Clear,01 - Daylight,01 - Dry,10 - No control,,03 - P.D. only,03 - Rear end,0
14-8251,DIAMONDVIEW RD @ THOMAS A. DOLAN PKWY,335556.98743,5025183.49897,-76.10736853380,45.36592036810,2014-08-20,5:07:00 PM,01 - Clear,01 - Daylight,01 - Dry,02 - Stop sign,01 - Functioning,03 - P.D. only,02 - Angle,0
14-8252,CHARLOTTE ST @ RIDEAU ST,369249.23507,5032857.69647,-75.67629692430,45.43268212860,2014-08-20,5:43:00 PM,01 - Clear,01 - Daylight,01 - Dry,01 - Traffic signal,00 - Unknown,03 - P.D. only,04 - Sideswipe,0
14-8253,EAGLESON RD btwn MARCH RD & HWY417 IC138 RAMP35,352948.56266,5020217.89386,-75.88584842530,45.32026012540,2014-08-20,5:44:00 PM,01 - Clear,01 - Daylight,01 - Dry,10 - No control,,03 - P.D. only,03 - Rear end,0
14-8254,BANK ST btwn CHESLEY ST & RIVERDALE AVE,369035.45652,5028162.86686,-75.67964068840,45.39045936240,2014-08-20,5:53:00 PM,01 - Clear,01 - Daylight,01 - Dry,10 - No control,,02 - Non-fatal injury,05 - Turning movement,0
14-8255,OTTAWA RIVER PKWY @ PORTAGE BRIDGE,366514.94054,5031315.90644,-75.71143276390,45.41905621660,2014-08-20,3:45:00 PM,01 - Clear,01 - Daylight,01 - Dry,01 - Traffic signal,01 - Functioning,03 - P.D. only,03 - Rear end,0
14-8256,DATA CENTRE RD btwn TURN LANE & TURN LANE,369014.50399,5027431.98530,-75.68000334140,45.38388503750,2014-08-20,6:14:00 PM,01 - Clear,01 - Daylight,01 - Dry,10 - No control,,03 - P.D. only,02 - Angle,0
14-8257,BRUYERE ST @ SUSSEX DR,367539.12903,5032667.47813,-75.69817524520,45.43112612210,2014-08-20,6:59:00 PM,01 - Clear,01 - Daylight,01 - Dry,01 - Traffic signal,01 - Functioning,03 - P.D. only,03 - Rear end,0
14-8258,WELLINGTON ST    W btwn ISLAND PARK DR & PICCADILLY AVE,364155.69969,5028878.02992,-75.74186894270,45.39732484370,2014-08-20,5:30:00 PM,01 - Clear,01 - Daylight,01 - Dry,10 - No control,,03 - P.D. only,05 - Turning movement,0
14-8259,GREENBANK RD btwn BATEMAN DR/BELLMAN DR & GREENBANK SQUARE SC,361320.81641,5020860.34773,-75.77899197350,45.32541680800,2014-08-20,9:22:00 PM,02 - Rain,07 - Dark,02 - Wet,10 - No control,,03 - P.D. only,02 - Angle,0
14-8260,MARCH RD btwn HALTON TERR/MAXWELL BRIDGE RD & KLONDIKE RD,348972.89066,5024382.69727,-75.93618509880,45.35799749410,2014-08-20,9:27:00 PM,01 - Clear,07 - Dark,01 - Dry,10 - No control,,03 - P.D. only,07 - SMV other,0
14-8261,MURRAY ST @ SUSSEX DR,367708.95090,5032393.54943,-75.69604007960,45.42864614980,2014-08-20,10:45:00 PM,02 - Rain,07 - Dark,02 - Wet,01 - Traffic signal,01 - Functioning,02 - Non-fatal injury,02 - Angle,0
14-8262,DICKINSON ST @ TIGHE ST,368984.84004,5009876.55726,-75.68265532370,45.22592710310,2014-08-21,2:23:00 AM,01 - Clear,07 - Dark,02 - Wet,02 - Stop sign,01 - Functioning,03 - P.D. only,06 - SMV unattended vehicle,0
14-8263,ELGIN ST btwn GLOUCESTER ST & NEPEAN ST (2),368033.49987,5031426.73827,-75.69201695200,45.41991784660,2014-08-21,5:59:00 AM,02 - Rain,03 - Dawn,02 - Wet,10 - No control,,02 - Non-fatal injury,07 - SMV other,1
14-8264,BANK ST @ LEITRIM RD,375358.22813,5021616.65350,-75.59983588320,45.33095106860,2014-08-21,8:14:00 AM,02 - Rain,01 - Daylight,02 - Wet,01 - Traffic signal,01 - Functioning,03 - P.D. only,03 - Rear end,0
14-8265,OLD INNES RD @ BANTREE ST,373727.05021,5030351.57910,-75.61942473910,45.40970633930,2014-08-21,8:15:00 AM,01 - Clear,01 - Daylight,02 - Wet,02 - Stop sign,01 - Functioning,03 - P.D. only,02 - Angle,0
14-8266,MCARTHUR AVE btwn LAROUCHE ST & OLMSTEAD ST,370388.39620,5032710.31896,-75.66175889110,45.43125017470,2014-08-21,8:10:00 AM,02 - Rain,01 - Daylight,02 - Wet,10 - No control,,03 - P.D. only,03 - Rear end,0
14-8267,MITCH OWENS RD @ STAGECOACH RD,375400.22863,5014485.40607,-75.60031549590,45.26678244150,2014-08-21,8:36:00 AM,02 - Rain,01 - Daylight,02 - Wet,01 - Traffic signal,01 - Functioning,03 - P.D. only,03 - Rear end,0
14-8268,KANATA RD @ LORD BYNG WAY/MARITIME WAY,351430.44793,5019330.36113,-75.90529498390,45.31237636980,2014-08-20,9:05:00 PM,02 - Rain,07 - Dark,02 - Wet,01 - Traffic signal,01 - Functioning,03 - P.D. only,03 - Rear end,0
14-8269,BRUYERE ST btwn SUSSEX DR & PARENT AVE,367556.19065,5032679.80041,-75.69795564270,45.43123546320,2014-08-21,10:46:00 AM,01 - Clear,01 - Daylight,01 - Dry,10 - No control,,03 - P.D. only,06 - SMV unattended vehicle,0
14-8270,BRONSON AVE @ CARLING AVE/GLEBE AVE,367448.18093,5029335.56200,-75.69976105380,45.40115473310,2014-08-20,10:52:00 AM,01 - Clear,01 - Daylight,01 - Dry,01 - Traffic signal,01 - Functioning,03 - P.D. only,02 - Angle,0
14-8271,FOURTH AVE @ PERCY ST,367925.13110,5029211.61223,-75.69368518100,45.39999662650,2014-08-21,11:05:00 AM,01 - Clear,01 - Daylight,01 - Dry,02 - Stop sign,01 - Functioning,03 - P.D. only,02 - Angle,0
14-8272,BRONSON AVE @ KIPPEWA DR,367555.29500,5029075.55690,-75.69842604460,45.39880568870,2014-08-21,12:40:00 PM,01 - Clear,01 - Daylight,01 - Dry,02 - Stop sign,00 - Unknown,03 - P.D. only,03 - Rear end,0
14-8273,BRONSON AVE btwn RENFREW AVE & POWELL AVE,367361.92487,5029539.24063,-75.70083690180,45.40299508830,2014-08-21,12:59:00 PM,01 - Clear,01 - Daylight,01 - Dry,10 - No control,,03 - P.D. only,02 - Angle,0
14-8274,BRONSON AVE btwn POWELL AVE & CLEMOW AVE,367390.24857,5029467.73533,-75.70048420710,45.40234917230,2014-08-21,1:00:00 PM,01 - Clear,01 - Daylight,01 - Dry,10 - No control,,03 - P.D. only,03 - Rear end,0
14-8275,PINECREST RD btwn TRANSIT & HWY417 IC129 RAMP26,360409.08901,5023624.21360,-75.79031091510,45.35035889810,2014-08-21,2:40:00 PM,01 - Clear,01 - Daylight,01 - Dry,10 - No control,,03 - P.D. only,04 - Sideswipe,0
14-8276,CENTREPOINTE DR btwn PASEO PRIV & 90 N OF EPSILON WAY,362514.88352,5022860.80929,-75.76352781700,45.34331970100,2014-08-21,2:35:00 PM,02 - Rain,01 - Daylight,02 - Wet,10 - No control,,03 - P.D. only,02 - Angle,0
14-8277,OR174 IC102 RAMP51 btwn REGIONAL ROAD 174 & PLACE D'ORLEANS DR,381107.75555,5037948.12704,-75.52396789830,45.47728835250,2014-08-20,11:30:00 PM,01 - Clear,07 - Dark,01 - Dry,10 - No control,,03 - P.D. only,07 - SMV other,0
14-8278,VANIER PKWY NB btwn BEECHWOOD AVE/ ST. PATRICK ST/CRICHTON ST & DESCHA,369651.87779,5033360.47896,-75.67108519820,45.43716873820,2014-08-21,2:55:00 PM,01 - Clear,01 - Daylight,01 - Dry,10 - No control,,03 - P.D. only,03 - Rear end,0
14-8279,INDUSTRIAL AVE @ RUSSELL RD,372468.09827,5030278.60523,-75.63551659580,45.40917260840,2014-08-21,3:05:00 PM,01 - Clear,01 - Daylight,01 - Dry,01 - Traffic signal,01 - Functioning,03 - P.D. only,05 - Turning movement,0
14-8280,EAGLESON RD @ HWY 417 EAGLESO IC138R51/PARK AN,353038.60290,5020013.78790,-75.88471987640,45.31841735740,2014-08-21,2:00:00 PM,01 - Clear,01 - Daylight,01 - Dry,01 - Traffic signal,01 - Functioning,03 - P.D. only,02 - Angle,0
14-8281,8TH LINE RD btwn VAN RENS ST & GLENWOOD DR,385815.46379,5010225.05828,-75.46830477330,45.22732796810,2014-08-21,6:30:00 AM,01 - Clear,01 - Daylight,01 - Dry,10 - No control,,03 - P.D. only,07 - SMV other,0
14-8282,EAGLESON RD btwn PERTH ST & BARNSDALE RD,358021.79164,5007395.17942,-75.82251570520,45.20451276170,2014-08-21,3:33:00 PM,02 - Rain,01 - Daylight,02 - Wet,10 - No control,,02 - Non-fatal injury,03 - Rear end,0
14-8283,RIVERSIDE DR NB btwn FROBISHER LANE & HINCKS LANE,370163.82433,5030014.24070,-75.66498634470,45.40701295130,2014-08-21,3:36:00 PM,01 - Clear,01 - Daylight,01 - Dry,10 - No control,,02 - Non-fatal injury,99 - Other,0
14-8284,BOYD AVE @ DOHENY ST/KERR AVE,363432.16513,5026635.48907,-75.75137602710,45.37720777470,2014-08-21,2:45:00 PM,02 - Rain,01 - Daylight,02 - Wet,02 - Stop sign,01 - Functioning,03 - P.D. only,02 - Angle,0
14-8285,PRINCE OF WALES DR btwn NESBITT PL & MELFA CRES,367391.81567,5025529.98628,-75.70096351150,45.36691818820,2014-08-21,5:22:00 PM,02 - Rain,01 - Daylight,02 - Wet,10 - No control,,02 - Non-fatal injury,07 - SMV other,1
14-8286,KENNEVALE DR @ STRANDHERD DR,361493.28180,5014100.49687,-75.77756485060,45.26457747650,2014-08-21,5:41:00 PM,01 - Clear,01 - Daylight,02 - Wet,01 - Traffic signal,01 - Functioning,03 - P.D. only,03 - Rear end,0
14-8287,PRINCE OF WALES DR btwn RIDEAU GLEN DR & FALLOWFIELD RD,367450.37497,5018435.64579,-75.70111411360,45.30307936450,2014-08-21,6:01:00 PM,02 - Rain,01 - Daylight,02 - Wet,10 - No control,,03 - P.D. only,03 - Rear end,0
14-8288,WOODROFFE AVE btwn FOX CRES & GEORGINA DR,361856.47698,5025493.03873,-75.77162495300,45.36705819510,2014-08-21,6:01:00 PM,02 - Rain,01 - Daylight,02 - Wet,10 - No control,,03 - P.D. only,03 - Rear end,0
14-8289,RICHMOND RD @ WEST HUNT CLUB RD,357147.06910,5018152.46230,-75.83251672160,45.30137461440,2014-08-21,6:03:00 PM,02 - Rain,01 - Daylight,02 - Wet,01 - Traffic signal,01 - Functioning,03 - P.D. only,03 - Rear end,0
14-8290,ABBOTT ST @ STITTSVILLE MAIN ST,350249.05823,5013331.41690,-75.92091063540,45.25847344300,2014-08-21,6:40:00 PM,02 - Rain,01 - Daylight,02 - Wet,01 - Traffic signal,01 - Functioning,03 - P.D. only,03 - Rear end,0
14-8291,CAVAN ST btwn RAVEN AVE & CHATELAIN AVE,364531.75127,5026659.05583,-75.73733473970,45.37732694600,2014-08-21,7:25:00 PM,02 - Rain,05 - Dusk,02 - Wet,10 - No control,,03 - P.D. only,06 - SMV unattended vehicle,0
14-8292,ELGIN ST @ WELLINGTON ST W,367665.17773,5031879.47313,-75.69666504910,45.42402459890,2014-08-21,7:50:00 PM,01 - Clear,05 - Dusk,01 - Dry,01 - Traffic signal,01 - Functioning,03 - P.D. only,04 - Sideswipe,0
14-8293,CARP RD @ HAZELDEAN RD,348805.04983,5014360.43620,-75.93921742030,45.26782474980,2014-08-21,6:15:00 PM,02 - Rain,01 - Daylight,02 - Wet,01 - Traffic signal,01 - Functioning,03 - P.D. only,03 - Rear end,0
14-8294,MONTREAL RD/HANNAH ST @ CODY AVE,370254.24327,5033169.59220,-75.66341216850,45.43539509060,2014-08-21,8:44:00 PM,01 - Clear,07 - Dark,01 - Dry,01 - Traffic signal,01 - Functioning,03 - P.D. only,03 - Rear end,0
14-8295,JEANNE D'ARC BLVD @ ORLEANS BLVD S,380941.07329,5036250.10573,-75.52636266900,45.46202914290,2014-08-21,8:48:00 PM,01 - Clear,07 - Dark,01 - Dry,01 - Traffic signal,01 - Functioning,03 - P.D. only,03 - Rear end,0
14-8296,OAKBROOK CIRC btwn SANDY OAKS DR & SANDY OAKS DR,380813.83341,5033800.06935,-75.52836809020,45.43999949310,2014-08-21,9:00:00 PM,01 - Clear,07 - Dark,01 - Dry,10 - No control,,02 - Non-fatal injury,06 - SMV unattended vehicle,0
14-8297,GREENBANK RD @ BERRIGAN DR/WESSEX RD,363724.15563,5015275.47683,-75.74900010090,45.27496663180,2014-08-21,9:30:00 PM,02 - Rain,07 - Dark,02 - Wet,01 - Traffic signal,00 - Unknown,03 - P.D. only,03 - Rear end,0
14-8298,KANATA AVE @ TERRY FOX DR,349306.34143,5019210.63673,-75.93239432660,45.31143689140,2014-08-21,9:48:00 PM,01 - Clear,07 - Dark,02 - Wet,01 - Traffic signal,01 - Functioning,03 - P.D. only,03 - Rear end,0
14-8299,CHAMPLAIN ST @ PLACE D'ORLEANS DR,381596.77207,5038179.86803,-75.51767770970,45.47931974630,2014-08-21,11:54:00 PM,01 - Clear,07 - Dark,01 - Dry,01 - Traffic signal,01 - Functioning,03 - P.D. only,07 - SMV other,0
14-8300,HERON RD EB btwn BRONSON AVE RAMP 35 & BRONSON AVE RAMP 52,368676.46970,5026693.86327,-75.68441497670,45.37727453520,2014-08-22,12:28:00 AM,02 - Rain,07 - Dark,02 - Wet,10 - No control,,03 - P.D. only,07 - SMV other,0
14-8301,BRIDGESTONE DR btwn FOXHALL WAY & KINGBROOK DR,355231.24556,5016357.75434,-75.85712651240,45.28536562990,2014-08-22,3:29:00 AM,01 - Clear,07 - Dark,01 - Dry,10 - No control,,03 - P.D. only,07 - SMV other,0
14-8302,UPPER DWYER HILL RD btwn OLD ALMONTE RD & HAMILTON SIDE RD,338013.90062,5009890.29678,-76.07702973450,45.22819221630,2014-08-22,7:10:00 AM,01 - Clear,01 - Daylight,01 - Dry,10 - No control,,02 - Non-fatal injury,07 - SMV other,0
14-8303,MERIVALE RD/LOTTA AVE @ CLYDE AVE,364522.17223,5024506.57803,-75.73771723320,45.35796009770,2014-08-22,8:38:00 AM,01 - Clear,01 - Daylight,01 - Dry,01 - Traffic signal,01 - Functioning,03 - P.D. only,02 - Angle,0
14-8304,HERON RD EB btwn RIVERSIDE DR & BRONSON AVE RAMP 35,368583.01980,5026687.21053,-75.68560889810,45.37722318840,2014-08-21,5:30:00 PM,01 - Clear,01 - Daylight,01 - Dry,10 - No control,,03 - P.D. only,07 - SMV other,0
14-8305,COLDREY AVE @ KIRKWOOD AVE,364437.27370,5027135.59183,-75.73848338010,45.38162278380,2014-08-22,8:30:00 AM,01 - Clear,01 - Daylight,01 - Dry,01 - Traffic signal,01 - Functioning,03 - P.D. only,02 - Angle,0
14-8306,PRINCE OF WALES DR btwn BLAZER AVE & DEAKIN ST,367364.22965,5021403.33512,-75.70183768370,45.32978986950,2014-08-21,5:50:00 PM,02 - Rain,01 - Daylight,02 - Wet,10 - No control,,03 - P.D. only,03 - Rear end,0
14-8307,OSGOODE ST btwn KING EDWARD AVE & HENDERSON AVE,368861.04346,5031860.05608,-75.68138752400,45.42374139910,2014-08-20,11:57:00 AM,01 - Clear,01 - Daylight,01 - Dry,10 - No control,,03 - P.D. only,02 - Angle,0
14-8308,ST. LAURENT BLVD btwn MCARTHUR AVE & DONALD ST,372012.14314,5032683.03176,-75.64101291840,45.43085049000,2014-08-22,1:12:00 PM,01 - Clear,01 - Daylight,01 - Dry,10 - No control,,03 - P.D. only,05 - Turning movement,0
14-8309,HAMILTON AVE   N btwn ARMSTRONG ST & WELLINGTON ST W,365028.15302,5029345.16168,-75.73066934180,45.40145348940,2014-08-22,1:49:00 PM,01 - Clear,01 - Daylight,01 - Dry,10 - No control,,03 - P.D. only,06 - SMV unattended vehicle,0
14-8310,INNES RD btwn VISENEAU DR & BELCOURT BLVD,381863.28506,5035113.05560,-75.51475002050,45.45169778980,2014-08-22,2:19:00 PM,01 - Clear,01 - Daylight,01 - Dry,10 - No control,,03 - P.D. only,03 - Rear end,0
14-8311,BANK ST @ LEITRIM RD,375358.82055,5021619.49710,-75.59982791990,45.33097659450,2014-08-22,1:00:00 PM,01 - Clear,01 - Daylight,01 - Dry,01 - Traffic signal,01 - Functioning,03 - P.D. only,04 - Sideswipe,0
14-8312,BOWESVILLE RD/EMERALD LINKS DR W @ MITCH OWENS,374185.72799,5013709.65909,-75.61589880650,45.25992333380,2014-08-22,2:35:00 PM,01 - Clear,01 - Daylight,01 - Dry,02 - Stop sign,01 - Functioning,03 - P.D. only,05 - Turning movement,0
14-8313,HANSEN AVE btwn BURGER GT & VERMEER WAY (2),350519.16829,5021334.40903,-75.91673144150,45.33046921640,2014-08-22,8:00:00 AM,01 - Clear,01 - Daylight,01 - Dry,10 - No control,,03 - P.D. only,06 - SMV unattended vehicle,0
14-8314,ALBION RD/COLLISTON CRES E @ WALKLEY RD,371034.20363,5026352.63847,-75.65436005440,45.37398540210,2014-08-22,3:01:00 PM,01 - Clear,01 - Daylight,01 - Dry,01 - Traffic signal,01 - Functioning,02 - Non-fatal injury,05 - Turning movement,0
14-8315,HWY 417 MARCH IC138R36 @ MARCH RD,352851.57751,5020453.71788,-75.88706255310,45.32238876240,2014-08-22,3:30:00 PM,02 - Rain,01 - Daylight,02 - Wet,10 - No control,,03 - P.D. only,03 - Rear end,0
14-8316,PRINCE OF WALES DR @ LODGE RD S,366789.08999,5013755.26294,-75.71013029610,45.26102430750,2014-08-22,3:56:00 PM,01 - Clear,01 - Daylight,01 - Dry,02 - Stop sign,00 - Unknown,03 - P.D. only,07 - SMV other,0
14-8317,TAWNEY RD @ WALKLEY RD,374127.99424,5028181.26628,-75.61460816890,45.39013931140,2014-08-22,2:30:00 PM,01 - Clear,01 - Daylight,01 - Dry,02 - Stop sign,01 - Functioning,03 - P.D. only,07 - SMV other,0
14-8318,BANK ST @ MITCH OWENS RD,377760.18750,5015946.51163,-75.57003088750,45.27968805220,2014-08-22,4:22:00 PM,01 - Clear,01 - Daylight,01 - Dry,01 - Traffic signal,01 - Functioning,03 - P.D. only,03 - Rear end,0
14-8319,BASELINE RD/HERON RD @ PRINCE OF WALES DR,366873.54674,5026439.29365,-75.70746473950,45.37514602370,2014-08-22,4:48:00 PM,01 - Clear,01 - Daylight,01 - Dry,01 - Traffic signal,01 - Functioning,03 - P.D. only,03 - Rear end,0
14-8320,ST. LAURENT BLVD btwn HWY417 IC115 RAMP26 & HWY417 IC115 RAMP51,372514.94745,5031445.88194,-75.63475777030,45.41967069950,2014-08-22,5:10:00 PM,01 - Clear,01 - Daylight,01 - Dry,10 - No control,,03 - P.D. only,03 - Rear end,0
14-8321,PENNYROYAL CRES btwn ANGELICA AVE & PINNACLE ST,386971.14277,5035995.09028,-75.44930966430,45.45905154900,2014-08-21,5:20:00 PM,01 - Clear,01 - Daylight,01 - Dry,10 - No control,,03 - P.D. only,06 - SMV unattended vehicle,0
14-8322,BLOHM DR btwn MARNIE PRIV & HUNT CLUB RD,375091.66927,5026258.81765,-75.60257623960,45.37274599050,2014-08-22,3:00:00 AM,01 - Clear,07 - Dark,01 - Dry,10 - No control,,03 - P.D. only,06 - SMV unattended vehicle,0
14-8323,MERIVALE RD @ SUMMERVILLE AVE,364874.22767,5026445.47077,-75.73298831780,45.37537586570,2014-08-22,5:50:00 PM,01 - Clear,01 - Daylight,01 - Dry,01 - Traffic signal,01 - Functioning,02 - Non-fatal injury,07 - SMV other,1
14-8324,HUNT CLUB RD/AIRPORT PKWY/HUNT CLUB RD RAMP 53,370950.75549,5023665.08351,-75.65578509280,45.34981153890,2014-08-22,6:05:00 PM,01 - Clear,01 - Daylight,01 - Dry,02 - Stop sign,01 - Functioning,02 - Non-fatal injury,02 - Angle,0
14-8325,MALOJA WAY btwn CAMPOBELLO DR & MILBANK LANE,349753.27400,5016594.27800,-75.92693193190,45.28786564070,2014-08-22,7:10:00 PM,01 - Clear,01 - Daylight,01 - Dry,10 - No control,,03 - P.D. only,06 - SMV unattended vehicle,0
14-8326,BREWER RD @ BRONSON AVE,368107.62530,5027766.43590,-75.69153980010,45.38697687650,2014-08-22,7:30:00 PM,01 - Clear,01 - Daylight,01 - Dry,01 - Traffic signal,01 - Functioning,02 - Non-fatal injury,03 - Rear end,0
14-8327,PARKDALE AVE @ WELLINGTON ST,365149.22667,5029269.60783,-75.72913218010,45.40076324570,2014-08-22,9:10:00 PM,01 - Clear,07 - Dark,01 - Dry,01 - Traffic signal,01 - Functioning,03 - P.D. only,05 - Turning movement,0
14-8328,INDUSTRIAL AVE @ RIVERSIDE DR,370685.19253,5030592.55340,-75.65824936790,45.41216749870,2014-08-23,4:10:00 AM,01 - Clear,07 - Dark,02 - Wet,01 - Traffic signal,01 - Functioning,03 - P.D. only,07 - SMV other,0
14-8329,MEADOW PARK PL @ ST. LAURENT BLVD,371210.23167,5034622.70687,-75.65099868160,45.44837940510,2014-08-22,7:30:00 PM,01 - Clear,01 - Daylight,01 - Dry,02 - Stop sign,01 - Functioning,03 - P.D. only,03 - Rear end,0
14-8330,PRINCE OF WALES DR btwn BLAZER AVE & DEAKIN ST,367351.40635,5021303.13412,-75.70201392160,45.32888942080,2014-08-23,8:23:00 AM,01 - Clear,01 - Daylight,01 - Dry,10 - No control,,02 - Non-fatal injury,02 - Angle,0
14-8331,MITCH OWENS RD @ STAGECOACH RD,375399.28077,5014483.51033,-75.60032784200,45.26676547880,2014-08-14,5:00:00 PM,01 - Clear,01 - Daylight,01 - Dry,01 - Traffic signal,01 - Functioning,03 - P.D. only,03 - Rear end,0
14-8332,ABERDEEN ST btwn PRESTON ST & END,366637.95062,5029335.87540,-75.71010952670,45.40122958970,2014-08-23,3:00:00 AM,01 - Clear,07 - Dark,01 - Dry,10 - No control,,03 - P.D. only,06 - SMV unattended vehicle,0
14-8333,JEANNE D'ARC BLVD  N btwn AVIGNON CRT & DECARIE DR,380838.87878,5038510.54557,-75.52731945890,45.48237785990,2014-08-23,11:30:00 AM,01 - Clear,01 - Daylight,01 - Dry,10 - No control,,03 - P.D. only,03 - Rear end,0
14-8334,CEDARVIEW RD @ WEST HUNT CLUB RD,359721.14654,5019555.71227,-75.79954127950,45.31380462670,2014-08-23,11:40:00 AM,01 - Clear,01 - Daylight,01 - Dry,01 - Traffic signal,01 - Functioning,03 - P.D. only,05 - Turning movement,0
14-8335,LYON ST @ WELLINGTON ST,366935.27100,5031426.64106,-75.70604851200,45.42001537060,2014-08-23,12:02:00 PM,01 - Clear,01 - Daylight,01 - Dry,01 - Traffic signal,01 - Functioning,03 - P.D. only,05 - Turning movement,0
14-8336,CHANONHOUSE DR @ KING ST,357663.61410,5005902.55879,-75.82723308850,45.19110868000,2014-08-23,12:27:00 PM,01 - Clear,01 - Daylight,01 - Dry,02 - Stop sign,01 - Functioning,03 - P.D. only,02 - Angle,0
14-8337,CHAPEL ST btwn TEMPLETON ST & MANN AVE,369540.03072,5031577.86515,-75.67274898610,45.42113984400,2014-08-23,12:29:00 PM,01 - Clear,01 - Daylight,01 - Dry,10 - No control,,03 - P.D. only,06 - SMV unattended vehicle,0
14-8338,BOWESVILLE RD/EMERALD LINKS DR W @ MITCH OWENS,374180.89765,5013710.83837,-75.61596018130,45.25993442130,2014-08-23,12:32:00 PM,01 - Clear,01 - Daylight,01 - Dry,02 - Stop sign,01 - Functioning,03 - P.D. only,03 - Rear end,0
14-8339,DUMAURIER AVE @ RICHMOND RD,359630.03507,5023737.40713,-75.80023998160,45.35143875440,2014-08-23,1:45:00 PM,01 - Clear,01 - Daylight,01 - Dry,01 - Traffic signal,01 - Functioning,02 - Non-fatal injury,03 - Rear end,0
14-8340,BRONSON AVE @ IMPERIAL AVE/PLYMOUTH ST,367318.74606,5029643.28770,-75.70137522070,45.40393513170,2014-08-23,1:56:00 PM,01 - Clear,01 - Daylight,01 - Dry,10 - No control,,03 - P.D. only,05 - Turning movement,0
14-8341,WOODROFFE AVE btwn VAAN DR & PINELAND AVE,364030.78724,5020437.56403,-75.74447574020,45.32138918220,2014-08-23,2:02:00 PM,01 - Clear,01 - Daylight,01 - Dry,10 - No control,,02 - Non-fatal injury,04 - Sideswipe,0
14-8342,ST. JOSEPH BLVD btwn DUSSERE ST & ST. JEAN ST,380930.72687,5037174.36313,-75.52635179280,45.47034598760,2014-08-23,2:16:00 PM,01 - Clear,01 - Daylight,01 - Dry,10 - No control,,02 - Non-fatal injury,03 - Rear end,0
14-8343,PRINCE OF WALES DR btwn RIDEAU SHORE CRT & COLONNADE RD,367243.76557,5023603.55305,-75.70309667340,45.34959775750,2014-08-23,3:08:00 PM,01 - Clear,01 - Daylight,01 - Dry,10 - No control,,03 - P.D. only,99 - Other,0
14-8344,KINBURN SIDE RD @ STONECREST RD,334913.65470,5033039.50869,-76.11510117530,45.43663972750,2014-08-23,3:18:00 PM,01 - Clear,01 - Daylight,01 - Dry,02 - Stop sign,01 - Functioning,03 - P.D. only,07 - SMV other,0
14-8345,PRINCE OF WALES DR @ MEADOWLANDS DR/HOG'S BACK,367372.93284,5025693.73049,-75.70118380520,45.36839320660,2014-08-23,3:17:00 PM,01 - Clear,01 - Daylight,01 - Dry,01 - Traffic signal,01 - Functioning,03 - P.D. only,03 - Rear end,0
14-8346,BILLINGS BRIDGESC RAMP NB @ RIVERSIDE DR WB,369023.03108,5027793.24704,-75.67984745940,45.38713477760,2014-08-23,2:50:00 PM,01 - Clear,01 - Daylight,01 - Dry,03 - Yield sign,01 - Functioning,03 - P.D. only,02 - Angle,0
14-8347,HWY 417 CASTLEFR IC139R61 @ KANATA AVE,351615.39890,5019226.25882,-75.90294616140,45.31142732620,2014-08-23,4:27:00 PM,01 - Clear,01 - Daylight,01 - Dry,01 - Traffic signal,01 - Functioning,03 - P.D. only,02 - Angle,0
14-8348,BAYSHORE DR @ WOODRIDGE CRES S,359236.51936,5023509.03094,-75.80528693440,45.34941448010,2014-08-23,5:16:00 PM,01 - Clear,01 - Daylight,01 - Dry,01 - Traffic signal,01 - Functioning,03 - P.D. only,03 - Rear end,0
14-8349,EAGLESON RD @ 146 N OF ABBEYHILL DR/HAZELDEAN,353772.81757,5018170.15927,-75.87553777260,45.30177718800,2014-08-23,5:29:00 PM,01 - Clear,01 - Daylight,01 - Dry,01 - Traffic signal,01 - Functioning,02 - Non-fatal injury,05 - Turning movement,0
14-8350,ELGIN ST @ ISABELLA ST,368614.23827,5030489.57340,-75.68471851730,45.41143282980,2014-08-23,8:38:00 PM,01 - Clear,05 - Dusk,01 - Dry,02 - Stop sign,01 - Functioning,02 - Non-fatal injury,07 - SMV other,1
14-8351,ELGIN ST @ WELLINGTON ST W,367665.17773,5031878.52527,-75.69666517000,45.42401607090,2014-08-23,8:25:00 PM,01 - Clear,07 - Dark,01 - Dry,01 - Traffic signal,01 - Functioning,03 - P.D. only,04 - Sideswipe,0
14-8352,FALLOWFIELD RD btwn EAGLESON RD & RICHMOND RD,356333.24373,5012726.97858,-75.84345644780,45.25261522210,2014-08-24,6:22:00 AM,01 - Clear,01 - Daylight,01 - Dry,10 - No control,,03 - P.D. only,07 - SMV other,0
14-8353,SNAKE ISLAND RD btwn 5TH LINE RD & GREY'S CREEK RD,381838.42336,5008980.83047,-75.51913547370,45.21657919950,2014-08-24,8:00:00 AM,01 - Clear,01 - Daylight,01 - Dry,10 - No control,,03 - P.D. only,07 - SMV other,0
14-8354,BASELINE RD @ WOODROFFE AVE,362551.11200,5023771.45257,-75.76295922580,45.35151062470,2014-08-22,5:30:00 PM,01 - Clear,01 - Daylight,01 - Dry,01 - Traffic signal,01 - Functioning,03 - P.D. only,03 - Rear end,0