Record,Location,X,Y,Longitude,Latitude,Date,Time,Environment,Light,Road_Surface,Traffic_Control,Collision_Location,Collision_Classification,Impact_type,Pedestrian
14-8355,PRINCE OF WALES DR btwn GREEN VALLEY CRES & RIDEAUVIEW TER,367001.82656,5026722.26058,-75.70579141840,45.37768071760,2014-08-20,4:38:00 PM,01 - Clear,01 - Daylight,01 - Dry,10 - No control,,02 - Non-fatal injury,03 - Rear end,0
14-8356,MARCH RD @ HUNTMAR DR,344142.58414,5023547.24971,-75.99790222860,45.35076756030,2014-08-24,10:00:00 AM,01 - Clear,01 - Daylight,01 - Dry,02 - Stop sign,01 - Functioning,03 - P.D. only,05 - Turning movement,0
14-8357,BASELINE RD @ CLYDE AVE,364358.22937,5024890.51290,-75.73976331910,45.36142863710,2014-08-24,9:50:00 AM,01 - Clear,01 - Daylight,01 - Dry,01 - Traffic signal,01 - Functioning,02 - Non-fatal injury,03 - Rear end,0
14-8358,CARP RD btwn FALLDOWN LANE & DONALD B. MUNRO DR,341109.29133,5022919.42875,-76.03665847420,45.34528179850,2014-08-24,11:10:00 AM,01 - Clear,01 - Daylight,01 - Dry,10 - No control,,02 - Non-fatal injury,07 - SMV other,0
14-8359,RIVERTREE ST btwn CROWNRIDGE DR & MEADOWBREEZE DR,355998.61100,5015292.42200,-75.84745503460,45.27572408290,2014-08-23,12:00:00 AM,01 - Clear,00 - Unknown,01 - Dry,10 - No control,,03 - P.D. only,06 - SMV unattended vehicle,0
14-8360,MERIVALE RD @ SHILLINGTON AVE,364843.27240,5026808.59023,-75.73333935880,45.37864580300,2014-08-24,11:42:00 AM,01 - Clear,01 - Daylight,01 - Dry,01 - Traffic signal,01 - Functioning,03 - P.D. only,04 - Sideswipe,0
14-8361,PRINCE OF WALES DR btwn VILLA CRES & MARYLAND AVE,366952.59395,5026006.69416,-75.70651002350,45.37124658530,2014-08-23,9:00:00 PM,01 - Clear,07 - Dark,01 - Dry,10 - No control,,03 - P.D. only,06 - SMV unattended vehicle,0
14-8362,CARLING AVE EB btwn FAIRLAWN AVE/WOODROFFE AVE W & CARLINGWOOD SC/FAIRLAWN PLAZA SC,362026.14819,5025887.40564,-75.76941344830,45.37059284040,2014-08-24,12:33:00 PM,01 - Clear,01 - Daylight,01 - Dry,10 - No control,,03 - P.D. only,04 - Sideswipe,0
14-8363,BASELINE RD btwn PINECREST RD & ROCKWAY CRES,360873.20713,5022748.52934,-75.78448752990,45.34244255740,2014-08-23,11:50:00 AM,01 - Clear,01 - Daylight,01 - Dry,10 - No control,,03 - P.D. only,03 - Rear end,0
14-8364,MONTREAL RD @ VANIER PKWY,370072.70980,5033067.01728,-75.66574574770,45.43448913360,2014-08-24,2:00:00 PM,01 - Clear,01 - Daylight,01 - Dry,01 - Traffic signal,01 - Functioning,03 - P.D. only,02 - Angle,0
14-8365,ABETTI RDG/RIVERSTONE DR @ JOCKVALE RD,365164.86410,5013551.39418,-75.73084917780,45.25933114350,2014-08-24,2:08:00 PM,01 - Clear,01 - Daylight,01 - Dry,01 - Traffic signal,01 - Functioning,02 - Non-fatal injury,02 - Angle,0
14-8366,ST. LAURENT BLVD btwn BELFAST RD & INDUSTRIAL AVE,372871.17541,5030557.18433,-75.63032927220,45.41164004740,2014-08-23,5:10:00 PM,01 - Clear,01 - Daylight,01 - Dry,10 - No control,,03 - P.D. only,06 - SMV unattended vehicle,0
14-8367,MEADOWLANDS DR btwn CLAYMOR AVE & DEBRA AVE,367165.05137,5025555.06427,-75.70385489900,45.36716404800,2014-08-24,2:49:00 PM,01 - Clear,01 - Daylight,01 - Dry,10 - No control,,02 - Non-fatal injury,05 - Turning movement,0
14-8368,LAURIER AVE   W btwn O'CONNOR ST & METCALFE ST,367714.70450,5031405.72766,-75.69609272450,45.41975754080,2014-08-24,3:03:00 PM,01 - Clear,01 - Daylight,01 - Dry,10 - No control,,02 - Non-fatal injury,07 - SMV other,1
14-8369,EAGLESON RD @ HAZELDEAN RD/ROBERTSON RD,353675.04670,5018422.56427,-75.87675950950,45.30405519130,2014-08-24,3:15:00 PM,01 - Clear,01 - Daylight,01 - Dry,01 - Traffic signal,01 - Functioning,03 - P.D. only,04 - Sideswipe,0
14-8370,NICHOLAS ST btwn DALY AVE & SB RAMP FROM WALLER/NICHOLAS/MACKENZIE KIN,368238.60147,5032032.35569,-75.68931848600,45.42534841560,2014-08-24,3:27:00 PM,01 - Clear,01 - Daylight,01 - Dry,10 - No control,,02 - Non-fatal injury,03 - Rear end,0
14-8371,AIRPORT PKWY @ UPLANDS DR,370859.75436,5021075.85297,-75.65729199040,45.32652295620,2014-08-24,3:45:00 PM,01 - Clear,01 - Daylight,01 - Dry,03 - Yield sign,01 - Functioning,03 - P.D. only,03 - Rear end,0
14-8372,RUSSELL RD S @ ST. LAURENT BLVD,373570.38972,5029261.43834,-75.62157795210,45.39991318000,2014-08-24,4:02:00 PM,01 - Clear,01 - Daylight,01 - Dry,01 - Traffic signal,01 - Functioning,02 - Non-fatal injury,02 - Angle,0
14-8373,BANK ST btwn ST. PAUL AVE & KITCHENER AVE,370523.34055,5025533.14706,-75.66099078240,45.36665998660,2014-08-24,6:26:00 PM,01 - Clear,01 - Daylight,01 - Dry,10 - No control,,03 - P.D. only,03 - Rear end,0
14-8374,GREENBANK RD @ PRINCE OF WALES DR,366200.26940,5009544.32907,-75.71815228460,45.22318594970,2014-08-24,8:39:00 PM,01 - Clear,05 - Dusk,01 - Dry,02 - Stop sign,01 - Functioning,03 - P.D. only,07 - SMV other,0
14-8375,HUNT CLUB RD btwn TURN LANE & BANK ST (2),371578.87868,5024080.39246,-75.64771379350,45.35348882620,2014-08-24,9:44:00 PM,01 - Clear,07 - Dark,01 - Dry,10 - No control,,03 - P.D. only,03 - Rear end,0
14-8376,HERON RD @ ALTA VISTA DR,370493.19633,5026902.53710,-75.66119342240,45.37898413270,2014-08-25,1:42:00 AM,01 - Clear,07 - Dark,01 - Dry,01 - Traffic signal,01 - Functioning,03 - P.D. only,07 - SMV other,0
14-8377,RUSSELL RD S @ ST. LAURENT BLVD,373568.74746,5029260.97610,-75.62159899040,45.39990918270,2014-08-25,7:53:00 AM,01 - Clear,01 - Daylight,01 - Dry,01 - Traffic signal,01 - Functioning,02 - Non-fatal injury,05 - Turning movement,0
14-8378,BARNSDALE RD @ PRINCE OF WALES DR,366644.76849,5011532.89513,-75.71224557370,45.24104019600,2014-08-25,7:54:00 AM,01 - Clear,01 - Daylight,01 - Dry,02 - Stop sign,01 - Functioning,02 - Non-fatal injury,02 - Angle,0
14-8379,BAYSHORE DR btwn WOODRIDGE CRES S & BAYSHORE CS,359225.61213,5023518.98467,-75.80542502650,45.34950489100,2014-08-25,8:30:00 AM,01 - Clear,01 - Daylight,01 - Dry,10 - No control,,03 - P.D. only,04 - Sideswipe,0
14-8380,CHAMPLAIN ST @ JEANNE D'ARC BLVD,381379.27077,5038722.65053,-75.52037476400,45.48422712990,2014-08-25,9:30:00 AM,01 - Clear,01 - Daylight,01 - Dry,01 - Traffic signal,01 - Functioning,02 - Non-fatal injury,05 - Turning movement,0
14-8381,BAYSWATER AVE @ CARLING AVE,366367.12260,5028640.65937,-75.71365540880,45.39499808180,2014-08-25,9:45:00 AM,01 - Clear,01 - Daylight,01 - Dry,02 - Stop sign,01 - Functioning,02 - Non-fatal injury,02 - Angle,0
14-8382,IRIS ST btwn HIGHGATE RD & GATEWAY RD,361726.09549,5024010.05806,-75.77346005930,45.35372503920,2014-08-24,7:00:00 PM,01 - Clear,01 - Daylight,01 - Dry,10 - No control,,03 - P.D. only,06 - SMV unattended vehicle,0
14-8383,RICHMOND RD btwn MCRAE AVE & CLIFTON RD,363672.33150,5028576.48612,-75.74807829680,45.39465241580,2014-08-25,10:09:00 AM,01 - Clear,01 - Daylight,01 - Dry,10 - No control,,03 - P.D. only,06 - SMV unattended vehicle,0
14-8384,BAYSHORE DR @ RICHMOND RD,359372.21127,5023367.57803,-75.80357098660,45.34813114030,2014-08-25,10:55:00 AM,01 - Clear,01 - Daylight,01 - Dry,01 - Traffic signal,01 - Functioning,03 - P.D. only,99 - Other,0
14-8385,CARLING AVE WB btwn PARKDALE AVE & CIVIC HOSPITAL,365652.06663,5028190.26134,-75.72284291120,45.39100800690,2014-08-25,9:45:00 AM,01 - Clear,01 - Daylight,01 - Dry,10 - No control,,03 - P.D. only,04 - Sideswipe,0
14-8386,WOODROFFE AVE btwn FALLOWFIELD RD & EARL MULLIGAN DR,365092.25900,5017888.97199,-75.73124732370,45.29836678280,2014-08-25,11:45:00 AM,01 - Clear,01 - Daylight,01 - Dry,10 - No control,,03 - P.D. only,04 - Sideswipe,0
14-8387,CALDERMILL PRIV btwn CALLISTO WAY & CALLISTO WAY,365001.96200,5013032.48200,-75.73298750550,45.25467592410,2014-08-16,11:48:00 AM,01 - Clear,01 - Daylight,01 - Dry,10 - No control,,03 - P.D. only,06 - SMV unattended vehicle,0
14-8388,MERIVALE RD @ CAPILANO DR/WITHROW AVE,364644.79867,5024225.87317,-75.73618617330,45.35542389880,2014-08-25,12:25:00 PM,01 - Clear,01 - Daylight,01 - Dry,01 - Traffic signal,01 - Functioning,03 - P.D. only,04 - Sideswipe,0
14-8389,ST. LAURENT BLVD btwn COVENTRY RD & LEMIEUX ST,372309.98490,5031941.14806,-75.63730855630,45.42414668310,2014-08-25,11:43:00 AM,01 - Clear,01 - Daylight,01 - Dry,10 - No control,,03 - P.D. only,03 - Rear end,0
14-8390,WALKLEY RD btwn BAYCREST DR & HEATHERINGTON RD,371610.64240,5026701.17287,-75.64695408280,45.37706666460,2014-08-25,1:12:00 PM,01 - Clear,01 - Daylight,01 - Dry,10 - No control,,03 - P.D. only,07 - SMV other,0
14-8391,MAPLE GROVE RD btwn JOHNWOODS ST & MONTSERRAT ST,349794.53055,5016295.65442,-75.92643309710,45.28517588960,2014-08-25,1:20:00 PM,01 - Clear,01 - Daylight,01 - Dry,10 - No control,,03 - P.D. only,06 - SMV unattended vehicle,0
14-8392,KING EDWARD AVE btwn LAURIER AVE E & THOMAS MORE PRIV,368750.86415,5032012.55047,-75.68277552250,45.42512356970,2014-08-25,1:28:00 PM,01 - Clear,01 - Daylight,01 - Dry,10 - No control,,03 - P.D. only,03 - Rear end,0
14-8393,BANK ST btwn BANK ST & ALBION RD,371902.93030,5024125.78957,-75.64357228610,45.35386635960,2014-08-25,1:15:00 PM,01 - Clear,01 - Daylight,01 - Dry,10 - No control,,03 - P.D. only,02 - Angle,0
14-8394,MERIVALE RD btwn BASIL MACDONALD WAY & VIEWMOUNT DR,365179.53200,5022977.53263,-75.72951427930,45.34414566560,2014-08-25,1:15:00 PM,01 - Clear,01 - Daylight,01 - Dry,10 - No control,,03 - P.D. only,02 - Angle,0
14-8395,JEANNE D'ARC BLVD @ MONTCERF CRT,381117.27947,5036287.53097,-75.52410398950,45.46234663860,2014-08-25,2:55:00 PM,01 - Clear,01 - Daylight,01 - Dry,01 - Traffic signal,01 - Functioning,03 - P.D. only,03 - Rear end,0
14-8396,BANK ST btwn LEITRIM RD & ARENA PL,375362.49353,5021609.07056,-75.59978255400,45.33088241190,2014-08-25,3:15:00 PM,01 - Clear,01 - Daylight,01 - Dry,10 - No control,,03 - P.D. only,03 - Rear end,0
14-8397,COLONNADE RD    N btwn COLONNADE RD & CORINTH PRIV,366244.01527,5023036.57429,-75.71592464960,45.34458447850,2014-08-25,3:15:00 PM,01 - Clear,01 - Daylight,01 - Dry,10 - No control,,02 - Non-fatal injury,03 - Rear end,0
14-8398,MERIVALE RD btwn CENTRAL PARK DR S & MERIVALE RD,365038.10872,5025389.96988,-75.73102483200,45.36586458090,2014-08-25,3:26:00 PM,01 - Clear,01 - Daylight,01 - Dry,10 - No control,,02 - Non-fatal injury,04 - Sideswipe,0
14-8399,WOODROFFE AVE SB btwn WEST HUNT CLUB RD & SPORTSPLEX N,363727.41862,5021106.88861,-75.74826540120,45.32743725330,2014-08-25,3:34:00 PM,01 - Clear,01 - Daylight,01 - Dry,10 - No control,,02 - Non-fatal injury,03 - Rear end,0
14-8400,JAMES ST @ LYON ST,367497.18423,5030501.61683,-75.69898689180,45.41164216040,2014-08-25,3:48:00 PM,01 - Clear,01 - Daylight,01 - Dry,01 - Traffic signal,01 - Functioning,03 - P.D. only,02 - Angle,0
14-8401,DONDALE ST btwn FOXWELL ST & FOXWELL ST,374480.55800,5031496.12945,-75.60963766300,45.41992979620,2014-08-25,4:52:00 PM,01 - Clear,01 - Daylight,01 - Dry,10 - No control,,03 - P.D. only,02 - Angle,0
14-8402,BLAIR RD @ INNES RD,375579.20883,5031438.60723,-75.59560936150,45.41930195850,2014-08-25,4:53:00 PM,01 - Clear,01 - Daylight,01 - Dry,01 - Traffic signal,01 - Functioning,02 - Non-fatal injury,03 - Rear end,0
14-8403,REGIONAL ROAD 174 EB btwn HWY417 IC113 RAMP65 & OR174 BLAIR IC112 RAMP51,374734.89981,5032772.10184,-75.60620697060,45.43138492340,2014-08-25,5:18:00 PM,01 - Clear,01 - Daylight,01 - Dry,10 - No control,,03 - P.D. only,03 - Rear end,0
14-8404,CYRVILLE RD @ MEADOWBROOK RD,374631.15470,5031242.55610,-75.60774954400,45.41763326180,2014-08-25,5:26:00 PM,01 - Clear,01 - Daylight,01 - Dry,01 - Traffic signal,01 - Functioning,02 - Non-fatal injury,05 - Turning movement,0
14-8405,KING EDWARD AVE btwn THOMAS MORE PRIV & MARIE CURIE PRIV,368854.92007,5031842.14846,-75.68146809320,45.42358083380,2014-08-25,5:32:00 PM,01 - Clear,01 - Daylight,01 - Dry,10 - No control,,02 - Non-fatal injury,03 - Rear end,0
14-8406,BAYVIEW DR btwn WENDIGO WAY & MACROSTIE LANE,336879.37429,5040881.03791,-76.08946491910,45.50711233220,2014-08-25,5:40:00 PM,01 - Clear,01 - Daylight,01 - Dry,10 - No control,,03 - P.D. only,05 - Turning movement,0
14-8407,WEST HUNT CLUB RD EB btwn ANTARES DR/LASER ST & PRINCE OF WALES DR,367130.27428,5022018.51752,-75.70474460770,45.33534599460,2014-08-25,5:56:00 PM,01 - Clear,01 - Daylight,01 - Dry,10 - No control,,03 - P.D. only,04 - Sideswipe,0
14-8408,AUTUMNFIELD ST btwn COLDWATER CRES & CROWNRIDGE DR,355979.38800,5015203.83300,-75.84770915560,45.27492834030,2014-07-09,5:00:00 PM,01 - Clear,01 - Daylight,01 - Dry,10 - No control,,03 - P.D. only,99 - Other,0
14-8409,REGIONAL ROAD 174 btwn OR174 IC109 RAMP54 & OR174 IC109 RAMP55,376428.31681,5034892.36163,-75.58425866590,45.45029031130,2014-08-25,5:45:00 PM,01 - Clear,01 - Daylight,01 - Dry,10 - No control,,03 - P.D. only,03 - Rear end,0
14-8410,INNES RD @ ORLEANS BLVD,380460.79510,5034296.65649,-75.53280373840,45.44450570220,2014-08-25,6:19:00 PM,01 - Clear,01 - Daylight,01 - Dry,01 - Traffic signal,01 - Functioning,03 - P.D. only,03 - Rear end,0
14-8411,ST. JOSEPH BLVD @ JEANNE D'ARC BLVD,379860.74250,5036470.13512,-75.54014160170,45.46412570700,2014-08-25,6:50:00 PM,01 - Clear,01 - Daylight,01 - Dry,11 - Roundabout,01 - Functioning,03 - P.D. only,04 - Sideswipe,0
14-8412,BASELINE RD btwn LOBLAWS SC & MERIVALE RD,364786.66539,5025161.60295,-75.73426208980,45.36383133500,2014-08-25,7:44:00 PM,01 - Clear,01 - Daylight,01 - Dry,10 - No control,,03 - P.D. only,03 - Rear end,0
14-8413,COLONEL BY DR/SUSSEX DR @ RIDEAU ST,367920.86479,5032046.01028,-75.69337668570,45.42550001920,2014-08-24,6:30:00 PM,01 - Clear,01 - Daylight,01 - Dry,01 - Traffic signal,01 - Functioning,03 - P.D. only,05 - Turning movement,0
14-8414,ELMIRA DR btwn COBDEN RD & LAMBETH WALK,361456.42618,5024026.38367,-75.77689966450,45.35389377630,2014-08-25,8:38:00 PM,01 - Clear,05 - Dusk,01 - Dry,10 - No control,,03 - P.D. only,06 - SMV unattended vehicle,0
14-8415,CARLING AVE btwn BURKE RD & DEFENSE  RESEARCH COMPLEX,352920.25349,5022716.47400,-75.88596659690,45.34274475060,2014-08-25,6:40:00 PM,01 - Clear,01 - Daylight,01 - Dry,10 - No control,,03 - P.D. only,03 - Rear end,0
14-8416,HAWTHORNE RD/RUSSELL RD @ WALKLEY RD,374675.52187,5028498.28402,-75.60757161780,45.39293726850,2014-08-26,7:24:00 AM,01 - Clear,01 - Daylight,01 - Dry,01 - Traffic signal,01 - Functioning,02 - Non-fatal injury,03 - Rear end,0
14-8417,REGIONAL ROAD 174 btwn EAST ST & EAST SHORE RD,391671.91214,5042814.43449,-75.38800710140,45.51983487790,2014-08-26,7:55:00 AM,01 - Clear,01 - Daylight,01 - Dry,10 - No control,,03 - P.D. only,03 - Rear end,0
14-8418,WOODROFFE AVE btwn BASELINE RD & WOODROFFE AVE,362554.44079,5023752.92750,-75.76291890970,45.35134366320,2014-08-26,8:50:00 AM,01 - Clear,01 - Daylight,01 - Dry,10 - No control,,02 - Non-fatal injury,04 - Sideswipe,0
14-8419,MEADOWLANDS DR/TALLWOOD DR @ WOODROFFE AVE,363054.76189,5022730.01237,-75.75665466790,45.34209817350,2014-08-26,8:59:00 AM,01 - Clear,01 - Daylight,01 - Dry,01 - Traffic signal,01 - Functioning,02 - Non-fatal injury,03 - Rear end,0
14-8420,RICHMOND RD @ HOLLY ACRES RD/NANAIMO DR,359056.30193,5022748.49610,-75.80767010880,45.34258513740,2014-08-26,8:05:00 AM,01 - Clear,01 - Daylight,01 - Dry,01 - Traffic signal,01 - Functioning,03 - P.D. only,05 - Turning movement,0
14-8421,DEVONSHIRE PL btwn KIRKWOOD AVE & END,364051.08039,5027768.16859,-75.74333837080,45.38734737340,2014-08-26,9:48:00 AM,01 - Clear,01 - Daylight,01 - Dry,10 - No control,,03 - P.D. only,07 - SMV other,0
14-8422,BEECHWOOD AVE btwn CHAMPLAIN AVE & CHAPLEAU AVE,369481.59042,5033829.57690,-75.67319988020,45.44140526360,2014-08-20,5:30:00 PM,01 - Clear,01 - Daylight,01 - Dry,10 - No control,,03 - P.D. only,06 - SMV unattended vehicle,0
14-8423,BASELINE RD btwn GREENBANK RD & PINECREST RD,360756.61945,5022679.33502,-75.78598293620,45.34182925770,2014-08-26,10:43:00 AM,01 - Clear,01 - Daylight,01 - Dry,10 - No control,,02 - Non-fatal injury,03 - Rear end,0
14-8424,ELGIN ST @ ISABELLA ST,368614.71010,5030488.97414,-75.68471256790,45.41142739450,2014-08-26,10:57:00 AM,01 - Clear,01 - Daylight,01 - Dry,02 - Stop sign,01 - Functioning,03 - P.D. only,04 - Sideswipe,0
14-8425,WOODROFFE AVE @ HWY 417 WOODROFF IC127R26/HWY4,362083.07063,5024939.34049,-75.76879671560,45.36205758320,2014-08-26,2:25:00 PM,01 - Clear,01 - Daylight,01 - Dry,01 - Traffic signal,01 - Functioning,02 - Non-fatal injury,03 - Rear end,0
14-8426,PRINCE OF WALES DR @ WEST HUNT CLUB RD,367460.13210,5021888.65970,-75.70055289170,45.33414817870,2014-08-26,8:30:00 AM,01 - Clear,01 - Daylight,01 - Dry,01 - Traffic signal,01 - Functioning,03 - P.D. only,03 - Rear end,0
14-8427,TIMBERCREST RDG btwn CEDARHILL DR & END,360167.76489,5016705.42593,-75.79416390060,45.28812248870,2014-08-26,10:10:00 AM,01 - Clear,01 - Daylight,01 - Dry,10 - No control,,03 - P.D. only,06 - SMV unattended vehicle,0
14-8428,BRONSON AVE btwn POWELL AVE & CLEMOW AVE,367417.16140,5029405.92302,-75.70014831020,45.40179059630,2014-08-26,3:29:00 PM,01 - Clear,01 - Daylight,01 - Dry,10 - No control,,03 - P.D. only,03 - Rear end,0
14-8429,RIDEAU ST btwn AUGUSTA ST & COBOURG ST,369023.41141,5032724.48742,-75.67920017420,45.43150433970,2014-08-26,3:45:00 PM,01 - Clear,01 - Daylight,01 - Dry,10 - No control,,02 - Non-fatal injury,07 - SMV other,1
14-8430,FINDLAY CREEK DR btwn DEVONWOOD CIRC & BANK ST,375733.25539,5020389.82292,-75.59522772710,45.31987474760,2014-08-26,3:55:00 PM,01 - Clear,01 - Daylight,01 - Dry,10 - No control,,03 - P.D. only,02 - Angle,0
14-8431,COLONEL BY DR/SUSSEX DR @ RIDEAU ST,367921.60946,5032044.55069,-75.69336735720,45.42548681910,2014-08-26,4:03:00 PM,01 - Clear,01 - Daylight,01 - Dry,01 - Traffic signal,01 - Functioning,03 - P.D. only,04 - Sideswipe,0
14-8432,GREENBANK RD btwn JOCKVALE RD & CAMBRIAN RD,364373.64913,5013414.30527,-75.74094614180,45.25816505800,2014-08-26,4:15:00 PM,01 - Clear,01 - Daylight,01 - Dry,10 - No control,,03 - P.D. only,07 - SMV other,0
14-8433,CARLING AVE @ PARKDALE AVE,365625.50607,5028172.87000,-75.72318423440,45.39085383120,2014-08-26,4:22:00 PM,01 - Clear,01 - Daylight,01 - Dry,01 - Traffic signal,01 - Functioning,02 - Non-fatal injury,03 - Rear end,0
14-8434,BYRON AVE @ KIRKWOOD AVE,363866.69100,5028431.07964,-75.74561354740,45.39332770620,2014-08-26,4:40:00 PM,01 - Clear,01 - Daylight,01 - Dry,01 - Traffic signal,01 - Functioning,02 - Non-fatal injury,02 - Angle,0
14-8435,LARKIN DR btwn ANDREA CRES & FABLE ST,362317.09102,5015820.62504,-75.76686875590,45.27998840780,2014-08-26,4:49:00 PM,01 - Clear,01 - Daylight,01 - Dry,10 - No control,,03 - P.D. only,06 - SMV unattended vehicle,0
14-8436,HALLDON PL btwn Continuation of HALLDON PL & Continuation of HALLDON P,361618.12425,5025882.21340,-75.77462272510,45.37057932040,2014-08-26,4:34:00 PM,01 - Clear,01 - Daylight,01 - Dry,10 - No control,,03 - P.D. only,06 - SMV unattended vehicle,0
14-8437,ST. JOSEPH BLVD btwn MONTREAL RD & OR174 IC109 RAMP55,376504.14620,5035030.75025,-75.58326916730,45.45152766840,2014-08-26,4:15:00 PM,01 - Clear,01 - Daylight,01 - Dry,10 - No control,,03 - P.D. only,03 - Rear end,0
14-8438,MITCH OWENS RD/BRIDGE ST @ RIVER RD,369499.31653,5010769.99922,-75.67598837790,45.23391916060,2014-08-26,5:09:00 PM,01 - Clear,01 - Daylight,01 - Dry,01 - Traffic signal,01 - Functioning,03 - P.D. only,03 - Rear end,0
14-8439,PRINCE OF WALES DR btwn FALLOWFIELD RD & AMBERWOOD CRES,367466.45446,5020064.79269,-75.70070307200,45.31773676310,2014-08-26,5:24:00 PM,01 - Clear,01 - Daylight,01 - Dry,10 - No control,,03 - P.D. only,03 - Rear end,0
14-8440,FORSEY ST @ ST. PATRICK ST,368492.27930,5033163.69607,-75.68593073610,45.43550475160,2014-08-26,5:00:00 PM,01 - Clear,01 - Daylight,01 - Dry,02 - Stop sign,00 - Unknown,02 - Non-fatal injury,03 - Rear end,0
14-8441,CLAUDE ST btwn CLARKE AVE & BURN ST,372022.71645,5033310.26104,-75.64079216410,45.43649298520,2014-08-26,5:50:00 PM,01 - Clear,01 - Daylight,01 - Dry,10 - No control,,03 - P.D. only,05 - Turning movement,0
14-8442,CARP RD @ STITTSVILLE MAIN ST,349524.31217,5014329.25543,-75.93005469050,45.26749880300,2014-08-26,5:15:00 PM,01 - Clear,01 - Daylight,01 - Dry,01 - Traffic signal,01 - Functioning,03 - P.D. only,03 - Rear end,0
14-8443,BRONSON AVE @ SUNNYSIDE AVE/UNIVERSITY RD - CA,367922.23617,5028090.59923,-75.69386558520,45.38991033880,2014-08-26,7:06:00 PM,01 - Clear,01 - Daylight,01 - Dry,01 - Traffic signal,01 - Functioning,03 - P.D. only,03 - Rear end,0
14-8444,BAY ST @ WELLINGTON ST,366814.22407,5031351.56660,-75.70760452430,45.41935061280,2014-08-26,7:24:00 PM,01 - Clear,01 - Daylight,01 - Dry,01 - Traffic signal,01 - Functioning,03 - P.D. only,03 - Rear end,0
14-8445,REGIONAL ROAD 174 btwn OLD MONTREAL RD & OLD MONTREAL RD,392652.02585,5042751.13976,-75.37547504370,45.51914262880,2014-08-26,8:12:00 PM,01 - Clear,05 - Dusk,01 - Dry,10 - No control,,03 - P.D. only,03 - Rear end,0
14-8446,FALLOWFIELD RD btwn WOODROFFE AVE & VIA PARK PL/275 W OF WOODROFFE AVE,364913.32018,5017808.46623,-75.73353842610,45.29765772880,2014-08-26,4:45:00 PM,01 - Clear,01 - Daylight,01 - Dry,10 - No control,,03 - P.D. only,03 - Rear end,0
14-8447,WOODROFFE AVE @ KNOXDALE RD/MEDHURST DR,363421.11170,5021826.48700,-75.75208739230,45.33393780320,2014-08-26,8:48:00 PM,01 - Clear,05 - Dusk,01 - Dry,01 - Traffic signal,01 - Functioning,03 - P.D. only,05 - Turning movement,0
14-8448,MCCARTHY RD @ WALKLEY RD,369248.76718,5025301.94758,-75.67729015010,45.36469807370,2014-08-26,8:51:00 PM,01 - Clear,07 - Dark,01 - Dry,01 - Traffic signal,01 - Functioning,02 - Non-fatal injury,03 - Rear end,0
14-8449,MCRAE AVE @ RICHMOND RD,363609.21597,5028538.55510,-75.74888886430,45.39431642280,2014-08-26,6:41:00 PM,01 - Clear,01 - Daylight,01 - Dry,01 - Traffic signal,01 - Functioning,03 - P.D. only,03 - Rear end,0
14-8450,ST. JOSEPH BLVD btwn R.C.M.P. COMPLEX & YOUVILLE DR,379066.63683,5036116.78007,-75.55034840100,45.46103135740,2014-08-26,9:47:00 PM,01 - Clear,07 - Dark,01 - Dry,10 - No control,,02 - Non-fatal injury,03 - Rear end,0
14-8451,REGIONAL ROAD 174 btwn EAST ST & EAST SHORE RD,390565.94089,5042725.60709,-75.40217685460,45.51917264400,2014-08-26,10:31:00 PM,01 - Clear,07 - Dark,01 - Dry,10 - No control,,03 - P.D. only,06 - SMV unattended vehicle,0
14-8452,CLARENCE ST btwn PARENT AVE & WILLIAM ST,367922.29088,5032428.01614,-75.69330950390,45.42893704770,2014-08-27,2:17:00 AM,01 - Clear,07 - Dark,01 - Dry,10 - No control,,03 - P.D. only,04 - Sideswipe,0
14-8453,INDUSTRIAL AVE @ RIVERSIDE DR,370683.29680,5030593.50127,-75.65827345810,45.41217620600,2014-08-27,8:54:00 AM,01 - Clear,01 - Daylight,01 - Dry,01 - Traffic signal,01 - Functioning,03 - P.D. only,04 - Sideswipe,0
14-8454,REGIONAL ROAD 174 btwn OR174 IC112 RAMP26 & OR174 IC112 RAMP61,375141.32424,5033095.85118,-75.60096711120,45.43425707610,2014-08-27,9:36:00 AM,01 - Clear,01 - Daylight,01 - Dry,10 - No control,,03 - P.D. only,07 - SMV other,0
14-8455,INDUSTRIAL AVE/INNES RD @ ST. LAURENT BLVD,373100.20133,5030007.46243,-75.62747976160,45.40667159160,2014-08-27,9:37:00 AM,01 - Clear,01 - Daylight,01 - Dry,01 - Traffic signal,00 - Unknown,03 - P.D. only,04 - Sideswipe,0
14-8456,ALTA VISTA DR @ SMYTH RD,370433.66602,5029082.03256,-75.66166359510,45.39860004220,2014-08-27,9:50:00 AM,01 - Clear,01 - Daylight,01 - Dry,01 - Traffic signal,01 - Functioning,03 - P.D. only,03 - Rear end,0
14-8457,MADELEINE MEILLEUR PRIV @ VANIER PKWY,369654.81520,5033359.30610,-75.67104781180,45.43715791250,2014-08-27,8:45:00 AM,01 - Clear,01 - Daylight,01 - Dry,01 - Traffic signal,01 - Functioning,03 - P.D. only,03 - Rear end,0