Record,Location,X,Y,Longitude,Latitude,Date,Time,Environment,Light,Road_Surface,Traffic_Control,Collision_Location,Collision_Classification,Impact_type,Pedestrian
14-8458,WENTWORTH AVE @ CARLING AVE,361329.20737,5025469.51880,-75.77835815520,45.36688928840,2014-08-27,11:06:00 AM,01 - Clear,01 - Daylight,01 - Dry,02 - Stop sign,01 - Functioning,02 - Non-fatal injury,03 - Rear end,0
14-8459,KEYWORTH AVE btwn PONTIAC ST & CLEARVIEW AVE,363708.79240,5029714.65529,-75.74747671600,45.40489038690,2014-08-27,9:25:00 AM,01 - Clear,01 - Daylight,01 - Dry,10 - No control,,03 - P.D. only,06 - SMV unattended vehicle,0
14-8460,MERIVALE RD @ 210 S OF MEADOWLANDS DR,364943.68040,5023529.08922,-75.73245657120,45.34912876140,2014-08-27,11:37:00 AM,01 - Clear,01 - Daylight,01 - Dry,01 - Traffic signal,01 - Functioning,02 - Non-fatal injury,03 - Rear end,0
14-8461,LEGGET DR @ TERRY FOX DR,350178.03960,5023446.38903,-75.92088950960,45.34949543460,2014-08-26,5:45:00 PM,01 - Clear,01 - Daylight,01 - Dry,02 - Stop sign,01 - Functioning,03 - P.D. only,02 - Angle,0
14-8462,REGIONAL ROAD 174 EB btwn OR174 IC109 RAMP55 & TRANSIT,376488.67587,5035017.47019,-75.58346886360,45.45140976970,2014-08-27,12:16:00 PM,01 - Clear,01 - Daylight,01 - Dry,10 - No control,,03 - P.D. only,03 - Rear end,0
14-8463,ALESTHER ST @ DONALD ST,371991.77038,5032460.10864,-75.64130367370,45.42884668860,2014-08-27,12:29:00 PM,01 - Clear,01 - Daylight,01 - Dry,02 - Stop sign,00 - Unknown,03 - P.D. only,05 - Turning movement,0
14-8464,AKINS RD @ SHEA RD,354869.59259,5010016.30802,-75.86237536030,45.22832949560,2014-08-27,12:37:00 PM,01 - Clear,01 - Daylight,01 - Dry,02 - Stop sign,01 - Functioning,03 - P.D. only,03 - Rear end,0
14-8465,AUGUSTA ST @ DALY AVE,369089.33453,5032577.59500,-75.67837691690,45.43017660090,2014-08-27,9:50:00 AM,01 - Clear,01 - Daylight,01 - Dry,02 - Stop sign,01 - Functioning,02 - Non-fatal injury,02 - Angle,0
14-8466,BASELINE RD @ NAVAHO DR,363085.21677,5024096.55843,-75.75610503570,45.35439170950,2014-08-26,12:51:00 PM,01 - Clear,01 - Daylight,01 - Dry,01 - Traffic signal,01 - Functioning,03 - P.D. only,03 - Rear end,0
14-8467,COLONEL BY DR/SUSSEX DR @ RIDEAU ST,367922.08911,5032044.78595,-75.69336119880,45.42548889290,2014-08-27,2:23:00 PM,01 - Clear,01 - Daylight,01 - Dry,01 - Traffic signal,01 - Functioning,02 - Non-fatal injury,03 - Rear end,0
14-8468,ST. LAURENT BLVD @ QUEEN MARY ST,372214.25007,5032179.48213,-75.63849916630,45.42630033420,2014-08-27,2:40:00 PM,01 - Clear,01 - Daylight,01 - Dry,02 - Stop sign,01 - Functioning,03 - P.D. only,03 - Rear end,0
14-8469,KING EDWARD AVE @ YORK ST,368397.18303,5032620.64143,-75.68721621130,45.43062719980,2014-08-27,2:00:00 PM,01 - Clear,01 - Daylight,01 - Dry,01 - Traffic signal,01 - Functioning,03 - P.D. only,02 - Angle,0
14-8470,CHAMPAGNE AVE @ WELLINGTON ST,365955.59620,5030347.69588,-75.71869930080,45.41039363390,2014-08-27,3:37:00 PM,01 - Clear,01 - Daylight,01 - Dry,02 - Stop sign,01 - Functioning,03 - P.D. only,03 - Rear end,0
14-8471,HUNT CLUB RD @ RIVERSIDE DR,368036.22907,5021945.49850,-75.69319624480,45.33460792300,2014-08-27,4:18:00 PM,01 - Clear,01 - Daylight,01 - Dry,01 - Traffic signal,01 - Functioning,02 - Non-fatal injury,03 - Rear end,0
14-8472,BRIERWOOD AVE btwn DOVERCOURT AVE & PARR AVE,363212.62421,5027006.87605,-75.75413498220,45.38056780120,2014-08-21,2:35:00 PM,01 - Clear,01 - Daylight,01 - Dry,10 - No control,,03 - P.D. only,06 - SMV unattended vehicle,0
14-8473,ALEXANDER ST @ SUSSEX DR,367892.17393,5034016.54977,-75.69349076400,45.44323282510,2014-08-27,8:40:00 AM,01 - Clear,01 - Daylight,01 - Dry,02 - Stop sign,01 - Functioning,03 - P.D. only,03 - Rear end,0
14-8474,MERIVALE RD btwn WOODFIELD DR & 170 N OF WEST HUNT CLUB RD/COSTCO SC,365472.65371,5022279.54155,-75.72585977830,45.33783994540,2014-08-27,4:29:00 PM,01 - Clear,01 - Daylight,01 - Dry,10 - No control,,03 - P.D. only,03 - Rear end,0
14-8475,BANK ST btwn EVANS AVE & EVANS BLVD,369922.34400,5027053.77169,-75.66846165370,45.38039818590,2014-08-27,4:35:00 PM,01 - Clear,01 - Daylight,01 - Dry,10 - No control,,03 - P.D. only,03 - Rear end,0
14-8476,RIDEAU VALLEY DR    N btwn RIDEAU NARROWS DR & PHELAN RD E,372360.38732,5006189.06884,-75.64017513760,45.19243183470,2014-08-27,5:15:00 PM,01 - Clear,01 - Daylight,01 - Dry,10 - No control,,02 - Non-fatal injury,07 - SMV other,0
14-8477,DUPUIS ST btwn LEVIS AVE & END,370448.03747,5033165.30613,-75.66093607240,45.43533835890,2014-08-26,3:45:00 PM,01 - Clear,01 - Daylight,01 - Dry,10 - No control,,03 - P.D. only,06 - SMV unattended vehicle,0
14-8478,HWY 417 MAITLAND IC126R26/62 @ MAITLAND AVE,363146.32444,5025983.29013,-75.75510242180,45.37136323280,2014-08-27,5:59:00 PM,01 - Clear,01 - Daylight,01 - Dry,01 - Traffic signal,01 - Functioning,02 - Non-fatal injury,07 - SMV other,1
14-8479,BANK ST @ KILBORN AVE/BELANGER AVE,369653.21293,5027427.80129,-75.67184865530,45.38378854980,2014-08-27,4:30:00 PM,01 - Clear,01 - Daylight,01 - Dry,01 - Traffic signal,01 - Functioning,03 - P.D. only,03 - Rear end,0
14-8480,HAWTHORNE RD @ HUNT CLUB RD,375508.22383,5026408.42493,-75.59723727280,45.37405017710,2014-08-27,6:33:00 PM,01 - Clear,01 - Daylight,01 - Dry,01 - Traffic signal,01 - Functioning,03 - P.D. only,03 - Rear end,0
14-8481,COLUMBUS AVE @ EDITH AVE,370907.29640,5032245.58290,-75.65519028500,45.42701982290,2014-08-27,6:45:00 PM,01 - Clear,01 - Daylight,01 - Dry,02 - Stop sign,01 - Functioning,03 - P.D. only,02 - Angle,0
14-8482,PARKDALE AVE @ WESTMOUNT AVE/HWY 417 PARKDAL I,365300.35616,5028924.77085,-75.72724420920,45.39764743690,2014-08-27,10:55:00 AM,01 - Clear,01 - Daylight,01 - Dry,01 - Traffic signal,01 - Functioning,03 - P.D. only,05 - Turning movement,0
14-8483,PINECREST RD btwn KELLY AVE & DUMAURIER AVE,360305.80180,5023882.43163,-75.79159999000,45.35269052120,2014-08-27,7:17:00 PM,01 - Clear,01 - Daylight,01 - Dry,10 - No control,,03 - P.D. only,07 - SMV other,0
14-8484,WOODRIDGE CRES btwn BAYSHORE DR & BAYSHORE PS,358820.71944,5023626.16053,-75.81058014680,45.35050056530,2014-08-27,7:35:00 PM,01 - Clear,01 - Daylight,01 - Dry,10 - No control,,03 - P.D. only,02 - Angle,0
14-8485,MCCORDICK RD btwn MCMULLEN RD & FAIRHURST DR,369458.59375,4992897.53701,-75.67881990890,45.07310550440,2014-08-27,9:35:00 PM,01 - Clear,07 - Dark,01 - Dry,10 - No control,,03 - P.D. only,07 - SMV other,0
14-8486,SMYTH RD E/LANCASTER RD @ ST. LAURENT BLVD N/R,373365.20333,5029423.60273,-75.62417599870,45.40139238550,2014-08-27,9:52:00 PM,01 - Clear,07 - Dark,01 - Dry,01 - Traffic signal,01 - Functioning,03 - P.D. only,03 - Rear end,0
14-8487,HAWTHORNE RD @ HUNT CLUB RD,375509.17170,5026406.52920,-75.59722544350,45.37403302490,2014-08-27,9:58:00 PM,01 - Clear,07 - Dark,01 - Dry,01 - Traffic signal,01 - Functioning,03 - P.D. only,04 - Sideswipe,0
14-8488,RIVERSIDE DR NB btwn SAN REMO PRIV & INDUSTRIAL AVE,370647.09826,5030508.76840,-75.65874720010,45.41141721990,2014-08-27,10:25:00 PM,01 - Clear,07 - Dark,01 - Dry,10 - No control,,03 - P.D. only,04 - Sideswipe,0
14-8489,STONECREST RD btwn GALETTA SIDE RD & KILMAURS SIDE RD,331878.87209,5036665.44645,-76.15368997790,45.46939128450,2014-08-28,5:40:00 AM,01 - Clear,03 - Dawn,01 - Dry,10 - No control,,02 - Non-fatal injury,07 - SMV other,0
14-8490,MONTREAL RD @ SHEFFORD RD,376125.25657,5034853.57470,-75.58813830650,45.44997232550,2014-08-28,9:52:00 AM,01 - Clear,01 - Daylight,01 - Dry,01 - Traffic signal,01 - Functioning,02 - Non-fatal injury,03 - Rear end,0
14-8491,WAYLING AVE btwn TUDOR PL & GREENSWAY AVE,369869.21920,5033123.31348,-75.66833885600,45.43501462870,2014-08-28,9:40:00 AM,01 - Clear,01 - Daylight,01 - Dry,10 - No control,,03 - P.D. only,99 - Other,0
14-8492,CARLING AVE @ RICHARDSON SIDE RD,351835.84560,5022269.82106,-75.89984576120,45.33879923130,2014-08-28,10:29:00 AM,01 - Clear,01 - Daylight,01 - Dry,02 - Stop sign,01 - Functioning,02 - Non-fatal injury,03 - Rear end,0
14-8493,CASTLEFRANK RD @ HAZELDEAN RD,352679.29990,5017675.82113,-75.88952836890,45.29740439610,2014-08-28,10:30:00 AM,01 - Clear,01 - Daylight,01 - Dry,01 - Traffic signal,01 - Functioning,02 - Non-fatal injury,02 - Angle,0
14-8494,CROYDON AVE btwn BOND ST & CARLING AVE,360651.57160,5025056.73551,-75.78705471450,45.36322940950,2014-08-28,10:38:00 AM,01 - Clear,01 - Daylight,01 - Dry,10 - No control,,03 - P.D. only,05 - Turning movement,0
14-8495,BRANTHAVEN ST btwn TO BE DETERMINED & SOUTHFIELD WAY,384761.11311,5034895.11072,-75.47774269810,45.44941137500,2014-08-27,12:00:00 AM,01 - Clear,00 - Unknown,01 - Dry,10 - No control,,03 - P.D. only,06 - SMV unattended vehicle,0
14-8496,ALBION RD @ SOUTHGATE RD/ROYAL OAK CRT,371817.25027,5024442.57183,-75.64462274570,45.35672485180,2014-08-28,11:28:00 AM,01 - Clear,01 - Daylight,01 - Dry,02 - Stop sign,01 - Functioning,03 - P.D. only,02 - Angle,0
14-8497,DOZOIS RD btwn MITCH OWENS RD & LONGSHADOW ST,371681.78187,5012082.82638,-75.64801896130,45.24552787170,2014-08-28,11:10:00 AM,01 - Clear,01 - Daylight,01 - Dry,10 - No control,,03 - P.D. only,99 - Other,0
14-8498,RIVERSIDE DR @ TREMBLAY RD/HWY417 IC117 RAMP52,370802.07810,5031016.16139,-75.65669946860,45.41596793770,2014-08-28,11:30:00 AM,01 - Clear,01 - Daylight,01 - Dry,01 - Traffic signal,01 - Functioning,03 - P.D. only,03 - Rear end,0
14-8499,YORK ST WB btwn BYWARD MARKE SQ & SUSSEX DR,367926.55385,5032340.34700,-75.69326626660,45.42814784660,2014-08-28,12:00:00 PM,01 - Clear,01 - Daylight,01 - Dry,10 - No control,,03 - P.D. only,06 - SMV unattended vehicle,0
14-8500,CORNWALL ST btwn WILBROD ST & END,368771.80068,5032164.89529,-75.68248821710,45.42649239820,2014-08-28,11:20:00 AM,01 - Clear,01 - Daylight,01 - Dry,10 - No control,,03 - P.D. only,02 - Angle,0
14-8501,WEST HUNT CLUB RD EB btwn 354 E OF WOODROFFE AVE/REC PATH & CLEOPATRA,364667.33836,5021669.48356,-75.73620790770,45.33241988580,2014-08-28,1:48:00 PM,01 - Clear,01 - Daylight,01 - Dry,10 - No control,,03 - P.D. only,99 - Other,0
14-8502,MERIVALE RD btwn CLEOPATRA DR & SLACK RD,366013.53916,5020971.60674,-75.71912085360,45.32602434350,2014-08-27,5:15:00 PM,01 - Clear,01 - Daylight,01 - Dry,10 - No control,,03 - P.D. only,05 - Turning movement,0
14-8503,WOODROFFE AVE @ KNOXDALE RD/MEDHURST DR,363421.11170,5021824.59127,-75.75208761680,45.33392074580,2014-08-28,2:15:00 PM,01 - Clear,01 - Daylight,01 - Dry,01 - Traffic signal,01 - Functioning,03 - P.D. only,03 - Rear end,0
14-8504,BANTREE ST @ INNES RD,373708.09287,5030405.60753,-75.61965934640,45.41019432730,2014-08-28,2:31:00 PM,01 - Clear,01 - Daylight,01 - Dry,01 - Traffic signal,01 - Functioning,03 - P.D. only,04 - Sideswipe,0
14-8505,HALIFAX DR @ WALKLEY RD,373645.15880,5027899.54340,-75.62081305620,45.38765212530,2014-08-28,3:12:00 PM,01 - Clear,01 - Daylight,01 - Dry,01 - Traffic signal,00 - Unknown,02 - Non-fatal injury,07 - SMV other,0
14-8506,BRIGADE AVE @ STITTSVILLE MAIN ST,350950.11657,5012496.40630,-75.91205610550,45.25091408850,2014-08-28,1:40:00 PM,01 - Clear,01 - Daylight,01 - Dry,02 - Stop sign,00 - Unknown,03 - P.D. only,03 - Rear end,0
14-8507,GLOUCESTER ST btwn O'CONNOR ST & METCALFE ST,367750.56858,5031336.13640,-75.69564339920,45.41912815490,2014-08-25,2:00:00 PM,01 - Clear,01 - Daylight,01 - Dry,10 - No control,,03 - P.D. only,06 - SMV unattended vehicle,0
14-8508,WILLOW ST btwn PRESTON ST & ROCHESTER ST,366452.08507,5029870.94176,-75.71241656760,45.40606036880,2014-08-28,9:00:00 AM,01 - Clear,01 - Daylight,01 - Dry,10 - No control,,03 - P.D. only,06 - SMV unattended vehicle,0
14-8509,BASELINE RD/HWY 416 RICHMOND IC75R53 @ RICHMON,358637.08670,5021819.59087,-75.81312012620,45.33425910700,2014-08-28,3:53:00 PM,01 - Clear,01 - Daylight,01 - Dry,01 - Traffic signal,01 - Functioning,03 - P.D. only,04 - Sideswipe,0
14-8510,TERRY FOX DR btwn CASTLEFRANK RD & TRANS CANADA TRAIL,353005.85734,5016286.79842,-75.88549991890,45.28488329700,2014-08-28,3:45:00 PM,01 - Clear,01 - Daylight,01 - Dry,10 - No control,,03 - P.D. only,03 - Rear end,0
14-8511,BENTLEY AVE @ SUNDERLAND ST,366152.12190,5021835.55013,-75.71724609590,45.33378588840,2014-08-28,4:21:00 PM,01 - Clear,01 - Daylight,01 - Dry,02 - Stop sign,01 - Functioning,03 - P.D. only,05 - Turning movement,0
14-8512,BANK ST btwn CAHILL DR & TURN LANE (1),371545.70332,5024112.61994,-75.64813280710,45.35378195620,2014-08-28,3:45:00 PM,01 - Clear,01 - Daylight,01 - Dry,10 - No control,,03 - P.D. only,02 - Angle,0
14-8513,LILY POND ST btwn CROWNRIDGE DR & MEADOWBREEZE DR,355853.29500,5015282.16100,-75.84930807510,45.27564231860,2014-08-27,12:00:00 AM,01 - Clear,00 - Unknown,01 - Dry,10 - No control,,03 - P.D. only,06 - SMV unattended vehicle,0
14-8514,HAWTHORNE RD btwn HUNT CLUB RD & HAWTHORNE RD,375512.96317,5026395.15479,-75.59717867030,45.37393030100,2014-08-28,5:10:00 PM,01 - Clear,01 - Daylight,01 - Dry,10 - No control,,03 - P.D. only,03 - Rear end,0
14-8515,BLAIR RD @ OR174 IC112 RAMP26,374753.47393,5032847.00000,-75.60595897550,45.43205695820,2014-08-28,5:21:00 PM,01 - Clear,01 - Daylight,01 - Dry,10 - No control,,02 - Non-fatal injury,03 - Rear end,0
14-8516,CARP RD @ RICHARDSON SIDE RD,346210.97750,5017158.56087,-75.97204030630,45.29316091810,2014-08-28,5:51:00 PM,01 - Clear,01 - Daylight,01 - Dry,01 - Traffic signal,01 - Functioning,03 - P.D. only,05 - Turning movement,0
14-8517,KING EDWARD AVE @ STEWART ST,368635.22137,5032206.33956,-75.68422804880,45.42687777700,2014-08-28,5:40:00 PM,01 - Clear,01 - Daylight,01 - Dry,01 - Traffic signal,01 - Functioning,02 - Non-fatal injury,04 - Sideswipe,0
14-8518,TENTH LINE RD btwn VANGUARD DR & LAKEPOINTE DR,384219.41933,5035525.22154,-75.48456510690,45.45514230530,2014-08-28,6:24:00 PM,01 - Clear,01 - Daylight,01 - Dry,10 - No control,,03 - P.D. only,03 - Rear end,0
14-8519,CATHERINE ST btwn HWY417 IC120B RAMP36 & KENT ST,367759.91039,5030099.91107,-75.69568196450,45.40800415030,2014-08-28,6:47:00 PM,01 - Clear,01 - Daylight,01 - Dry,10 - No control,,03 - P.D. only,02 - Angle,0
14-8520,BASELINE RD @ MERIVALE RD,365054.22247,5025325.51490,-75.73082700850,45.36528324040,2014-08-28,8:48:00 PM,01 - Clear,07 - Dark,01 - Dry,01 - Traffic signal,00 - Unknown,03 - P.D. only,04 - Sideswipe,0
14-8521,MAYVIEW AVE btwn MEDFORD ST & MERIVALE RD,364669.08909,5026280.43984,-75.73562724360,45.37390850200,2014-08-28,12:00:00 PM,01 - Clear,01 - Daylight,01 - Dry,10 - No control,,03 - P.D. only,06 - SMV unattended vehicle,0
14-8522,PRINCE OF WALES DR btwn RIDEAU GLEN DR & FALLOWFIELD RD,367439.92415,5018798.49745,-75.70120151030,45.30634518830,2014-08-29,2:32:00 AM,01 - Clear,07 - Dark,01 - Dry,10 - No control,,02 - Non-fatal injury,01 - Approaching,0
14-8523,KING EDWARD AVE btwn DALY AVE & STEWART ST,368614.65971,5032239.34127,-75.68448651100,45.42717659060,2014-08-29,3:56:00 AM,01 - Clear,07 - Dark,01 - Dry,10 - No control,,03 - P.D. only,07 - SMV other,0
14-8524,CAPREOL ST btwn BOISFRANC CIRC & BOISFRANC CIRC,385459.47989,5035571.66847,-75.46870497960,45.45541815330,2014-08-29,6:53:00 AM,01 - Clear,01 - Daylight,01 - Dry,10 - No control,,03 - P.D. only,06 - SMV unattended vehicle,0
14-8525,MCCORDICK RD @ POLLOCK RD,362559.15547,5000711.39297,-75.76553563990,45.14401344930,2014-08-29,6:55:00 AM,01 - Clear,01 - Daylight,01 - Dry,02 - Stop sign,01 - Functioning,03 - P.D. only,02 - Angle,0
14-8526,DEN HAAG DR btwn CARGROVE PRIV & CARGROVE PRIV,372548.91801,5033894.50112,-75.63398686750,45.44169890030,2014-08-29,7:04:00 AM,01 - Clear,01 - Daylight,01 - Dry,10 - No control,,03 - P.D. only,06 - SMV unattended vehicle,0
14-8527,HERON RD btwn FINN CRT & BAYCREST DR,371042.78143,5026968.17009,-75.65416798020,45.37952292800,2014-08-29,7:08:00 AM,01 - Clear,01 - Daylight,01 - Dry,10 - No control,,03 - P.D. only,07 - SMV other,0
14-8528,FALLOWFIELD RD @ WOODROFFE AVE,365084.64303,5017903.95046,-75.73134260120,45.29850221200,2014-08-29,8:47:00 AM,01 - Clear,01 - Daylight,01 - Dry,01 - Traffic signal,01 - Functioning,03 - P.D. only,03 - Rear end,0
14-8529,FALLOWFIELD RD @ STRANDHERD DR,360754.59447,5014962.15430,-75.78688002770,45.27238990870,2014-08-29,8:56:00 AM,01 - Clear,01 - Daylight,01 - Dry,01 - Traffic signal,01 - Functioning,03 - P.D. only,03 - Rear end,0
14-8530,UPLANDS DR btwn CAHILL DR W & HUNT CLUB RD,370112.65137,5023215.33096,-75.66653921360,45.34584334200,2014-08-29,9:16:00 AM,01 - Clear,01 - Daylight,01 - Dry,10 - No control,,03 - P.D. only,04 - Sideswipe,0
14-8531,BRONSON AVE @ POWELL AVE,367387.76042,5029477.21400,-75.70051478480,45.40243468140,2014-08-20,9:00:00 AM,01 - Clear,01 - Daylight,01 - Dry,01 - Traffic signal,00 - Unknown,03 - P.D. only,04 - Sideswipe,0
14-8532,BASELINE RD/HERON RD @ PRINCE OF WALES DR,366873.23257,5026439.48017,-75.70746872600,45.37514772960,2014-08-28,1:30:00 PM,01 - Clear,01 - Daylight,01 - Dry,01 - Traffic signal,01 - Functioning,03 - P.D. only,03 - Rear end,0
14-8533,BESSERER ST @ KING EDWARD AVE,368550.70520,5032341.34256,-75.68529052500,45.42810019340,2014-08-29,12:19:00 PM,01 - Clear,01 - Daylight,01 - Dry,01 - Traffic signal,01 - Functioning,03 - P.D. only,02 - Angle,0
14-8534,MAITLAND AVE btwn CARLING AVE & DUNCAN PL,362953.59837,5026458.19535,-75.75750679650,45.37565239230,2014-08-28,4:30:00 PM,01 - Clear,01 - Daylight,01 - Dry,10 - No control,,03 - P.D. only,02 - Angle,0
14-8535,GEORGE ST @ DALHOUSIE ST,368155.32793,5032314.64183,-75.69034622040,45.42789587480,2014-08-29,1:38:00 PM,01 - Clear,01 - Daylight,01 - Dry,01 - Traffic signal,01 - Functioning,03 - P.D. only,05 - Turning movement,0
14-8536,BESSERER ST btwn KING EDWARD AVE & NELSON ST,368648.12665,5032398.97433,-75.68403817100,45.42860985590,2014-08-21,6:30:00 PM,01 - Clear,01 - Daylight,01 - Dry,10 - No control,,03 - P.D. only,06 - SMV unattended vehicle,0
14-8537,FRANKTOWN RD btwn WOOD'S RD & MUNSTER RD,350113.78272,5000275.93170,-75.92382111740,45.14100299280,2014-08-29,1:10:00 PM,01 - Clear,01 - Daylight,01 - Dry,10 - No control,,03 - P.D. only,03 - Rear end,0
14-8538,NICHOLAS ST/NICHOLAS ST SB @ SB RAMP FROM WALL,368320.68861,5031896.28611,-75.68828714830,45.42411665950,2014-08-29,1:00:00 PM,01 - Clear,01 - Daylight,01 - Dry,01 - Traffic signal,00 - Unknown,02 - Non-fatal injury,03 - Rear end,0
14-8539,ARCH ST btwn FLEMING AVE & CANTERBURY AVE,372871.80688,5028090.83138,-75.63066161030,45.38944884120,2014-08-29,2:34:00 PM,01 - Clear,01 - Daylight,01 - Dry,10 - No control,,03 - P.D. only,02 - Angle,0
14-8540,MAPLE GROVE RD @ TERRY FOX DR,351554.08253,5017864.46450,-75.90385656190,45.29917763860,2014-08-29,2:00:00 PM,01 - Clear,01 - Daylight,01 - Dry,01 - Traffic signal,01 - Functioning,03 - P.D. only,03 - Rear end,0
14-8541,MONTREAL RD btwn ST. LAURENT BLVD & HILLSIDE DR,371563.23845,5033828.96911,-75.64659397200,45.44120410080,2014-08-29,3:02:00 PM,01 - Clear,01 - Daylight,01 - Dry,10 - No control,,02 - Non-fatal injury,07 - SMV other,1
14-8542,PRINCE OF WALES DR btwn WATERBRIDGE DR & CRESTWAY DR,367362.21086,5016477.38037,-75.70248525190,45.28546697100,2014-08-29,3:08:00 PM,01 - Clear,01 - Daylight,01 - Dry,10 - No control,,03 - P.D. only,05 - Turning movement,0
14-8543,NAVAN RD btwn RENAUD RD & MER BLEUE RD,382525.33539,5032458.09201,-75.50670627730,45.42773729890,2014-08-29,3:48:00 PM,01 - Clear,01 - Daylight,01 - Dry,10 - No control,,03 - P.D. only,07 - SMV other,0
14-8544,PLEASANT PARK RD btwn HOLT CRES & CAMROSE ST,372567.31694,5028605.41645,-75.63447910250,45.39410838940,2014-08-29,3:50:00 PM,01 - Clear,01 - Daylight,01 - Dry,10 - No control,,03 - P.D. only,06 - SMV unattended vehicle,0
14-8545,ELGIN ST btwn WAVERLEY ST & FRANK ST,368328.86006,5030935.58458,-75.68830660980,45.41547185450,2014-08-26,7:45:00 PM,01 - Clear,05 - Dusk,01 - Dry,10 - No control,,03 - P.D. only,06 - SMV unattended vehicle,0
14-8546,ALTA VISTA DR btwn PLEASANT PARK RD & MOUNTBATTEN AVE,370381.24267,5028358.03537,-75.66242936780,45.39209069020,2014-08-29,4:12:00 PM,01 - Clear,01 - Daylight,01 - Dry,10 - No control,,02 - Non-fatal injury,01 - Approaching,0
14-8547,BELCOURT BLVD @ CARRIERE ST,381483.74780,5036849.32391,-75.51933087640,45.46736105530,2014-08-29,4:15:00 PM,01 - Clear,01 - Daylight,01 - Dry,02 - Stop sign,01 - Functioning,03 - P.D. only,02 - Angle,0
14-8548,FLOWER AVE @ WOODROFFE AVE,361811.20617,5026116.47897,-75.77213087630,45.37267154090,2014-08-29,4:59:00 PM,01 - Clear,01 - Daylight,01 - Dry,02 - Stop sign,00 - Unknown,02 - Non-fatal injury,03 - Rear end,0
14-8549,JEANNE D'ARC BLVD  N btwn VOYAGEUR DR & PADDLER WAY,379278.00209,5037755.40494,-75.54739770880,45.47575195700,2014-08-29,6:06:00 PM,01 - Clear,01 - Daylight,01 - Dry,10 - No control,,03 - P.D. only,04 - Sideswipe,0
14-8550,BLACKBURN BYPASS EB btwn NAVAN RD & INNES RD E,379693.02750,5033350.40012,-75.54276096100,45.43607465500,2014-08-29,4:15:00 PM,01 - Clear,01 - Daylight,01 - Dry,10 - No control,,03 - P.D. only,03 - Rear end,0
14-8551,ATHLONE AVE @ RICHMOND RD,363453.21557,5028440.60783,-75.75089277370,45.39344819360,2014-08-29,6:22:00 PM,01 - Clear,01 - Daylight,01 - Dry,01 - Traffic signal,01 - Functioning,02 - Non-fatal injury,03 - Rear end,0
14-8552,DEERFOX DR btwn AMBERGLEN CRT & APPLEDALE DR,365150.66985,5015519.01695,-75.73079091600,45.27703701130,2014-08-29,2:45:00 PM,01 - Clear,01 - Daylight,01 - Dry,10 - No control,,03 - P.D. only,02 - Angle,0
14-8553,BANK ST @ HUNT CLUB RD,371609.80285,5024096.26923,-75.64731701230,45.35362873390,2014-08-29,6:06:00 PM,01 - Clear,01 - Daylight,01 - Dry,01 - Traffic signal,01 - Functioning,03 - P.D. only,04 - Sideswipe,0
14-8554,RIOCAN AVE @ STRANDHERD DR,364172.68273,5014943.62473,-75.74332371780,45.27194289420,2014-08-29,7:27:00 PM,01 - Clear,01 - Daylight,01 - Dry,01 - Traffic signal,01 - Functioning,02 - Non-fatal injury,03 - Rear end,0
14-8555,ELGIN ST btwn LAURIER AVE W & GLOUCESTER ST (1),367976.67199,5031536.30566,-75.69272896350,45.42090883140,2014-08-29,4:10:00 PM,01 - Clear,01 - Daylight,01 - Dry,10 - No control,,03 - P.D. only,02 - Angle,0
14-8556,EASTVALE DR btwn OGILVIE RD & LOYOLA AVE,375663.06046,5035102.54953,-75.59401066490,45.45225946380,2014-08-29,8:43:00 PM,01 - Clear,07 - Dark,01 - Dry,10 - No control,,03 - P.D. only,06 - SMV unattended vehicle,0
14-8557,PARENT AVE @ ST. PATRICK ST,367823.12410,5032555.64513,-75.69456037630,45.43009435250,2014-08-29,10:22:00 PM,01 - Clear,07 - Dark,01 - Dry,01 - Traffic signal,01 - Functioning,03 - P.D. only,04 - Sideswipe,0
14-8558,9TH LINE RD btwn PANA RD & VICTORIA ST,386477.37526,5013977.81771,-75.45926062710,45.26101642470,2014-08-29,10:55:00 PM,01 - Clear,07 - Dark,01 - Dry,10 - No control,,03 - P.D. only,07 - SMV other,0
14-8559,LYON ST @ WELLINGTON ST,366935.74493,5031427.11387,-75.70604239760,45.42001958260,2014-08-29,10:58:00 PM,01 - Clear,07 - Dark,01 - Dry,01 - Traffic signal,01 - Functioning,03 - P.D. only,05 - Turning movement,0
14-8560,WOODROFFE AVE @ KNOXDALE RD/MEDHURST DR,363419.23434,5021826.36908,-75.75211135680,45.33393689910,2014-08-30,2:47:00 AM,01 - Clear,07 - Dark,01 - Dry,01 - Traffic signal,01 - Functioning,02 - Non-fatal injury,02 - Angle,0
14-8561,BOTELER ST @ DALHOUSIE ST/MACDONALDCARTIER BR,367696.87603,5033070.93037,-75.69610785200,45.43474207700,2014-08-30,3:38:00 AM,01 - Clear,07 - Dark,01 - Dry,02 - Stop sign,01 - Functioning,03 - P.D. only,07 - SMV other,0
14-8562,BRONSON AVE btwn GLOUCESTER ST & NEPEAN ST,366845.86940,5030762.91491,-75.70727432760,45.41405129330,2014-08-30,4:35:00 AM,01 - Clear,07 - Dark,01 - Dry,10 - No control,,03 - P.D. only,06 - SMV unattended vehicle,0
14-8563,RIDEAU PL @ RIDEAU ST,369527.77865,5032963.11837,-75.67272346950,45.43360494660,2014-08-30,8:03:00 AM,01 - Clear,01 - Daylight,01 - Dry,02 - Stop sign,01 - Functioning,02 - Non-fatal injury,05 - Turning movement,0