Record,Location,X,Y,Longitude,Latitude,Date,Time,Environment,Light,Road_Surface,Traffic_Control,Collision_Location,Collision_Classification,Impact_type,Pedestrian
14-9090,WOODROFFE AVE @ DEERFOX DR/STONEWAY DR,365885.69810,5015940.91386,-75.72137143840,45.28076974390,2014-09-15,3:47:00 PM,01 - Clear,01 - Daylight,01 - Dry,01 - Traffic signal,01 - Functioning,02 - Non-fatal injury,05 - Turning movement,0
14-9091,ABBEYHILL DR @ EAGLESON RD,353828.09883,5018035.40377,-75.87484623930,45.30056077330,2014-09-15,4:00:00 PM,01 - Clear,01 - Daylight,01 - Dry,01 - Traffic signal,01 - Functioning,03 - P.D. only,02 - Angle,0
14-9092,ESPRIT DR @ DU PLATEAU ST/SCALA AVE,384872.63260,5036398.49390,-75.47607242590,45.46292464480,2014-09-10,11:00:00 PM,01 - Clear,07 - Dark,01 - Dry,02 - Stop sign,01 - Functioning,03 - P.D. only,02 - Angle,0
14-9093,ANALDEA DR/ WHITE ALDER AVE @ BANK ST,375696.32810,5020811.59357,-75.59563830760,45.32367339920,2014-09-15,5:46:00 PM,01 - Clear,01 - Daylight,01 - Dry,02 - Stop sign,00 - Unknown,03 - P.D. only,03 - Rear end,0
14-9094,PARKDALE AVE btwn TYNDALL ST & SIMS AVE,365265.48193,5029007.93371,-75.72767941490,45.39839872990,2014-09-15,4:05:00 PM,02 - Rain,01 - Daylight,02 - Wet,10 - No control,,03 - P.D. only,03 - Rear end,0
14-9095,SOMERSET ST    W btwn ARTHUR ST & CAMBRIDGE ST N,366892.80853,5030429.90513,-75.70671662220,45.41105080440,2014-09-15,4:09:00 PM,01 - Clear,01 - Daylight,01 - Dry,10 - No control,,03 - P.D. only,99 - Other,0
14-9096,DALY AVE btwn NICHOLAS ST & COURT HOUSE LANE,368248.08015,5032057.94811,-75.68919407330,45.42557782740,2014-09-15,5:06:00 PM,01 - Clear,01 - Daylight,01 - Dry,10 - No control,,03 - P.D. only,05 - Turning movement,0
14-9097,NEEPAWA AVE btwn SAVILLE ROW & IROQUOIS RD,362077.85642,5026410.73853,-75.76869267200,45.37529751430,2014-09-15,1:30:00 PM,01 - Clear,01 - Daylight,01 - Dry,10 - No control,,03 - P.D. only,06 - SMV unattended vehicle,0
14-9098,IRIS ST @ WOODROFFE AVE,362281.27030,5024441.51950,-75.76632485300,45.35756200720,2014-09-15,8:40:00 AM,01 - Clear,01 - Daylight,01 - Dry,01 - Traffic signal,00 - Unknown,02 - Non-fatal injury,03 - Rear end,0
14-9099,LISGAR ST btwn ALLENDALE PRIV & BANK ST,367595.17726,5031058.08405,-75.69766416390,45.41664029310,2014-09-13,6:30:00 PM,02 - Rain,05 - Dusk,02 - Wet,10 - No control,,03 - P.D. only,06 - SMV unattended vehicle,0
14-9100,BRONSON AVE @ SOMERSET ST,366969.11790,5030474.67647,-75.70573615830,45.41144686970,2014-09-14,11:20:00 PM,01 - Clear,07 - Dark,01 - Dry,01 - Traffic signal,01 - Functioning,03 - P.D. only,04 - Sideswipe,0
14-9101,OTTAWA ROAD 29 btwn Continuation of OTTAWA ROAD 29 & GALETTA SIDE RD,319621.94698,5028090.51643,-76.31069993650,45.39259750160,2014-09-15,8:01:00 PM,02 - Rain,05 - Dusk,02 - Wet,10 - No control,,03 - P.D. only,07 - SMV other,0
14-9102,CARLING AVE @ KIRKWOOD AVE S,364351.22657,5027337.54910,-75.73955766780,45.38344728050,2014-09-02,8:00:00 PM,02 - Rain,07 - Dark,02 - Wet,01 - Traffic signal,01 - Functioning,03 - P.D. only,03 - Rear end,0
14-9103,RICHMOND RD @ EDGEWORTH AVE/MCEWEN AVE,361075.68260,5025883.04677,-75.78154724510,45.37063058740,2014-09-15,9:26:00 PM,02 - Rain,07 - Dark,02 - Wet,01 - Traffic signal,01 - Functioning,02 - Non-fatal injury,02 - Angle,0
14-9104,CEDARVIEW RD @ WEST HUNT CLUB RD,359718.20347,5019552.58197,-75.79957915830,45.31377669030,2014-09-15,9:35:00 PM,02 - Rain,07 - Dark,02 - Wet,01 - Traffic signal,01 - Functioning,03 - P.D. only,05 - Turning movement,0
14-9105,BANK ST @ WELLINGTON ST,367258.18093,5031630.46913,-75.70189699850,45.42182059790,2014-09-15,9:54:00 PM,02 - Rain,07 - Dark,02 - Wet,01 - Traffic signal,01 - Functioning,02 - Non-fatal injury,07 - SMV other,1
14-9106,CLYDE AVE btwn CLYDE AVE & STARWOOD RD,364436.90235,5024709.47025,-75.73878102470,45.35979295290,2014-09-15,10:14:00 PM,02 - Rain,07 - Dark,02 - Wet,10 - No control,,03 - P.D. only,04 - Sideswipe,0
14-9107,BASELINE RD @ WOODROFFE AVE,362549.21627,5023768.60897,-75.76298374950,45.35148519430,2014-09-15,10:50:00 PM,02 - Rain,07 - Dark,02 - Wet,01 - Traffic signal,01 - Functioning,03 - P.D. only,04 - Sideswipe,0
14-9108,PINECREST RD @ RICHMOND RD,360071.24870,5024470.56453,-75.79452752160,45.35800105600,2014-09-10,10:25:00 PM,01 - Clear,07 - Dark,01 - Dry,01 - Traffic signal,01 - Functioning,02 - Non-fatal injury,03 - Rear end,0
14-9109,MONTREAL RD @ BETHAMY LANE/FOXBOROUGH PRIV,375322.68946,5034344.12992,-75.59847051010,45.44547009000,2014-09-16,7:45:00 AM,01 - Clear,01 - Daylight,01 - Dry,01 - Traffic signal,01 - Functioning,03 - P.D. only,03 - Rear end,0
14-9110,OLD MONTREAL RD btwn PIERRETTE DR & KINSELLA DR,392216.62622,5042732.89495,-75.38105043500,45.51903321030,2014-09-16,8:06:00 AM,01 - Clear,01 - Daylight,01 - Dry,10 - No control,,02 - Non-fatal injury,07 - SMV other,0
14-9111,SECOND LINE RD btwn PANANDRICK VIEW DR & THOMAS FULLER DR,347254.26115,5024089.37556,-75.95814556450,45.35546428360,2014-09-16,8:16:00 AM,01 - Clear,01 - Daylight,01 - Dry,10 - No control,,03 - P.D. only,07 - SMV other,0
14-9112,TRIM RD @ WATTERS RD,384964.17817,5038717.57590,-75.47452359990,45.48377900590,2014-09-16,7:45:00 AM,01 - Clear,01 - Daylight,01 - Dry,01 - Traffic signal,01 - Functioning,02 - Non-fatal injury,03 - Rear end,0
14-9113,RIVERSIDE DR @ WALKLEY RD,368418.36845,5024852.34447,-75.68794726660,45.36072851630,2014-09-16,8:43:00 AM,01 - Clear,01 - Daylight,01 - Dry,01 - Traffic signal,01 - Functioning,03 - P.D. only,03 - Rear end,0
14-9114,ALBERT ST @ LYON ST,367063.17413,5031220.53177,-75.70444039650,45.41814949100,2014-09-16,9:00:00 AM,01 - Clear,01 - Daylight,01 - Dry,01 - Traffic signal,01 - Functioning,02 - Non-fatal injury,02 - Angle,0
14-9115,TERRY FOX DR btwn INNOVATION DR & MARCH RD,349563.97669,5023125.78589,-75.92875475040,45.34665003820,2014-09-16,9:15:00 AM,01 - Clear,01 - Daylight,01 - Dry,10 - No control,,03 - P.D. only,03 - Rear end,0
14-9116,RICHMOND RD @ EDGEWORTH AVE/MCEWEN AVE,361073.78236,5025884.00376,-75.78157139330,45.37063935100,2014-09-16,8:31:00 AM,01 - Clear,01 - Daylight,01 - Dry,01 - Traffic signal,01 - Functioning,03 - P.D. only,03 - Rear end,0
14-9117,MARIER AVE @ MONTREAL RD,370419.23437,5033261.59100,-75.66129133820,45.43620739270,2014-09-16,9:45:00 AM,01 - Clear,01 - Daylight,01 - Dry,01 - Traffic signal,01 - Functioning,02 - Non-fatal injury,05 - Turning movement,0
14-9118,MACDONALD-CARTIER BR btwn RAMP & END (2),367251.97014,5033269.71074,-75.70176847070,45.43657051160,2014-09-16,6:55:00 AM,01 - Clear,01 - Daylight,01 - Dry,10 - No control,,03 - P.D. only,04 - Sideswipe,0
14-9119,CAMERON ST @ REGIONAL RD 174,389860.29967,5042616.61643,-75.41122648360,45.51827852150,2014-09-16,10:30:00 AM,01 - Clear,01 - Daylight,01 - Dry,01 - Traffic signal,01 - Functioning,03 - P.D. only,03 - Rear end,0
14-9120,WEST HUNT CLUB RD @ WOODROFFE AVE,363672.11280,5021247.43687,-75.74895416080,45.32870653870,2014-09-16,10:15:00 AM,01 - Clear,01 - Daylight,01 - Dry,01 - Traffic signal,01 - Functioning,03 - P.D. only,03 - Rear end,0
14-9121,SIXTH ST btwn BELLMANOR CRT & ROSEBELLA AVE,373531.25422,5023773.48256,-75.62284154880,45.35053872820,2014-09-16,10:05:00 AM,01 - Clear,01 - Daylight,01 - Dry,10 - No control,,03 - P.D. only,02 - Angle,0
14-9122,BANK ST @ CATHERINE ST,368039.23147,5030269.46773,-75.69209222020,45.40950458510,2014-09-16,11:00:00 AM,01 - Clear,01 - Daylight,01 - Dry,01 - Traffic signal,01 - Functioning,03 - P.D. only,03 - Rear end,0
14-9123,CLARKE AVE @ ST. LAURENT BLVD,371735.19523,5033353.58990,-75.64446081590,45.43691042120,2014-09-16,11:09:00 AM,01 - Clear,01 - Daylight,01 - Dry,01 - Traffic signal,01 - Functioning,03 - P.D. only,03 - Rear end,0
14-9124,BOOTH ST @ POPLAR ST,366678.27600,5030057.61393,-75.70950390730,45.40772003360,2014-09-16,11:12:00 AM,01 - Clear,01 - Daylight,01 - Dry,02 - Stop sign,01 - Functioning,03 - P.D. only,02 - Angle,0
14-9125,RICHARDSON SIDE RD @ TERRY FOX DR,348803.08600,5019506.07210,-75.93878597800,45.31412702200,2014-09-16,11:46:00 AM,01 - Clear,01 - Daylight,01 - Dry,01 - Traffic signal,01 - Functioning,02 - Non-fatal injury,05 - Turning movement,0
14-9126,WOODROFFE AVE @ SPORTSPLEX N,363762.24050,5021066.28633,-75.74782605360,45.32706899220,2014-09-16,11:56:00 AM,01 - Clear,01 - Daylight,01 - Dry,01 - Traffic signal,01 - Functioning,02 - Non-fatal injury,05 - Turning movement,0
14-9127,CARLING AVE EB btwn HOLLY ACRES RD & BAYSHORE DR,358585.43972,5023717.62632,-75.81357265280,45.35134166070,2014-09-16,12:03:00 PM,01 - Clear,01 - Daylight,01 - Dry,10 - No control,,02 - Non-fatal injury,04 - Sideswipe,0
14-9128,HAWTHORNE RD @ LEITRIM RD,377037.81158,5022709.02724,-75.57825148100,45.34060885740,2014-09-16,12:30:00 PM,01 - Clear,01 - Daylight,01 - Dry,01 - Traffic signal,01 - Functioning,02 - Non-fatal injury,03 - Rear end,0
14-9129,CARLING AVE WB btwn HWY417 IC124 RAMP67 & HWY417 IC124 RAMP65,364354.05511,5027531.56750,-75.73949814450,45.38519278340,2014-09-16,10:00:00 AM,01 - Clear,01 - Daylight,01 - Dry,10 - No control,,03 - P.D. only,03 - Rear end,0
14-9130,NAVAHO DR @ WOODROFFE AVE/TRANSITWAY N BASELIN,362706.24186,5023492.80141,-75.76101219680,45.34899055060,2014-09-16,1:30:00 PM,01 - Clear,01 - Daylight,01 - Dry,01 - Traffic signal,01 - Functioning,03 - P.D. only,03 - Rear end,0
14-9131,INDUSTRIAL AVE @ ALTA VISTA DR/SANDFORD FLEMIN,370883.77368,5030558.04506,-75.65571719340,45.41183828300,2014-09-16,1:48:00 PM,01 - Clear,01 - Daylight,01 - Dry,01 - Traffic signal,01 - Functioning,03 - P.D. only,03 - Rear end,0
14-9132,HUNT CLUB RD btwn PAUL ANKA DR & GIBFORD DR,369794.31288,5022907.91694,-75.67064152400,45.34310688050,2014-09-16,2:03:00 PM,01 - Clear,01 - Daylight,01 - Dry,10 - No control,,02 - Non-fatal injury,03 - Rear end,0
14-9133,NAVAHO DR btwn NAVAHO DR & DEERFIELD DR,363134.65421,5024009.70079,-75.75548436740,45.35360606200,2014-09-16,7:30:00 AM,01 - Clear,01 - Daylight,01 - Dry,10 - No control,,02 - Non-fatal injury,02 - Angle,0
14-9134,CARLING AVE EB btwn SCRIVENS ST & GRENON AVE,359553.38154,5024321.12681,-75.80115354330,45.35669705070,2014-09-13,4:45:00 PM,02 - Rain,01 - Daylight,02 - Wet,10 - No control,,03 - P.D. only,04 - Sideswipe,0
14-9135,BYRON AVE @ KIRKWOOD AVE,363868.11280,5028432.50257,-75.74559521970,45.39334039020,2014-09-16,2:47:00 PM,01 - Clear,01 - Daylight,01 - Dry,01 - Traffic signal,01 - Functioning,03 - P.D. only,05 - Turning movement,0
14-9136,BESSERER ST @ WALLER ST,368316.88342,5032191.50274,-75.68829769980,45.42677326030,2014-09-16,2:45:00 PM,01 - Clear,01 - Daylight,01 - Dry,01 - Traffic signal,00 - Unknown,03 - P.D. only,04 - Sideswipe,0
14-9137,INDUSTRIAL AVE btwn RUSSELL RD & ST. LAURENT BLVD,372988.35299,5029951.53826,-75.62891616730,45.40617931730,2014-09-16,2:51:00 PM,01 - Clear,01 - Daylight,01 - Dry,10 - No control,,03 - P.D. only,04 - Sideswipe,0
14-9138,NOTRE DAME ST @ ORLEANS BLVD,380691.16160,5036866.57910,-75.52946271910,45.46760286900,2014-09-12,2:40:00 PM,01 - Clear,01 - Daylight,01 - Dry,02 - Stop sign,00 - Unknown,03 - P.D. only,05 - Turning movement,0
14-9139,MERIVALE RD @ EMERALD PLAZA SC,364738.08512,5024006.87498,-75.73502219300,45.35344541520,2014-09-16,3:13:00 PM,01 - Clear,01 - Daylight,01 - Dry,01 - Traffic signal,01 - Functioning,02 - Non-fatal injury,02 - Angle,0
14-9140,CARLING AVE @ CHURCHILL AVE,363777.11740,5027013.53780,-75.74692685160,45.38058044840,2014-09-15,4:25:00 PM,01 - Clear,01 - Daylight,01 - Dry,01 - Traffic signal,00 - Unknown,02 - Non-fatal injury,04 - Sideswipe,0
14-9141,BILLINGS BRIDGESC RAMP NB @ RIVERSIDE DR WB,369025.38443,5027795.94300,-75.67981705910,45.38715881960,2014-09-16,3:28:00 PM,01 - Clear,01 - Daylight,01 - Dry,03 - Yield sign,01 - Functioning,03 - P.D. only,02 - Angle,0
14-9142,AVIATION PKWY @ OGILVIE RD,373109.76408,5032377.06066,-75.62702912950,45.42799116680,2014-09-16,3:26:00 PM,01 - Clear,01 - Daylight,01 - Dry,01 - Traffic signal,01 - Functioning,03 - P.D. only,03 - Rear end,0
14-9143,BANK ST btwn ALTA VISTA DR & WALKLEY RD,370301.35911,5026054.84390,-75.66375507270,45.37137482820,2014-09-16,4:12:00 PM,01 - Clear,01 - Daylight,01 - Dry,10 - No control,,03 - P.D. only,04 - Sideswipe,0
14-9144,BASELINE RD @ LEXINGTON ST,366392.18163,5026169.52630,-75.71364371370,45.37276119170,2014-09-16,4:23:00 PM,01 - Clear,01 - Daylight,01 - Dry,02 - Stop sign,00 - Unknown,03 - P.D. only,03 - Rear end,0
14-9145,ST. JOSEPH BLVD @ JEANNE D'ARC BLVD,379862.24344,5036472.70660,-75.54012201860,45.46414868210,2014-09-16,4:35:00 PM,01 - Clear,01 - Daylight,01 - Dry,11 - Roundabout,01 - Functioning,03 - P.D. only,04 - Sideswipe,0
14-9146,GREENBANK RD @ WEST HUNT CLUB RD,361480.15093,5020500.58347,-75.77700076390,45.32216680280,2014-09-16,4:15:00 PM,01 - Clear,01 - Daylight,01 - Dry,01 - Traffic signal,01 - Functioning,03 - P.D. only,03 - Rear end,0
14-9147,BASELINE RD @ MERIVALE RD,365055.17033,5025325.51490,-75.73081491050,45.36528315890,2014-09-16,5:23:00 PM,01 - Clear,01 - Daylight,01 - Dry,01 - Traffic signal,01 - Functioning,03 - P.D. only,03 - Rear end,0
14-9148,MONTREAL RD btwn ST. LAURENT BLVD & HILLSIDE DR,371657.07731,5033874.46674,-75.64538842400,45.44160449900,2014-09-16,5:50:00 PM,01 - Clear,01 - Daylight,01 - Dry,10 - No control,,03 - P.D. only,05 - Turning movement,0
14-9149,LOLA ST @ DONALD ST,371096.14780,5032358.63613,-75.65276192970,45.42801915200,2014-09-16,6:20:00 PM,01 - Clear,05 - Dusk,01 - Dry,01 - Traffic signal,01 - Functioning,03 - P.D. only,03 - Rear end,0
14-9150,DATA CENTRE RD @ RIVERSIDE DR,368895.07933,5027672.85497,-75.68149691910,45.38606324760,2014-09-16,7:00:00 PM,01 - Clear,01 - Daylight,01 - Dry,01 - Traffic signal,01 - Functioning,03 - P.D. only,03 - Rear end,0
14-9151,INNES RD @ TENTH LINE RD,383950.33850,5036159.56080,-75.48790285270,45.46088004690,2014-09-16,9:09:00 PM,01 - Clear,07 - Dark,01 - Dry,01 - Traffic signal,01 - Functioning,03 - P.D. only,03 - Rear end,0
14-9152,LEITRIM RD btwn HAWTHORNE RD & RAMSAYVILLE RD,377919.94457,5023226.08720,-75.56692060290,45.34516971310,2014-09-16,9:22:00 PM,01 - Clear,07 - Dark,01 - Dry,10 - No control,,03 - P.D. only,07 - SMV other,0
14-9153,BANK ST @ CONROY RD,375044.27617,5022236.60317,-75.60375272210,45.33656061980,2014-09-16,9:41:00 PM,01 - Clear,07 - Dark,01 - Dry,01 - Traffic signal,01 - Functioning,03 - P.D. only,03 - Rear end,0
14-9154,ANDERSON RD @ MITCH OWENS RD,382812.27533,5019043.52063,-75.50515800690,45.30701065360,2014-09-17,2:50:00 AM,01 - Clear,07 - Dark,01 - Dry,02 - Stop sign,01 - Functioning,03 - P.D. only,07 - SMV other,0
14-9155,BANK ST @ CONROY RD,375043.32830,5022237.55103,-75.60376468040,45.33656924260,2014-09-17,7:25:00 AM,01 - Clear,01 - Daylight,08 - Loose sand or gravel,01 - Traffic signal,01 - Functioning,03 - P.D. only,03 - Rear end,0
14-9156,MILTON RD/SABOURIN RD @ RUSSELL RD,389748.64540,5025322.70976,-75.41564027960,45.36270040110,2014-09-17,8:08:00 AM,01 - Clear,01 - Daylight,01 - Dry,02 - Stop sign,01 - Functioning,03 - P.D. only,07 - SMV other,0
14-9157,CARP RD @ GALETTA SIDE RD,328153.00690,5035348.65250,-76.20140169270,45.45767680740,2014-09-17,7:00:00 AM,01 - Clear,01 - Daylight,01 - Dry,02 - Stop sign,01 - Functioning,03 - P.D. only,07 - SMV other,0
14-9158,O'CONNOR ST btwn ARGYLE AVE & CATHERINE ST,368191.39846,5030473.44694,-75.69012218670,45.41132615790,2014-09-17,9:01:00 AM,01 - Clear,01 - Daylight,01 - Dry,10 - No control,,03 - P.D. only,03 - Rear end,0
14-9159,HUNTMAR DR @ RICHARDSON SIDE RD,348209.53542,5018981.98744,-75.94640166110,45.30944808900,2014-09-17,9:24:00 AM,01 - Clear,01 - Daylight,01 - Dry,02 - Stop sign,01 - Functioning,03 - P.D. only,02 - Angle,0
14-9160,ROBERTSON RD btwn HAZELDEAN RD & HAANEL DR,354111.90821,5018679.85758,-75.87116351630,45.30633983540,2014-09-17,9:36:00 AM,01 - Clear,01 - Daylight,01 - Dry,10 - No control,,02 - Non-fatal injury,07 - SMV other,1
14-9161,CUMBERLAND ST @ RIDEAU ST,368372.61076,5032331.39918,-75.68756755590,45.42802693640,2014-09-17,10:38:00 AM,01 - Clear,01 - Daylight,01 - Dry,01 - Traffic signal,01 - Functioning,03 - P.D. only,05 - Turning movement,0
14-9162,MAGIC MORNING WAY btwn EVENING SHADOW AVE & NIGHTSHADE PL,379398.78800,5013429.46900,-75.54952580050,45.25686884790,2014-09-12,7:00:00 AM,01 - Clear,01 - Daylight,01 - Dry,10 - No control,,03 - P.D. only,06 - SMV unattended vehicle,0
14-9163,MEADOWLANDS DR/TALLWOOD DR @ WOODROFFE AVE,363056.21567,5022728.59857,-75.75663628510,45.34208533150,2014-09-16,4:15:00 PM,01 - Clear,01 - Daylight,01 - Dry,01 - Traffic signal,01 - Functioning,03 - P.D. only,03 - Rear end,0
14-9164,BASELINE RD @ GREENBANK RD,360597.21037,5022582.60447,-75.78802777800,45.34097157490,2014-09-17,11:24:00 AM,01 - Clear,01 - Daylight,01 - Dry,01 - Traffic signal,01 - Functioning,02 - Non-fatal injury,03 - Rear end,0
14-9165,BLAIR RD @ INNES RD,375579.32732,5031439.55510,-75.59560771140,45.41931047520,2014-09-17,9:45:00 AM,02 - Rain,01 - Daylight,02 - Wet,01 - Traffic signal,01 - Functioning,02 - Non-fatal injury,03 - Rear end,0
14-9166,MONTREAL RD @ VANIER PKWY,370073.18373,5033063.69637,-75.66574013170,45.43445920930,2014-09-17,12:13:00 PM,01 - Clear,01 - Daylight,01 - Dry,01 - Traffic signal,01 - Functioning,02 - Non-fatal injury,03 - Rear end,0
14-9167,BANK ST @ HUNT CLUB RD,371608.26257,5024095.55833,-75.64733676480,45.35362248420,2014-09-16,5:30:00 PM,03 - Snow,01 - Daylight,02 - Wet,01 - Traffic signal,01 - Functioning,03 - P.D. only,03 - Rear end,0
14-9168,CASTLEFRANK RD @ HAZELDEAN RD,352677.40417,5017676.76900,-75.88955244660,45.29741305480,2014-09-17,1:50:00 PM,01 - Clear,01 - Daylight,01 - Dry,01 - Traffic signal,01 - Functioning,03 - P.D. only,05 - Turning movement,0
14-9169,CLYDE AVE btwn MAITLAND AVE & BASELINE RD,364291.72504,5025046.69765,-75.74059334410,45.36283961320,2014-09-17,8:50:00 AM,01 - Clear,01 - Daylight,01 - Dry,10 - No control,,02 - Non-fatal injury,02 - Angle,0
14-9170,RIVERSIDE DR NB btwn INDUSTRIAL AVE & TREMBLAY RD,370779.45267,5030877.96678,-75.65700702080,45.41472665270,2014-09-17,2:51:00 PM,01 - Clear,01 - Daylight,01 - Dry,10 - No control,,03 - P.D. only,04 - Sideswipe,0
14-9171,JOSEPH CYR ST @ CYRVILLE RD,372511.34763,5031981.51527,-75.63473014380,45.42449042590,2014-09-17,2:30:00 PM,01 - Clear,01 - Daylight,01 - Dry,02 - Stop sign,01 - Functioning,03 - P.D. only,04 - Sideswipe,0
14-9172,BYRON AVE @ ROOSEVELT AVE,363035.68940,5028062.81643,-75.75626947020,45.39008373150,2014-09-17,3:24:00 PM,01 - Clear,01 - Daylight,01 - Dry,01 - Traffic signal,01 - Functioning,03 - P.D. only,02 - Angle,0
14-9173,JOCKVALE RD @ STRANDHERD DR,363560.95443,5014577.83720,-75.75116251280,45.26870290990,2014-09-17,3:30:00 PM,01 - Clear,01 - Daylight,01 - Dry,01 - Traffic signal,01 - Functioning,03 - P.D. only,05 - Turning movement,0
14-9174,PRINCE OF WALES DR @ WEST HUNT CLUB RD,367458.23637,5021890.55543,-75.70057683550,45.33416540510,2014-09-17,3:39:00 PM,01 - Clear,01 - Daylight,01 - Dry,01 - Traffic signal,01 - Functioning,03 - P.D. only,03 - Rear end,0
14-9175,SNAKE ISLAND RD @ STAGECOACH RD,378064.17930,5006582.33307,-75.56753582430,45.19540079190,2014-09-17,4:09:00 PM,01 - Clear,01 - Daylight,01 - Dry,02 - Stop sign,01 - Functioning,03 - P.D. only,05 - Turning movement,0
14-9176,CRAIG ST btwn FIFTH AVE & ELLA ST,367982.32709,5029141.78007,-75.69296361900,45.39936313880,2014-09-17,4:37:00 PM,01 - Clear,01 - Daylight,01 - Dry,10 - No control,,03 - P.D. only,06 - SMV unattended vehicle,0
14-9177,ALBERT ST btwn METCALFE ST & ELGIN ST,367728.19339,5031638.22645,-75.69589068760,45.42184827580,2014-09-17,5:11:00 PM,01 - Clear,01 - Daylight,01 - Dry,10 - No control,,03 - P.D. only,04 - Sideswipe,0
14-9178,LYON ST @ SLATER ST,367102.23067,5031152.58740,-75.70394999500,45.41753467130,2014-09-17,5:13:00 PM,01 - Clear,01 - Daylight,01 - Dry,01 - Traffic signal,01 - Functioning,03 - P.D. only,04 - Sideswipe,0
14-9179,HAZELDEAN RD btwn CEDAROW CRT & FRINGEWOOD DR,350605.45164,5015778.60758,-75.91614415700,45.28047096400,2014-09-17,5:24:00 PM,01 - Clear,01 - Daylight,01 - Dry,10 - No control,,03 - P.D. only,03 - Rear end,0
14-9180,BANK ST @ RIVERSIDE DR S,369306.13890,5027893.60503,-75.67621932310,45.38801175090,2014-09-17,4:30:00 PM,01 - Clear,01 - Daylight,01 - Dry,01 - Traffic signal,01 - Functioning,03 - P.D. only,03 - Rear end,0
14-9181,BEATRICE DR @ STRANDHERD DR,365526.90307,5015320.53403,-75.72602029370,45.27521867290,2014-09-17,6:15:00 PM,01 - Clear,05 - Dusk,01 - Dry,01 - Traffic signal,01 - Functioning,03 - P.D. only,05 - Turning movement,0
14-9182,HAWTHORNE AVE/ISABELLA ST @ QUEEN ELIZABETH DR,368664.76138,5030477.04726,-75.68407473020,45.41131551540,2014-08-05,2:30:00 PM,01 - Clear,01 - Daylight,01 - Dry,01 - Traffic signal,01 - Functioning,02 - Non-fatal injury,02 - Angle,0
14-9183,LUMBERMAN WAY btwn STONEBOAT CRES & AXMINSTER CRT,380540.69684,5037306.64263,-75.53131884250,45.47157853830,2014-09-17,7:37:00 PM,02 - Rain,07 - Dark,02 - Wet,10 - No control,,03 - P.D. only,06 - SMV unattended vehicle,0
14-9184,MERIVALE RD @ BONGARD AVE,365872.17463,5021314.53983,-75.72088172080,45.32912232680,2014-09-17,5:15:00 PM,01 - Clear,01 - Daylight,01 - Dry,02 - Stop sign,01 - Functioning,03 - P.D. only,03 - Rear end,0
14-9185,BRONSON AVE @ KIPPEWA DR,367556.71680,5029075.08184,-75.69840794610,45.39880128650,2014-09-17,9:26:00 PM,02 - Rain,07 - Dark,02 - Wet,02 - Stop sign,00 - Unknown,03 - P.D. only,04 - Sideswipe,0
14-9186,DALHOUSIE ST @ RIDEAU ST,368205.75898,5032227.10614,-75.68971306700,45.42710368940,2014-09-17,9:58:00 PM,02 - Rain,07 - Dark,02 - Wet,01 - Traffic signal,01 - Functioning,02 - Non-fatal injury,05 - Turning movement,0
14-9187,HUNTMAR DR btwn PALLADIUM DR & MAPLE GROVE RD,349750.96205,5017282.02408,-75.92689907900,45.29405434460,2014-09-17,11:10:00 PM,02 - Rain,07 - Dark,02 - Wet,10 - No control,,02 - Non-fatal injury,03 - Rear end,0
14-9188,BEECHWOOD AVE btwn LANGEVIN AVE & ST. CHARLES ST,369404.68630,5033777.40317,-75.67418966210,45.44094293700,2014-09-18,12:46:00 AM,02 - Rain,07 - Dark,02 - Wet,10 - No control,,02 - Non-fatal injury,07 - SMV other,0
14-9189,PARKDALE AVE @ WESTMOUNT AVE/HWY 417 PARKDAL I,365300.41410,5028922.50617,-75.72724374750,45.39762705460,2014-09-18,6:00:00 AM,01 - Clear,03 - Dawn,01 - Dry,01 - Traffic signal,01 - Functioning,03 - P.D. only,03 - Rear end,0
14-9190,MACDONALD-CARTIER BR RAMP SB-1 btwn MACDONALD-CARTIER BR & CATHCART ST,367537.55983,5033174.65874,-75.69813067090,45.43568970040,2014-09-18,7:04:00 AM,01 - Clear,01 - Daylight,01 - Dry,10 - No control,,02 - Non-fatal injury,04 - Sideswipe,0
14-9191,CARLING AVE btwn DEFENSE  RESEARCH COMPLEX & RIFLE RD,353754.03713,5023238.06710,-75.87527619740,45.34738042990,2014-09-18,7:47:00 AM,01 - Clear,01 - Daylight,01 - Dry,10 - No control,,02 - Non-fatal injury,07 - SMV other,0
14-9192,FRANKTOWN RD btwn JOY'S RD & PERTH ST,355306.15194,5004931.19014,-75.85733167530,45.18254073590,2014-09-18,7:59:00 AM,01 - Clear,01 - Daylight,01 - Dry,10 - No control,,03 - P.D. only,03 - Rear end,0
14-9193,INNES RD @ PORTOBELLO BLVD,385631.29577,5036891.60373,-75.46629152430,45.46727379580,2014-09-18,8:08:00 AM,01 - Clear,01 - Daylight,01 - Dry,01 - Traffic signal,01 - Functioning,02 - Non-fatal injury,02 - Angle,0
14-9194,INDUSTRIAL AVE @ RIVERSIDE DR,370685.19253,5030591.60553,-75.65824949460,45.41215896990,2014-09-18,8:24:00 AM,01 - Clear,01 - Daylight,01 - Dry,01 - Traffic signal,01 - Functioning,03 - P.D. only,04 - Sideswipe,0