Record,Location,X,Y,Longitude,Latitude,Date,Time,Environment,Light,Road_Surface,Traffic_Control,Collision_Location,Collision_Classification,Impact_type,Pedestrian
14-9195,ELLIOT AVE btwn MAIN ST & MARLOWE CRES,369507.13052,5029528.92623,-75.67343831970,45.40270728000,2014-09-17,8:15:00 PM,02 - Rain,07 - Dark,02 - Wet,10 - No control,,03 - P.D. only,06 - SMV unattended vehicle,0
14-9196,CATHERINE ST/HWY 417 O'CONN IC119BR76 @ O'CONN,368244.28991,5030393.44862,-75.68945681960,45.41060156640,2014-09-18,8:44:00 AM,01 - Clear,01 - Daylight,01 - Dry,01 - Traffic signal,01 - Functioning,03 - P.D. only,04 - Sideswipe,0
14-9197,CARP RD/HWY 417 CARP IC144R63 @ HWY 417 CARP I,347299.58238,5015924.51437,-75.95826771730,45.28199151660,2014-09-18,9:05:00 AM,01 - Clear,01 - Daylight,01 - Dry,01 - Traffic signal,01 - Functioning,03 - P.D. only,03 - Rear end,0
14-9198,"MONTREAL RD btwn MONTREAL RD & EGLISE, RUE DE L",371109.63055,5033611.08935,-75.65242096230,45.43928689010,2014-09-18,9:00:00 AM,01 - Clear,01 - Daylight,01 - Dry,10 - No control,,03 - P.D. only,04 - Sideswipe,0
14-9199,ST. LAURENT BLVD @ TREMBLAY RD,372595.23997,5031241.57600,-75.63376004410,45.41782467450,2014-09-18,9:15:00 AM,01 - Clear,01 - Daylight,01 - Dry,01 - Traffic signal,00 - Unknown,03 - P.D. only,04 - Sideswipe,0
14-9200,PARKDALE AVE @ GLADSTONE AVE,365215.27990,5029119.50897,-75.72830691590,45.39940699330,2014-09-18,9:39:00 AM,01 - Clear,01 - Daylight,01 - Dry,01 - Traffic signal,01 - Functioning,03 - P.D. only,03 - Rear end,0
14-9201,BOTELER ST @ KING EDWARD AVE,367974.29330,5033245.44203,-75.69254010900,45.43628726200,2014-09-18,9:50:00 AM,01 - Clear,01 - Daylight,01 - Dry,03 - Yield sign,02 - Not functioning,03 - P.D. only,03 - Rear end,0
14-9202,GREENBANK RD @ HWY 417 IC129 RAMP57/IRIS ST,360530.83394,5023310.95006,-75.78879261670,45.34753049540,2014-09-18,10:36:00 AM,01 - Clear,01 - Daylight,01 - Dry,01 - Traffic signal,01 - Functioning,02 - Non-fatal injury,03 - Rear end,0
14-9203,CLYDE AVE btwn CLYDE AVE & STARWOOD RD,364443.10802,5024693.53936,-75.73870374440,45.35964908100,2014-09-18,9:00:00 AM,01 - Clear,01 - Daylight,01 - Dry,10 - No control,,03 - P.D. only,02 - Angle,0
14-9204,MAITLAND AVE btwn HWY417 IC126 RAMP25 & WOODWARD DR,363263.74199,5025689.06768,-75.75363832030,45.36870607050,2014-09-18,10:50:00 AM,01 - Clear,01 - Daylight,01 - Dry,10 - No control,,03 - P.D. only,03 - Rear end,0
14-9205,BANK ST @ CONROY RD,375044.75010,5022239.92408,-75.60374620500,45.33659045250,2014-09-18,11:30:00 AM,01 - Clear,01 - Daylight,01 - Dry,01 - Traffic signal,00 - Unknown,02 - Non-fatal injury,05 - Turning movement,0
14-9206,SMYTH RD btwn BARNHART PL & FREEDOM PRIV,370973.86752,5029120.91245,-75.65475915710,45.39889901990,2014-09-18,11:46:00 AM,01 - Clear,01 - Daylight,01 - Dry,10 - No control,,03 - P.D. only,03 - Rear end,0
14-9207,BANK ST btwn ARENA PL & WHITE ALDER AVE,375405.01810,5021500.53005,-75.59925558490,45.32990153200,2014-09-18,12:25:00 PM,01 - Clear,01 - Daylight,01 - Dry,10 - No control,,02 - Non-fatal injury,01 - Approaching,0
14-9208,AMBERWOOD CRES @ MERIVALE RD,366410.17943,5020017.43017,-75.71418023660,45.31740408470,2014-09-17,1:35:00 PM,01 - Clear,01 - Daylight,01 - Dry,02 - Stop sign,01 - Functioning,03 - P.D. only,02 - Angle,0
14-9209,INNES RD btwn 260 E OF BELCOURT BLVD/WALMART SC & JEANNE D'ARC BLVD/ME,382414.53085,5035438.64375,-75.50765205400,45.45456615520,2014-09-18,12:46:00 PM,01 - Clear,01 - Daylight,01 - Dry,10 - No control,,03 - P.D. only,04 - Sideswipe,0
14-9210,BRONSON AVE @ GILMOUR ST,367033.60324,5030322.99238,-75.70493153330,45.41007632890,2014-09-18,1:05:00 PM,01 - Clear,01 - Daylight,01 - Dry,10 - No control,,03 - P.D. only,05 - Turning movement,0
14-9211,TENTH LINE RD @ VANGUARD DR,384073.23713,5035877.40690,-75.48637708410,45.45832754910,2014-09-18,1:05:00 PM,01 - Clear,01 - Daylight,01 - Dry,01 - Traffic signal,01 - Functioning,03 - P.D. only,02 - Angle,0
14-9212,ST. LAURENT BLVD btwn CLAREMONT DR & HEMLOCK RD,371128.17335,5034823.30396,-75.65202056880,45.45019207520,2014-09-16,11:10:00 AM,01 - Clear,01 - Daylight,01 - Dry,09 - Traffic controller,00 - Unknown,02 - Non-fatal injury,07 - SMV other,1
14-9213,MONTREAL RD/HANNAH ST @ CODY AVE,370255.11184,5033169.12695,-75.66340113100,45.43539082360,2014-09-18,3:30:00 PM,01 - Clear,01 - Daylight,01 - Dry,01 - Traffic signal,01 - Functioning,03 - P.D. only,05 - Turning movement,0
14-9214,HOPE SIDE RD @ FREEPORT DR,355435.22104,5014672.43722,-75.85469841340,45.27018611990,2014-09-18,3:05:00 PM,01 - Clear,01 - Daylight,01 - Dry,02 - Stop sign,00 - Unknown,03 - P.D. only,03 - Rear end,0
14-9215,CARLING AVE @ HOLLAND AVE,365417.66256,5028038.06487,-75.72585496440,45.38965890480,2014-09-18,4:42:00 PM,01 - Clear,01 - Daylight,01 - Dry,01 - Traffic signal,01 - Functioning,02 - Non-fatal injury,02 - Angle,0
14-9216,LAURIER AVE   E btwn SWEETLAND AVE & FRIEL ST,368963.36303,5032172.81105,-75.68003941480,45.42654607550,2014-09-18,4:54:00 PM,01 - Clear,01 - Daylight,01 - Dry,10 - No control,,03 - P.D. only,03 - Rear end,0
14-9217,BANK ST btwn HOPEWELL AVE & GLEN AVE,368773.92157,5028487.43796,-75.68293836060,45.39340369170,2014-09-18,5:08:00 PM,01 - Clear,01 - Daylight,01 - Dry,10 - No control,,02 - Non-fatal injury,04 - Sideswipe,0
14-9218,CONROY RD @ ST. LAURENT BLVD,373069.49357,5027160.24977,-75.62826597440,45.38105662310,2014-09-18,5:13:00 PM,01 - Clear,01 - Daylight,01 - Dry,01 - Traffic signal,01 - Functioning,03 - P.D. only,03 - Rear end,0
14-9219,ALTA VISTA DR @ EDGE HILL PL,370371.24567,5026294.52840,-75.66283111870,45.37352489590,2014-09-18,5:15:00 PM,01 - Clear,01 - Daylight,01 - Dry,02 - Stop sign,00 - Unknown,02 - Non-fatal injury,03 - Rear end,0
14-9220,CATHERINE ST @ KENT ST,367908.21447,5030189.32486,-75.69377611000,45.40879531150,2014-09-18,5:28:00 PM,01 - Clear,01 - Daylight,01 - Dry,01 - Traffic signal,01 - Functioning,03 - P.D. only,02 - Angle,0
14-9221,KIRKWOOD AVE @ RICHMOND RD,363778.21577,5028641.55500,-75.74671827340,45.39522898390,2014-09-18,5:32:00 PM,01 - Clear,01 - Daylight,01 - Dry,01 - Traffic signal,01 - Functioning,03 - P.D. only,05 - Turning movement,0
14-9222,TENTH LINE RD btwn OLD TENTH LINE RD & TOMPKINS AVE,383136.06260,5038124.80133,-75.49800013220,45.47865329830,2014-09-13,9:40:00 AM,01 - Clear,01 - Daylight,01 - Dry,10 - No control,,03 - P.D. only,04 - Sideswipe,0
14-9223,KING EDWARD AVE @ OSGOODE ST/THOMAS MORE PRIV,368847.33713,5031852.57500,-75.68156362770,45.42367534200,2014-09-18,7:18:00 PM,01 - Clear,05 - Dusk,01 - Dry,01 - Traffic signal,00 - Unknown,02 - Non-fatal injury,07 - SMV other,0
14-9224,WESTMINSTER AVE btwn SKEAD ST & RICHMOND RD,362335.48573,5027650.71752,-75.76525910180,45.38643359300,2014-09-18,5:30:00 PM,01 - Clear,01 - Daylight,01 - Dry,10 - No control,,03 - P.D. only,04 - Sideswipe,0
14-9225,KING EDWARD AVE btwn THOMAS MORE PRIV & MARIE CURIE PRIV,368852.44201,5031848.33592,-75.68149895210,45.42363673270,2014-09-18,9:01:00 PM,01 - Clear,07 - Dark,01 - Dry,10 - No control,,03 - P.D. only,06 - SMV unattended vehicle,0
14-9226,ST. LAURENT BLVD @ WALKLEY RD,373902.75010,5028047.10859,-75.61750321670,45.38895448290,2014-09-18,5:00:00 PM,01 - Clear,01 - Daylight,01 - Dry,01 - Traffic signal,01 - Functioning,03 - P.D. only,03 - Rear end,0
14-9227,LIMEBANK RD btwn EARL ARMSTRONG RD & RIDEAU RD,370847.18268,5014120.85510,-75.65837859430,45.26394455940,2014-09-18,9:17:00 PM,01 - Clear,07 - Dark,01 - Dry,10 - No control,,03 - P.D. only,07 - SMV other,0
14-9228,HWY 417 ST.LAURE IC115R51 @ ST. LAURENT BLVD,372530.01060,5031410.39499,-75.63457019850,45.41934994690,2014-09-18,10:41:00 PM,01 - Clear,07 - Dark,01 - Dry,01 - Traffic signal,01 - Functioning,02 - Non-fatal injury,03 - Rear end,0
14-9229,BANK ST btwn LAURIER AVE W & GLOUCESTER ST,367494.44438,5031245.68309,-75.69892723620,45.41833728290,2014-09-19,6:04:00 AM,01 - Clear,03 - Dawn,01 - Dry,10 - No control,,03 - P.D. only,05 - Turning movement,0
14-9230,JEANNE D'ARC BLVD  S btwn YOUVILLE DR & ST. JOSEPH BLVD,379850.78989,5036483.90317,-75.54026675310,45.46425065100,2014-09-19,6:44:00 AM,01 - Clear,03 - Dawn,01 - Dry,10 - No control,,03 - P.D. only,03 - Rear end,0
14-9231,JOSEPH DROUIN AVE btwn ST. JEAN ST & PARC DU VILLAGE ST,380936.58146,5037507.22143,-75.52622535220,45.47334013470,2014-09-17,8:00:00 PM,01 - Clear,07 - Dark,01 - Dry,10 - No control,,03 - P.D. only,06 - SMV unattended vehicle,0
14-9232,PRINCE OF WALES DR btwn FAIRPARK DR & WATERBRIDGE DR,367314.65527,5015914.92098,-75.70316226520,45.28041024490,2014-09-19,7:51:00 AM,01 - Clear,01 - Daylight,01 - Dry,10 - No control,,03 - P.D. only,05 - Turning movement,0
14-9233,FLEWELLYN RD @ SHEA RD,352994.07413,5012172.50947,-75.88604933730,45.24786255300,2014-09-19,8:21:00 AM,01 - Clear,01 - Daylight,01 - Dry,02 - Stop sign,01 - Functioning,02 - Non-fatal injury,01 - Approaching,0
14-9234,INNES RD btwn BLAIR RD & ANDERSON RD,375665.19571,5031499.88764,-75.59450197680,45.41984462090,2014-09-19,8:30:00 AM,01 - Clear,01 - Daylight,01 - Dry,10 - No control,,03 - P.D. only,03 - Rear end,0
14-9235,KING EDWARD AVE @ GEORGE ST,368462.35675,5032481.59570,-75.68640133830,45.42937018730,2014-09-19,8:52:00 AM,01 - Clear,01 - Daylight,01 - Dry,02 - Stop sign,00 - Unknown,03 - P.D. only,04 - Sideswipe,0
14-9236,HAMILTON AVE   N btwn WELLINGTON ST W & TYNDALL ST,365093.34573,5029194.39629,-75.72985510280,45.40009132420,2014-09-19,9:03:00 AM,01 - Clear,01 - Daylight,01 - Dry,10 - No control,,03 - P.D. only,06 - SMV unattended vehicle,0
14-9237,ALTA VISTA DR @ BANK ST,370245.69943,5026201.68727,-75.66444613850,45.37270127810,2014-08-15,7:15:00 PM,01 - Clear,01 - Daylight,01 - Dry,01 - Traffic signal,01 - Functioning,03 - P.D. only,03 - Rear end,0
14-9238,HWY 417 CASTLEFR IC139R61 @ KANATA AVE,351615.15794,5019226.17203,-75.90294924300,45.31142656120,2014-09-19,10:02:00 AM,01 - Clear,01 - Daylight,01 - Dry,01 - Traffic signal,01 - Functioning,03 - P.D. only,02 - Angle,0
14-9239,MOODIE DR btwn CORKSTOWN RD & HWY417 IC134 RAMP62,356351.81214,5022724.53048,-75.84218052100,45.34257345580,2014-09-19,8:15:00 AM,01 - Clear,01 - Daylight,01 - Dry,10 - No control,,03 - P.D. only,04 - Sideswipe,0
14-9240,ALBERT ST @ KENT ST (OTTAWA),367220.73094,5031320.05543,-75.70241482310,45.41903093490,2014-09-19,10:23:00 AM,01 - Clear,01 - Daylight,01 - Dry,01 - Traffic signal,01 - Functioning,02 - Non-fatal injury,02 - Angle,0
14-9241,KING EDWARD AVE @ TEMPLETON ST,369060.18293,5031506.63383,-75.67888915780,45.42054317010,2014-09-19,10:39:00 AM,01 - Clear,01 - Daylight,01 - Dry,01 - Traffic signal,01 - Functioning,03 - P.D. only,03 - Rear end,0
14-9242,HAZELDEAN RD @ TERRY FOX DR,352208.08493,5017241.50313,-75.89557764570,45.29352824490,2014-09-19,9:55:00 AM,01 - Clear,01 - Daylight,01 - Dry,01 - Traffic signal,01 - Functioning,03 - P.D. only,04 - Sideswipe,0
14-9243,HINCHEY AVE @ ARMSTRONG ST,365236.70380,5029471.04006,-75.72799021270,45.40256814150,2014-09-19,12:03:00 PM,01 - Clear,01 - Daylight,01 - Dry,02 - Stop sign,01 - Functioning,02 - Non-fatal injury,02 - Angle,0
14-9244,HINCKS LANE @ RIVERSIDE DR,370167.01221,5030207.63141,-75.66491998300,45.40875271030,2014-09-19,12:06:00 PM,01 - Clear,01 - Daylight,01 - Dry,02 - Stop sign,00 - Unknown,03 - P.D. only,02 - Angle,0
14-9245,BESSERER ST @ WALLER ST,368315.07855,5032192.83167,-75.68832059010,45.42678538200,2014-09-19,11:35:00 AM,01 - Clear,01 - Daylight,01 - Dry,01 - Traffic signal,01 - Functioning,03 - P.D. only,04 - Sideswipe,0
14-9246,BANTREE ST btwn EDINBURGH PL & BLACKWELL ST,374268.55913,5029883.96204,-75.61257343020,45.40544541450,2014-09-19,12:58:00 PM,01 - Clear,01 - Daylight,01 - Dry,10 - No control,,02 - Non-fatal injury,05 - Turning movement,0
14-9247,GLEN AVE btwn GROVE AVE & SENECA ST,368254.94105,5028107.70293,-75.68961483610,45.39003416740,2014-09-19,1:28:00 PM,01 - Clear,01 - Daylight,01 - Dry,10 - No control,,03 - P.D. only,07 - SMV other,0
14-9248,MONTREAL RD btwn CYR AVE & HANNAH ST,370243.77892,5033161.86447,-75.66354692970,45.43532653950,2014-09-19,2:01:00 PM,01 - Clear,01 - Daylight,01 - Dry,10 - No control,,03 - P.D. only,07 - SMV other,0
14-9249,BASELINE RD @ 207 E OF CLYDE AVE,364536.90250,5025000.97550,-75.73746947980,45.36240736140,2014-09-18,2:45:00 PM,01 - Clear,01 - Daylight,01 - Dry,01 - Traffic signal,01 - Functioning,03 - P.D. only,05 - Turning movement,0
14-9250,NELSON ST @ SOMERSET ST,369094.23267,5031761.57620,-75.67842084600,45.42283391980,2014-09-19,3:09:00 PM,01 - Clear,01 - Daylight,01 - Dry,02 - Stop sign,01 - Functioning,03 - P.D. only,02 - Angle,0
14-9251,BANK ST btwn 73 N OF EVANS BLVD & EVANS AVE,369904.43321,5027089.10858,-75.66868567040,45.38071780050,2014-09-21,8:41:00 PM,01 - Clear,07 - Dark,01 - Dry,10 - No control,,03 - P.D. only,03 - Rear end,0
14-9252,MARCH RD btwn PETER ROBINSON RD & CORKERY RD,335473.40085,5015725.12386,-76.10902141860,45.28081280130,2014-09-19,3:35:00 PM,01 - Clear,01 - Daylight,01 - Dry,10 - No control,,02 - Non-fatal injury,99 - Other,0
14-9253,MOODIE DR btwn 325 N OF CORKSTOWN RD/NORTEL S ENTRANCE & CORKSTOWN RD,356274.50829,5023008.15343,-75.84313736620,45.34513119680,2014-09-19,8:30:00 AM,01 - Clear,01 - Daylight,01 - Dry,10 - No control,,03 - P.D. only,04 - Sideswipe,0
14-9254,BRONSON AVE btwn FINDLAY AVE & BRONSON AVE SB OFF RAMP 34,367743.83566,5028568.40606,-75.69608276100,45.39422556730,2014-09-19,3:37:00 PM,01 - Clear,01 - Daylight,01 - Dry,10 - No control,,03 - P.D. only,03 - Rear end,0
14-9255,ALBERT ST @ BOOTH ST,366431.79667,5030627.30561,-75.71258115830,45.41286771070,2014-09-19,3:53:00 PM,01 - Clear,01 - Daylight,01 - Dry,01 - Traffic signal,01 - Functioning,03 - P.D. only,05 - Turning movement,0
14-9256,GILMOUR ST btwn KENT ST & BANK ST,367703.35371,5030727.00776,-75.69632438570,45.41365165690,2014-09-11,12:00:00 AM,01 - Clear,00 - Unknown,01 - Dry,10 - No control,,03 - P.D. only,06 - SMV unattended vehicle,0
14-9257,CAMPEAU DR @ TERRY FOX DR,350457.02250,5019010.45520,-75.91773846510,45.30956173510,2014-09-19,4:32:00 PM,01 - Clear,01 - Daylight,01 - Dry,01 - Traffic signal,01 - Functioning,03 - P.D. only,05 - Turning movement,0
14-9258,OLYMPIA CRES @ WINGATE DR,373149.52386,5029165.34116,-75.62696646740,45.39908975590,2014-09-19,4:45:00 PM,01 - Clear,01 - Daylight,01 - Dry,03 - Yield sign,01 - Functioning,03 - P.D. only,02 - Angle,0
14-9259,FALLOWFIELD RD btwn ASHDALE AVE & PRINCE OF WALES DR,367031.20707,5018931.98895,-75.70639629810,45.30758265950,2014-09-19,4:48:00 PM,01 - Clear,01 - Daylight,01 - Dry,10 - No control,,03 - P.D. only,03 - Rear end,0
14-9260,ST. LAURENT BLVD btwn SHORE ST & BELFAST RD,372854.56296,5030593.72788,-75.63053644050,45.41197046540,2014-09-19,4:53:00 PM,01 - Clear,01 - Daylight,01 - Dry,10 - No control,,03 - P.D. only,04 - Sideswipe,0
14-9261,INNES RD @ TENTH LINE RD,383950.33850,5036156.71720,-75.48790331050,45.46085446270,2014-09-18,4:55:00 PM,01 - Clear,01 - Daylight,01 - Dry,01 - Traffic signal,01 - Functioning,03 - P.D. only,03 - Rear end,0
14-9262,GEORGE ST btwn DALHOUSIE ST & CUMBERLAND ST,368276.33707,5032387.48388,-75.68879054220,45.42854031060,2014-09-19,2:00:00 PM,01 - Clear,01 - Daylight,01 - Dry,10 - No control,,03 - P.D. only,06 - SMV unattended vehicle,0
14-9263,HAWTHORNE AVE/ISABELLA ST @ QUEEN ELIZABETH DR,368663.34183,5030476.57220,-75.68409292650,45.41131137020,2014-09-19,5:04:00 PM,01 - Clear,01 - Daylight,01 - Dry,01 - Traffic signal,01 - Functioning,03 - P.D. only,03 - Rear end,0
14-9264,KING EDWARD AVE @ TEMPLETON ST,369059.23507,5031506.63383,-75.67890126740,45.42054325720,2014-09-19,5:33:00 PM,01 - Clear,01 - Daylight,01 - Dry,01 - Traffic signal,01 - Functioning,03 - P.D. only,03 - Rear end,0
14-9265,PRINCE OF WALES DR btwn WINDING WAY & MERIVALE RD,367451.13310,5017514.09093,-75.70122089010,45.29478725910,2014-09-19,5:40:00 PM,01 - Clear,01 - Daylight,01 - Dry,10 - No control,,03 - P.D. only,03 - Rear end,0
14-9266,BLAIR RD btwn SEGUIN ST & MOWAT ST,374189.11259,5034010.16921,-75.61300696440,45.44257874470,2014-09-19,5:56:00 PM,01 - Clear,01 - Daylight,01 - Dry,10 - No control,,02 - Non-fatal injury,03 - Rear end,0
14-9267,BEECHWOOD AVE @ LANGEVIN AVE,369371.33633,5033748.66033,-75.67461968550,45.44068740110,2014-09-19,6:15:00 PM,01 - Clear,01 - Daylight,01 - Dry,02 - Stop sign,00 - Unknown,03 - P.D. only,04 - Sideswipe,0
14-9268,HARRIS PL @ INDIAN RD,363992.26860,5023339.61757,-75.74461993530,45.34750485990,2014-09-19,4:45:00 PM,01 - Clear,01 - Daylight,01 - Dry,02 - Stop sign,01 - Functioning,03 - P.D. only,02 - Angle,0
14-9269,WEST HUNT CLUB RD @ WOODROFFE AVE,363672.59124,5021246.96406,-75.74894811450,45.32870224430,2014-09-19,5:30:00 PM,01 - Clear,01 - Daylight,01 - Dry,01 - Traffic signal,01 - Functioning,03 - P.D. only,03 - Rear end,0
14-9270,JEANNE D'ARC BLVD @ SAPINIER ST,382555.75510,5035770.32731,-75.50579424850,45.45753466080,2014-09-19,8:31:00 PM,01 - Clear,07 - Dark,01 - Dry,02 - Stop sign,01 - Functioning,02 - Non-fatal injury,02 - Angle,0
14-9271,MERIVALE RD btwn WEST HUNT CLUB RD & JAMIE AVE,365652.97956,5021840.12853,-75.72361319200,45.33387054770,2014-09-19,8:55:00 PM,01 - Clear,07 - Dark,01 - Dry,10 - No control,,03 - P.D. only,02 - Angle,0
14-9272,BASELINE RD @ CORDOVA ST,363592.26640,5024410.47427,-75.74959677780,45.35717396070,2014-09-19,10:30:00 PM,01 - Clear,07 - Dark,01 - Dry,01 - Traffic signal,00 - Unknown,03 - P.D. only,02 - Angle,0
14-9273,VANIER PKWY NB btwn MONTREAL RD & MCARTHUR AVE,370213.49173,5032710.49111,-75.66399396510,45.43126810470,2014-09-19,11:02:00 PM,01 - Clear,07 - Dark,01 - Dry,10 - No control,,03 - P.D. only,04 - Sideswipe,0
14-9274,ELGIN ST btwn QUEEN ST & ALBERT ST (2),367838.35179,5031764.41212,-75.69446705400,45.42297373420,2014-09-20,1:16:00 AM,01 - Clear,07 - Dark,01 - Dry,10 - No control,,03 - P.D. only,03 - Rear end,0
14-9275,NAVAN RD btwn INNES RD & ORLEANS BLVD,379880.70540,5033219.59992,-75.54038245770,45.43487768320,2014-09-20,6:21:00 AM,01 - Clear,03 - Dawn,01 - Dry,10 - No control,,02 - Non-fatal injury,01 - Approaching,0
14-9276,CRESTVIEW RD @ HIGHRIDGE AVE,371256.57096,5028883.02336,-75.65118062410,45.39673181010,2014-09-20,8:43:00 AM,01 - Clear,01 - Daylight,01 - Dry,10 - No control,,02 - Non-fatal injury,02 - Angle,0
14-9277,BLAIR RD @ REGIONAL RD 174 N/OR174 IC112 RAMP61,374635.93839,5032992.02370,-75.60744038600,45.43337354850,2014-09-20,8:54:00 AM,01 - Clear,01 - Daylight,01 - Dry,01 - Traffic signal,01 - Functioning,02 - Non-fatal injury,02 - Angle,0
14-9278,BANK ST btwn GLEBE AVE & FIRST AVE,368242.08027,5029776.19119,-75.68956447600,45.40504788260,2014-09-20,12:32:00 PM,01 - Clear,01 - Daylight,01 - Dry,10 - No control,,03 - P.D. only,03 - Rear end,0
14-9279,KING EDWARD AVE @ STEWART ST,368634.20743,5032204.31167,-75.68424126850,45.42685962320,2014-09-20,12:38:00 PM,01 - Clear,01 - Daylight,01 - Dry,01 - Traffic signal,01 - Functioning,03 - P.D. only,03 - Rear end,0
14-9280,ROGER STEVENS DR btwn SECOND LINE RD S & DORACK DR,370394.81718,5001781.12319,-75.66576706270,45.15295473280,2014-09-20,12:40:00 PM,01 - Clear,01 - Daylight,01 - Dry,10 - No control,,02 - Non-fatal injury,05 - Turning movement,0
14-9281,POULIN AVE btwn CONN ST & PRISCILLA ST,360253.52346,5025065.47525,-75.79213442630,45.36333965130,2014-09-19,8:00:00 PM,01 - Clear,07 - Dark,01 - Dry,10 - No control,,03 - P.D. only,06 - SMV unattended vehicle,0
14-9282,RIDEAU ST btwn KING EDWARD AVE & NELSON ST,368561.40764,5032444.92256,-75.68514035580,45.42903119300,2014-09-20,1:30:00 PM,01 - Clear,01 - Daylight,01 - Dry,10 - No control,,03 - P.D. only,05 - Turning movement,0
14-9283,HAZELDEAN RD @ HUNTMAR DR/IBER RD,350943.54802,5016078.95714,-75.91180693670,45.28315149000,2014-09-20,1:35:00 PM,01 - Clear,01 - Daylight,01 - Dry,01 - Traffic signal,01 - Functioning,03 - P.D. only,03 - Rear end,0
14-9284,BANK ST @ KEMP DR,375078.28087,5022201.60767,-75.60332387910,45.33624233950,2014-09-20,3:03:00 PM,01 - Clear,01 - Daylight,01 - Dry,02 - Stop sign,01 - Functioning,03 - P.D. only,03 - Rear end,0
14-9285,WEST HUNT CLUB RD @ ANTARES DR/LASER ST,367106.28950,5022080.55383,-75.70504278330,45.33590631670,2014-09-20,3:23:00 PM,01 - Clear,01 - Daylight,01 - Dry,01 - Traffic signal,01 - Functioning,02 - Non-fatal injury,03 - Rear end,0
14-9286,EASTPARK DR btwn ALDER CRES & RED MAPLE CRES,378626.74029,5033547.43961,-75.55635819870,45.43796087420,2014-09-20,4:17:00 PM,02 - Rain,01 - Daylight,02 - Wet,10 - No control,,03 - P.D. only,06 - SMV unattended vehicle,0
14-9287,COVE ISLAND TER btwn WOLFE POINT WAY & CANYON WALK DR,368489.08216,5016129.36303,-75.68816650880,45.28223435250,2014-09-20,4:26:00 PM,02 - Rain,01 - Daylight,02 - Wet,10 - No control,,03 - P.D. only,06 - SMV unattended vehicle,0
14-9288,FISHER AVE @ PRINCE OF WALES DR,367161.23087,5023944.40703,-75.70410688710,45.35267203680,2014-09-20,4:29:00 PM,02 - Rain,01 - Daylight,02 - Wet,01 - Traffic signal,01 - Functioning,03 - P.D. only,03 - Rear end,0
14-9289,FRANK KENNY RD/TED KELLY LANE @ OLD MONTREAL R,386381.75102,5040874.19955,-75.45603425580,45.50301781780,2014-09-20,4:40:00 PM,02 - Rain,01 - Daylight,02 - Wet,02 - Stop sign,01 - Functioning,02 - Non-fatal injury,07 - SMV other,0
14-9290,ARMSTRONG ST @ MCCORMICK ST,365265.38150,5029485.43077,-75.72762215690,45.40269514930,2014-09-20,4:47:00 PM,02 - Rain,01 - Daylight,02 - Wet,02 - Stop sign,01 - Functioning,03 - P.D. only,02 - Angle,0
14-9291,PARKDALE AVE @ SCOTT ST,364948.75348,5029727.98498,-75.73163677380,45.40490487480,2014-09-20,4:55:00 PM,02 - Rain,01 - Daylight,02 - Wet,01 - Traffic signal,01 - Functioning,03 - P.D. only,05 - Turning movement,0
14-9292,DUMAURIER AVE @ RICHMOND RD,359629.08720,5023735.51140,-75.80025228830,45.35142177100,2014-09-20,5:38:00 PM,02 - Rain,01 - Daylight,02 - Wet,01 - Traffic signal,01 - Functioning,03 - P.D. only,03 - Rear end,0
14-9293,BESSERER ST @ WALLER ST,368316.09564,5032191.81459,-75.68830772610,45.42677613820,2014-09-20,3:00:00 PM,01 - Clear,01 - Daylight,01 - Dry,01 - Traffic signal,01 - Functioning,03 - P.D. only,05 - Turning movement,0
14-9294,GREENBANK RD @ STRANDHERD DR,363932.26210,5014784.41720,-75.74640645520,45.27053059990,2014-09-20,4:40:00 PM,01 - Clear,01 - Daylight,01 - Dry,01 - Traffic signal,01 - Functioning,03 - P.D. only,03 - Rear end,0
14-9295,INNES RD btwn FRANK KENNY RD & O'TOOLE RD,388505.95390,5038026.41200,-75.42934207780,45.47714498270,2014-09-20,7:02:00 PM,01 - Clear,05 - Dusk,02 - Wet,10 - No control,,03 - P.D. only,07 - SMV other,0
14-9296,NAVAHO DR @ WOODROFFE AVE/TRANSITWAY N BASELIN,362704.82010,5023489.95750,-75.76103067300,45.34896507880,2014-09-20,10:02:00 PM,01 - Clear,07 - Dark,01 - Dry,01 - Traffic signal,01 - Functioning,02 - Non-fatal injury,07 - SMV other,1
14-9297,BASELINE RD btwn FERGUSON ST & CORDOVA ST,363562.33428,5024387.19861,-75.74998155430,45.35696703770,2014-09-20,10:38:00 PM,01 - Clear,07 - Dark,01 - Dry,10 - No control,,03 - P.D. only,04 - Sideswipe,0
14-9298,DALHOUSIE ST @ MURRAY ST,368000.22517,5032572.64673,-75.69229505670,45.43023134530,2014-09-20,11:42:00 PM,02 - Rain,07 - Dark,02 - Wet,01 - Traffic signal,01 - Functioning,03 - P.D. only,05 - Turning movement,0
14-9299,ELGIN ST @ LAURIER AVE,367946.80966,5031549.10074,-75.69310886570,45.42102665260,2014-09-21,12:36:00 AM,02 - Rain,07 - Dark,02 - Wet,01 - Traffic signal,01 - Functioning,03 - P.D. only,05 - Turning movement,0
14-9300,LAURIER AVE @ NICHOLAS ST,368373.63700,5031797.79484,-75.68762331500,45.42322565930,2014-09-21,1:13:00 AM,02 - Rain,07 - Dark,02 - Wet,01 - Traffic signal,01 - Functioning,03 - P.D. only,03 - Rear end,0