Record,Location,X,Y,Longitude,Latitude,Date,Time,Environment,Light,Road_Surface,Traffic_Control,Collision_Location,Collision_Classification,Impact_type,Pedestrian
14-9301,DALY AVE @ NICHOLAS ST,368226.16524,5032045.13327,-75.68947574800,45.42546451180,2014-09-21,2:53:00 AM,02 - Rain,07 - Dark,02 - Wet,01 - Traffic signal,01 - Functioning,03 - P.D. only,01 - Approaching,0
14-9302,NICHOLAS ST btwn DALY AVE & SB RAMP FROM WALLER/NICHOLAS/MACKENZIE KIN,368237.65361,5032034.25143,-75.68933035380,45.42536555840,2014-09-21,3:23:00 AM,01 - Clear,07 - Dark,02 - Wet,10 - No control,,03 - P.D. only,04 - Sideswipe,0
14-9303,REGIONAL ROAD 174 btwn QUIGLEY HILL RD & REGIONAL ROAD 174 DIVIDED,388267.13153,5042390.72910,-75.43165392620,45.51643878460,2014-09-21,4:30:00 AM,01 - Clear,07 - Dark,02 - Wet,10 - No control,,03 - P.D. only,07 - SMV other,0
14-9304,LAURIER AVE @ NICHOLAS ST,368373.16307,5031799.21777,-75.68762918650,45.42323850600,2014-09-20,11:45:00 PM,01 - Clear,07 - Dark,01 - Dry,01 - Traffic signal,01 - Functioning,03 - P.D. only,04 - Sideswipe,0
14-9305,MCCALLUM DR btwn NICOLET WAY & NICOLET WAY,385089.19673,5037498.45936,-75.47312386670,45.47279622090,2014-09-20,12:00:00 PM,01 - Clear,01 - Daylight,01 - Dry,10 - No control,,03 - P.D. only,06 - SMV unattended vehicle,0
14-9306,210 W OF MERIVALE RD @ WEST HUNT CLUB RD,365433.33033,5021829.17646,-75.72641665070,45.33379101670,2014-09-21,11:09:00 AM,02 - Rain,01 - Daylight,02 - Wet,01 - Traffic signal,01 - Functioning,02 - Non-fatal injury,02 - Angle,0
14-9307,ALBION RD @ FINDLAY CREEK DR,374010.02490,5019208.54300,-75.61737035090,45.30941798830,2014-09-21,11:28:00 AM,02 - Rain,01 - Daylight,02 - Wet,01 - Traffic signal,01 - Functioning,03 - P.D. only,05 - Turning movement,0
14-9308,CARP RD @ HAZELDEAN RD,348804.10197,5014359.48833,-75.93922958210,45.26781627960,2014-09-21,11:58:00 AM,02 - Rain,01 - Daylight,02 - Wet,01 - Traffic signal,01 - Functioning,03 - P.D. only,03 - Rear end,0
14-9309,RENAUD RD @ RENAUD RD N,379763.78474,5032026.10612,-75.54205830610,45.42415202140,2014-09-21,12:17:00 PM,02 - Rain,01 - Daylight,02 - Wet,02 - Stop sign,00 - Unknown,02 - Non-fatal injury,07 - SMV other,0
14-9310,DALHOUSIE ST @ GUIGUES AVE,367911.27590,5032714.53597,-75.69341353840,45.43151604820,2014-09-21,1:15:00 PM,02 - Rain,01 - Daylight,02 - Wet,02 - Stop sign,01 - Functioning,03 - P.D. only,04 - Sideswipe,0
14-9311,TENTH LINE RD btwn ST. JOSEPH BLVD & OLD TENTH LINE RD,382939.08912,5038569.54759,-75.50044848390,45.48267679440,2014-09-21,1:48:00 PM,02 - Rain,01 - Daylight,02 - Wet,10 - No control,,03 - P.D. only,03 - Rear end,0
14-9312,RAMSAYVILLE RD @ RUSSELL RD N,377776.33970,5026759.48107,-75.56823116300,45.37697625140,2014-09-21,2:43:00 PM,02 - Rain,01 - Daylight,02 - Wet,02 - Stop sign,01 - Functioning,03 - P.D. only,07 - SMV other,0
14-9313,ST. JOSEPH BLVD @ TENTH LINE RD,382890.32987,5038667.40067,-75.50105655330,45.48356264360,2014-09-21,3:57:00 PM,01 - Clear,01 - Daylight,01 - Dry,01 - Traffic signal,01 - Functioning,03 - P.D. only,03 - Rear end,0
14-9314,CASTLEFRANK RD btwn HAZELDEAN RD & TO BE DETERMINED,352702.99658,5017647.38511,-75.88922899500,45.29714690680,2014-09-21,4:11:00 PM,01 - Clear,01 - Daylight,01 - Dry,10 - No control,,03 - P.D. only,05 - Turning movement,0
14-9315,BANK ST @ WALKLEY RD,370338.81586,5025946.28912,-75.66329132200,45.37039458510,2014-09-21,5:24:00 PM,01 - Clear,01 - Daylight,01 - Dry,01 - Traffic signal,01 - Functioning,02 - Non-fatal injury,03 - Rear end,0
14-9316,RICHMOND RD @ WEST HUNT CLUB RD,357145.17337,5018155.30590,-75.83254059200,45.30140034270,2014-09-21,6:00:00 PM,01 - Clear,01 - Daylight,02 - Wet,01 - Traffic signal,01 - Functioning,03 - P.D. only,04 - Sideswipe,0
14-9317,AIRPORT PKWY/BROOKFIELD RD @ FLANNERY DR/AIRPORT PKWY RAMPS 52A/53,368695.24483,5026295.01395,-75.68422688140,45.37368408960,2014-09-21,6:30:00 PM,02 - Rain,05 - Dusk,02 - Wet,03 - Yield sign,01 - Functioning,03 - P.D. only,03 - Rear end,0
14-9318,HAWTHORNE RD @ HUNT CLUB RD,375505.38023,5026407.47707,-75.59727370950,45.37404193620,2014-09-21,6:30:00 PM,01 - Clear,01 - Daylight,01 - Dry,01 - Traffic signal,01 - Functioning,03 - P.D. only,05 - Turning movement,0
14-9319,RIVERSIDE DR @ WALKLEY RD,368418.24997,5024852.58143,-75.68794874850,45.36073065870,2014-09-22,8:30:00 AM,01 - Clear,01 - Daylight,01 - Dry,01 - Traffic signal,01 - Functioning,03 - P.D. only,03 - Rear end,0
14-9320,CATHERINE ST @ METCALFE ST,368393.23277,5030486.56310,-75.68754215400,45.41142586170,2014-09-22,8:53:00 AM,01 - Clear,01 - Daylight,01 - Dry,01 - Traffic signal,01 - Functioning,03 - P.D. only,07 - SMV other,0
14-9321,INDUSTRIAL AVE @ TRAINYARDS DR,371687.37690,5030538.53103,-75.64545419100,45.41158635840,2014-09-22,9:25:00 AM,01 - Clear,01 - Daylight,01 - Dry,01 - Traffic signal,01 - Functioning,03 - P.D. only,03 - Rear end,0
14-9322,ALBERT ST btwn KENT ST & BANK ST,367370.86883,5031413.60660,-75.70048473310,45.41985926800,2014-09-22,7:30:00 AM,01 - Clear,01 - Daylight,01 - Dry,10 - No control,,03 - P.D. only,04 - Sideswipe,0
14-9323,STRANDHERD DR @ CEDARVIEW RD/TARTAN DR,362291.68653,5013546.35547,-75.76745584040,45.25952646690,2014-09-21,12:15:00 PM,02 - Rain,01 - Daylight,02 - Wet,01 - Traffic signal,01 - Functioning,03 - P.D. only,03 - Rear end,0
14-9324,BASELINE RD @ MERIVALE RD,365053.27460,5025326.46277,-75.73083899220,45.36529185090,2014-09-22,6:50:00 AM,01 - Clear,03 - Dawn,01 - Dry,01 - Traffic signal,01 - Functioning,03 - P.D. only,03 - Rear end,0
14-9325,BANTREE ST btwn OLD INNES RD & EDINBURGH PL,373805.72320,5030171.48431,-75.61844498300,45.40807818160,2014-09-22,10:50:00 AM,01 - Clear,01 - Daylight,01 - Dry,10 - No control,,03 - P.D. only,05 - Turning movement,0
14-9326,TERRY FOX DR @ PALLADIUM DR/KATIMAVIK RD,351269.24407,5018180.82733,-75.90745857960,45.30204325410,2014-09-22,12:01:00 PM,01 - Clear,01 - Daylight,01 - Dry,01 - Traffic signal,01 - Functioning,03 - P.D. only,03 - Rear end,0
14-9327,ST. JOSEPH BLVD btwn ST. JOSEPH BLVD & PLACE D'ORLEANS DR,381844.44634,5037872.73278,-75.51455830550,45.47652912250,2014-09-22,12:20:00 PM,01 - Clear,01 - Daylight,01 - Dry,10 - No control,,02 - Non-fatal injury,07 - SMV other,1
14-9328,CARLING AVE @ RIFLE RD,353891.11183,5023314.50070,-75.87351944540,45.34805860910,2014-09-21,12:06:00 PM,01 - Clear,01 - Daylight,01 - Dry,02 - Stop sign,01 - Functioning,03 - P.D. only,03 - Rear end,0
14-9329,CARLING AVE @ SCRIVENS ST,359423.19407,5024259.45967,-75.80282188430,45.35615232470,2014-09-22,9:30:00 AM,01 - Clear,01 - Daylight,01 - Dry,01 - Traffic signal,01 - Functioning,03 - P.D. only,99 - Other,0
14-9330,BANK ST @ DALMENY RD/MARVELVILLE RD,385828.30417,5004369.68989,-75.46909323320,45.17464311930,2014-09-22,12:45:00 PM,01 - Clear,01 - Daylight,01 - Dry,02 - Stop sign,00 - Unknown,03 - P.D. only,03 - Rear end,0
14-9331,MCKEOWN DR btwn BARFIELD RD & COKER ST,377503.74947,5013630.99903,-75.57363807040,45.25888051190,2014-09-22,12:47:00 PM,01 - Clear,01 - Daylight,01 - Dry,10 - No control,,03 - P.D. only,07 - SMV other,0
14-9332,OLD INNES RD btwn BANTREE ST & END,373708.29842,5030342.13366,-75.61966559390,45.40962320070,2014-09-22,1:47:00 PM,01 - Clear,01 - Daylight,01 - Dry,10 - No control,,03 - P.D. only,99 - Other,0
14-9333,BANK ST @ CECIL AVE,369944.23847,5026990.49337,-75.66819046460,45.37982679280,2014-09-22,1:50:00 PM,01 - Clear,01 - Daylight,01 - Dry,02 - Stop sign,01 - Functioning,02 - Non-fatal injury,02 - Angle,0
14-9334,INNES RD btwn ORIENT PARK DR & EASTPARK DR,378431.25301,5033102.00835,-75.55892316970,45.43397380080,2014-09-22,2:36:00 PM,01 - Clear,01 - Daylight,01 - Dry,10 - No control,,02 - Non-fatal injury,07 - SMV other,0
14-9335,PRESLAND RD @ VANIER PKWY,370432.76143,5031752.06579,-75.66131964650,45.42262404790,2014-09-22,2:56:00 PM,01 - Clear,01 - Daylight,01 - Dry,01 - Traffic signal,01 - Functioning,02 - Non-fatal injury,03 - Rear end,0
14-9336,RUSKIN ST btwn MACFARLANE AVE & MELROSE AVE,365741.95172,5028554.96201,-75.72165002700,45.39428168510,2014-09-22,7:30:00 AM,01 - Clear,01 - Daylight,01 - Dry,10 - No control,,03 - P.D. only,06 - SMV unattended vehicle,0
14-9337,ROSEMOUNT AVE btwn WELLINGTON ST W & GLADSTONE AVE,365447.82421,5029236.78569,-75.72532244570,45.40044211650,2014-09-22,3:07:00 PM,01 - Clear,01 - Daylight,01 - Dry,10 - No control,,03 - P.D. only,06 - SMV unattended vehicle,0
14-9338,GALAXIE AVE btwn MUSTANG ST & COUGAR CRT (1),387885.06286,5031568.63328,-75.43837291050,45.41911870810,2014-09-22,3:17:00 PM,01 - Clear,01 - Daylight,01 - Dry,10 - No control,,03 - P.D. only,06 - SMV unattended vehicle,0
14-9339,BANK ST @ MITCH OWENS RD,377758.29177,5015947.45950,-75.57005490800,45.27969677780,2014-09-22,3:20:00 PM,01 - Clear,01 - Daylight,01 - Dry,01 - Traffic signal,01 - Functioning,03 - P.D. only,05 - Turning movement,0
14-9340,INNES RD @ ORLEANS BLVD,380461.26903,5034296.40300,-75.53279772020,45.44450337010,2014-09-22,2:50:00 PM,01 - Clear,01 - Daylight,01 - Dry,01 - Traffic signal,01 - Functioning,02 - Non-fatal injury,03 - Rear end,0
14-9341,ELM ST btwn CITY CENTRE AVE & END,366037.06038,5030184.68335,-75.71767889240,45.40891976680,2014-09-22,3:57:00 PM,01 - Clear,01 - Daylight,01 - Dry,10 - No control,,03 - P.D. only,06 - SMV unattended vehicle,0
14-9342,BASELINE RD @ WOODROFFE AVE,362550.16413,5023769.55683,-75.76297154370,45.35149364450,2014-09-22,2:20:00 PM,01 - Clear,01 - Daylight,01 - Dry,01 - Traffic signal,01 - Functioning,03 - P.D. only,03 - Rear end,0
14-9343,QUEEN MARY ST @ VANIER PKWY,370361.34083,5031957.58510,-75.66220483520,45.42447992390,2014-09-22,3:00:00 PM,01 - Clear,01 - Daylight,01 - Dry,01 - Traffic signal,01 - Functioning,03 - P.D. only,04 - Sideswipe,0
14-9344,EARL MULLIGAN DR @ WOODROFFE AVE,365252.12300,5017505.51213,-75.72925591850,45.29490269600,2014-09-22,4:35:00 PM,01 - Clear,01 - Daylight,01 - Dry,01 - Traffic signal,01 - Functioning,03 - P.D. only,05 - Turning movement,0
14-9345,COCHRANE ST btwn PAARDEBURGH AVE & KITCHENER AVE,370873.66699,5025737.96792,-75.65649168910,45.36846995940,2014-09-22,9:20:00 AM,01 - Clear,01 - Daylight,01 - Dry,10 - No control,,03 - P.D. only,06 - SMV unattended vehicle,0
14-9346,PRINCE OF WALES DR @ WEST HUNT CLUB RD,367457.28850,5021890.55543,-75.70058892810,45.33416548980,2014-09-22,6:03:00 PM,01 - Clear,01 - Daylight,01 - Dry,01 - Traffic signal,01 - Functioning,03 - P.D. only,03 - Rear end,0
14-9347,FISHER AVE btwn EMPEROR AVE & TRENT ST,365763.32025,5026971.19363,-75.72157276130,45.38002942300,2014-09-22,4:50:00 PM,01 - Clear,01 - Daylight,01 - Dry,10 - No control,,03 - P.D. only,03 - Rear end,0
14-9348,HAWTHORNE RD btwn STEVENAGE DR & HUNT CLUB RD,375493.05796,5026444.44389,-75.59742572140,45.37437578880,2014-09-22,6:21:00 PM,01 - Clear,01 - Daylight,01 - Dry,10 - No control,,03 - P.D. only,02 - Angle,0
14-9349,DUNNING RD btwn COLONIAL RD & WATSON RD,394069.08153,5033503.99147,-75.35902047020,45.43576899610,2014-09-22,5:45:00 AM,01 - Clear,07 - Dark,01 - Dry,10 - No control,,03 - P.D. only,07 - SMV other,0
14-9350,KING EDWARD AVE @ SOMERSET ST/MARIE CURIE PRIV,368957.23637,5031672.62983,-75.68018284650,45.42204619010,2014-09-22,3:00:00 PM,01 - Clear,01 - Daylight,01 - Dry,01 - Traffic signal,01 - Functioning,03 - P.D. only,04 - Sideswipe,0
14-9351,PRINCE OF WALES DR @ WEST HUNT CLUB RD,367458.23637,5021889.60757,-75.70057695550,45.33415687700,2014-09-21,8:02:00 PM,01 - Clear,07 - Dark,01 - Dry,01 - Traffic signal,01 - Functioning,03 - P.D. only,03 - Rear end,0
14-9352,MARCH RD btwn HALTON TERR/MAXWELL BRIDGE RD & KLONDIKE RD,349106.76904,5024239.50250,-75.93448921860,45.35670054800,2014-09-22,8:59:00 PM,01 - Clear,07 - Dark,01 - Dry,10 - No control,,02 - Non-fatal injury,03 - Rear end,0
14-9353,AMBERCREST ST btwn MEADOWCROFT CRES & MATHESON RD,372935.63221,5033125.33014,-75.62915066490,45.43474070760,2014-09-22,4:20:00 PM,01 - Clear,01 - Daylight,01 - Dry,10 - No control,,03 - P.D. only,06 - SMV unattended vehicle,0
14-9354,MERIVALE RD @ WEST HUNT CLUB RD,365613.16913,5021941.55033,-75.72410860130,45.33478657920,2014-09-22,8:15:00 AM,01 - Clear,01 - Daylight,01 - Dry,01 - Traffic signal,01 - Functioning,03 - P.D. only,03 - Rear end,0
14-9355,WELLINGTON ST    W btwn JULIAN AVE & CAROLINE AVE,364700.80950,5029072.55660,-75.73488343090,45.39902873160,2014-09-23,8:03:00 AM,01 - Clear,01 - Daylight,01 - Dry,10 - No control,,02 - Non-fatal injury,04 - Sideswipe,0
14-9356,COLONEL BY DR btwn MACKENZIE AVE & N.D.H.Q.,368092.28506,5031849.60370,-75.69121155680,45.42371733040,2014-09-23,8:00:00 AM,01 - Clear,01 - Daylight,01 - Dry,10 - No control,,03 - P.D. only,03 - Rear end,0
14-9357,INDUSTRIAL AVE @ ALTA VISTA DR/SANDFORD FLEMIN,370883.77368,5030557.09494,-75.65571732080,45.41182973350,2014-09-23,9:45:00 AM,01 - Clear,01 - Daylight,01 - Dry,01 - Traffic signal,01 - Functioning,03 - P.D. only,05 - Turning movement,0
14-9358,WURTEMBURG ST btwn HENEY ST & BRIGADIER PRIV,369324.21516,5032979.65047,-75.67532274750,45.43377250860,2014-09-23,9:52:00 AM,01 - Clear,01 - Daylight,01 - Dry,10 - No control,,03 - P.D. only,99 - Other,0
14-9359,DONNELLY DR btwn Continuation of DONNELLY DR & MILL POND LANE,358174.84562,4981432.31660,-75.82333164860,44.97087550220,2014-09-23,9:58:00 AM,01 - Clear,01 - Daylight,01 - Dry,10 - No control,,02 - Non-fatal injury,07 - SMV other,0
14-9360,WEST HUNT CLUB RD @ ANTARES DR/LASER ST,367107.23737,5022081.50170,-75.70503057100,45.33591476160,2014-09-23,10:20:00 AM,01 - Clear,01 - Daylight,01 - Dry,01 - Traffic signal,01 - Functioning,03 - P.D. only,05 - Turning movement,0
14-9361,CARP RD @ STITTSVILLE MAIN ST,349523.36430,5014332.09903,-75.93006651340,45.26752445100,2014-09-23,11:55:00 AM,01 - Clear,01 - Daylight,01 - Dry,01 - Traffic signal,01 - Functioning,03 - P.D. only,03 - Rear end,0
14-9362,INDUSTRIAL AVE btwn RUSSELL RD & ST. LAURENT BLVD,373053.75584,5029981.87002,-75.62807656650,45.40644585360,2014-09-23,12:47:00 PM,01 - Clear,01 - Daylight,01 - Dry,10 - No control,,03 - P.D. only,05 - Turning movement,0
14-9363,CATHERINE ST btwn TO BE DETERMINED & METCALFE ST (2),368357.68774,5030465.71002,-75.68799891590,45.41124146150,2014-09-23,7:40:00 AM,01 - Clear,01 - Daylight,01 - Dry,10 - No control,,03 - P.D. only,04 - Sideswipe,0
14-9364,FALLOWFIELD RD btwn MERIVALE RD & ASHDALE AVE,366933.83381,5018872.95405,-75.70764533310,45.30706009160,2014-09-23,1:06:00 PM,01 - Clear,01 - Daylight,01 - Dry,10 - No control,,02 - Non-fatal injury,07 - SMV other,0
14-9365,CONROY RD @ HUNT CLUB RD,373764.21393,5025402.62707,-75.61964154290,45.36517424320,2014-09-23,1:45:00 PM,01 - Clear,01 - Daylight,01 - Dry,01 - Traffic signal,01 - Functioning,03 - P.D. only,03 - Rear end,0
14-9366,ISABELLA ST/HWY417 IC119AR75 @ METCALFE ST,368448.07686,5030399.73086,-75.68685275670,45.41063958860,2014-09-23,1:00:00 PM,01 - Clear,01 - Daylight,01 - Dry,01 - Traffic signal,00 - Unknown,03 - P.D. only,04 - Sideswipe,0
14-9367,INDUSTRIAL AVE @ RIVERSIDE DR,370684.71860,5030592.07147,-75.65825548620,45.41216320740,2014-09-23,11:48:00 AM,01 - Clear,01 - Daylight,01 - Dry,01 - Traffic signal,01 - Functioning,02 - Non-fatal injury,03 - Rear end,0
14-9368,BLACKBURN AVE @ TEMPLETON ST,369512.72254,5031780.32461,-75.67307130030,45.42296402320,2014-09-23,3:04:00 PM,01 - Clear,01 - Daylight,01 - Dry,02 - Stop sign,01 - Functioning,02 - Non-fatal injury,02 - Angle,0
14-9369,KING EDWARD AVE @ LAURIER AVE,368738.75708,5032033.15742,-75.68292754770,45.42531008990,2014-09-23,3:05:00 PM,01 - Clear,01 - Daylight,01 - Dry,01 - Traffic signal,01 - Functioning,03 - P.D. only,04 - Sideswipe,0
14-9370,KING EDWARD AVE btwn RIDEAU ST & BESSERER ST,368518.22379,5032404.11053,-75.68569746160,45.42866791610,2014-09-23,3:12:00 PM,01 - Clear,01 - Daylight,01 - Dry,10 - No control,,03 - P.D. only,04 - Sideswipe,0
14-9371,ST. LAURENT BLVD @ MCARTHUR AVE,371920.29720,5032886.62703,-75.64215884540,45.43269116530,2014-09-23,3:26:00 PM,01 - Clear,01 - Daylight,01 - Dry,01 - Traffic signal,01 - Functioning,03 - P.D. only,04 - Sideswipe,0
14-9372,TERRY FOX DR btwn HWY417 IC140 RAMP16 & HWY417 IC140 RAMP35,350950.76065,5018548.59984,-75.91148518960,45.30537356610,2014-09-23,2:15:00 PM,01 - Clear,01 - Daylight,01 - Dry,10 - No control,,03 - P.D. only,03 - Rear end,0
14-9373,EDGECOMBE ST @ SMYTH RD,372324.24967,5029270.59793,-75.63749213740,45.40011689080,2014-09-23,3:35:00 PM,01 - Clear,01 - Daylight,01 - Dry,02 - Stop sign,01 - Functioning,03 - P.D. only,02 - Angle,0
14-9374,KING EDWARD AVE @ RIDEAU ST,368511.70720,5032413.10727,-75.68577956970,45.42874945970,2014-09-23,3:50:00 PM,01 - Clear,01 - Daylight,01 - Dry,01 - Traffic signal,00 - Unknown,02 - Non-fatal injury,07 - SMV other,1
14-9375,INDUSTRIAL AVE btwn NEIGHBORHOOD WAY & TRAINYARDS DR,371388.51785,5030555.80328,-75.64926962330,45.41177026750,2014-09-23,4:29:00 PM,01 - Clear,01 - Daylight,01 - Dry,10 - No control,,02 - Non-fatal injury,05 - Turning movement,0
14-9376,HWY 417 VANIER IC117R63 @ VANIER PKWY,370799.52731,5031397.46867,-75.65668098450,45.41939902470,2014-09-23,4:53:00 PM,01 - Clear,01 - Daylight,01 - Dry,01 - Traffic signal,01 - Functioning,03 - P.D. only,04 - Sideswipe,0
14-9377,MOODIE DR @ CORKSTOWN RD,356346.12493,5022760.54943,-75.84224933380,45.34289797500,2014-09-23,5:04:00 PM,01 - Clear,01 - Daylight,01 - Dry,01 - Traffic signal,01 - Functioning,03 - P.D. only,05 - Turning movement,0
14-9378,COBOURG ST @ ST. PATRICK ST,368804.00515,5033232.54212,-75.68193793480,45.43609573790,2014-09-23,5:18:00 PM,01 - Clear,01 - Daylight,01 - Dry,01 - Traffic signal,01 - Functioning,03 - P.D. only,03 - Rear end,0
14-9379,ELGIN ST @ MACLAREN ST,368208.23947,5031124.67917,-75.68982326490,45.41718420540,2014-09-22,8:00:00 PM,01 - Clear,07 - Dark,01 - Dry,01 - Traffic signal,01 - Functioning,03 - P.D. only,03 - Rear end,0
14-9380,ELGIN ST NB @ WELLINGTON ST/RIDEAU ST,367802.61849,5031965.72906,-75.69489787690,45.42478833640,2014-09-23,3:30:00 PM,01 - Clear,01 - Daylight,01 - Dry,01 - Traffic signal,01 - Functioning,03 - P.D. only,04 - Sideswipe,0
14-9382,RIDDELL DR btwn MARCH VALLEY RD & SIXTH LINE RD,348339.04430,5027426.07931,-75.94400675210,45.38542214440,2014-09-23,6:00:00 PM,01 - Clear,01 - Daylight,01 - Dry,10 - No control,,03 - P.D. only,99 - Other,0
14-9383,WOODROFFE AVE btwn TURN LANE & TALLWOOD DR,363044.84126,5022753.24312,-75.75677851150,45.34230802540,2014-09-23,6:07:00 PM,01 - Clear,01 - Daylight,01 - Dry,10 - No control,,02 - Non-fatal injury,03 - Rear end,0
14-9384,INDUSTRIAL AVE/INNES RD @ ST. LAURENT BLVD,373098.30560,5030003.67097,-75.62750450110,45.40663766330,2014-09-23,7:14:00 PM,01 - Clear,05 - Dusk,01 - Dry,01 - Traffic signal,01 - Functioning,03 - P.D. only,04 - Sideswipe,0
14-9385,JEANNE D'ARC BLVD @ ORLEANS BLVD N,380028.73400,5038103.77453,-75.53774356410,45.47880583190,2014-09-23,7:28:00 PM,01 - Clear,07 - Dark,01 - Dry,01 - Traffic signal,01 - Functioning,03 - P.D. only,07 - SMV other,0
14-9386,MERIVALE RD @ WEST HUNT CLUB RD,365613.40779,5021941.90438,-75.72410551260,45.33478974470,2014-09-23,4:30:00 PM,01 - Clear,01 - Daylight,01 - Dry,01 - Traffic signal,01 - Functioning,03 - P.D. only,03 - Rear end,0
14-9387,COVENTRY RD @ VANIER PKWY,370678.28514,5031612.17806,-75.65820129770,45.42134231820,2014-09-23,8:52:00 PM,01 - Clear,07 - Dark,01 - Dry,01 - Traffic signal,01 - Functioning,03 - P.D. only,03 - Rear end,0
14-9388,MER BLEUE RD btwn 210 S OF INNES RD & RENAUD RD,382816.44466,5035179.58307,-75.50255522100,45.45219059330,2014-09-23,8:57:00 PM,"07 - Fog, mist, smoke, dust",07 - Dark,01 - Dry,10 - No control,,03 - P.D. only,07 - SMV other,0
14-9389,MONTREAL RD btwn PALACE ST & VANIER PKWY,369973.25115,5033008.06427,-75.66702460250,45.43396797570,2014-09-23,9:43:00 PM,01 - Clear,07 - Dark,01 - Dry,10 - No control,,03 - P.D. only,06 - SMV unattended vehicle,0
14-9390,SLATER ST btwn BANK ST & O'CONNOR ST,367571.99406,5031444.79307,-75.69791108280,45.42012185760,2014-09-23,11:43:00 PM,01 - Clear,07 - Dark,01 - Dry,10 - No control,,03 - P.D. only,04 - Sideswipe,0
14-9391,RENAUD RD @ RENAUD RD N,379765.05007,5032027.55027,-75.54204191840,45.42416487970,2014-09-24,5:07:00 AM,"07 - Fog, mist, smoke, dust",07 - Dark,01 - Dry,02 - Stop sign,00 - Unknown,02 - Non-fatal injury,07 - SMV other,0
14-9392,REGIONAL ROAD 174 btwn OR174 IC105 RAMP26 & OR174 IC105 RAMP63,379483.69830,5037083.64601,-75.54486924980,45.46968602070,2014-09-24,6:48:00 AM,01 - Clear,03 - Dawn,01 - Dry,10 - No control,,03 - P.D. only,03 - Rear end,0
14-9393,GRANT CARMAN DR @ MEADOWLANDS DR,365050.04483,5023901.45093,-75.73105391980,45.35247009020,2014-09-24,7:20:00 AM,01 - Clear,01 - Daylight,01 - Dry,01 - Traffic signal,00 - Unknown,02 - Non-fatal injury,07 - SMV other,1
14-9394,BLACKBURN BYPASS @ INNES RD W,377185.77820,5032175.69000,-75.57497556780,45.42576940300,2014-09-23,8:20:00 AM,01 - Clear,01 - Daylight,01 - Dry,01 - Traffic signal,01 - Functioning,02 - Non-fatal injury,03 - Rear end,0
14-9395,NEIL WAY @ RIVERSIDE DR,369464.72983,5028288.94617,-75.67414243220,45.39155427780,2014-09-24,7:53:00 AM,"07 - Fog, mist, smoke, dust",01 - Daylight,01 - Dry,02 - Stop sign,01 - Functioning,03 - P.D. only,03 - Rear end,0
14-9396,STAGECOACH RD btwn MITCH OWENS RD & VISTA PATRICK PRIV,375422.02958,5014432.32550,-75.60004525960,45.26630265000,2014-09-24,8:35:00 AM,"07 - Fog, mist, smoke, dust",01 - Daylight,01 - Dry,10 - No control,,03 - P.D. only,07 - SMV other,0
14-9397,KING EDWARD AVE @ SUSSEX DR,367663.22607,5033505.49273,-75.69648239830,45.43865514200,2014-09-24,8:58:00 AM,01 - Clear,01 - Daylight,01 - Dry,01 - Traffic signal,01 - Functioning,03 - P.D. only,03 - Rear end,0
14-9398,MERIVALE RD btwn MEADOWLANDS DR & 210 S OF MEADOWLANDS DR/MERIVALE PL,364910.95643,5023610.07097,-75.73286430810,45.34986023020,2014-09-20,3:30:00 PM,01 - Clear,01 - Daylight,01 - Dry,10 - No control,,03 - P.D. only,03 - Rear end,0
14-9399,BRONSON AVE btwn RENFREW AVE & POWELL AVE,367366.97629,5029530.89571,-75.70077344050,45.40291955180,2014-09-24,10:01:00 AM,01 - Clear,01 - Daylight,01 - Dry,10 - No control,,03 - P.D. only,02 - Angle,0
14-9400,BRONSON AVE @ HWY 417 BRONSON IC121AR51,367287.29060,5029712.45393,-75.70176823430,45.40456027780,2014-09-24,9:00:00 AM,01 - Clear,01 - Daylight,01 - Dry,01 - Traffic signal,01 - Functioning,03 - P.D. only,03 - Rear end,0
14-9401,JINKINSON RD btwn FERNBANK RD & HAZELDEAN RD,345684.12111,5007881.32068,-75.97952012550,45.20971093250,2014-09-23,11:18:00 AM,01 - Clear,01 - Daylight,01 - Dry,10 - No control,,03 - P.D. only,07 - SMV other,0
14-9402,ST. LAURENT BLVD @ WALKLEY RD,373901.32830,5028044.95937,-75.61752167290,45.38893528560,2014-09-24,11:27:00 AM,01 - Clear,01 - Daylight,01 - Dry,01 - Traffic signal,01 - Functioning,03 - P.D. only,03 - Rear end,0
14-9403,INDUSTRIAL AVE btwn SANDFORD FLEMING AVE & NEIGHBORHOOD WAY,371060.55318,5030530.08185,-75.65346267450,45.41156996600,2014-09-24,11:44:00 AM,01 - Clear,01 - Daylight,01 - Dry,10 - No control,,02 - Non-fatal injury,03 - Rear end,0
14-9404,SMYTH RD btwn RIVERSIDE HOSPITAL & ALTA VISTA DR,370411.81329,5029081.08244,-75.66194281520,45.39859354080,2014-09-24,11:45:00 AM,01 - Clear,01 - Daylight,01 - Dry,10 - No control,,03 - P.D. only,07 - SMV other,0
14-9405,LEDBURY AVE @ BANK ST EXTENSION NB,370666.77857,5025287.13289,-75.65919267820,45.36443296580,2014-09-24,11:56:00 AM,01 - Clear,01 - Daylight,01 - Dry,02 - Stop sign,00 - Unknown,03 - P.D. only,04 - Sideswipe,0