Record,Location,X,Y,Longitude,Latitude,Date,Time,Environment,Light,Road_Surface,Traffic_Control,Collision_Location,Collision_Classification,Impact_type,Pedestrian
14-9406,DONALD ST @ 110 E OF ST. LAURENT BLVD,372203.43947,5032483.82460,-75.63859564940,45.42903970710,2014-09-24,12:17:00 PM,01 - Clear,01 - Daylight,01 - Dry,01 - Traffic signal,01 - Functioning,03 - P.D. only,03 - Rear end,0
14-9407,BRONSON AVE btwn JAMES ST & FLORENCE ST,367089.62587,5030186.77727,-75.70423309350,45.40884572110,2014-09-24,11:00:00 AM,01 - Clear,01 - Daylight,01 - Dry,10 - No control,,03 - P.D. only,05 - Turning movement,0
14-9408,WALLFORD WAY btwn BEAVERTON AVE & PARTHIA AVE,365484.35939,5025047.71034,-75.72537073120,45.36274649580,2014-09-20,12:00:00 AM,00 - Unknown,00 - Unknown,99 - Other,10 - No control,,03 - P.D. only,06 - SMV unattended vehicle,0
14-9409,ST. JOSEPH BLVD @ JEANNE D'ARC BLVD,379860.26857,5036469.68517,-75.54014772970,45.46412171000,2014-09-24,2:05:00 PM,01 - Clear,01 - Daylight,01 - Dry,11 - Roundabout,00 - Unknown,03 - P.D. only,04 - Sideswipe,0
14-9410,BAYSWATER AVE @ SOMERSET ST,365813.03336,5029912.24417,-75.72057435080,45.40648799330,2014-09-24,2:07:00 PM,01 - Clear,01 - Daylight,01 - Dry,01 - Traffic signal,01 - Functioning,02 - Non-fatal injury,07 - SMV other,1
14-9411,RIVERSIDE DR @ TREMBLAY RD/HWY417 IC117 RAMP52,370801.60417,5031015.90790,-75.65670555680,45.41596570150,2014-09-24,7:05:00 AM,"07 - Fog, mist, smoke, dust",01 - Daylight,01 - Dry,01 - Traffic signal,01 - Functioning,03 - P.D. only,03 - Rear end,0
14-9412,STITTSVILLE MAIN ST btwn HOBIN ST & BEVERLY ST,349743.44008,5013941.81331,-75.92729742670,45.26399849270,2014-09-24,2:00:00 PM,01 - Clear,01 - Daylight,01 - Dry,10 - No control,,03 - P.D. only,03 - Rear end,0
14-9413,BANK ST btwn CHAMBERLAIN AVE N/ISABELLA ST & CHAMBERLAIN AVE S,368089.82110,5030149.50059,-75.69146138300,45.40842058630,2014-09-24,1:30:00 PM,01 - Clear,01 - Daylight,01 - Dry,10 - No control,,03 - P.D. only,04 - Sideswipe,0
14-9414,BOURASSA ST @ ST. LAURENT BLVD,373236.25807,5029693.55660,-75.62578543670,45.40383392350,2014-09-24,3:06:00 PM,01 - Clear,01 - Daylight,01 - Dry,01 - Traffic signal,01 - Functioning,03 - P.D. only,05 - Turning movement,0
14-9415,INNES RD @ TENTH LINE RD,383950.33850,5036157.66507,-75.48790315790,45.46086299110,2014-09-23,7:50:00 PM,01 - Clear,07 - Dark,01 - Dry,01 - Traffic signal,01 - Functioning,03 - P.D. only,03 - Rear end,0
14-9416,BESSERER ST @ KING EDWARD AVE,368550.23127,5032341.52997,-75.68529655640,45.42810192280,2014-09-24,3:00:00 PM,01 - Clear,01 - Daylight,01 - Dry,01 - Traffic signal,01 - Functioning,03 - P.D. only,04 - Sideswipe,0
14-9417,KENT ST @ WELLINGTON ST,367096.27600,5031526.57350,-75.70397878760,45.42090021360,2014-09-24,4:43:00 PM,01 - Clear,01 - Daylight,01 - Dry,01 - Traffic signal,01 - Functioning,03 - P.D. only,03 - Rear end,0
14-9418,HWY 417 RIVERSID IC117R25 @ RIVERSIDE DR,370818.71613,5031037.43793,-75.65648405970,45.41615780530,2014-09-23,4:30:00 PM,01 - Clear,01 - Daylight,01 - Dry,10 - No control,,03 - P.D. only,04 - Sideswipe,0
14-9419,CYRVILLE RD btwn INNES RD & END,375088.00906,5031033.30828,-75.60194276360,45.41570481820,2014-09-24,6:39:00 PM,01 - Clear,01 - Daylight,01 - Dry,10 - No control,,03 - P.D. only,05 - Turning movement,0
14-9420,CARLING AVE @ KIRKWOOD AVE S,364350.75038,5027336.12392,-75.73956392010,45.38343449720,2014-09-24,8:30:00 AM,01 - Clear,01 - Daylight,01 - Dry,01 - Traffic signal,01 - Functioning,03 - P.D. only,05 - Turning movement,0
14-9421,HAZELDEAN RD @ EDGEWATER ST,352324.07963,5017351.44500,-75.89408833650,45.29450969490,2014-09-24,5:20:00 PM,01 - Clear,01 - Daylight,01 - Dry,01 - Traffic signal,01 - Functioning,03 - P.D. only,03 - Rear end,0
14-9422,TERRY FOX DR @ PALLADIUM DR/KATIMAVIK RD,351269.24407,5018182.72307,-75.90745840190,45.30206031310,2014-09-24,6:00:00 PM,01 - Clear,01 - Daylight,01 - Dry,01 - Traffic signal,01 - Functioning,03 - P.D. only,04 - Sideswipe,0
14-9423,HAWTHORNE RD @ HUNT CLUB RD,375508.71376,5026405.08342,-75.59723149600,45.37402006250,2014-09-24,8:08:00 PM,01 - Clear,07 - Dark,01 - Dry,01 - Traffic signal,01 - Functioning,02 - Non-fatal injury,05 - Turning movement,0
14-9424,CEDARVIEW RD @ WEST HUNT CLUB RD,359718.20347,5019555.42557,-75.79957884310,45.31380227710,2014-09-24,9:07:00 PM,01 - Clear,07 - Dark,01 - Dry,01 - Traffic signal,01 - Functioning,03 - P.D. only,05 - Turning movement,0
14-9425,HIGHWAY 17 btwn KINBURN SIDE RD & GRANTS SIDE RD,328169.19330,5023110.36797,-76.20177469450,45.34755046910,2014-09-24,9:22:00 PM,01 - Clear,07 - Dark,01 - Dry,10 - No control,,02 - Non-fatal injury,07 - SMV other,0
14-9426,COVENTRY RD @ LOLA ST,371265.13940,5031613.62413,-75.65070305020,45.42129982030,2014-09-24,10:09:00 PM,01 - Clear,07 - Dark,01 - Dry,01 - Traffic signal,01 - Functioning,03 - P.D. only,07 - SMV other,0
14-9427,BYRON AVE @ HOLLAND AVE,365014.22637,5028957.60773,-75.73089453260,45.39796756110,2014-09-25,12:02:00 AM,01 - Clear,07 - Dark,01 - Dry,02 - Stop sign,01 - Functioning,03 - P.D. only,07 - SMV other,0
14-9428,DUNNING RD btwn MAGLADRY RD & SARSFIELD RD,395579.76050,5029532.53554,-75.34044753030,45.39984443780,2014-09-25,6:19:00 AM,01 - Clear,03 - Dawn,01 - Dry,10 - No control,,03 - P.D. only,07 - SMV other,0
14-9429,MAIN ST @ BECKWITH RD/BOWER ST,369359.18453,5029717.50667,-75.67530327960,45.40441772160,2014-09-24,5:30:00 PM,01 - Clear,01 - Daylight,01 - Dry,01 - Traffic signal,01 - Functioning,03 - P.D. only,05 - Turning movement,0
14-9430,AVIATION PKWY @ MONTREAL RD,372146.24267,5034108.58280,-75.63910425560,45.44366400910,2014-09-25,8:19:00 AM,01 - Clear,01 - Daylight,01 - Dry,01 - Traffic signal,01 - Functioning,03 - P.D. only,04 - Sideswipe,0
14-9431,BANKFIELD RD btwn KILREEN LANE & PRINCE OF WALES DR,366157.41502,5008854.05939,-75.71878299080,45.21697860940,2014-09-25,8:19:00 AM,01 - Clear,01 - Daylight,01 - Dry,10 - No control,,02 - Non-fatal injury,03 - Rear end,0
14-9432,CARLING AVE @ KIRKWOOD AVE S,364351.22657,5027338.49697,-75.73955755350,45.38345580950,2014-09-25,8:50:00 AM,01 - Clear,01 - Daylight,01 - Dry,01 - Traffic signal,01 - Functioning,03 - P.D. only,05 - Turning movement,0
14-9433,CARLING AVE @ PINECREST  RD/GREENVIEW AVE,360006.74508,5024632.63156,-75.79533267010,45.35946441410,2014-09-25,8:51:00 AM,01 - Clear,01 - Daylight,01 - Dry,01 - Traffic signal,01 - Functioning,02 - Non-fatal injury,07 - SMV other,2
14-9434,CARLING AVE @ NAUTICA PRIV,357743.26270,5023499.52199,-75.82434338490,45.34944323430,2014-09-25,8:15:00 AM,01 - Clear,01 - Daylight,01 - Dry,10 - No control,,03 - P.D. only,03 - Rear end,0
14-9435,GREENBANK RD @ BERRIGAN DR/WESSEX RD,363725.10350,5015275.47683,-75.74898802080,45.27496655240,2014-09-25,8:10:00 AM,01 - Clear,01 - Daylight,01 - Dry,01 - Traffic signal,00 - Unknown,03 - P.D. only,03 - Rear end,0
14-9436,JAMES ST @ KENT ST,367659.23957,5030599.52177,-75.69690420640,45.41250854190,2014-09-25,9:00:00 AM,01 - Clear,01 - Daylight,01 - Dry,02 - Stop sign,01 - Functioning,03 - P.D. only,04 - Sideswipe,0
14-9437,HAIG DR @ SMYTH RD,372565.19883,5029296.65267,-75.63441119370,45.40032803990,2014-09-25,10:43:00 AM,01 - Clear,01 - Daylight,01 - Dry,01 - Traffic signal,01 - Functioning,02 - Non-fatal injury,05 - Turning movement,0
14-9438,HERON RD @ 155 W OF BANK ST/CANADIAN TIRE SC,369847.34987,5026830.54863,-75.66944854970,45.37839666310,2014-09-25,11:02:00 AM,01 - Clear,01 - Daylight,01 - Dry,01 - Traffic signal,01 - Functioning,02 - Non-fatal injury,03 - Rear end,0
14-9439,SLATER ST btwn O'CONNOR ST & METCALFE ST,367653.03073,5031499.31373,-75.69686875910,45.42060514070,2014-09-25,11:10:00 AM,01 - Clear,01 - Daylight,01 - Dry,10 - No control,,02 - Non-fatal injury,04 - Sideswipe,0
14-9440,PLEASANT PARK RD @ ST. LAURENT BLVD,373598.20183,5028796.49777,-75.62128758930,45.39572712830,2014-09-25,11:33:00 AM,01 - Clear,01 - Daylight,01 - Dry,01 - Traffic signal,01 - Functioning,03 - P.D. only,03 - Rear end,0
14-9441,CLEGG ST @ MAIN ST,369272.18123,5029919.67287,-75.67638813390,45.40624476170,2014-09-25,11:59:00 AM,01 - Clear,01 - Daylight,01 - Dry,01 - Traffic signal,01 - Functioning,03 - P.D. only,03 - Rear end,0
14-9442,BRADWELL WAY btwn SPARTINA ST & KELLY FARM DR,374951.28557,5020114.05933,-75.60523978330,45.31747210240,2014-09-25,11:59:00 AM,01 - Clear,01 - Daylight,01 - Dry,10 - No control,,02 - Non-fatal injury,07 - SMV other,0
14-9443,CATHERINE ST @ METCALFE ST,368393.23277,5030485.61523,-75.68754227630,45.41141733280,2014-09-25,12:17:00 PM,01 - Clear,01 - Daylight,01 - Dry,01 - Traffic signal,01 - Functioning,03 - P.D. only,05 - Turning movement,0
14-9444,CARLING AVE @ CLYDE AVE/COLE AVE,363519.26880,5026850.54210,-75.75023839640,45.37913549630,2014-09-25,12:15:00 PM,01 - Clear,01 - Daylight,01 - Dry,01 - Traffic signal,01 - Functioning,03 - P.D. only,04 - Sideswipe,0
14-9445,MERIVALE RD btwn VIEWMOUNT DR & COLONNADE RD,365249.75411,5022811.20324,-75.72863860230,45.34264300800,2014-09-25,12:34:00 PM,01 - Clear,01 - Daylight,01 - Dry,10 - No control,,03 - P.D. only,04 - Sideswipe,0
14-9446,CARLING AVE EB btwn MERIVALE RD EXTENSION & VISCOUNT AVE,365027.58252,5027782.09570,-75.73086744260,45.38738939920,2014-09-25,12:40:00 PM,01 - Clear,01 - Daylight,01 - Dry,10 - No control,,03 - P.D. only,02 - Angle,0
14-9447,ALBION RD @ BRIDLE PATH DR,372106.25487,5023738.60607,-75.64103027200,45.35036312940,2014-09-25,1:30:00 PM,01 - Clear,01 - Daylight,01 - Dry,01 - Traffic signal,00 - Unknown,03 - P.D. only,03 - Rear end,0
14-9448,HWY 417 INNES IC112R68 @ INNES RD,374642.25061,5030922.52664,-75.60765314250,45.41475269710,2014-09-25,9:50:00 AM,01 - Clear,01 - Daylight,01 - Dry,01 - Traffic signal,01 - Functioning,02 - Non-fatal injury,03 - Rear end,0
14-9449,DATA CENTRE RD @ HERON RD,368939.35533,5026732.54070,-75.68105373140,45.37759852760,2014-09-25,1:50:00 PM,01 - Clear,01 - Daylight,01 - Dry,02 - Stop sign,01 - Functioning,03 - P.D. only,02 - Angle,0
14-9450,LYON ST @ MACLAREN ST,367412.07667,5030645.62073,-75.70005581760,45.41294548330,2014-09-25,2:09:00 PM,01 - Clear,01 - Daylight,01 - Dry,02 - Stop sign,01 - Functioning,02 - Non-fatal injury,02 - Angle,0
14-9451,ST. JOSEPH BLVD btwn PLACE D'ORLEANS DR & PRESTONE DR,382089.15256,5038102.74934,-75.51139265160,45.47857156750,2014-09-24,3:20:00 PM,01 - Clear,01 - Daylight,01 - Dry,10 - No control,,03 - P.D. only,03 - Rear end,0
14-9452,CYRVILLE RD btwn INNES RD & END,375109.74996,5030981.77533,-75.60167237060,45.41523896780,2014-09-25,2:00:00 PM,01 - Clear,01 - Daylight,01 - Dry,10 - No control,,03 - P.D. only,02 - Angle,0
14-9453,POWELL AVE btwn LYON ST S & BANK ST,368069.86935,5029889.29117,-75.69174963650,45.40608110800,2014-09-24,12:00:00 AM,01 - Clear,00 - Unknown,01 - Dry,10 - No control,,03 - P.D. only,06 - SMV unattended vehicle,0
14-9454,BAY ST @ SLATER ST,366983.22387,5031079.51817,-75.70547964590,45.41688780330,2014-09-25,3:14:00 PM,01 - Clear,01 - Daylight,01 - Dry,01 - Traffic signal,01 - Functioning,03 - P.D. only,02 - Angle,0
14-9455,BANKFIELD RD @ PRINCE OF WALES DR,366378.72604,5008975.86833,-75.71595040820,45.21805534270,2014-09-25,3:33:00 PM,01 - Clear,01 - Daylight,01 - Dry,01 - Traffic signal,01 - Functioning,02 - Non-fatal injury,05 - Turning movement,0
14-9456,CHARLEMAGNE BLVD @ PRINCESS LOUISE DR W/VALADE,383520.35163,5037973.82455,-75.49310963290,45.47725172800,2014-09-25,3:33:00 PM,01 - Clear,01 - Daylight,01 - Dry,01 - Traffic signal,01 - Functioning,03 - P.D. only,03 - Rear end,0
14-9457,BASELINE RD @ GREENBANK RD,360597.21037,5022584.50020,-75.78802756420,45.34098863230,2014-09-25,3:49:00 PM,01 - Clear,01 - Daylight,01 - Dry,01 - Traffic signal,01 - Functioning,03 - P.D. only,03 - Rear end,0
14-9458,DUNDONALD DR @ GREENBANK RD,365090.64410,5012122.31100,-75.73196813040,45.24647859430,2014-09-25,4:02:00 PM,01 - Clear,01 - Daylight,01 - Dry,02 - Stop sign,01 - Functioning,02 - Non-fatal injury,07 - SMV other,1
14-9459,RIDEAU ST btwn CUMBERLAND ST & KING EDWARD AVE,368494.60506,5032403.61295,-75.68599933620,45.42866559110,2014-10-02,4:00:00 PM,01 - Clear,01 - Daylight,01 - Dry,10 - No control,,03 - P.D. only,02 - Angle,0
14-9460,BLACKBURN BYPASS @ NAVAN RD,379617.62404,5033274.53583,-75.54373611910,45.43540015460,2014-09-25,4:34:00 PM,01 - Clear,01 - Daylight,01 - Dry,01 - Traffic signal,01 - Functioning,03 - P.D. only,03 - Rear end,0
14-9461,SPRINGHILL RD btwn 4TH LINE RD & 5TH LINE RD,380940.03039,5003654.67330,-75.53138561870,45.16875405280,2014-09-25,4:42:00 PM,01 - Clear,01 - Daylight,08 - Loose sand or gravel,10 - No control,,03 - P.D. only,05 - Turning movement,0
14-9462,FOXFIELD DR btwn FALK AVE & HENFIELD AVE,363511.73574,5016280.94450,-75.75158826570,45.28403161430,2014-09-25,4:41:00 PM,01 - Clear,01 - Daylight,01 - Dry,10 - No control,,03 - P.D. only,02 - Angle,0
14-9463,BASELINE RD @ CLYDE AVE,364359.17723,5024891.46077,-75.73975110760,45.36143708570,2014-09-25,4:46:00 PM,01 - Clear,01 - Daylight,01 - Dry,01 - Traffic signal,01 - Functioning,03 - P.D. only,03 - Rear end,0
14-9464,REGIONAL ROAD 174 btwn QUIGLEY HILL RD & REGIONAL ROAD 174 DIVIDED,384831.84277,5040820.35650,-75.47587331140,45.50271292060,2014-09-25,4:48:00 PM,01 - Clear,01 - Daylight,01 - Dry,10 - No control,,03 - P.D. only,03 - Rear end,0
14-9465,HILLARY AVE @ KILBORN AVE,370574.82306,5027773.11612,-75.66003528420,45.38680964110,2014-09-25,5:21:00 PM,01 - Clear,01 - Daylight,01 - Dry,02 - Stop sign,00 - Unknown,02 - Non-fatal injury,05 - Turning movement,0
14-9466,BASELINE RD @ ST. HELEN'S PL,364106.64442,5024730.10232,-75.74299366630,45.36000661230,2014-09-22,4:30:00 PM,01 - Clear,01 - Daylight,01 - Dry,02 - Stop sign,00 - Unknown,03 - P.D. only,04 - Sideswipe,0
14-9467,HWY 417 TERRYFO IC140R52 @ TERRY FOX DR,351053.65346,5018433.89518,-75.91018387200,45.30433465550,2014-09-25,5:44:00 PM,01 - Clear,01 - Daylight,01 - Dry,01 - Traffic signal,01 - Functioning,03 - P.D. only,03 - Rear end,0
14-9468,BYRON AVE btwn NEW ORCHARD AVE & WOODLAND AVE,361328.66578,5026211.97494,-75.77828010610,45.37356989670,2014-09-25,5:49:00 PM,01 - Clear,01 - Daylight,01 - Dry,10 - No control,,03 - P.D. only,03 - Rear end,0
14-9469,BASELINE RD btwn TURN LANE & FISHER AVE,366142.99692,5026012.41896,-75.71684430280,45.37136942960,2014-09-25,5:30:00 PM,01 - Clear,01 - Daylight,01 - Dry,10 - No control,,03 - P.D. only,03 - Rear end,0
14-9470,LABELLE ST/RAMP @ LEMIEUX ST/HWY417 IC115 RAMP,372540.29860,5031688.56920,-75.63440051050,45.42185183220,2014-09-20,12:30:00 PM,01 - Clear,01 - Daylight,01 - Dry,02 - Stop sign,01 - Functioning,03 - P.D. only,03 - Rear end,0
14-9471,HUNT CLUB RD @ BRIDLE PATH DR/DAZE ST,371292.20283,5023864.50380,-75.65140121180,45.35157357030,2014-09-25,8:00:00 PM,01 - Clear,07 - Dark,01 - Dry,01 - Traffic signal,00 - Unknown,03 - P.D. only,05 - Turning movement,0
14-9472,CABIN RD @ NIXON DR,373937.23317,5001598.38633,-75.62074518950,45.15097253040,2014-09-25,8:26:00 PM,01 - Clear,07 - Dark,01 - Dry,02 - Stop sign,01 - Functioning,03 - P.D. only,07 - SMV other,0
14-9473,LEES AVE btwn MAIN ST & ROSEMERE AVE,369013.54224,5030568.04237,-75.67960737030,45.41210234190,2014-09-25,7:30:00 PM,01 - Clear,07 - Dark,01 - Dry,10 - No control,,03 - P.D. only,05 - Turning movement,0
14-9474,JUNO AVE btwn LOUISIANA AVE & KIPLING ST,372179.38439,5027865.27894,-75.63953425690,45.38748636870,2014-09-25,8:00:00 PM,01 - Clear,07 - Dark,01 - Dry,10 - No control,,03 - P.D. only,06 - SMV unattended vehicle,0
14-9475,SHEFFIELD RD @ WALKLEY RD,375260.10477,5028781.69520,-75.60006595450,45.39542868350,2014-09-26,7:44:00 AM,01 - Clear,01 - Daylight,01 - Dry,01 - Traffic signal,01 - Functioning,03 - P.D. only,99 - Other,0
14-9476,SHEA RD btwn ABBOTT ST E & FERNBANK RD,351376.75693,5013867.80163,-75.90649253650,45.26322625590,2014-09-26,8:17:00 AM,01 - Clear,01 - Daylight,01 - Dry,10 - No control,,02 - Non-fatal injury,07 - SMV other,1
14-9477,SARSFIELD RD btwn DESSAINT ST & COLONIAL RD,395170.72610,5034314.46999,-75.34479402070,45.44291912210,2014-09-26,12:00:00 AM,01 - Clear,00 - Unknown,01 - Dry,10 - No control,,03 - P.D. only,06 - SMV unattended vehicle,0
14-9478,CYRVILLE RD btwn STAR TOP RD & MEADOWBROOK RD,374572.38693,5031262.46131,-75.60849752520,45.41781822110,2014-09-26,7:35:00 AM,01 - Clear,01 - Daylight,01 - Dry,10 - No control,,03 - P.D. only,03 - Rear end,0
14-9479,CARLING AVE @ BROADVIEW AVE,363180.21267,5026639.48947,-75.75459224460,45.37726480830,2014-09-26,8:25:00 AM,01 - Clear,01 - Daylight,01 - Dry,01 - Traffic signal,01 - Functioning,03 - P.D. only,04 - Sideswipe,0
14-9480,BARRACKS WAY btwn WEST RIDGE DR & DALEWOOD CRES,350724.54760,5011695.08027,-75.91500368140,45.24371822130,2014-09-24,11:30:00 PM,01 - Clear,07 - Dark,01 - Dry,10 - No control,,03 - P.D. only,06 - SMV unattended vehicle,0
14-9481,RICHMOND RD @ ROBERTSON RD,357578.12903,5020750.42897,-75.82674386720,45.32471914870,2014-09-26,10:20:00 AM,01 - Clear,01 - Daylight,01 - Dry,01 - Traffic signal,01 - Functioning,03 - P.D. only,07 - SMV other,0
14-9482,HERON RD EB btwn RIVERSIDE DR & BRONSON AVE RAMP 35,368272.28973,5026649.11683,-75.68958084270,45.37690864940,2014-09-26,11:11:00 AM,01 - Clear,01 - Daylight,01 - Dry,10 - No control,,03 - P.D. only,03 - Rear end,0
14-9483,WALKLEY EXTENSION RD btwn HWY417 IC110 RAMP55 & HWY417 IC110 RAMP58,375526.81189,5028931.58051,-75.59663844100,45.39675038510,2014-09-26,12:23:00 PM,01 - Clear,01 - Daylight,01 - Dry,10 - No control,,02 - Non-fatal injury,05 - Turning movement,0
14-9484,HILLMOUNT CRES btwn VIEWMOUNT DR & GLENMANOR DR,364580.55000,5022624.45999,-75.73719969670,45.34102006160,2014-09-25,2:00:00 PM,01 - Clear,01 - Daylight,01 - Dry,10 - No control,,03 - P.D. only,06 - SMV unattended vehicle,0
14-9485,CLYDE AVE btwn STARWOOD RD & LOTTA AVE,364480.56604,5024603.84472,-75.73823649590,45.35883883290,2014-09-26,1:00:00 PM,01 - Clear,01 - Daylight,01 - Dry,10 - No control,,03 - P.D. only,04 - Sideswipe,0
14-9486,BRONSON AVE @ IMPERIAL AVE/PLYMOUTH ST,367319.65342,5029644.02676,-75.70136353810,45.40394170090,2014-09-26,1:20:00 PM,01 - Clear,01 - Daylight,01 - Dry,10 - No control,,03 - P.D. only,05 - Turning movement,0
14-9487,QUEEN ST btwn METCALFE ST & ELGIN ST,367670.97688,5031693.84854,-75.69661464090,45.42235388880,2014-09-26,2:21:00 PM,01 - Clear,01 - Daylight,01 - Dry,10 - No control,,03 - P.D. only,05 - Turning movement,0
14-9488,WOODROFFE AVE @ SPORTSPLEX S,363831.65887,5020900.39687,-75.74696034690,45.32557049570,2014-09-26,2:30:00 PM,01 - Clear,01 - Daylight,01 - Dry,01 - Traffic signal,01 - Functioning,03 - P.D. only,02 - Angle,0
14-9489,GREENBANK RD btwn JOCKVALE RD & CAMBRIAN RD,364312.62648,5013886.65505,-75.74166700990,45.26242043770,2014-09-26,2:20:00 PM,01 - Clear,01 - Daylight,01 - Dry,10 - No control,,03 - P.D. only,07 - SMV other,0
14-9490,KLONDIKE RD @ MARCH RD,349263.44493,5024060.67323,-75.93250566390,45.35508148420,2014-09-26,1:45:00 PM,02 - Rain,01 - Daylight,02 - Wet,01 - Traffic signal,01 - Functioning,03 - P.D. only,03 - Rear end,0
14-9491,SMYTH RD @ SOUTH HAVEN PL/GENERAL HOSPITAL ENTRANCE W,371119.71076,5029137.82023,-75.65289422740,45.39903734910,2014-09-25,3:35:00 PM,01 - Clear,01 - Daylight,01 - Dry,01 - Traffic signal,01 - Functioning,03 - P.D. only,04 - Sideswipe,0
14-9492,BANK ST @ SUNNYSIDE AVE,368734.23477,5028580.60133,-75.68343310780,45.39424557050,2014-09-26,2:15:00 PM,01 - Clear,01 - Daylight,01 - Dry,01 - Traffic signal,01 - Functioning,03 - P.D. only,03 - Rear end,0
14-9493,LYON ST @ MACLAREN ST,367408.19185,5030647.78072,-75.70010517130,45.41296526590,2014-09-26,3:13:00 PM,01 - Clear,01 - Daylight,01 - Dry,02 - Stop sign,01 - Functioning,02 - Non-fatal injury,07 - SMV other,1
14-9494,CENTURY RD S @ MCCORDICK RD S,360469.33030,5003124.20657,-75.79183888420,45.16589245050,2014-09-26,3:20:00 PM,01 - Clear,01 - Daylight,01 - Dry,02 - Stop sign,01 - Functioning,02 - Non-fatal injury,02 - Angle,0
14-9495,PROVENDER AVE btwn BURMA RD & ROTHBURY CRES,373180.92293,5034691.28939,-75.62579835770,45.44880644870,2014-09-26,3:45:00 PM,01 - Clear,01 - Daylight,01 - Dry,10 - No control,,02 - Non-fatal injury,07 - SMV other,1
14-9496,VANIER PKWY NB btwn HWY417 IC117 RAMP62 & HWY417 IC117 RAMP63,370788.19213,5031447.36565,-75.65681912330,45.41984904640,2014-09-26,3:53:00 PM,01 - Clear,01 - Daylight,08 - Loose sand or gravel,09 - Traffic controller,00 - Unknown,03 - P.D. only,02 - Angle,0
14-9497,ALPINE AVE btwn CARLING AVE & ELMHURST ST,360583.48367,5024723.75724,-75.78796137410,45.36023870640,2014-09-26,4:10:00 PM,01 - Clear,01 - Daylight,01 - Dry,10 - No control,,03 - P.D. only,06 - SMV unattended vehicle,0
14-9498,MAJESTIC DR @ WOODROFFE AVE,363528.16733,5021569.59667,-75.75075213040,45.33161737080,2014-09-26,4:25:00 PM,01 - Clear,01 - Daylight,01 - Dry,01 - Traffic signal,01 - Functioning,03 - P.D. only,05 - Turning movement,0
14-9499,BLAIR RD @ INNES RD,375579.20883,5031439.55510,-75.59560922540,45.41931048720,2014-09-26,4:30:00 PM,01 - Clear,01 - Daylight,01 - Dry,01 - Traffic signal,01 - Functioning,03 - P.D. only,03 - Rear end,0
14-9500,EAGLESON RD @ 146 N OF ABBEYHILL DR/HAZELDEAN,353770.92183,5018171.10713,-75.87556185120,45.30178584870,2014-09-26,5:09:00 PM,01 - Clear,01 - Daylight,01 - Dry,01 - Traffic signal,01 - Functioning,03 - P.D. only,05 - Turning movement,0
14-9501,VANIER PKWY SB btwn HWY417 IC117 RAMP36 & TO BE DETERMINED,370782.18649,5031428.43983,-75.65689838750,45.41967932540,2014-09-26,5:28:00 PM,01 - Clear,01 - Daylight,08 - Loose sand or gravel,10 - No control,,03 - P.D. only,03 - Rear end,0
14-9502,AVIATION PKWY @ MONTREAL RD,372144.34693,5034108.58280,-75.63912848710,45.44366419170,2014-09-25,8:45:00 AM,01 - Clear,01 - Daylight,01 - Dry,01 - Traffic signal,01 - Functioning,03 - P.D. only,03 - Rear end,0
14-9503,HERON RD @ BRIAR HILL DR/SANDALWOOD DR,371452.25387,5027012.53770,-75.64893415110,45.37988329570,2014-09-26,6:24:00 PM,01 - Clear,01 - Daylight,01 - Dry,01 - Traffic signal,01 - Functioning,02 - Non-fatal injury,02 - Angle,0
14-9504,HAWTHORNE RD @ HUNT CLUB RD,375508.70002,5026407.95438,-75.59723126110,45.37404589580,2014-09-26,6:35:00 PM,01 - Clear,01 - Daylight,01 - Dry,01 - Traffic signal,01 - Functioning,02 - Non-fatal injury,05 - Turning movement,0
14-9505,ADELINE ST @ PRESTON ST,366779.70040,5029051.02956,-75.70833484640,45.39865408810,2014-09-26,6:43:00 PM,01 - Clear,01 - Daylight,01 - Dry,02 - Stop sign,00 - Unknown,02 - Non-fatal injury,05 - Turning movement,0
14-9506,FALLOWFIELD RD btwn ASHDALE AVE & PRINCE OF WALES DR,367149.05857,5019008.45024,-75.70488392250,45.30826019560,2014-09-26,6:49:00 PM,01 - Clear,01 - Daylight,01 - Dry,10 - No control,,03 - P.D. only,03 - Rear end,0
14-9507,LAURIER AVE @ O'CONNOR ST,367634.33103,5031359.52517,-75.69712550620,45.41934904870,2014-09-26,5:20:00 AM,01 - Clear,07 - Dark,01 - Dry,01 - Traffic signal,01 - Functioning,03 - P.D. only,03 - Rear end,0
14-9508,HOPE SIDE RD btwn CROWNRIDGE DR & RICHMOND RD,356110.45651,5015001.07471,-75.84605972700,45.27309432710,2014-09-26,7:00:00 PM,01 - Clear,05 - Dusk,01 - Dry,10 - No control,,03 - P.D. only,03 - Rear end,0
14-9509,OR174 IC112 RAMP36 btwn REGIONAL ROAD 174 & BLAIR RD,374692.81043,5032843.20853,-75.60673472930,45.43202890990,2014-09-26,7:50:00 PM,01 - Clear,07 - Dark,01 - Dry,10 - No control,,03 - P.D. only,07 - SMV other,0
14-9510,VANIER PKWY SB btwn HWY417 IC117 RAMP36 & TO BE DETERMINED,370775.45761,5031444.21665,-75.65698224550,45.41982191400,2014-09-26,7:54:00 PM,01 - Clear,07 - Dark,01 - Dry,10 - No control,,03 - P.D. only,03 - Rear end,0