Record,Location,X,Y,Longitude,Latitude,Date,Time,Environment,Light,Road_Surface,Traffic_Control,Collision_Location,Collision_Classification,Impact_type,Pedestrian
14-9827,FISHER AVE @ DEER PARK RD/DYNES RD,366408.18343,5025457.42313,-75.71352824370,45.36635242850,2014-10-06,2:53:00 PM,02 - Rain,01 - Daylight,02 - Wet,01 - Traffic signal,01 - Functioning,03 - P.D. only,03 - Rear end,0
14-9828,INDUSTRIAL AVE btwn RUSSELL RD & ST. LAURENT BLVD,372663.35893,5030125.99860,-75.63304336780,45.40778061740,2014-10-06,3:02:00 PM,01 - Clear,01 - Daylight,02 - Wet,10 - No control,,03 - P.D. only,03 - Rear end,0
14-9829,WEST HUNT CLUB RD EB btwn 354 E OF WOODROFFE AVE/REC PATH & CLEOPATRA,365139.49147,5021695.52718,-75.73018151160,45.33261378400,2014-10-06,3:18:00 PM,01 - Clear,01 - Daylight,01 - Dry,10 - No control,,03 - P.D. only,04 - Sideswipe,0
14-9830,MARIER AVE @ MONTREAL RD,370419.23437,5033259.69527,-75.66129159090,45.43619033600,2014-10-06,3:32:00 PM,01 - Clear,01 - Daylight,01 - Dry,01 - Traffic signal,01 - Functioning,02 - Non-fatal injury,07 - SMV other,1
14-9831,PRINCE OF WALES DR btwn DYNES RD & 187 N OF MEADOWLANDS DR,367271.28699,5025865.98885,-75.70245952220,45.36995221530,2014-10-06,3:32:00 PM,02 - Rain,01 - Daylight,02 - Wet,10 - No control,,03 - P.D. only,03 - Rear end,0
14-9832,ST. LAURENT BLVD/DUNBARTON CRT @ BRITTANY DR,371331.24277,5034339.43840,-75.64949012890,45.44581918100,2014-10-06,3:38:00 PM,01 - Clear,01 - Daylight,01 - Dry,01 - Traffic signal,01 - Functioning,02 - Non-fatal injury,07 - SMV other,1
14-9833,SMYTH RD NORTH SIDE RAMP btwn SMYTH RD & RIVERSIDE DR,369925.77316,5029144.83329,-75.66814190890,45.39921252800,2014-10-06,4:00:00 PM,01 - Clear,01 - Daylight,01 - Dry,10 - No control,,02 - Non-fatal injury,03 - Rear end,0
14-9834,PARKGLEN DR @ WOODROFFE AVE,362889.16183,5023126.51260,-75.75872102730,45.34567958590,2014-10-06,4:13:00 PM,01 - Clear,01 - Daylight,01 - Dry,02 - Stop sign,01 - Functioning,03 - P.D. only,02 - Angle,0
14-9835,KIRKWOOD AVE btwn LAPERRIERE AVE & WOODWARD AVE,364544.81585,5026936.72337,-75.73713434640,45.37982423750,2014-10-06,4:21:00 PM,01 - Clear,01 - Daylight,01 - Dry,10 - No control,,03 - P.D. only,07 - SMV other,0
14-9836,SENATEURS WAY btwn DUPLANTE AVE & STOJKO ST,385305.81293,5038128.05252,-75.47025068340,45.47843574370,2014-10-06,2:00:00 PM,02 - Rain,01 - Daylight,02 - Wet,10 - No control,,03 - P.D. only,06 - SMV unattended vehicle,0
14-9837,BELGREEN DR btwn STEVENAGE DR & RUSSELL RD,376010.16292,5027402.10208,-75.59068630250,45.38293995250,2014-10-06,4:23:00 PM,01 - Clear,01 - Daylight,01 - Dry,10 - No control,,03 - P.D. only,04 - Sideswipe,0
14-9838,REGIONAL ROAD 174 btwn OR174 IC112 RAMP51 & OR174 IC112 RAMP15,374867.60123,5032874.47151,-75.60449664030,45.43229270610,2014-10-06,4:54:00 PM,01 - Clear,01 - Daylight,01 - Dry,10 - No control,,03 - P.D. only,03 - Rear end,0
14-9839,FALLOWFIELD RD btwn HWY416 IC66 RAMP62 & STRANDHERD DR,360645.58973,5014954.57136,-75.78826999750,45.27233034210,2014-10-06,4:59:00 PM,01 - Clear,01 - Daylight,01 - Dry,10 - No control,,03 - P.D. only,03 - Rear end,0
14-9840,ST. JOSEPH BLVD @ JEANNE D'ARC BLVD,379859.32070,5036469.68517,-75.54015984950,45.46412181190,2014-10-06,4:30:00 PM,01 - Clear,01 - Daylight,01 - Dry,11 - Roundabout,01 - Functioning,03 - P.D. only,02 - Angle,0
14-9841,BLAIR RD @ REGIONAL RD 174 S/OR174 IC112 RAMP15,374909.18813,5032661.79556,-75.60399548260,45.43037499920,2014-10-04,1:00:00 PM,02 - Rain,01 - Daylight,02 - Wet,01 - Traffic signal,01 - Functioning,03 - P.D. only,03 - Rear end,0
14-9842,MERIVALE RD @ SUMMERVILLE AVE,364875.20857,5026444.77639,-75.73297587950,45.37536953350,2014-09-29,8:15:00 AM,01 - Clear,01 - Daylight,01 - Dry,01 - Traffic signal,01 - Functioning,02 - Non-fatal injury,07 - SMV other,1
14-9843,BLAIR RD @ REGIONAL RD 174 S/OR174 IC112 RAMP15,374909.18813,5032661.79556,-75.60399548260,45.43037499920,2014-10-06,5:32:00 PM,01 - Clear,01 - Daylight,01 - Dry,01 - Traffic signal,01 - Functioning,02 - Non-fatal injury,05 - Turning movement,0
14-9844,PRINCE OF WALES DR @ LODGE RD S,366788.69965,5013756.42728,-75.71013512360,45.26103481910,2014-10-06,5:47:00 PM,01 - Clear,01 - Daylight,01 - Dry,02 - Stop sign,00 - Unknown,02 - Non-fatal injury,05 - Turning movement,0
14-9845,DATA CENTRE RD @ RIVERSIDE DR,368899.34924,5027672.38216,-75.68144245890,45.38605860280,2014-10-06,6:02:00 PM,01 - Clear,07 - Dark,01 - Dry,01 - Traffic signal,01 - Functioning,03 - P.D. only,03 - Rear end,0
14-9846,SOMERSET ST    W btwn BELL ST N & ARTHUR ST,366807.34058,5030378.36320,-75.70781491880,45.41059462290,2014-10-06,8:02:00 PM,01 - Clear,07 - Dark,01 - Dry,10 - No control,,03 - P.D. only,04 - Sideswipe,0
14-9847,WHYTE SIDE RD btwn HAWTHORNE RD & RAMSAYVILLE RD,377545.64257,5025327.74504,-75.57138717810,45.36411825860,2014-10-06,8:18:00 PM,01 - Clear,07 - Dark,01 - Dry,10 - No control,,03 - P.D. only,02 - Angle,0
14-9848,RICHMOND RD @ WEST HUNT CLUB RD,357144.22550,5018152.46230,-75.83255297820,45.30137482620,2014-10-06,4:55:00 PM,01 - Clear,01 - Daylight,01 - Dry,01 - Traffic signal,01 - Functioning,03 - P.D. only,03 - Rear end,0
14-9849,BANK ST @ HERON RD,369995.21303,5026851.79569,-75.66755796730,45.37857409430,2014-10-06,8:40:00 PM,01 - Clear,07 - Dark,01 - Dry,01 - Traffic signal,01 - Functioning,03 - P.D. only,03 - Rear end,0
14-9850,REGIONAL ROAD 174 EB btwn OR174 IC109 RAMP55 & TRANSIT,376467.17937,5034972.93035,-75.58375014770,45.45101123380,2014-10-06,8:38:00 PM,01 - Clear,07 - Dark,01 - Dry,10 - No control,,03 - P.D. only,03 - Rear end,0
14-9851,FOREST VALLEY DR @ ORLEANS BLVD,380259.25567,5034819.82499,-75.53529947530,45.44923456030,2014-10-07,2:49:00 AM,02 - Rain,07 - Dark,02 - Wet,01 - Traffic signal,00 - Unknown,03 - P.D. only,07 - SMV other,0
14-9852,NAVAN RD @ PAGE RD,381660.23393,5032770.54990,-75.51771146350,45.43064415120,2014-10-07,6:27:00 AM,02 - Rain,07 - Dark,02 - Wet,02 - Stop sign,01 - Functioning,02 - Non-fatal injury,02 - Angle,0
14-9853,BREWER RD @ BRONSON AVE,368107.62530,5027764.54017,-75.69154004320,45.38695981950,2014-10-07,6:39:00 AM,02 - Rain,03 - Dawn,02 - Wet,01 - Traffic signal,01 - Functioning,03 - P.D. only,03 - Rear end,0
14-9854,WEST HUNT CLUB RD btwn MOODIE DR & RICHMOND RD,357417.77581,5018277.17448,-75.82905191110,45.30247656700,2014-10-07,6:48:00 AM,02 - Rain,03 - Dawn,02 - Wet,10 - No control,,02 - Non-fatal injury,03 - Rear end,0
14-9855,TERRY FOX DR @ PALLADIUM DR/KATIMAVIK RD,351268.76788,5018182.25026,-75.90746451810,45.30205609020,2014-10-07,7:02:00 AM,02 - Rain,01 - Daylight,02 - Wet,01 - Traffic signal,01 - Functioning,03 - P.D. only,03 - Rear end,0
14-9856,DUMAURIER AVE @ RICHMOND RD,359628.13933,5023734.56353,-75.80026448990,45.35141331590,2014-10-07,7:09:00 AM,02 - Rain,07 - Dark,02 - Wet,01 - Traffic signal,01 - Functioning,03 - P.D. only,03 - Rear end,0
14-9857,BEAVERPOND DR @ BLAIR RD,375398.77978,5031874.09204,-75.59785212450,45.42323843770,2014-10-07,7:10:00 AM,02 - Rain,01 - Daylight,02 - Wet,01 - Traffic signal,01 - Functioning,03 - P.D. only,03 - Rear end,0
14-9858,DWYER HILL RD btwn ROGER STEVENS DR & FLOOD RD,355276.77442,4988007.45834,-75.85941106430,45.03025475640,2014-10-07,7:43:00 AM,02 - Rain,01 - Daylight,02 - Wet,10 - No control,,02 - Non-fatal injury,01 - Approaching,0
14-9859,ROCKDALE RD btwn HWY417 IC88 RAMP51 & END,395253.92356,5022222.29690,-75.34594698080,45.33411774530,2014-10-07,7:52:00 AM,02 - Rain,01 - Daylight,02 - Wet,10 - No control,,03 - P.D. only,03 - Rear end,0
14-9860,TENTH LINE RD @ CHARLEMAGNE BLVD S/DES EPINETT,383640.97510,5036900.45590,-75.49173924100,45.46758093120,2014-10-07,7:55:00 AM,02 - Rain,01 - Daylight,02 - Wet,01 - Traffic signal,01 - Functioning,02 - Non-fatal injury,03 - Rear end,0
14-9861,MOODIE DR @ WEST HUNT CLUB RD,357909.07350,5018498.45570,-75.82276392860,45.30443070910,2014-10-07,8:15:00 AM,02 - Rain,01 - Daylight,02 - Wet,01 - Traffic signal,01 - Functioning,02 - Non-fatal injury,03 - Rear end,0
14-9862,MARCH RD btwn CORKSTOWN RD & HWY417 IC138 RAMP62,352662.82637,5020872.11159,-75.88942964960,45.32616644800,2014-10-07,8:53:00 AM,02 - Rain,01 - Daylight,02 - Wet,10 - No control,,03 - P.D. only,03 - Rear end,0
14-9863,INNES RD btwn FRANK KENNY RD & O'TOOLE RD,388504.91297,5038021.91989,-75.42935615480,45.47710469250,2014-10-07,8:54:00 AM,02 - Rain,01 - Daylight,02 - Wet,10 - No control,,03 - P.D. only,07 - SMV other,0
14-9864,DALHOUSIE ST @ GUIGUES AVE,367913.66156,5032715.03388,-75.69338298750,45.43152031280,2014-10-07,6:50:00 AM,02 - Rain,07 - Dark,02 - Wet,02 - Stop sign,01 - Functioning,03 - P.D. only,03 - Rear end,0
14-9865,ALBION RD @ WYLDEWOOD ST,372293.21053,5023293.50870,-75.63870533840,45.34634032850,2014-10-07,9:10:00 AM,02 - Rain,01 - Daylight,02 - Wet,02 - Stop sign,01 - Functioning,03 - P.D. only,03 - Rear end,0
14-9866,NAVAHO DR btwn BASELINE RD & NAVAHO DR,363095.64331,5024079.49682,-75.75597398520,45.35423732410,2014-10-07,9:40:00 AM,02 - Rain,01 - Daylight,02 - Wet,10 - No control,,03 - P.D. only,03 - Rear end,0
14-9867,ANALDEA DR/ WHITE ALDER AVE @ BANK ST,375697.44960,5020815.29110,-75.59562347410,45.32370655460,2014-10-07,9:58:00 AM,02 - Rain,01 - Daylight,02 - Wet,01 - Traffic signal,01 - Functioning,03 - P.D. only,03 - Rear end,0
14-9868,HERON RD @ BRONSON AVE RAMP 52,368688.23307,5026695.74133,-75.68426455210,45.37729036040,2014-10-07,10:41:00 AM,01 - Clear,01 - Daylight,02 - Wet,10 - No control,,02 - Non-fatal injury,03 - Rear end,0
14-9869,WILLOW ST btwn BOOTH ST & LEBRETON ST N,366739.84873,5029984.20018,-75.70872661350,45.40705403130,2014-07-27,12:00:00 AM,01 - Clear,00 - Unknown,01 - Dry,10 - No control,,03 - P.D. only,06 - SMV unattended vehicle,0
14-9870,WEST HUNT CLUB RD EB btwn 354 E OF WOODROFFE AVE/REC PATH & CLEOPATRA,365167.08950,5021702.27651,-75.72982862180,45.33267213990,2014-10-07,11:03:00 AM,02 - Rain,01 - Daylight,02 - Wet,10 - No control,,02 - Non-fatal injury,04 - Sideswipe,0
14-9871,OLD CARP RD btwn MARCH RD & LADY LOCHEAD LANE,344061.07048,5022230.41210,-75.99904700360,45.33892278140,2014-10-07,11:17:00 AM,02 - Rain,01 - Daylight,02 - Wet,10 - No control,,03 - P.D. only,07 - SMV other,0
14-9872,THORNDALE DR @ WALKLEY RD,369464.30240,5025430.57723,-75.67452222490,45.36583559580,2014-10-07,11:32:00 AM,01 - Clear,01 - Daylight,02 - Wet,02 - Stop sign,01 - Functioning,03 - P.D. only,06 - SMV unattended vehicle,0
14-9873,RICHMOND RD btwn WEST HUNT CLUB RD & STONEHAVEN DR,357123.72787,5018056.96467,-75.83282440620,45.30051705260,2014-10-07,6:50:00 AM,02 - Rain,07 - Dark,02 - Wet,10 - No control,,03 - P.D. only,03 - Rear end,0
14-9874,LYON ST @ WELLINGTON ST,366933.84920,5031426.16600,-75.70606673770,45.42001122210,2014-10-07,11:15:00 AM,01 - Clear,01 - Daylight,01 - Dry,01 - Traffic signal,01 - Functioning,03 - P.D. only,04 - Sideswipe,0
14-9875,BANK ST btwn WALKLEY RD & SURREY AVE,370344.96100,5025928.77755,-75.66321520180,45.37023644760,2014-10-07,12:18:00 PM,01 - Clear,01 - Daylight,01 - Dry,10 - No control,,03 - P.D. only,02 - Angle,0
14-9876,HWY 417 MARCH IC138R26 @ MARCH RD,352919.17877,5020286.14030,-75.88621657490,45.32087623500,2014-10-07,11:45:00 AM,01 - Clear,01 - Daylight,01 - Dry,10 - No control,,03 - P.D. only,03 - Rear end,0
14-9877,LORRY GREENBERG DR @ MARGRAVE AVE,372618.72287,5025288.69130,-75.63427818340,45.36426085650,2014-10-07,1:27:00 PM,01 - Clear,01 - Daylight,01 - Dry,02 - Stop sign,00 - Unknown,03 - P.D. only,04 - Sideswipe,0
14-9878,LEMIEUX ST @ ST. LAURENT BLVD,372391.70234,5031742.81371,-75.63629164490,45.42235427170,2014-10-07,1:26:00 PM,01 - Clear,01 - Daylight,01 - Dry,01 - Traffic signal,01 - Functioning,02 - Non-fatal injury,03 - Rear end,0
14-9879,SHEFFIELD RD @ WALKLEY RD,375257.26117,5028785.48667,-75.60010172770,45.39546308360,2014-10-07,1:27:00 PM,01 - Clear,01 - Daylight,01 - Dry,01 - Traffic signal,01 - Functioning,03 - P.D. only,05 - Turning movement,0
14-9880,OLD INNES RD @ BANTREE ST,373727.57593,5030352.87369,-75.61941784280,45.40971793570,2014-10-07,1:37:00 PM,01 - Clear,01 - Daylight,01 - Dry,02 - Stop sign,01 - Functioning,03 - P.D. only,05 - Turning movement,0
14-9881,ST. LAURENT BLVD @ TRANSITWAY,372444.63659,5031615.46700,-75.63563279640,45.42120334910,2014-10-07,1:44:00 PM,01 - Clear,01 - Daylight,01 - Dry,01 - Traffic signal,00 - Unknown,03 - P.D. only,06 - SMV unattended vehicle,0
14-9882,GREENBANK RD @ HWY 417 IC129 RAMP57/IRIS ST,360530.83507,5023313.44187,-75.78879232060,45.34755291650,2014-10-07,1:55:00 PM,01 - Clear,01 - Daylight,01 - Dry,01 - Traffic signal,01 - Functioning,03 - P.D. only,04 - Sideswipe,0
14-9883,HERZBERG RD @ MARCH RD,352322.20040,5021529.43617,-75.89371155800,45.33210433180,2014-10-07,2:01:00 PM,02 - Rain,01 - Daylight,02 - Wet,01 - Traffic signal,01 - Functioning,03 - P.D. only,03 - Rear end,0
14-9884,TERRY FOX DR S @ DIDSBURY RD/CENTRUM KANATA SC,350625.32900,5018914.40136,-75.91560105560,45.30868645520,2014-10-07,2:55:00 PM,02 - Rain,01 - Daylight,02 - Wet,01 - Traffic signal,01 - Functioning,03 - P.D. only,03 - Rear end,0
14-9885,RIVERSIDE DR btwn HERON RD & RIVERSIDE DR RAMP 34,368109.70347,5026797.33986,-75.69163754430,45.37825703070,2014-10-07,2:59:00 PM,02 - Rain,01 - Daylight,02 - Wet,10 - No control,,03 - P.D. only,03 - Rear end,0
14-9886,RICKEY PL btwn MCKITRICK DR & MCELROY DR,352832.32845,5016895.00646,-75.88765295180,45.29036798890,2014-10-07,3:01:00 PM,02 - Rain,01 - Daylight,02 - Wet,10 - No control,,03 - P.D. only,06 - SMV unattended vehicle,0
14-9887,CARILLON ST @ HANNAH ST,370155.15556,5033391.26558,-75.66464906910,45.43739888250,2014-10-07,3:38:00 PM,02 - Rain,01 - Daylight,02 - Wet,02 - Stop sign,01 - Functioning,02 - Non-fatal injury,02 - Angle,0
14-9888,CAMPEAU DR @ TERRY FOX DR,350454.65058,5019009.98014,-75.91776875610,45.30955761420,2014-10-07,3:51:00 PM,01 - Clear,01 - Daylight,02 - Wet,01 - Traffic signal,01 - Functioning,03 - P.D. only,03 - Rear end,0
14-9889,TERRY FOX DR btwn TERRY FOX DR & EAGLESON RD,354637.12759,5014765.57561,-75.86485943520,45.27108121270,2014-10-07,3:30:00 PM,01 - Clear,01 - Daylight,01 - Dry,10 - No control,,03 - P.D. only,07 - SMV other,0
14-9890,MERIVALE RD btwn COLONNADE RD & WOODFIELD DR/ROYDON PL,365369.47813,5022527.62893,-75.72714573650,45.34008111730,2014-10-07,4:10:00 PM,01 - Clear,01 - Daylight,01 - Dry,10 - No control,,02 - Non-fatal injury,03 - Rear end,0
14-9891,AVIATION PKWY @ OGILVIE RD,373109.29240,5032374.68987,-75.62703548570,45.42796988160,2014-10-07,4:12:00 PM,02 - Rain,01 - Daylight,02 - Wet,01 - Traffic signal,01 - Functioning,03 - P.D. only,03 - Rear end,0
14-9892,KITCHENER AVE @ BANK ST,370541.35003,5025499.02383,-75.66076544360,45.36635126720,2014-10-07,4:15:00 PM,02 - Rain,01 - Daylight,02 - Wet,01 - Traffic signal,01 - Functioning,02 - Non-fatal injury,05 - Turning movement,0
14-9893,DALY AVE @ WURTEMBURG ST,369439.04425,5032787.42558,-75.67388051790,45.43203234010,2014-10-07,4:19:00 PM,01 - Clear,01 - Daylight,01 - Dry,10 - No control,,03 - P.D. only,02 - Angle,0
14-9894,WOODROFFE AVE NB btwn SPORTSPLEX N & TRANSIT,363777.96934,5021038.44803,-75.74762873680,45.32681718350,2014-10-07,4:31:00 PM,02 - Rain,01 - Daylight,02 - Wet,10 - No control,,02 - Non-fatal injury,03 - Rear end,0
14-9895,KIRKWOOD AVE @ LAPERRIERE AVE,364520.16793,5026957.59463,-75.73744651760,45.38001413440,2014-10-07,4:38:00 PM,02 - Rain,01 - Daylight,02 - Wet,01 - Traffic signal,01 - Functioning,03 - P.D. only,05 - Turning movement,0
14-9896,STITTSVILLE MAIN ST @ HOBIN ST/WILDPINE CRT,349665.10277,5014036.33053,-75.92828707160,45.26485399330,2014-10-07,3:30:00 PM,01 - Clear,01 - Daylight,01 - Dry,01 - Traffic signal,01 - Functioning,03 - P.D. only,03 - Rear end,0
14-9897,MONTREAL RD/HANNAH ST @ CODY AVE,370255.19113,5033169.59220,-75.66340005570,45.43539500190,2014-10-07,4:50:00 PM,01 - Clear,01 - Daylight,01 - Dry,01 - Traffic signal,00 - Unknown,03 - P.D. only,04 - Sideswipe,0
14-9898,ST. LAURENT BLVD btwn INDUSTRIAL AVE & BOURASSA ST,373156.02973,5029876.17187,-75.62678485080,45.40548485060,2014-10-07,4:51:00 PM,01 - Clear,01 - Daylight,01 - Dry,10 - No control,,03 - P.D. only,02 - Angle,0
14-9899,ATHLONE AVE @ SCOTT ST,363326.67416,5028733.79739,-75.75247401540,45.39609685260,2014-10-07,4:45:00 PM,02 - Rain,01 - Daylight,02 - Wet,01 - Traffic signal,01 - Functioning,03 - P.D. only,03 - Rear end,0
14-9900,RIVERSIDE DR btwn FROBISHER LANE & HINCKS LANE,370239.08280,5029884.59856,-75.66404223730,45.40583944840,2014-10-07,3:30:00 PM,01 - Clear,01 - Daylight,01 - Dry,10 - No control,,03 - P.D. only,06 - SMV unattended vehicle,0
14-9901,GILCHRIST ST @ SPENCER ST,364350.20307,5029160.80859,-75.73935069380,45.39985271450,2014-10-07,3:30:00 PM,02 - Rain,01 - Daylight,02 - Wet,02 - Stop sign,03 - Obscured,02 - Non-fatal injury,02 - Angle,0
14-9902,HAZELDEAN RD btwn IRWIN GT & EAGLESON RD,353498.74338,5018318.29886,-75.87901778850,45.30312923370,2014-10-07,8:30:00 AM,01 - Clear,01 - Daylight,01 - Dry,10 - No control,,03 - P.D. only,03 - Rear end,0
14-9903,FOURTH LINE RD btwn COMMUNITY WAY & WILLISBROOK DR,366743.85565,4999034.56236,-75.71253564540,45.12857047630,2014-10-07,5:47:00 PM,01 - Clear,07 - Dark,01 - Dry,10 - No control,,03 - P.D. only,02 - Angle,0
14-9904,BANTREE ST @ INNES RD,373704.30140,5030407.50327,-75.61970751420,45.41021175810,2014-10-07,5:57:00 PM,01 - Clear,05 - Dusk,02 - Wet,01 - Traffic signal,01 - Functioning,03 - P.D. only,03 - Rear end,0
14-9905,HOLLAND AVE @ KENILWORTH ST,365214.22337,5028495.60313,-75.72839681870,45.39379331570,2014-10-07,4:05:00 PM,02 - Rain,01 - Daylight,02 - Wet,01 - Traffic signal,01 - Functioning,03 - P.D. only,03 - Rear end,0
14-9906,HAWTHORNE RD @ HUNT CLUB RD,375507.27597,5026406.52920,-75.59724964370,45.37403321620,2014-10-07,6:11:00 PM,01 - Clear,01 - Daylight,01 - Dry,01 - Traffic signal,01 - Functioning,02 - Non-fatal injury,05 - Turning movement,0
14-9907,CARLING AVE @ OTTAWA RIVER PKWY WB,360856.86977,5025170.28197,-75.78442140740,45.36423470780,2014-10-07,6:11:00 PM,01 - Clear,01 - Daylight,01 - Dry,03 - Yield sign,01 - Functioning,02 - Non-fatal injury,03 - Rear end,0
14-9908,MCBEAN ST btwn RICHLAND DR & DOBSON LANE,358342.49680,5004225.45131,-75.81877393170,45.17596634770,2014-10-07,8:34:00 PM,01 - Clear,07 - Dark,01 - Dry,10 - No control,,03 - P.D. only,07 - SMV other,0
14-9909,OLD MONTREAL RD btwn KING ARTHUR ST & QUIGLEY HILL RD,387547.70077,5041115.21376,-75.44107600130,45.50504887340,2014-10-07,11:36:00 PM,01 - Clear,07 - Dark,02 - Wet,10 - No control,,02 - Non-fatal injury,07 - SMV other,0
14-9910,AVIATION PKWY @ OGILVIE RD,373109.29240,5032376.58560,-75.62703522280,45.42798693810,2014-10-08,6:21:00 AM,02 - Rain,03 - Dawn,02 - Wet,01 - Traffic signal,01 - Functioning,02 - Non-fatal injury,05 - Turning movement,0
14-9911,NAVAN RD @ PAGE RD,381658.33820,5032770.54990,-75.51773568740,45.43064435950,2014-10-08,6:44:00 AM,02 - Rain,03 - Dawn,02 - Wet,02 - Stop sign,01 - Functioning,02 - Non-fatal injury,02 - Angle,0
14-9912,TENTH LINE RD btwn ST. JOSEPH BLVD & OLD TENTH LINE RD,382995.12141,5038455.60776,-75.49974997330,45.48164539390,2014-10-08,7:16:00 AM,02 - Rain,01 - Daylight,02 - Wet,10 - No control,,03 - P.D. only,03 - Rear end,0
14-9913,HUNTLEY RD btwn MANSFIELD RD & BROWNLEE RD,353416.72802,5008462.25264,-75.88102791260,45.21444735250,2014-10-08,7:51:00 AM,01 - Clear,01 - Daylight,02 - Wet,10 - No control,,03 - P.D. only,01 - Approaching,0
14-9914,BLAIR RD btwn BEAVERPOND DR & INNES RD,375539.78003,5031532.19168,-75.59609966890,45.42014796720,2014-10-08,7:45:00 AM,02 - Rain,01 - Daylight,02 - Wet,10 - No control,,03 - P.D. only,04 - Sideswipe,0
14-9915,ALTA VISTA DR @ ROGER RD,370407.14100,5028876.65217,-75.66202967770,45.39675459080,2014-10-08,8:17:00 AM,02 - Rain,01 - Daylight,02 - Wet,02 - Stop sign,01 - Functioning,02 - Non-fatal injury,02 - Angle,0
14-9916,JEANNE D'ARC BLVD  S btwn HENRI LAUZON ST & BOYER RD,380639.97716,5036183.47345,-75.53022259230,45.46146239070,2014-10-08,8:43:00 AM,02 - Rain,01 - Daylight,02 - Wet,10 - No control,,03 - P.D. only,03 - Rear end,0
14-9917,ST. JOSEPH BLVD @ TAYLOR CREEK DR,384031.79697,5039174.95307,-75.48637511360,45.48800049650,2014-10-08,8:54:00 AM,01 - Clear,01 - Daylight,02 - Wet,02 - Stop sign,00 - Unknown,03 - P.D. only,03 - Rear end,0
14-9918,WELLINGTON ST btwn O'CONNOR ST & METCALFE ST,367550.49730,5031805.70512,-75.69813976750,45.42337115540,2014-10-08,9:02:00 AM,01 - Clear,01 - Daylight,02 - Wet,10 - No control,,03 - P.D. only,04 - Sideswipe,0
14-9919,LABELLE ST/RAMP @ LEMIEUX ST/HWY417 IC115 RAMP,372543.14220,5031690.46493,-75.63436391790,45.42186861340,2014-10-08,9:00:00 AM,01 - Clear,01 - Daylight,02 - Wet,02 - Stop sign,01 - Functioning,02 - Non-fatal injury,02 - Angle,0
14-9920,FROBISHER LANE W @ RIVERSIDE DR,370118.79268,5029601.39224,-75.66561624580,45.40330249740,2014-10-08,9:48:00 AM,01 - Clear,01 - Daylight,01 - Dry,01 - Traffic signal,01 - Functioning,03 - P.D. only,99 - Other,0
14-9921,MCARTHUR AVE @ VANIER PKWY,370218.70500,5032692.38770,-75.66392974970,45.43110473020,2014-10-06,10:00:00 AM,01 - Clear,01 - Daylight,01 - Dry,01 - Traffic signal,01 - Functioning,03 - P.D. only,03 - Rear end,0
14-9922,KIRKWOOD AVE @ MERIVALE RD,364852.75128,5026648.91770,-75.73323775760,45.37720828600,2014-10-07,10:41:00 AM,01 - Clear,01 - Daylight,01 - Dry,01 - Traffic signal,01 - Functioning,03 - P.D. only,03 - Rear end,0
14-9923,CARLING AVE @ MERIVALE RD,364896.12560,5027700.54420,-75.73255598300,45.38666690610,2014-10-08,10:51:00 AM,01 - Clear,01 - Daylight,01 - Dry,01 - Traffic signal,01 - Functioning,03 - P.D. only,05 - Turning movement,0
14-9924,HUNT CLUB RD @ LORRY GREENBERG DR/SABLE RIDGE,372823.26477,5024808.45267,-75.63173356090,45.35992003390,2014-10-08,11:12:00 AM,01 - Clear,01 - Daylight,01 - Dry,01 - Traffic signal,00 - Unknown,03 - P.D. only,07 - SMV other,0
14-9925,WEST HUNT CLUB RD @ ROYDON PL/SUNDERLAND ST,365974.03711,5022171.48344,-75.71947643290,45.33682411670,2014-10-08,11:26:00 AM,01 - Clear,01 - Daylight,01 - Dry,01 - Traffic signal,01 - Functioning,03 - P.D. only,03 - Rear end,0
14-9926,INDUSTRIAL AVE/INNES RD @ ST. LAURENT BLVD,373100.20133,5030003.67097,-75.62748028680,45.40663747840,2014-10-08,12:24:00 PM,01 - Clear,01 - Daylight,01 - Dry,01 - Traffic signal,01 - Functioning,03 - P.D. only,03 - Rear end,0
14-9927,HERZBERG RD @ CARLING AVE,352037.14607,5022300.49280,-75.89727448020,45.33906169660,2014-10-08,12:30:00 PM,01 - Clear,01 - Daylight,01 - Dry,01 - Traffic signal,01 - Functioning,03 - P.D. only,05 - Turning movement,0
14-9928,BOTTRIELL WAY @ MARSALA CRES,383862.28707,5037270.51587,-75.48884989160,45.47088537510,2014-10-08,12:42:00 PM,01 - Clear,01 - Daylight,01 - Dry,02 - Stop sign,01 - Functioning,03 - P.D. only,02 - Angle,0
14-9929,OXER PL/WESTPHALIAN AVE @ ROUNCEY RD,353202.32430,5015536.06880,-75.88306883630,45.27811453670,2014-10-08,12:46:00 PM,01 - Clear,01 - Daylight,08 - Loose sand or gravel,02 - Stop sign,01 - Functioning,03 - P.D. only,02 - Angle,0
14-9930,BANK ST @ CHAMBERLAIN AVE N/ISABELLA ST,368081.29030,5030165.61433,-75.69156828620,45.40856634370,2014-10-08,1:59:00 PM,01 - Clear,01 - Daylight,01 - Dry,01 - Traffic signal,01 - Functioning,03 - P.D. only,04 - Sideswipe,0
14-9931,PARKDALE AVE @ SCOTT ST,364948.75348,5029724.18450,-75.73163723740,45.40487067880,2014-10-08,1:45:00 PM,01 - Clear,01 - Daylight,01 - Dry,01 - Traffic signal,01 - Functioning,03 - P.D. only,99 - Other,0