Record,Location,X,Y,Longitude,Latitude,Date,Time,Environment,Light,Road_Surface,Traffic_Control,Collision_Location,Collision_Classification,Impact_type,Pedestrian
14-10037,CLEARBROOK DR btwn KENTMARE CRES & CHAPMAN MILLS DR,365912.44363,5015105.37118,-75.72113342210,45.27324924380,2014-10-11,9:43:00 AM,01 - Clear,01 - Daylight,01 - Dry,10 - No control,,03 - P.D. only,04 - Sideswipe,0
14-10038,"MCARTHUR AVE btwn MCARTHUR AVE & EGLISE, RUE DE L",371429.12902,5032824.57880,-75.64844399150,45.43217985360,2014-10-11,9:48:00 AM,01 - Clear,01 - Daylight,01 - Dry,10 - No control,,03 - P.D. only,03 - Rear end,0
14-10039,BARNSDALE RD @ RIDEAU VALLEY DR,367140.64842,5011810.92514,-75.70589500390,45.24349816550,2014-10-11,11:13:00 AM,01 - Clear,01 - Daylight,01 - Dry,02 - Stop sign,01 - Functioning,03 - P.D. only,02 - Angle,0
14-10040,EARL MULLIGAN DR @ WOODROFFE AVE,365250.22727,5017506.46000,-75.72927997030,45.29491138830,2014-10-11,11:53:00 AM,01 - Clear,01 - Daylight,01 - Dry,01 - Traffic signal,01 - Functioning,03 - P.D. only,03 - Rear end,0
14-10041,CARLING AVE @ FAIRLAWN AVE/WOODROFFE AVE E,361934.68410,5025830.52790,-75.77058762240,45.37008852270,2014-10-11,11:50:00 AM,01 - Clear,01 - Daylight,01 - Dry,01 - Traffic signal,01 - Functioning,03 - P.D. only,04 - Sideswipe,0
14-10042,DES BROUSSAILLES TER btwn MEADOWGLEN DR & MEADOWGLEN DR,379542.48471,5034827.75409,-75.54446046180,45.44938291950,2014-10-11,11:45:00 AM,01 - Clear,01 - Daylight,01 - Dry,10 - No control,,03 - P.D. only,06 - SMV unattended vehicle,0
14-10043,TERRY FOX DR btwn PALLADIUM DR & MAPLE GROVE RD,351545.05753,5017874.44075,-75.90397068950,45.29926800860,2014-10-11,1:26:00 PM,01 - Clear,01 - Daylight,01 - Dry,10 - No control,,03 - P.D. only,06 - SMV unattended vehicle,0
14-10044,LANGEVIN AVE btwn PUTMAN AVE & BEECHWOOD AVE,369363.70789,5033812.36448,-75.67470882790,45.44126129010,2014-10-11,1:00:00 PM,01 - Clear,01 - Daylight,01 - Dry,10 - No control,,03 - P.D. only,06 - SMV unattended vehicle,0
14-10045,STRANDHERD DR @ WOODROFFE AVE,366107.57580,5015396.09687,-75.71861083000,45.27584819460,2014-10-11,2:30:00 PM,01 - Clear,01 - Daylight,01 - Dry,01 - Traffic signal,01 - Functioning,03 - P.D. only,03 - Rear end,0
14-10046,LAURIER AVE   W btwn O'CONNOR ST & METCALFE ST,367711.17684,5031401.15683,-75.69613837970,45.41971673060,2014-10-11,12:00:00 AM,01 - Clear,00 - Unknown,01 - Dry,10 - No control,,03 - P.D. only,06 - SMV unattended vehicle,0
14-10047,HEATHERINGTON RD btwn ALBION RD N & BANNERHILL PRIV,371503.96883,5026250.53055,-75.64837681840,45.37302211230,2014-10-11,4:10:00 PM,01 - Clear,01 - Daylight,01 - Dry,10 - No control,,03 - P.D. only,04 - Sideswipe,0
14-10048,IRIS ST btwn FIELD ST & WHITMORE AVE,362649.33551,5024655.21355,-75.76160235100,45.35945453570,2014-10-10,12:00:00 AM,01 - Clear,00 - Unknown,01 - Dry,10 - No control,,03 - P.D. only,06 - SMV unattended vehicle,0
14-10049,GREENBANK RD @ MALVERN DR/FOXFIELD DR,363310.26460,5016192.53757,-75.75416666830,45.28325292680,2014-10-11,6:50:00 PM,01 - Clear,07 - Dark,01 - Dry,01 - Traffic signal,01 - Functioning,02 - Non-fatal injury,03 - Rear end,0
14-10050,KING EDWARD AVE @ RIDEAU ST,368512.18113,5032413.58920,-75.68577345160,45.42875375250,2014-10-11,9:59:00 PM,01 - Clear,07 - Dark,01 - Dry,01 - Traffic signal,01 - Functioning,02 - Non-fatal injury,07 - SMV other,1
14-10051,CEDARVIEW RD @ FALLOWFIELD RD,361295.61732,5015664.91716,-75.77990546760,45.27867016680,2014-10-11,10:48:00 PM,01 - Clear,07 - Dark,02 - Wet,01 - Traffic signal,01 - Functioning,03 - P.D. only,05 - Turning movement,0
14-10052,GENTLE GATE CRES btwn TAPIOLA CRES & TAPIOLA CRES,371679.41846,5025167.87824,-75.64628362660,45.36326406990,2014-10-11,10:50:00 PM,01 - Clear,07 - Dark,01 - Dry,10 - No control,,03 - P.D. only,06 - SMV unattended vehicle,0
14-10053,GREENBANK RD @ HWY 417 IC129 RAMP57/IRIS ST,360530.83507,5023312.49400,-75.78879242740,45.34754438730,2014-10-11,11:45:00 PM,01 - Clear,07 - Dark,01 - Dry,01 - Traffic signal,01 - Functioning,02 - Non-fatal injury,02 - Angle,0
14-10054,STAGECOACH RD btwn CABIN RD & SNAKE ISLAND RD,378065.12717,5006553.89705,-75.56752794050,45.19514483410,2014-10-12,3:41:00 AM,01 - Clear,07 - Dark,01 - Dry,10 - No control,,03 - P.D. only,07 - SMV other,0
14-10055,RUSSLAND RD @ SAUMURE RD,401314.82974,5024762.01542,-75.26814099480,45.35615915640,2014-10-12,3:50:00 AM,01 - Clear,07 - Dark,01 - Dry,02 - Stop sign,01 - Functioning,02 - Non-fatal injury,07 - SMV other,0
14-10056,BYRON AVE btwn WOODROFFE AVE & LOCKHART AVE,361661.66674,5026712.69196,-75.77397126360,45.37804836100,2014-10-12,9:35:00 AM,01 - Clear,01 - Daylight,01 - Dry,10 - No control,,03 - P.D. only,04 - Sideswipe,0
14-10057,GROVEHURST DR btwn RUTLEGE ST & OLDFIELD ST,366520.46112,5015636.51406,-75.71331904900,45.27797533190,2014-10-12,10:17:00 AM,01 - Clear,01 - Daylight,01 - Dry,10 - No control,,03 - P.D. only,06 - SMV unattended vehicle,0
14-10058,BANK ST @ CONROY RD,375044.15764,5022237.62662,-75.60375408990,45.33656983980,2014-10-04,4:00:00 PM,01 - Clear,01 - Daylight,01 - Dry,01 - Traffic signal,01 - Functioning,03 - P.D. only,03 - Rear end,0
14-10059,CAMPEAU DR/HWY 417 MARCH IC138R63 @ MARCH RD,352841.15097,5020477.41457,-75.88719324520,45.32260270370,2014-10-12,10:39:00 AM,01 - Clear,01 - Daylight,01 - Dry,01 - Traffic signal,01 - Functioning,03 - P.D. only,02 - Angle,0
14-10060,HOLLAND AVE @ WELLINGTON ST,364930.17533,5029151.65867,-75.73194434880,45.39972081390,2014-10-12,10:50:00 AM,01 - Clear,01 - Daylight,01 - Dry,01 - Traffic signal,01 - Functioning,02 - Non-fatal injury,02 - Angle,0
14-10061,EAGLESON RD @ HAZELDEAN RD/ROBERTSON RD,353675.52514,5018423.98494,-75.87675326940,45.30406794090,2014-10-12,11:45:00 AM,01 - Clear,01 - Daylight,01 - Dry,01 - Traffic signal,01 - Functioning,02 - Non-fatal injury,03 - Rear end,0
14-10062,FLORA ST @ KENT ST,367827.29160,5030323.56740,-75.69479265530,45.41001047570,2014-10-12,12:33:00 PM,01 - Clear,01 - Daylight,01 - Dry,02 - Stop sign,00 - Unknown,03 - P.D. only,03 - Rear end,0
14-10063,HOLLAND AVE @ SPENCER ST,364832.70120,5029372.08054,-75.73316246400,45.40171248670,2014-10-09,5:45:00 PM,01 - Clear,05 - Dusk,02 - Wet,01 - Traffic signal,01 - Functioning,03 - P.D. only,05 - Turning movement,0
14-10064,ST. PATRICK ST WB btwn ISLAND LODGE RD & CRICHTON ST,368896.88285,5033256.66820,-75.68074780660,45.43630430760,2014-10-12,1:24:00 PM,01 - Clear,01 - Daylight,01 - Dry,10 - No control,,03 - P.D. only,04 - Sideswipe,0
14-10065,LYON ST @ SLATER ST,367102.58612,5031152.82437,-75.70394542450,45.41753677210,2014-10-12,1:51:00 PM,01 - Clear,01 - Daylight,01 - Dry,01 - Traffic signal,01 - Functioning,03 - P.D. only,02 - Angle,0
14-10066,MCBEAN ST @ PERTH ST,356744.56602,5006256.77898,-75.83889163040,45.19436436370,2014-10-12,3:14:00 PM,01 - Clear,01 - Daylight,01 - Dry,01 - Traffic signal,01 - Functioning,02 - Non-fatal injury,07 - SMV other,0
14-10067,HOLLY ACRES RD @ CARLING AVE,358235.60642,5023497.04334,-75.81806085700,45.34938359110,2014-10-12,4:50:00 PM,01 - Clear,01 - Daylight,01 - Dry,01 - Traffic signal,01 - Functioning,02 - Non-fatal injury,07 - SMV other,1
14-10068,CLOVER ST @ HERON RD,369291.76558,5026764.06874,-75.67655042270,45.37784985790,2014-10-12,4:45:00 PM,01 - Clear,01 - Daylight,01 - Dry,01 - Traffic signal,01 - Functioning,03 - P.D. only,03 - Rear end,0
14-10069,DAVIDSON RD btwn CONROY RD & HAWTHORNE RD,375922.05798,5024304.50153,-75.59225715730,45.35507820880,2014-10-12,11:51:00 PM,01 - Clear,07 - Dark,01 - Dry,10 - No control,,03 - P.D. only,07 - SMV other,0
14-10070,CATHERINE ST @ KENT ST,367908.18143,5030187.61653,-75.69377675160,45.40877994280,2014-10-13,12:42:00 AM,01 - Clear,07 - Dark,01 - Dry,01 - Traffic signal,01 - Functioning,03 - P.D. only,04 - Sideswipe,0
14-10071,MAXIME ST btwn EUGENE ST & MEADOWBROOK RD,374432.54874,5032261.16367,-75.61014290040,45.42681794790,2014-10-13,4:51:00 AM,01 - Clear,07 - Dark,01 - Dry,10 - No control,,03 - P.D. only,06 - SMV unattended vehicle,0
14-10072,INNES RD @ STONEHENGE CRES W,375200.21513,5031215.61573,-75.60048326090,45.41733384100,2014-10-13,7:04:00 AM,01 - Clear,01 - Daylight,01 - Dry,01 - Traffic signal,00 - Unknown,03 - P.D. only,07 - SMV other,0
14-10073,REGIONAL ROAD 174 btwn TRANSIT & OR174 IC105 RAMP51,378108.08839,5036266.96315,-75.56258135620,45.46248383700,2014-10-13,7:59:00 AM,01 - Clear,01 - Daylight,01 - Dry,10 - No control,,03 - P.D. only,07 - SMV other,0
14-10074,CARLING AVE @ PRESTON ST,366828.74614,5028935.07147,-75.70772302910,45.39760638440,2014-10-13,9:42:00 AM,01 - Clear,01 - Daylight,01 - Dry,01 - Traffic signal,01 - Functioning,02 - Non-fatal injury,02 - Angle,0
14-10075,BANK ST @ RANDALL AVE,369740.19913,5027281.59593,-75.67075722420,45.38246498230,2014-10-13,9:43:00 AM,01 - Clear,01 - Daylight,01 - Dry,01 - Traffic signal,01 - Functioning,03 - P.D. only,05 - Turning movement,0
14-10076,WOODROFFE AVE btwn ADIRONDACK DR & FIRESTATION,362463.38671,5023991.73538,-75.76405302520,45.35349993160,2014-10-13,10:07:00 AM,01 - Clear,01 - Daylight,01 - Dry,10 - No control,,03 - P.D. only,05 - Turning movement,0
14-10077,MONTREAL RD btwn BEGIN ST & PARK ST,370478.10873,5033290.91892,-75.66053500790,45.43646574490,2014-10-13,2:17:00 PM,01 - Clear,01 - Daylight,01 - Dry,10 - No control,,03 - P.D. only,05 - Turning movement,0
14-10078,PORTOBELLO BLVD @ VALIN ST,385349.34420,5037698.51717,-75.46976439580,45.47456618750,2014-10-13,4:55:00 PM,01 - Clear,01 - Daylight,01 - Dry,02 - Stop sign,01 - Functioning,03 - P.D. only,02 - Angle,0
14-10079,BORTHWICK AVE btwn QUEBEC ST & BURN ST,372238.13481,5033257.03092,-75.63804639800,45.43599330330,2014-10-13,6:32:00 PM,01 - Clear,05 - Dusk,02 - Wet,10 - No control,,03 - P.D. only,07 - SMV other,0
14-10080,PERTH ST btwn FRANKTOWN RD & ROCHELLE DR,355971.52092,5005549.12393,-75.84880230140,45.18805316720,2014-10-13,7:27:00 PM,02 - Rain,07 - Dark,02 - Wet,10 - No control,,03 - P.D. only,05 - Turning movement,0
14-10081,CUMBERLAND ST @ MURRAY ST,368171.17083,5032679.58490,-75.69009681260,45.43117806850,2014-10-13,10:14:00 PM,01 - Clear,07 - Dark,01 - Dry,01 - Traffic signal,01 - Functioning,02 - Non-fatal injury,02 - Angle,0
14-10082,FALLOWFIELD RD @ MOODIE DR,359502.66984,5014636.66639,-75.80286998780,45.26955962850,2014-10-13,10:26:00 PM,01 - Clear,07 - Dark,01 - Dry,01 - Traffic signal,00 - Unknown,03 - P.D. only,07 - SMV other,0
14-10083,HAZELDEAN RD btwn HAZELDEAN RD IC RAMP 24 & HAZELDEAN RD IC RAMP 52,346444.68175,5012300.18215,-75.96946834200,45.24942942190,2014-10-13,11:14:00 PM,01 - Clear,07 - Dark,01 - Dry,10 - No control,,03 - P.D. only,07 - SMV other,0
14-10084,BANK ST @ CHAMBERLAIN AVE N/ISABELLA ST,368081.76198,5030166.08714,-75.69156220010,45.40857055510,2014-10-14,6:30:00 AM,01 - Clear,03 - Dawn,01 - Dry,01 - Traffic signal,01 - Functioning,02 - Non-fatal injury,02 - Angle,0
14-10085,MERIVALE RD btwn BENTLEY AVE & JAMIE AVE,365767.72140,5021572.50134,-75.72218237090,45.33145251330,2014-10-14,6:41:00 AM,01 - Clear,07 - Dark,01 - Dry,10 - No control,,03 - P.D. only,04 - Sideswipe,0
14-10086,BLAIR RD @ REGIONAL RD 174 N/OR174 IC112 RAMP61,374634.04265,5032991.07583,-75.60746474610,45.43336520910,2014-10-14,6:53:00 AM,01 - Clear,03 - Dawn,01 - Dry,01 - Traffic signal,01 - Functioning,03 - P.D. only,03 - Rear end,0
14-10087,OLD PRESCOTT RD btwn SHADOW RIDGE DR & DONWEL DR,378328.65130,5012627.33221,-75.56327739250,45.24976417270,2014-10-14,7:18:00 AM,01 - Clear,03 - Dawn,01 - Dry,10 - No control,,03 - P.D. only,07 - SMV other,0
14-10088,HOLLAND AVE/TUNNEY'S PASTURE @ SCOTT ST,364736.15672,5029594.60923,-75.73436853420,45.40372302430,2014-10-14,8:35:00 AM,01 - Clear,01 - Daylight,01 - Dry,01 - Traffic signal,01 - Functioning,03 - P.D. only,04 - Sideswipe,0
14-10089,RIVERSIDE DR @ SMYTH RD SOUTH SIDE RAMP,369788.75168,5028999.11642,-75.66991111250,45.39791415070,2014-10-14,8:40:00 AM,01 - Clear,01 - Daylight,01 - Dry,01 - Traffic signal,01 - Functioning,03 - P.D. only,03 - Rear end,0
14-10090,GALETTA SIDE RD btwn UPPER DWYER HILL RD & HIGHWAY 17,321217.62391,5029173.45062,-76.29028466700,45.40230673260,2014-10-12,7:15:00 PM,01 - Clear,07 - Dark,01 - Dry,10 - No control,,03 - P.D. only,07 - SMV other,0
14-10091,MONTREAL RD btwn CYR AVE & HANNAH ST,370244.23492,5033163.68849,-75.66354085960,45.43534290840,2014-10-14,9:27:00 AM,01 - Clear,01 - Daylight,01 - Dry,10 - No control,,03 - P.D. only,04 - Sideswipe,0
14-10092,ALTA VISTA DR @ SMYTH RD,370432.24197,5029080.60963,-75.66168197120,45.39858737200,2014-10-14,8:30:00 AM,01 - Clear,01 - Daylight,01 - Dry,01 - Traffic signal,01 - Functioning,03 - P.D. only,03 - Rear end,0
14-10093,ALTA VISTA DR @ SMYTH RD,370432.24197,5029080.60963,-75.66168197120,45.39858737200,2014-10-14,9:55:00 AM,01 - Clear,01 - Daylight,01 - Dry,01 - Traffic signal,01 - Functioning,02 - Non-fatal injury,05 - Turning movement,0
14-10094,COLONEL BY DR/SUSSEX DR @ RIDEAU ST,367921.18149,5032044.58944,-75.69337282110,45.42548720590,2014-10-14,10:24:00 AM,01 - Clear,01 - Daylight,01 - Dry,01 - Traffic signal,01 - Functioning,03 - P.D. only,03 - Rear end,0
14-10095,RUSSELL RD btwn CUBA AVE & SMYTH RD,373096.98976,5029480.95608,-75.62759370600,45.40193464270,2014-10-14,10:29:00 AM,01 - Clear,01 - Daylight,01 - Dry,10 - No control,,03 - P.D. only,03 - Rear end,0
14-10096,KING EDWARD AVE @ MURRAY ST,368291.62812,5032753.66274,-75.68854793430,45.43183366830,2014-09-16,10:25:00 AM,01 - Clear,01 - Daylight,01 - Dry,01 - Traffic signal,01 - Functioning,03 - P.D. only,03 - Rear end,0
14-10097,BELFAST RD @ ST. LAURENT BLVD,372860.72410,5030579.32246,-75.63045972470,45.41184025320,2014-10-14,12:16:00 PM,01 - Clear,01 - Daylight,01 - Dry,01 - Traffic signal,01 - Functioning,03 - P.D. only,04 - Sideswipe,0
14-10098,PINECREST RD btwn KELLY AVE & DUMAURIER AVE,360314.57000,5023862.94692,-75.79149028100,45.35251450420,2014-10-14,12:31:00 PM,01 - Clear,01 - Daylight,01 - Dry,10 - No control,,03 - P.D. only,04 - Sideswipe,0
14-10099,CHARLEMAGNE BLVD btwn CANTEVAL TER & TENTH LINE RD,383685.63068,5036924.68393,-75.49116436140,45.46779387080,2014-10-14,12:36:00 PM,01 - Clear,01 - Daylight,01 - Dry,10 - No control,,03 - P.D. only,05 - Turning movement,0
14-10100,PLEASANT PARK RD btwn DICKENS AVE & ARCH ST,372778.40829,5028627.63504,-75.63178030280,45.39428784160,2014-10-14,11:00:00 AM,01 - Clear,01 - Daylight,01 - Dry,10 - No control,,03 - P.D. only,06 - SMV unattended vehicle,0
14-10101,MERIVALE RD btwn WITHROW AVE & ROSSLAND AVE,364658.06881,5024187.95847,-75.73602140960,45.35508161490,2014-10-13,6:15:00 PM,01 - Clear,07 - Dark,01 - Dry,10 - No control,,03 - P.D. only,04 - Sideswipe,0
14-10102,MEADOWLANDS DR/TALLWOOD DR @ WOODROFFE AVE,363055.73948,5022730.96936,-75.75664208190,45.34210670340,2014-10-10,5:00:00 PM,02 - Rain,01 - Daylight,02 - Wet,01 - Traffic signal,01 - Functioning,03 - P.D. only,03 - Rear end,0
14-10103,WEST HUNT CLUB RD @ CLEOPATRA DR/LANCELOT DR,365234.74988,5021733.91918,-75.72896161630,45.33295103350,2014-10-14,1:51:00 PM,01 - Clear,01 - Daylight,01 - Dry,01 - Traffic signal,01 - Functioning,02 - Non-fatal injury,05 - Turning movement,0
14-10104,REGIONAL ROAD 174 btwn HWY417 IC113 RAMP67 & Continuation of REGIONAL,373515.08080,5031881.02001,-75.62191915960,45.42348834100,2014-10-14,1:56:00 PM,01 - Clear,01 - Daylight,01 - Dry,10 - No control,,02 - Non-fatal injury,03 - Rear end,0
14-10105,STRANDHERD DR btwn 215 W OF GREENBANK RD/BARRHAVEN MALL SC & GREENBANK,363867.80712,5014746.50251,-75.74723232150,45.27019485930,2014-10-14,2:06:00 PM,01 - Clear,01 - Daylight,01 - Dry,10 - No control,,03 - P.D. only,04 - Sideswipe,0
14-10106,TALLTREE CRES btwn ABBOTT ST E & ABBOTT ST E,351792.98402,5014756.67398,-75.90110492010,45.27119692290,2014-10-13,12:00:00 AM,01 - Clear,00 - Unknown,01 - Dry,10 - No control,,03 - P.D. only,06 - SMV unattended vehicle,0
14-10107,HERON RD WB btwn PRINCE OF WALES DR & HERON RD WB ON RAMP/VINCENT MASS,367131.82013,5026482.90334,-75.70416200200,45.37551548530,2014-10-14,3:32:00 PM,01 - Clear,01 - Daylight,01 - Dry,10 - No control,,03 - P.D. only,03 - Rear end,0
14-10108,WEST HUNT CLUB RD WB btwn CEDARVIEW RD & GREENBANK RD,359802.56366,5019612.29761,-75.79849668890,45.31430741170,2014-10-14,3:45:00 PM,01 - Clear,01 - Daylight,01 - Dry,10 - No control,,03 - P.D. only,03 - Rear end,0
14-10109,CARLISLE CIRC @ WESTLEIGH BLVD,342601.51000,5008157.01796,-76.01874128250,45.21236390860,2014-10-14,4:08:00 PM,01 - Clear,01 - Daylight,01 - Dry,02 - Stop sign,01 - Functioning,02 - Non-fatal injury,07 - SMV other,0
14-10110,PEPPERVILLE CRES btwn TEMPLEFORD AVE & REGIMENT AVE,354371.72369,5015617.28539,-75.86815657740,45.27876386330,2014-10-14,4:09:00 PM,01 - Clear,01 - Daylight,01 - Dry,10 - No control,,03 - P.D. only,06 - SMV unattended vehicle,0
14-10111,CARLING AVE WB btwn HAMILTON AVE S & PARKDALE AVE,365610.77810,5028164.79399,-75.72337330680,45.39078244420,2014-10-14,4:13:00 PM,01 - Clear,01 - Daylight,01 - Dry,10 - No control,,03 - P.D. only,04 - Sideswipe,0
14-10112,STRANDHERD DR @ 215 W OF GREENBANK RD/BARRHAVE,363743.89282,5014682.10260,-75.74881900890,45.26962578420,2014-10-14,4:37:00 PM,01 - Clear,01 - Daylight,01 - Dry,01 - Traffic signal,01 - Functioning,03 - P.D. only,03 - Rear end,0
14-10113,ST. JOSEPH BLVD @ JEANNE D'ARC BLVD,379860.26857,5036473.47663,-75.54014715070,45.46415582210,2014-10-14,4:20:00 PM,01 - Clear,01 - Daylight,01 - Dry,11 - Roundabout,00 - Unknown,03 - P.D. only,04 - Sideswipe,0
14-10114,REGIONAL ROAD 174 btwn QUIGLEY HILL RD & CAMERON ST,389367.86681,5042536.28329,-75.41754235770,45.51761568010,2014-10-14,5:02:00 PM,01 - Clear,01 - Daylight,01 - Dry,10 - No control,,02 - Non-fatal injury,07 - SMV other,0
14-10115,TRENTON AVE @ MERIVALE RD,364887.70100,5026360.09972,-75.73282669690,45.37460655620,2014-10-14,5:30:00 PM,01 - Clear,01 - Daylight,01 - Dry,02 - Stop sign,01 - Functioning,03 - P.D. only,02 - Angle,0
14-10116,PARKDALE AVE @ HWY 417 PARKDAL IC122R15/HWY 41,365336.22427,5028843.65897,-75.72679607110,45.39691450990,2014-10-14,7:22:00 PM,01 - Clear,07 - Dark,01 - Dry,01 - Traffic signal,01 - Functioning,02 - Non-fatal injury,05 - Turning movement,0
14-10117,WALKLEY RD btwn BAYCREST DR & HEATHERINGTON RD,371593.36066,5026696.00079,-75.64717541250,45.37702177560,2014-10-14,8:40:00 PM,01 - Clear,07 - Dark,01 - Dry,10 - No control,,02 - Non-fatal injury,07 - SMV other,0
14-10118,DONALD ST @ ST. LAURENT BLVD,372093.20593,5032473.85233,-75.64000561870,45.42896059580,2014-10-14,9:38:00 PM,01 - Clear,07 - Dark,01 - Dry,01 - Traffic signal,01 - Functioning,03 - P.D. only,05 - Turning movement,0
14-10119,COLONNADE RD @ COLONNADE RD E,367232.25012,5023195.53494,-75.70329512570,45.34592751470,2014-10-14,9:25:00 PM,01 - Clear,07 - Dark,01 - Dry,01 - Traffic signal,01 - Functioning,03 - P.D. only,05 - Turning movement,0
14-10120,RIVER RD btwn KILBY LANE & WATERFRONT CRT,372309.87899,5007394.03519,-75.64065467920,45.20327883860,2014-10-14,9:41:00 PM,01 - Clear,07 - Dark,02 - Wet,10 - No control,,03 - P.D. only,01 - Approaching,0
14-10121,ELGIN ST @ LEWIS ST,368277.21127,5031017.82789,-75.68895585440,45.41621653950,2014-10-15,1:34:00 AM,01 - Clear,07 - Dark,01 - Dry,02 - Stop sign,01 - Functioning,03 - P.D. only,07 - SMV other,1
14-10122,HERON RD @ ALTA VISTA DR,370491.77228,5026903.96228,-75.66121141330,45.37899708970,2014-10-15,4:07:00 AM,02 - Rain,07 - Dark,02 - Wet,01 - Traffic signal,01 - Functioning,03 - P.D. only,07 - SMV other,0
14-10123,MCCORDICK RD btwn CARSONBY RD W & POLLOCK RD,362184.31402,5001147.96416,-75.77025160620,45.14797238440,2014-10-15,7:20:00 AM,02 - Rain,01 - Daylight,02 - Wet,10 - No control,,03 - P.D. only,07 - SMV other,0
14-10124,MARCH RD btwn 280 S OF CARLING AVE/STATION RD & RICHARDSON SIDE RD,351200.28928,5021922.72828,-75.90798725540,45.33571833830,2014-10-15,7:30:00 AM,02 - Rain,01 - Daylight,02 - Wet,10 - No control,,03 - P.D. only,05 - Turning movement,0
14-10125,KING EDWARD AVE @ MURRAY ST,368292.40676,5032753.75507,-75.68853797130,45.43183442900,2014-10-15,7:56:00 AM,02 - Rain,01 - Daylight,02 - Wet,01 - Traffic signal,01 - Functioning,03 - P.D. only,07 - SMV other,0
14-10126,WEST HUNT CLUB RD @ CLEOPATRA DR/LANCELOT DR,365234.73614,5021732.97593,-75.72896190750,45.33294254700,2014-10-15,8:06:00 AM,02 - Rain,01 - Daylight,02 - Wet,01 - Traffic signal,01 - Functioning,03 - P.D. only,05 - Turning movement,0
14-10127,ST. JOSEPH BLVD @ JEANNE D'ARC BLVD,379858.84226,5036470.15572,-75.54016589440,45.46412609650,2014-10-15,8:39:00 AM,01 - Clear,01 - Daylight,01 - Dry,11 - Roundabout,01 - Functioning,03 - P.D. only,02 - Angle,0
14-10128,CAMPEAU DR @ TERON RD/COLCHESTER SQ,352562.30070,5020468.47367,-75.89075088350,45.32254127980,2014-10-15,8:00:00 AM,02 - Rain,01 - Daylight,02 - Wet,01 - Traffic signal,01 - Functioning,03 - P.D. only,05 - Turning movement,0
14-10129,HUNT CLUB RD btwn WEST HUNT CLUB RD & TURN LANE,367843.81200,5021892.41793,-75.69565772960,45.33414762800,2014-10-15,9:13:00 AM,02 - Rain,01 - Daylight,02 - Wet,10 - No control,,03 - P.D. only,03 - Rear end,0
14-10130,CENTRAL PARK DR N @ MERIVALE RD,364952.90390,5025874.06286,-75.73205348190,45.37022768680,2014-10-15,9:27:00 AM,02 - Rain,01 - Daylight,02 - Wet,01 - Traffic signal,00 - Unknown,03 - P.D. only,03 - Rear end,0
14-10131,HUNT CLUB RD btwn WEST HUNT CLUB RD & TURN LANE,367836.22907,5021889.57433,-75.69575482840,45.33412272310,2014-10-15,10:12:00 AM,02 - Rain,01 - Daylight,02 - Wet,10 - No control,,03 - P.D. only,03 - Rear end,0
14-10132,SMYTH RD SOUTH SIDE RAMP btwn RIVERSIDE DR & SMYTH RD,369819.08343,5029001.01215,-75.66952348250,45.39792839240,2014-10-15,10:23:00 AM,01 - Clear,01 - Daylight,02 - Wet,10 - No control,,02 - Non-fatal injury,07 - SMV other,0
14-10133,STEEPLE CHASE DR/SAUBLE DR @ BLACK TERN CRES,355277.62992,5017386.45010,-75.85643058860,45.29461870970,2014-10-15,8:28:00 AM,02 - Rain,01 - Daylight,02 - Wet,02 - Stop sign,01 - Functioning,03 - P.D. only,03 - Rear end,0
14-10134,PLACE D'ORLEANS DR @ OR174 IC102 RAMP51/TRANSI,381393.04112,5038031.06543,-75.52030649150,45.47800332620,2014-10-09,2:00:00 PM,01 - Clear,01 - Daylight,01 - Dry,01 - Traffic signal,01 - Functioning,02 - Non-fatal injury,03 - Rear end,0
14-10135,BRONSON AVE @ CATHERINE ST/RAYMOND ST,367250.80826,5029797.04156,-75.70222351170,45.40532462940,2014-10-15,11:00:00 AM,02 - Rain,01 - Daylight,02 - Wet,01 - Traffic signal,01 - Functioning,03 - P.D. only,04 - Sideswipe,0
14-10136,DALY AVE @ KING EDWARD AVE,368593.12940,5032272.63783,-75.68475731460,45.42747814440,2014-10-15,11:56:00 AM,01 - Clear,01 - Daylight,01 - Dry,02 - Stop sign,01 - Functioning,03 - P.D. only,99 - Other,0
14-10137,BEECH ST @ PRESTON ST,366683.74618,5029269.08054,-75.70953299120,45.40062454030,2014-10-15,12:23:00 PM,02 - Rain,01 - Daylight,02 - Wet,01 - Traffic signal,01 - Functioning,02 - Non-fatal injury,07 - SMV other,1
14-10138,AMBERWOOD CRES @ MERIVALE RD,366407.80526,5020016.00724,-75.71421069170,45.31739148900,2014-10-15,12:31:00 PM,01 - Clear,01 - Daylight,01 - Dry,02 - Stop sign,01 - Functioning,03 - P.D. only,07 - SMV other,0
14-10139,VIEWMOUNT DR @ MERIVALE RD,365195.59734,5022947.07022,-75.72931301250,45.34387018600,2014-10-15,12:34:00 PM,01 - Clear,01 - Daylight,02 - Wet,01 - Traffic signal,00 - Unknown,03 - P.D. only,02 - Angle,0
14-10140,MEADOWLANDS DR/TALLWOOD DR @ WOODROFFE AVE,363057.27347,5022731.38064,-75.75662246090,45.34211027590,2014-10-15,1:56:00 PM,01 - Clear,01 - Daylight,01 - Dry,01 - Traffic signal,01 - Functioning,03 - P.D. only,03 - Rear end,0