Record,Location,X,Y,Longitude,Latitude,Date,Time,Environment,Light,Road_Surface,Traffic_Control,Collision_Location,Collision_Classification,Impact_type,Pedestrian
14-10455,BARNSDALE RD @ PRINCE OF WALES DR,366645.74608,5011532.88826,-75.71223312340,45.24104004890,2014-10-23,4:40:00 PM,01 - Clear,01 - Daylight,01 - Dry,02 - Stop sign,01 - Functioning,02 - Non-fatal injury,02 - Angle,0
14-10456,RICHMOND RD @ LYNHAR RD/STAFFORD RD,358138.02186,5021088.39881,-75.81956577410,45.32771790450,2014-10-23,5:24:00 PM,01 - Clear,01 - Daylight,01 - Dry,01 - Traffic signal,01 - Functioning,03 - P.D. only,03 - Rear end,0
14-10457,STRANDHERD DR @ WOODROFFE AVE,366108.05424,5015395.62406,-75.71860479160,45.27584389870,2014-10-23,6:07:00 PM,01 - Clear,01 - Daylight,01 - Dry,01 - Traffic signal,01 - Functioning,03 - P.D. only,03 - Rear end,0
14-10458,EAGLESON RD @ KATIMAVIK RD/TIMM DR,353216.55181,5019564.98797,-75.88249414660,45.31436671620,2014-10-23,4:35:00 PM,01 - Clear,01 - Daylight,01 - Dry,01 - Traffic signal,00 - Unknown,03 - P.D. only,05 - Turning movement,0
14-10459,SMYTH RD @ RIVERSIDE HOSPITAL,369987.49649,5029121.86636,-75.66735663000,45.39900013580,2014-10-22,8:05:00 AM,01 - Clear,01 - Daylight,01 - Dry,01 - Traffic signal,01 - Functioning,03 - P.D. only,04 - Sideswipe,0
14-10460,CARRUTHERS AVE @ SCOTT ST,365154.24112,5029849.25696,-75.72899719090,45.40597836480,2014-10-23,7:26:00 PM,01 - Clear,07 - Dark,01 - Dry,01 - Traffic signal,01 - Functioning,03 - P.D. only,05 - Turning movement,0
14-10461,LENESTER AVE @ MAITLAND AVE,363079.63802,5026146.99916,-75.75593440730,45.37284181620,2014-10-23,7:50:00 PM,01 - Clear,07 - Dark,01 - Dry,02 - Stop sign,01 - Functioning,03 - P.D. only,02 - Angle,0
14-10462,BANK ST @ CHAMBERLAIN AVE N/ISABELLA ST,368082.71210,5030167.98738,-75.69154981960,45.40858756750,2014-10-23,8:20:00 PM,01 - Clear,07 - Dark,01 - Dry,01 - Traffic signal,01 - Functioning,02 - Non-fatal injury,07 - SMV other,1
14-10463,CATHERINE ST @ KENT ST,367906.75738,5030189.03946,-75.69379475960,45.40879287490,2014-10-23,10:56:00 PM,01 - Clear,07 - Dark,01 - Dry,01 - Traffic signal,01 - Functioning,03 - P.D. only,05 - Turning movement,0
14-10464,FRANK KENNY RD @ TRIM RD,386221.42190,5038049.58600,-75.45855407770,45.47762361080,2014-10-23,11:56:00 PM,01 - Clear,07 - Dark,01 - Dry,01 - Traffic signal,01 - Functioning,03 - P.D. only,07 - SMV other,0
14-10465,COLONNADE RD @ MERIVALE RD,365363.22107,5022545.44427,-75.72722338650,45.34024195810,2014-10-24,2:42:00 AM,01 - Clear,07 - Dark,01 - Dry,01 - Traffic signal,01 - Functioning,02 - Non-fatal injury,07 - SMV other,0
14-10466,MARCH RD btwn GOLDEN LINE RD & BURNT LANDS RD,332981.28632,5013479.04947,-76.14091398150,45.26070555090,2014-10-24,6:54:00 AM,01 - Clear,03 - Dawn,01 - Dry,10 - No control,,01 - Fatal injury,01 - Approaching,0
14-10467,HAWTHORNE AVE @ MAIN ST,368970.70960,5030633.04226,-75.68014608110,45.41269111720,2014-10-24,7:49:00 AM,01 - Clear,01 - Daylight,01 - Dry,01 - Traffic signal,01 - Functioning,03 - P.D. only,05 - Turning movement,0
14-10468,WOODFIELD DR btwn DOWNSVIEW CRES & MERIVALE RD,365411.58090,5022278.28466,-75.72663910670,45.33783391460,2014-10-24,7:45:00 AM,01 - Clear,01 - Daylight,01 - Dry,10 - No control,,03 - P.D. only,03 - Rear end,0
14-10469,TENTH LINE RD @ LAKEPOINTE DR,384262.12810,5035421.16456,-75.48403594280,45.45420124070,2014-10-24,8:06:00 AM,01 - Clear,01 - Daylight,01 - Dry,01 - Traffic signal,01 - Functioning,02 - Non-fatal injury,07 - SMV other,1
14-10470,HERBERTS CORNERS RD btwn MANOTICK STATION RD & STAGECOACH RD,376844.58689,5008216.41037,-75.58281984560,45.21022948080,2014-10-24,8:32:00 AM,01 - Clear,01 - Daylight,01 - Dry,10 - No control,,03 - P.D. only,07 - SMV other,0
14-10471,RIVERDALE AVE btwn GLENVIEW AVE & MAIN ST,369359.71639,5029470.78779,-75.67532878570,45.40219778110,2014-10-24,8:47:00 AM,01 - Clear,01 - Daylight,01 - Dry,10 - No control,,03 - P.D. only,01 - Approaching,0
14-10472,ECCLES ST @ PRESTON ST,366327.76919,5030076.08157,-75.71397890820,45.40791710090,2014-10-24,8:52:00 AM,01 - Clear,01 - Daylight,01 - Dry,02 - Stop sign,01 - Functioning,03 - P.D. only,02 - Angle,0
14-10473,ALTA VISTA DR @ KILBORN AVE,370364.77298,5027751.06404,-75.66272032950,45.38663091750,2014-10-24,8:55:00 AM,01 - Clear,01 - Daylight,01 - Dry,01 - Traffic signal,01 - Functioning,03 - P.D. only,05 - Turning movement,0
14-10474,KING EDWARD AVE NB btwn ST. ANDREW ST & GUIGUES AVE,368209.30325,5032934.41538,-75.68957669900,45.43346748530,2014-10-24,9:16:00 AM,01 - Clear,01 - Daylight,01 - Dry,10 - No control,,02 - Non-fatal injury,03 - Rear end,0
14-10475,DEAKIN ST @ PRINCE OF WALES DR,367389.76098,5021524.91298,-75.70149662810,45.33088153000,2014-10-24,8:15:00 AM,01 - Clear,01 - Daylight,01 - Dry,01 - Traffic signal,01 - Functioning,03 - P.D. only,03 - Rear end,0
14-10476,RICHMOND RD btwn STINSON AVE & STAFFORD RD,357938.75956,5020963.65159,-75.82212097720,45.32661053430,2014-10-24,9:39:00 AM,01 - Clear,01 - Daylight,01 - Dry,10 - No control,,03 - P.D. only,02 - Angle,0
14-10477,MARCH RD @ MAXWELL RD,347976.65046,5025470.90877,-75.94880525300,45.36785153600,2014-10-24,9:54:00 AM,01 - Clear,01 - Daylight,01 - Dry,02 - Stop sign,01 - Functioning,02 - Non-fatal injury,02 - Angle,0
14-10478,KING EDWARD AVE @ LAURIER AVE,368739.70720,5032034.10754,-75.68291528430,45.42531855170,2014-10-24,10:02:00 AM,01 - Clear,01 - Daylight,01 - Dry,01 - Traffic signal,01 - Functioning,03 - P.D. only,04 - Sideswipe,0
14-10479,HWY 417 TERRYFO IC140R61 @ TERRY FOX DR,350810.81064,5018710.51629,-75.91325470800,45.30683971580,2014-10-24,10:18:00 AM,01 - Clear,01 - Daylight,01 - Dry,01 - Traffic signal,01 - Functioning,03 - P.D. only,04 - Sideswipe,0
14-10480,KING EDWARD AVE @ ST. ANDREW ST,368162.60024,5032970.00798,-75.69016896260,45.43379196800,2014-10-23,6:15:00 PM,01 - Clear,07 - Dark,01 - Dry,01 - Traffic signal,02 - Not functioning,03 - P.D. only,04 - Sideswipe,0
14-10481,RIVERSIDE DR @ HERON RD,368120.15478,5026648.64628,-75.69152317860,45.37691818110,2014-10-20,7:45:00 AM,01 - Clear,01 - Daylight,01 - Dry,01 - Traffic signal,01 - Functioning,03 - P.D. only,03 - Rear end,0
14-10482,KING EDWARD AVE @ OSGOODE ST/THOMAS MORE PRIV,368849.19983,5031853.33546,-75.68153972860,45.42368201410,2014-10-24,11:01:00 AM,01 - Clear,01 - Daylight,01 - Dry,01 - Traffic signal,01 - Functioning,03 - P.D. only,03 - Rear end,0
14-10483,SOMERSET ST    W btwn O'CONNOR ST & METCALFE ST,367979.95746,5031086.84703,-75.69274461760,45.41686445420,2014-10-24,11:18:00 AM,01 - Clear,01 - Daylight,01 - Dry,10 - No control,,03 - P.D. only,03 - Rear end,0
14-10484,BANK ST btwn RIVERSIDE DR & RIVERSIDE DR,369275.26342,5027933.03271,-75.67660842920,45.38836935170,2014-10-24,11:24:00 AM,01 - Clear,01 - Daylight,01 - Dry,10 - No control,,03 - P.D. only,03 - Rear end,0
14-10485,JAMES ST @ KENT ST,367660.66362,5030599.04896,-75.69688607530,45.41250415980,2014-10-22,11:00:00 AM,01 - Clear,01 - Daylight,01 - Dry,02 - Stop sign,00 - Unknown,03 - P.D. only,04 - Sideswipe,0
14-10486,CARLING AVE @ GRANDVIEW RD/NORTEL ENTRANCE,355726.59972,5024052.98706,-75.85002113400,45.35457270160,2014-10-24,12:12:00 PM,01 - Clear,01 - Daylight,01 - Dry,01 - Traffic signal,01 - Functioning,02 - Non-fatal injury,07 - SMV other,1
14-10487,DALY AVE @ KING EDWARD AVE,368591.70760,5032271.21040,-75.68477566750,45.42746543090,2014-10-24,12:46:00 PM,01 - Clear,01 - Daylight,01 - Dry,02 - Stop sign,00 - Unknown,03 - P.D. only,03 - Rear end,0
14-10488,GREENBANK RD btwn WEST HUNT CLUB RD & FALLOWFIELD RD,361572.17142,5020280.95310,-75.77585224200,45.32018313290,2014-10-24,1:15:00 PM,01 - Clear,01 - Daylight,01 - Dry,10 - No control,,02 - Non-fatal injury,03 - Rear end,0
14-10489,INNES RD btwn PRESTWICK DR & TENTH LINE RD,383725.57197,5036060.61523,-75.49079238120,45.46001525150,2014-10-24,12:50:00 PM,01 - Clear,01 - Daylight,01 - Dry,10 - No control,,03 - P.D. only,03 - Rear end,0
14-10490,CUMBERLAND ST btwn MURRAY ST & CLARENCE ST,368191.18361,5032643.84774,-75.68984566920,45.43085470420,2014-10-24,1:44:00 PM,01 - Clear,01 - Daylight,01 - Dry,10 - No control,,02 - Non-fatal injury,07 - SMV other,1
14-10491,COVENTRY RD btwn BELFAST RD & ST. LAURENT SC WEST,371916.11865,5031699.49812,-75.64237401910,45.42201032650,2014-10-24,2:33:00 PM,01 - Clear,01 - Daylight,01 - Dry,10 - No control,,03 - P.D. only,03 - Rear end,0
14-10492,OGILVIE RD btwn BATHGATE DR & CITY PARK DR (2),374007.34443,5032905.56462,-75.61548550950,45.43265812780,2014-10-24,2:45:00 PM,01 - Clear,01 - Daylight,01 - Dry,10 - No control,,02 - Non-fatal injury,03 - Rear end,0
14-10493,ST. JOSEPH BLVD btwn COUSINEAU ST & DUSSERE ST,380783.76165,5037080.98367,-75.52824552080,45.46952184030,2014-10-24,3:25:00 PM,01 - Clear,01 - Daylight,01 - Dry,10 - No control,,03 - P.D. only,02 - Angle,0
14-10494,BRONSON AVE btwn BRONSON AVE NB ON RAMP 42 & BRONSON AVE SB ON RAMP 43,367784.88350,5028341.33926,-75.69558753810,45.39217879380,2014-10-24,3:53:00 PM,01 - Clear,01 - Daylight,01 - Dry,10 - No control,,03 - P.D. only,03 - Rear end,0
14-10495,CARLING AVE @ FAIRLAWN AVE/WOODROFFE AVE E,361934.68410,5025830.52790,-75.77058762240,45.37008852270,2014-10-24,3:58:00 PM,01 - Clear,01 - Daylight,01 - Dry,01 - Traffic signal,01 - Functioning,03 - P.D. only,04 - Sideswipe,0
14-10496,LAKESIDE AVE btwn QUEEN ELIZABETH DRWY & BRONSON AVE,367636.24473,5028822.87243,-75.69742436370,45.39652484570,2014-10-24,4:11:00 PM,01 - Clear,01 - Daylight,01 - Dry,10 - No control,,03 - P.D. only,04 - Sideswipe,0
14-10497,LONGFIELDS DR @ WOODROFFE AVE,365422.12002,5017108.37008,-75.72713725290,45.29131458930,2014-10-22,3:30:00 PM,01 - Clear,01 - Daylight,01 - Dry,01 - Traffic signal,01 - Functioning,03 - P.D. only,03 - Rear end,0
14-10498,AMIENS ST @ TENTH LINE RD,383354.62814,5037569.65008,-75.49529365570,45.47363399840,2014-10-24,4:20:00 PM,01 - Clear,01 - Daylight,01 - Dry,01 - Traffic signal,01 - Functioning,03 - P.D. only,03 - Rear end,0
14-10499,FIELDGATE DR btwn GROUSE AVE & WOLFGANG DR (2),363533.18690,5016690.70771,-75.75126634140,45.28771687330,2014-10-24,4:40:00 PM,01 - Clear,05 - Dusk,01 - Dry,10 - No control,,03 - P.D. only,06 - SMV unattended vehicle,0
14-10500,WEST HUNT CLUB RD @ ANTARES DR/LASER ST,367106.76118,5022081.97676,-75.70503658640,45.33591907870,2014-10-22,2:20:00 PM,01 - Clear,01 - Daylight,01 - Dry,01 - Traffic signal,01 - Functioning,03 - P.D. only,03 - Rear end,0
14-10501,BARNSDALE RD btwn MOODIE DR & TRAIL RD,362223.84254,5009008.37656,-75.76884413020,45.21869875890,2014-10-24,4:57:00 PM,01 - Clear,01 - Daylight,01 - Dry,10 - No control,,03 - P.D. only,07 - SMV other,0
14-10502,WOODROFFE AVE @ KNOXDALE RD/MEDHURST DR,363419.68990,5021826.96206,-75.75210547440,45.33394219690,2014-10-24,5:11:00 PM,01 - Clear,01 - Daylight,01 - Dry,01 - Traffic signal,01 - Functioning,03 - P.D. only,04 - Sideswipe,0
14-10503,QUEENSVIEW DR btwn PINECREST RD & END,360667.68030,5023918.70016,-75.78697772880,45.35298812800,2014-10-24,5:19:00 PM,01 - Clear,01 - Daylight,01 - Dry,10 - No control,,03 - P.D. only,07 - SMV other,0
14-10504,BASELINE RD @ MARSON ST,365898.64952,5025858.01126,-75.71998265200,45.37000144510,2014-10-24,5:24:00 PM,01 - Clear,01 - Daylight,01 - Dry,02 - Stop sign,00 - Unknown,03 - P.D. only,03 - Rear end,0
14-10505,BURKE RD @ CARLING AVE,352830.67778,5022662.92288,-75.88711475160,45.34226902770,2014-10-24,5:15:00 PM,01 - Clear,01 - Daylight,01 - Dry,02 - Stop sign,00 - Unknown,03 - P.D. only,03 - Rear end,0
14-10506,O'CONNOR ST @ WELLINGTON ST,367412.74908,5031723.05756,-75.69991032120,45.42263986260,2014-10-24,5:36:00 PM,01 - Clear,01 - Daylight,01 - Dry,01 - Traffic signal,01 - Functioning,03 - P.D. only,05 - Turning movement,0
14-10507,DALMENY RD btwn 5TH LINE RD & CAMPBELLCROFT RD,383955.76255,5003202.75972,-75.49309849500,45.16435613570,2014-10-20,6:45:00 PM,02 - Rain,07 - Dark,02 - Wet,10 - No control,,03 - P.D. only,07 - SMV other,0
14-10508,BASELINE RD btwn ZENA ST & MARSON ST,365722.87755,5025751.59796,-75.72223956330,45.36905926010,2014-10-24,5:52:00 PM,01 - Clear,01 - Daylight,01 - Dry,10 - No control,,03 - P.D. only,04 - Sideswipe,0
14-10509,HAZELDEAN RD @ TERRY FOX DR,352208.56112,5017242.92606,-75.89557143880,45.29354101730,2014-10-24,6:30:00 PM,01 - Clear,07 - Dark,01 - Dry,01 - Traffic signal,01 - Functioning,02 - Non-fatal injury,03 - Rear end,0
14-10510,BANK ST @ CONROY RD,375047.60046,5022238.97396,-75.60370997600,45.33658161850,2014-10-24,6:36:00 PM,01 - Clear,07 - Dark,01 - Dry,01 - Traffic signal,01 - Functioning,03 - P.D. only,04 - Sideswipe,0
14-10511,HARDING RD @ WALKLEY RD,373149.68082,5027606.16000,-75.62718044350,45.38506091460,2014-10-24,1:45:00 PM,01 - Clear,01 - Daylight,01 - Dry,01 - Traffic signal,01 - Functioning,03 - P.D. only,03 - Rear end,0
14-10512,INNES RD @ 215 W OF CYRVILLE RD/HOME DEPOT W,374863.88560,5031001.25886,-75.60481055360,45.41543893210,2014-10-24,7:35:00 PM,01 - Clear,07 - Dark,01 - Dry,01 - Traffic signal,01 - Functioning,03 - P.D. only,05 - Turning movement,0
14-10513,BRONSON AVE @ COMMISSIONER ST/SLATER ST,366768.86856,5030945.92442,-75.70823501780,45.41570478280,2014-10-24,7:46:00 PM,01 - Clear,07 - Dark,01 - Dry,01 - Traffic signal,01 - Functioning,02 - Non-fatal injury,05 - Turning movement,0
14-10514,DONALD ST @ ST. LAURENT BLVD,372093.71290,5032472.10984,-75.63999937820,45.42894486880,2014-10-24,11:00:00 AM,01 - Clear,01 - Daylight,01 - Dry,01 - Traffic signal,01 - Functioning,03 - P.D. only,04 - Sideswipe,0
14-10515,HUNTMAR DR @ RICHARDSON SIDE RD,348201.81738,5018997.28581,-75.94649874370,45.30958622580,2014-10-24,8:20:00 PM,01 - Clear,07 - Dark,01 - Dry,02 - Stop sign,01 - Functioning,03 - P.D. only,02 - Angle,0
14-10516,NAVAN RD W @ MER BLEUE RD,384007.66631,5032256.62084,-75.48779812250,45.42575834030,2014-10-25,1:15:00 AM,01 - Clear,07 - Dark,01 - Dry,02 - Stop sign,01 - Functioning,02 - Non-fatal injury,07 - SMV other,0
14-10517,SMYTH RD @ SMYTH RD NORTH SIDE RAMP/SMYTH RD S,369917.18770,5029120.91624,-75.66825471830,45.39899812900,2014-10-25,2:39:00 AM,01 - Clear,07 - Dark,01 - Dry,03 - Yield sign,00 - Unknown,02 - Non-fatal injury,07 - SMV other,0
14-10518,LAJOIE ST @ MONTREAL RD,370534.71460,5033326.11224,-75.65980687810,45.43677707970,2014-10-25,2:54:00 AM,01 - Clear,07 - Dark,01 - Dry,01 - Traffic signal,01 - Functioning,03 - P.D. only,05 - Turning movement,0
14-10519,AIRPORT PKWY btwn AIRPORT PKWY/WALKLEY RD SOUTHBOUND ON RAMP,370151.20641,5025404.02036,-75.66575793410,45.36553293980,2014-10-25,8:30:00 AM,01 - Clear,01 - Daylight,01 - Dry,10 - No control,,03 - P.D. only,05 - Turning movement,0
14-10520,CAMBRIAN RD/GOLFLINKS DR W @ LONGFIELDS DR,365382.69080,5013224.84168,-75.72811376170,45.25637410010,2014-10-25,11:43:00 AM,01 - Clear,01 - Daylight,01 - Dry,11 - Roundabout,01 - Functioning,03 - P.D. only,07 - SMV other,0
14-10521,BANK ST @ RIVERSIDE DR S,369304.71710,5027894.80639,-75.67623732140,45.38802269170,2014-10-25,10:44:00 AM,01 - Clear,01 - Daylight,01 - Dry,01 - Traffic signal,01 - Functioning,03 - P.D. only,04 - Sideswipe,0
14-10522,METCALFE ST @ GILMOUR ST,368099.18773,5030960.56890,-75.69123757670,45.41571746940,2014-10-25,12:49:00 PM,01 - Clear,01 - Daylight,01 - Dry,01 - Traffic signal,01 - Functioning,03 - P.D. only,05 - Turning movement,0
14-10523,MERIVALE RD @ WEST HUNT CLUB RD,365612.69520,5021942.97326,-75.72411447220,45.33479942430,2014-10-25,1:59:00 PM,02 - Rain,01 - Daylight,02 - Wet,01 - Traffic signal,01 - Functioning,03 - P.D. only,04 - Sideswipe,0
14-10524,EARL ARMSTRONG RD @ RIVER RD,367571.76838,5014684.87256,-75.70004083990,45.26931946640,2014-10-25,2:08:00 PM,02 - Rain,01 - Daylight,02 - Wet,01 - Traffic signal,01 - Functioning,03 - P.D. only,03 - Rear end,0
14-10525,CHURCHILL AVE @ DOVERCOURT AVE,363604.64352,5027422.12222,-75.74908029420,45.38427132670,2014-10-25,1:00:00 PM,01 - Clear,01 - Daylight,01 - Dry,01 - Traffic signal,01 - Functioning,03 - P.D. only,03 - Rear end,0
14-10526,GREENBANK RD @ HWY 417 IC129 RAMP57/IRIS ST,360532.25912,5023312.96906,-75.78877420290,45.34754854910,2014-10-25,2:22:00 PM,01 - Clear,01 - Daylight,01 - Dry,01 - Traffic signal,01 - Functioning,03 - P.D. only,03 - Rear end,0
14-10527,MERIVALE RD/LOTTA AVE @ CLYDE AVE,364521.69830,5024507.05084,-75.73772322430,45.35796439220,2014-10-25,2:56:00 PM,01 - Clear,01 - Daylight,01 - Dry,01 - Traffic signal,01 - Functioning,03 - P.D. only,03 - Rear end,0
14-10528,RIDEAU ST @ WALLER ST,368282.26954,5032274.78030,-75.68872926300,45.42752570510,2014-10-25,2:58:00 PM,02 - Rain,01 - Daylight,02 - Wet,01 - Traffic signal,01 - Functioning,03 - P.D. only,04 - Sideswipe,0
14-10529,WOODPARK WAY btwn MASONBROOK ST & MULLCRAFT CRES,365228.28267,5017069.07655,-75.72961301900,45.29097772280,2014-10-25,2:00:00 PM,01 - Clear,01 - Daylight,01 - Dry,10 - No control,,03 - P.D. only,06 - SMV unattended vehicle,0
14-10530,TERRY FOX DR btwn PALLADIUM DR & MAPLE GROVE RD,351545.05753,5017873.49063,-75.90397077900,45.29925945840,2014-10-25,3:17:00 PM,02 - Rain,01 - Daylight,02 - Wet,10 - No control,,03 - P.D. only,03 - Rear end,0
14-10531,TENTH LINE RD @ CHARLEMAGNE BLVD S/DES EPINETT,383640.97510,5036900.45590,-75.49173924100,45.46758093120,2014-10-25,2:15:00 PM,02 - Rain,01 - Daylight,02 - Wet,01 - Traffic signal,01 - Functioning,03 - P.D. only,03 - Rear end,0
14-10532,INNES RD @ 260 E OF BELCOURT BLVD/WALMART SC,382346.06714,5035399.85774,-75.50853338800,45.45422479150,2014-10-25,3:42:00 PM,02 - Rain,01 - Daylight,02 - Wet,01 - Traffic signal,01 - Functioning,03 - P.D. only,03 - Rear end,0
14-10533,HERON RD btwn BANK ST & EDGE HILL PL,370008.07154,5026855.81773,-75.66739327040,45.37860908630,2014-10-25,4:14:00 PM,01 - Clear,01 - Daylight,01 - Dry,10 - No control,,03 - P.D. only,03 - Rear end,0
14-10534,GREENBANK RD btwn LARKIN DR & MALVERN DR,363258.38811,5016314.05435,-75.75481356920,45.28435065280,2014-10-25,4:12:00 PM,02 - Rain,01 - Daylight,02 - Wet,10 - No control,,03 - P.D. only,05 - Turning movement,0
14-10535,DUSSERE ST @ ST. JOSEPH BLVD,380854.31212,5037127.18802,-75.52733623340,45.46992987000,2014-10-25,4:25:00 PM,02 - Rain,01 - Daylight,02 - Wet,02 - Stop sign,00 - Unknown,03 - P.D. only,03 - Rear end,0
14-10536,CARP RD btwn THOMAS A. DOLAN PKWY & NORMA LANE,338089.16370,5024872.34286,-76.07506560080,45.36300477230,2014-10-25,5:24:00 PM,02 - Rain,01 - Daylight,02 - Wet,10 - No control,,02 - Non-fatal injury,07 - SMV other,0
14-10537,RICHMOND RD @ HOLLY ACRES RD/NANAIMO DR,359057.72148,5022748.02104,-75.80765204760,45.34258075270,2014-10-25,4:32:00 PM,01 - Clear,01 - Daylight,02 - Wet,01 - Traffic signal,01 - Functioning,03 - P.D. only,03 - Rear end,0
14-10538,BAYSHORE DR btwn WOODRIDGE CRES S & BAYSHORE CS,359176.66187,5023612.59389,-75.80603938530,45.35035098470,2014-10-25,4:37:00 PM,01 - Clear,01 - Daylight,01 - Dry,10 - No control,,03 - P.D. only,01 - Approaching,0
14-10539,BANK ST @ FLORENCE ST,367875.76018,5030631.94220,-75.69413404390,45.41278076800,2014-10-25,4:47:00 PM,01 - Clear,01 - Daylight,02 - Wet,02 - Stop sign,01 - Functioning,03 - P.D. only,02 - Angle,0
14-10540,HAZELDEAN RD @ EDGEWATER ST,352322.65558,5017352.87018,-75.89410635430,45.29452261560,2014-10-25,4:54:00 PM,01 - Clear,05 - Dusk,02 - Wet,01 - Traffic signal,00 - Unknown,02 - Non-fatal injury,03 - Rear end,0
14-10541,UPLANDS DR btwn ROYALTON PRIV & PAUL ANKA DR,369423.02500,5023597.08708,-75.67528879700,45.34934216030,2014-10-25,4:59:00 PM,01 - Clear,01 - Daylight,02 - Wet,10 - No control,,03 - P.D. only,06 - SMV unattended vehicle,0
14-10542,LACASSE AVE @ MONTREAL RD,370687.65652,5033406.11994,-75.65784154320,45.43748255870,2014-10-25,5:06:00 PM,02 - Rain,01 - Daylight,02 - Wet,01 - Traffic signal,01 - Functioning,03 - P.D. only,03 - Rear end,0
14-10543,DALHOUSIE ST @ RIDEAU ST,368206.70910,5032227.10614,-75.68970092660,45.42710360330,2014-10-25,5:19:00 PM,01 - Clear,05 - Dusk,02 - Wet,01 - Traffic signal,01 - Functioning,03 - P.D. only,04 - Sideswipe,0
14-10544,CAMPEAU DR @ TERRY FOX DR,350455.60070,5019009.98014,-75.91775664010,45.30955755240,2014-10-25,6:38:00 PM,02 - Rain,07 - Dark,02 - Wet,01 - Traffic signal,01 - Functioning,03 - P.D. only,03 - Rear end,0
14-10545,ANALDEA DR/ WHITE ALDER AVE @ BANK ST,375698.71376,5020812.04352,-75.59560781480,45.32367720630,2014-10-25,6:43:00 PM,04 - Freezing Rain,07 - Dark,02 - Wet,01 - Traffic signal,00 - Unknown,03 - P.D. only,03 - Rear end,0
14-10546,RICHMOND RD btwn STAFFORD RD & NORTHSIDE RD,358154.67608,5021097.51983,-75.81935234820,45.32779871010,2014-10-25,8:18:00 PM,02 - Rain,07 - Dark,02 - Wet,10 - No control,,02 - Non-fatal injury,07 - SMV other,1
14-10547,ST. LAURENT BLVD @ COVENTRY RD/OGILVIE RD,372304.76938,5031952.99978,-75.63737357190,45.42425382250,2014-10-25,9:08:00 PM,01 - Clear,07 - Dark,01 - Dry,01 - Traffic signal,01 - Functioning,02 - Non-fatal injury,03 - Rear end,0
14-10548,ST. LAURENT BLVD @ MCARTHUR AVE,371919.81876,5032888.04996,-75.64216476500,45.43270401470,2014-10-25,9:10:00 PM,02 - Rain,07 - Dark,02 - Wet,01 - Traffic signal,01 - Functioning,03 - P.D. only,03 - Rear end,0
14-10549,CENTRAL PARK DR S @ MERIVALE RD,364986.69343,5025599.75863,-75.73165556360,45.36775664180,2014-10-25,9:12:00 PM,02 - Rain,07 - Dark,02 - Wet,01 - Traffic signal,01 - Functioning,03 - P.D. only,05 - Turning movement,0
14-10550,ARGYLE AVE @ O'CONNOR ST,368184.71080,5030486.04806,-75.69020599870,45.41144014520,2014-10-25,9:23:00 PM,02 - Rain,07 - Dark,02 - Wet,01 - Traffic signal,01 - Functioning,03 - P.D. only,05 - Turning movement,0
14-10551,PINECREST RD @ BASELINE RD,360783.63592,5022695.92608,-75.78563635120,45.34197638870,2014-10-25,10:18:00 PM,02 - Rain,07 - Dark,02 - Wet,02 - Stop sign,00 - Unknown,02 - Non-fatal injury,04 - Sideswipe,0
14-10552,ARGYLE AVE @ O'CONNOR ST,368185.66092,5030485.09794,-75.69019398380,45.41143150950,2014-10-25,11:42:00 PM,01 - Clear,07 - Dark,01 - Dry,01 - Traffic signal,01 - Functioning,03 - P.D. only,02 - Angle,0
14-10553,STEGGALL CRES @ WEST RIDGE DR S,348894.15669,5013382.38345,-75.93816874940,45.25901828290,2014-10-26,7:47:00 AM,01 - Clear,01 - Daylight,01 - Dry,02 - Stop sign,00 - Unknown,03 - P.D. only,02 - Angle,0
14-10554,WEST HUNT CLUB RD EB btwn WOODROFFE AVE & 354 E OF WOODROFFE AVE/REC P,363776.98618,5021325.75519,-75.74760705090,45.32940243620,2014-10-26,8:49:00 AM,01 - Clear,01 - Daylight,02 - Wet,10 - No control,,03 - P.D. only,99 - Other,0
14-10555,BANK ST btwn WALKLEY RD & SURREY AVE,370341.16954,5025937.30836,-75.66326246930,45.37031355960,2014-10-26,10:58:00 AM,01 - Clear,01 - Daylight,01 - Dry,10 - No control,,02 - Non-fatal injury,07 - SMV other,1
14-10556,LORRY GREENBERG DR @ PIKE ST,373114.38117,5025402.18063,-75.62793603370,45.36523385890,2014-10-26,1:51:00 PM,01 - Clear,01 - Daylight,01 - Dry,02 - Stop sign,01 - Functioning,03 - P.D. only,06 - SMV unattended vehicle,0
14-10557,BRONSON AVE btwn FLORA ST & ARLINGTON AVE,367213.75363,5029886.35272,-75.70268551480,45.40613152980,2014-10-25,4:45:00 PM,01 - Clear,01 - Daylight,01 - Dry,10 - No control,,03 - P.D. only,04 - Sideswipe,0
14-10558,CYRVILLE RD btwn INNES RD & END,375078.12850,5031054.48106,-75.60206597130,45.41589631210,2014-10-26,12:01:00 PM,01 - Clear,01 - Daylight,01 - Dry,10 - No control,,02 - Non-fatal injury,02 - Angle,0
14-10559,CARP RD @ STITTSVILLE MAIN ST,349523.83598,5014330.67836,-75.93006063050,45.26751163790,2014-10-26,11:55:00 AM,01 - Clear,01 - Daylight,01 - Dry,01 - Traffic signal,01 - Functioning,03 - P.D. only,04 - Sideswipe,0