Record,Location,X,Y,Longitude,Latitude,Date,Time,Environment,Light,Road_Surface,Traffic_Control,Collision_Location,Collision_Classification,Impact_type,Pedestrian
14-10665,BASELINE RD @ CLYDE AVE,364358.70330,5024888.13760,-75.73975755670,45.36140722420,2014-10-29,4:30:00 PM,01 - Clear,01 - Daylight,01 - Dry,01 - Traffic signal,01 - Functioning,03 - P.D. only,03 - Rear end,0
14-10666,PARKDALE AVE btwn COLOMBINE DRWY & BURNSIDE AVE,364773.49450,5030133.19505,-75.73382610790,45.40856590270,2014-10-29,4:21:00 PM,01 - Clear,01 - Daylight,01 - Dry,10 - No control,,03 - P.D. only,02 - Angle,0
14-10667,RIVERSIDE DR @ SMYTH RD SOUTH SIDE RAMP,369785.59454,5028998.45096,-75.66995152220,45.39790845670,2014-10-29,4:54:00 PM,01 - Clear,01 - Daylight,01 - Dry,01 - Traffic signal,01 - Functioning,02 - Non-fatal injury,05 - Turning movement,0
14-10668,WOODROFFE AVE btwn CARLINGWOOD SC & CARLING AVE,361915.67662,5025871.86377,-75.77082548330,45.37046200870,2014-10-29,5:24:00 PM,01 - Clear,01 - Daylight,02 - Wet,10 - No control,,03 - P.D. only,02 - Angle,0
14-10669,FIELDING DR @ MCCARTHY RD,369365.51850,5025040.11780,-75.67583414580,45.36233145870,2014-10-29,5:25:00 PM,01 - Clear,07 - Dark,01 - Dry,01 - Traffic signal,01 - Functioning,03 - P.D. only,05 - Turning movement,0
14-10670,WOODROFFE AVE @ KNOXDALE RD/MEDHURST DR,363419.68990,5021827.91218,-75.75210536180,45.33395074580,2014-10-29,5:29:00 PM,01 - Clear,01 - Daylight,01 - Dry,01 - Traffic signal,01 - Functioning,03 - P.D. only,05 - Turning movement,0
14-10671,FOURTH LINE RD btwn CENTURY RD W & CARSONBY RD W,362970.51997,5003219.33329,-75.76001315060,45.16654671290,2014-10-29,5:57:00 PM,01 - Clear,05 - Dusk,01 - Dry,10 - No control,,02 - Non-fatal injury,07 - SMV other,0
14-10672,MONTREAL RD @ NORTH RIVER RD,369739.98542,5032887.89432,-75.67002149350,45.43290843620,2014-10-29,6:24:00 PM,01 - Clear,07 - Dark,01 - Dry,01 - Traffic signal,01 - Functioning,03 - P.D. only,03 - Rear end,0
14-10673,EARL MULLIGAN DR @ LONG GATE CRT,364889.66286,5017299.94193,-75.73390165200,45.29308407470,2014-10-29,6:40:00 PM,01 - Clear,07 - Dark,01 - Dry,02 - Stop sign,00 - Unknown,02 - Non-fatal injury,07 - SMV other,1
14-10674,WEST HUNT CLUB RD EB btwn 545 E OF ROYDON PL/SUNDERLAND ST & ANTARES D,366698.90922,5022524.62783,-75.71018444310,45.33993807770,2014-10-29,6:42:00 PM,01 - Clear,05 - Dusk,02 - Wet,10 - No control,,03 - P.D. only,04 - Sideswipe,0
14-10675,BESSERER ST @ DALHOUSIE ST,368251.75158,5032158.04956,-75.68913426540,45.42647817260,2014-10-29,6:49:00 PM,01 - Clear,07 - Dark,01 - Dry,01 - Traffic signal,01 - Functioning,03 - P.D. only,04 - Sideswipe,0
14-10676,INNOVATION DR btwn FLAMBOROUGH WAY & FLAMBOROUGH WAY,349448.53524,5022875.78101,-75.93025042500,45.34440779380,2014-10-29,7:03:00 PM,01 - Clear,07 - Dark,01 - Dry,10 - No control,,03 - P.D. only,07 - SMV other,0
14-10677,BANK ST btwn GRAND AVE & ROSEBELLA AVE,373192.44144,5023561.43987,-75.62719434780,45.34866397020,2014-10-29,8:16:00 PM,01 - Clear,07 - Dark,01 - Dry,10 - No control,,03 - P.D. only,03 - Rear end,0
14-10678,HAZELDEAN RD @ HAZELDEAN RD 1,351377.18973,5016478.86776,-75.90624205170,45.28672140340,2014-10-29,8:22:00 PM,01 - Clear,07 - Dark,01 - Dry,01 - Traffic signal,01 - Functioning,03 - P.D. only,04 - Sideswipe,0
14-10679,LONGFIELDS DR @ PORTRUSH AVE,364434.72770,5015360.10380,-75.73993435030,45.27566819990,2014-10-29,8:36:00 PM,02 - Rain,07 - Dark,02 - Wet,02 - Stop sign,01 - Functioning,02 - Non-fatal injury,02 - Angle,0
14-10680,BANK ST btwn BANK ST EXTENSION NB & JOHNSTON RD,370703.84979,5025124.71218,-75.65874116700,45.36296807200,2014-10-29,8:38:00 PM,01 - Clear,07 - Dark,01 - Dry,10 - No control,,03 - P.D. only,06 - SMV unattended vehicle,0
14-10681,RIVERSIDE DR @ TREMBLAY RD/HWY417 IC117 RAMP52,370802.55316,5031016.50172,-75.65669335340,45.41597095470,2014-10-29,10:41:00 PM,01 - Clear,07 - Dark,01 - Dry,01 - Traffic signal,01 - Functioning,03 - P.D. only,02 - Angle,0
14-10682,HUNT CLUB RD btwn TURN LANE & TO BE DETERMINED,371980.79783,5024353.29690,-75.64254766780,45.35590593620,2014-10-30,1:12:00 AM,01 - Clear,07 - Dark,01 - Dry,10 - No control,,03 - P.D. only,07 - SMV other,0
14-10683,ELGIN ST @ WAVERLEY ST,368317.70670,5030952.09304,-75.68844697210,45.41562140410,2014-10-30,6:14:00 AM,01 - Clear,07 - Dark,01 - Dry,01 - Traffic signal,01 - Functioning,03 - P.D. only,03 - Rear end,0
14-10684,INDUSTRIAL AVE @ RIVERSIDE DR,370686.61884,5030593.97858,-75.65823095690,45.41218018780,2014-10-30,6:30:00 AM,01 - Clear,03 - Dawn,01 - Dry,01 - Traffic signal,01 - Functioning,03 - P.D. only,03 - Rear end,0
14-10685,TIMM DR btwn EAGLESON RD & HAANEL DR,353709.11102,5019605.30312,-75.87620842710,45.31469534370,2014-10-30,7:19:00 AM,01 - Clear,01 - Daylight,01 - Dry,10 - No control,,02 - Non-fatal injury,07 - SMV other,0
14-10686,HUNT CLUB RD @ RIVERSIDE DR,368035.75288,5021945.02344,-75.69320238060,45.33460369110,2014-10-30,8:15:00 AM,01 - Clear,01 - Daylight,01 - Dry,01 - Traffic signal,01 - Functioning,02 - Non-fatal injury,03 - Rear end,0
14-10687,GREENBANK RD @ 207 S OF BELLMAN DR/GREENBANK S,361337.67960,5020826.99757,-75.77878068310,45.32511536580,2014-10-30,10:17:00 AM,01 - Clear,01 - Daylight,01 - Dry,01 - Traffic signal,01 - Functioning,02 - Non-fatal injury,02 - Angle,0
14-10688,NAVAN RD @ SPRING VALLEY DR,382064.79410,5032681.94920,-75.51255577860,45.42980241470,2014-10-30,8:40:00 AM,01 - Clear,01 - Daylight,01 - Dry,02 - Stop sign,01 - Functioning,02 - Non-fatal injury,03 - Rear end,0
14-10689,CARLING AVE EB btwn RICHMOND RD & DUNDEE AVE,360259.93078,5024774.38641,-75.79208531010,45.36071993660,2014-10-30,8:49:00 AM,01 - Clear,01 - Daylight,01 - Dry,10 - No control,,03 - P.D. only,03 - Rear end,0
14-10690,GRASSY PLAINS DR btwn APPLE CREEK CRES & BIRCHFIELD AVE,355707.19264,5015401.19753,-75.85115787370,45.27672402740,2014-10-30,8:51:00 AM,01 - Clear,01 - Daylight,01 - Dry,10 - No control,,02 - Non-fatal injury,03 - Rear end,0
14-10691,CLARE ST @ KIRKWOOD AVE,364067.20327,5027974.81793,-75.74310767570,45.38920540360,2014-10-30,9:22:00 AM,01 - Clear,01 - Daylight,01 - Dry,01 - Traffic signal,01 - Functioning,03 - P.D. only,03 - Rear end,0
14-10692,O'CONNOR ST btwn QUEEN ST & ALBERT ST,367534.15705,5031529.05785,-75.69838378110,45.42088343900,2014-10-30,9:24:00 AM,01 - Clear,01 - Daylight,01 - Dry,10 - No control,,03 - P.D. only,99 - Other,0
14-10693,INDUSTRIAL AVE @ TRAINYARDS DR,371685.95510,5030538.05372,-75.64547241850,45.41158219970,2014-10-30,9:32:00 AM,01 - Clear,01 - Daylight,01 - Dry,01 - Traffic signal,00 - Unknown,03 - P.D. only,04 - Sideswipe,0
14-10694,EAGLESON RD @ HAZELDEAN RD/ROBERTSON RD,353672.67478,5018424.93506,-75.87678951980,45.30407668930,2014-10-30,10:02:00 AM,01 - Clear,01 - Daylight,01 - Dry,01 - Traffic signal,01 - Functioning,03 - P.D. only,03 - Rear end,0
14-10695,CARP RD @ DONALD B. MUNRO DR,341193.50426,5022822.00503,-76.03559103870,45.34440077730,2014-10-30,10:12:00 AM,01 - Clear,01 - Daylight,01 - Dry,02 - Stop sign,01 - Functioning,02 - Non-fatal injury,02 - Angle,0
14-10696,MONTREAL RD btwn ST. LAURENT BLVD & HILLSIDE DR,371561.12459,5033825.78747,-75.64662142170,45.44117567620,2014-10-30,10:16:00 AM,01 - Clear,01 - Daylight,01 - Dry,10 - No control,,03 - P.D. only,99 - Other,0
14-10697,INDUSTRIAL AVE btwn TRAINYARDS DR & RUSSELL RD,371893.20176,5030503.58447,-75.64282964690,45.41125222250,2014-10-30,10:34:00 AM,01 - Clear,01 - Daylight,01 - Dry,10 - No control,,03 - P.D. only,03 - Rear end,0
14-10698,HAZELDEAN RD @ CARBROOKE ST/IRWIN GATE,353415.72126,5018266.88848,-75.88008142460,45.30267238240,2014-10-30,8:20:00 AM,01 - Clear,01 - Daylight,01 - Dry,01 - Traffic signal,01 - Functioning,03 - P.D. only,03 - Rear end,0
14-10699,FITZGERALD RD @ ROBERTSON RD,356789.57560,5020288.94231,-75.83685069450,45.32062548830,2014-10-30,10:46:00 AM,01 - Clear,01 - Daylight,01 - Dry,01 - Traffic signal,01 - Functioning,03 - P.D. only,02 - Angle,0
14-10700,CARLING AVE EB btwn SHERWOOD DR & PRESTON ST,366661.18420,5028806.87224,-75.70987912540,45.39646770490,2014-10-30,11:18:00 AM,01 - Clear,01 - Daylight,01 - Dry,10 - No control,,03 - P.D. only,04 - Sideswipe,0
14-10701,MUNSTER RD btwn COPELAND RD & FRANKTOWN RD,350643.15378,5000885.79767,-75.91703441590,45.14645673610,2014-10-30,11:21:00 AM,01 - Clear,01 - Daylight,01 - Dry,10 - No control,,03 - P.D. only,07 - SMV other,0
14-10702,HAZELDEAN RD @ CARBROOKE ST/IRWIN GATE,353418.57162,5018266.88848,-75.88004508140,45.30267218520,2014-10-30,8:25:00 AM,01 - Clear,01 - Daylight,01 - Dry,01 - Traffic signal,01 - Functioning,03 - P.D. only,03 - Rear end,0
14-10703,MEADOWLANDS DR/TALLWOOD DR @ WOODROFFE AVE,363058.58984,5022730.01924,-75.75660582630,45.34209791680,2014-10-30,11:44:00 AM,01 - Clear,01 - Daylight,01 - Dry,01 - Traffic signal,01 - Functioning,03 - P.D. only,03 - Rear end,0
14-10704,INNES RD @ TAUVETTE ST/GLEN PARK DR W,377344.15720,5032465.74538,-75.57290917160,45.42836273130,2014-10-29,6:30:00 PM,01 - Clear,05 - Dusk,01 - Dry,02 - Stop sign,00 - Unknown,03 - P.D. only,04 - Sideswipe,0
14-10705,DIDSBURY RD btwn TERRY FOX DR & END,350582.99288,5018858.98221,-75.91614604890,45.30819053940,2014-10-29,9:00:00 PM,01 - Clear,07 - Dark,01 - Dry,10 - No control,,03 - P.D. only,05 - Turning movement,0
14-10706,INDUSTRIAL AVE @ RUSSELL RD,372466.67872,5030280.97828,-75.63553440390,45.40919409780,2014-10-30,12:25:00 PM,01 - Clear,01 - Daylight,01 - Dry,01 - Traffic signal,01 - Functioning,03 - P.D. only,03 - Rear end,0
14-10707,WEST HUNT CLUB RD WB btwn MERIVALE RD & ROYDON PL,365804.10575,5022058.72269,-75.72165829670,45.33582430670,2014-10-30,9:45:00 AM,01 - Clear,01 - Daylight,01 - Dry,10 - No control,,03 - P.D. only,02 - Angle,0
14-10708,HOLMWOOD AVE btwn ADELAIDE ST & O'CONNOR ST,368779.34446,5029375.31388,-75.68275394900,45.40139202010,2014-10-30,2:20:00 PM,01 - Clear,01 - Daylight,01 - Dry,10 - No control,,03 - P.D. only,04 - Sideswipe,0
14-10709,RIVERSIDE DR btwn HOG'S BACK RD & RIDGEWOOD AVE,368238.12536,5025829.11955,-75.69012233250,45.36953362590,2014-10-30,3:20:00 PM,01 - Clear,01 - Daylight,01 - Dry,10 - No control,,03 - P.D. only,03 - Rear end,0
14-10710,PRINCE OF WALES DR @ WEST HUNT CLUB RD,367457.76018,5021891.97836,-75.70058273040,45.33417825160,2014-10-30,3:41:00 PM,01 - Clear,01 - Daylight,01 - Dry,01 - Traffic signal,01 - Functioning,02 - Non-fatal injury,03 - Rear end,0
14-10711,MONTREAL RD @ ST. LAURENT BLVD,371546.65302,5033818.06976,-75.64680743190,45.44110761780,2014-10-30,4:15:00 PM,01 - Clear,01 - Daylight,01 - Dry,01 - Traffic signal,01 - Functioning,03 - P.D. only,03 - Rear end,0
14-10712,GREENBANK RD @ STRANDHERD DR,363933.68390,5014785.84238,-75.74638816740,45.27054330430,2014-10-30,4:16:00 PM,01 - Clear,01 - Daylight,01 - Dry,01 - Traffic signal,00 - Unknown,03 - P.D. only,04 - Sideswipe,0
14-10713,REGIONAL ROAD 174 EB btwn OR174 IC109 RAMP55 & TRANSIT,376474.42409,5034990.86686,-75.58365492410,45.45117187200,2014-10-30,3:55:00 PM,01 - Clear,01 - Daylight,01 - Dry,10 - No control,,03 - P.D. only,03 - Rear end,0
14-10714,LAFONTAINE AVE @ MCARTHUR AVE,370950.66242,5032772.04876,-75.65456543630,45.43175263440,2014-10-30,4:29:00 PM,01 - Clear,01 - Daylight,01 - Dry,01 - Traffic signal,01 - Functioning,03 - P.D. only,04 - Sideswipe,0
14-10715,BANK ST @ WELLINGTON ST,367258.65712,5031629.99858,-75.70189097370,45.42181632190,2014-10-02,5:00:00 PM,01 - Clear,01 - Daylight,01 - Dry,01 - Traffic signal,01 - Functioning,03 - P.D. only,99 - Other,0
14-10716,SOMERSET ST    W btwn ARTHUR ST & CAMBRIDGE ST N,366866.07784,5030414.95518,-75.70705997690,45.41091866060,2014-10-30,5:11:00 PM,01 - Clear,05 - Dusk,01 - Dry,10 - No control,,03 - P.D. only,07 - SMV other,0
14-10717,ALBERT ST btwn KENT ST & BANK ST,367342.76381,5031394.43118,-75.70084625080,45.41968924680,2014-10-30,12:00:00 AM,01 - Clear,00 - Unknown,01 - Dry,10 - No control,,03 - P.D. only,06 - SMV unattended vehicle,0
14-10718,REGIONAL ROAD 174 btwn OR174 IC112 RAMP36 & OR174 IC112 RAMP26,374762.50119,5032815.17102,-75.60584813860,45.43176967550,2014-10-30,5:45:00 PM,01 - Clear,01 - Daylight,01 - Dry,10 - No control,,03 - P.D. only,04 - Sideswipe,0
14-10719,BANK ST btwn CAHILL DR & TURN LANE (1),371381.87438,5024241.19306,-75.65020618850,45.35495439070,2014-10-30,6:34:00 PM,01 - Clear,07 - Dark,01 - Dry,10 - No control,,03 - P.D. only,03 - Rear end,0
14-10720,BESSERER ST @ DALHOUSIE ST,368252.70170,5032158.99968,-75.68912200270,45.42648663500,2014-10-30,4:22:00 PM,01 - Clear,01 - Daylight,01 - Dry,01 - Traffic signal,01 - Functioning,03 - P.D. only,05 - Turning movement,0
14-10721,MUNSTER RD btwn FERNBANK RD & LUCAS LANE,345677.60596,5006531.20086,-75.97971381700,45.19756221380,2014-10-30,6:30:00 PM,01 - Clear,05 - Dusk,01 - Dry,10 - No control,,03 - P.D. only,07 - SMV other,0
14-10722,LONGFIELDS DR @ WOODROFFE AVE,365423.07014,5017106.46984,-75.72712537350,45.29129740850,2014-10-30,6:32:00 PM,01 - Clear,07 - Dark,01 - Dry,01 - Traffic signal,01 - Functioning,03 - P.D. only,04 - Sideswipe,0
14-10723,EARL ARMSTRONG RD @ SPRATT RD,368396.22717,5015011.54958,-75.68949320390,45.27218480190,2014-10-30,6:39:00 PM,01 - Clear,07 - Dark,01 - Dry,01 - Traffic signal,01 - Functioning,03 - P.D. only,03 - Rear end,0
14-10724,MARCH RD btwn BEARHILL RD & ROB LYTLE'S LANE,338296.70191,5018098.49564,-76.07287489130,45.30204076400,2014-10-30,6:56:00 PM,01 - Clear,07 - Dark,01 - Dry,10 - No control,,03 - P.D. only,07 - SMV other,0
14-10725,MONTREAL RD btwn PALACE ST & VANIER PKWY,370037.55541,5033046.11467,-75.66619778000,45.43430434130,2014-10-30,7:07:00 PM,01 - Clear,07 - Dark,01 - Dry,10 - No control,,03 - P.D. only,04 - Sideswipe,0
14-10726,TERRY FOX DR btwn HWY417 IC140 RAMP61 & HWY417 IC140 RAMP16,350828.73507,5018690.80275,-75.91302797160,45.30666115400,2014-10-30,7:00:00 PM,01 - Clear,07 - Dark,01 - Dry,10 - No control,,03 - P.D. only,03 - Rear end,0
14-10727,STRANDHERD DR btwn MADRID AVE & ANDORA AVE,363095.49135,5014155.39631,-75.75714335760,45.26494050280,2014-10-30,7:34:00 PM,01 - Clear,07 - Dark,01 - Dry,10 - No control,,03 - P.D. only,03 - Rear end,0
14-10728,RICHARDSON SIDE RD btwn DAVID MANCHESTER RD & WILLIAM MOONEY RD,344397.06051,5015497.45334,-75.99529806550,45.27831812390,2014-10-30,7:37:00 PM,01 - Clear,07 - Dark,01 - Dry,10 - No control,,03 - P.D. only,07 - SMV other,0
14-10729,BANKFIELD RD @ PRINCE OF WALES DR,366379.68990,5008974.91134,-75.71593825490,45.21804664740,2014-10-30,8:24:00 PM,01 - Clear,07 - Dark,01 - Dry,01 - Traffic signal,01 - Functioning,02 - Non-fatal injury,03 - Rear end,0
14-10730,CATHERINE ST @ METCALFE ST,368394.61579,5030487.77522,-75.68752433040,45.41143664210,2014-10-31,12:00:00 AM,01 - Clear,07 - Dark,01 - Dry,01 - Traffic signal,01 - Functioning,03 - P.D. only,02 - Angle,0
14-10731,CARLING AVE @ MOODIE DR/JAMES CUMMINGS AVE W,356001.65490,5023935.10126,-75.84652302760,45.35349192530,2014-10-31,6:44:00 AM,01 - Clear,03 - Dawn,01 - Dry,01 - Traffic signal,01 - Functioning,02 - Non-fatal injury,05 - Turning movement,0
14-10732,HWY 417 ST.LAURE IC115R51 @ ST. LAURENT BLVD,372529.74924,5031412.32251,-75.63457327330,45.41936731490,2014-10-30,8:15:00 AM,01 - Clear,01 - Daylight,01 - Dry,01 - Traffic signal,01 - Functioning,03 - P.D. only,04 - Sideswipe,0
14-10733,SOMERSET ST    W btwn BRONSON AVE & PERCY ST,366993.10208,5030494.35598,-75.70542728620,45.41162180910,2014-10-31,7:10:00 AM,01 - Clear,03 - Dawn,01 - Dry,10 - No control,,03 - P.D. only,05 - Turning movement,0
14-10734,SCALA AVE btwn MARKWICK CRES & Continuation of SCALA AVE,385958.79730,5036851.69100,-75.46211056260,45.46687672470,2014-10-31,8:06:00 AM,01 - Clear,01 - Daylight,01 - Dry,10 - No control,,03 - P.D. only,06 - SMV unattended vehicle,0
14-10735,BLACKBURN BYPASS @ NAVAN RD,379617.80190,5033274.66642,-75.54373382580,45.43540131060,2014-10-31,8:28:00 AM,01 - Clear,01 - Daylight,01 - Dry,01 - Traffic signal,01 - Functioning,03 - P.D. only,03 - Rear end,0
14-10736,DONNELLY DR btwn Continuation of DONNELLY DR & MILL POND LANE,359816.45630,4982736.77448,-75.80237906130,44.98248858870,2014-10-31,8:48:00 AM,01 - Clear,01 - Daylight,01 - Dry,10 - No control,,02 - Non-fatal injury,07 - SMV other,0
14-10737,RIOCAN AVE @ STRANDHERD DR,364172.20880,5014945.04766,-75.74332958680,45.27195573830,2014-10-31,9:23:00 AM,01 - Clear,01 - Daylight,01 - Dry,01 - Traffic signal,01 - Functioning,03 - P.D. only,03 - Rear end,0
14-10738,ARLINGTON AVE @ LYON ST,367707.21947,5030160.81519,-75.69634725700,45.40855688450,2014-10-31,9:26:00 AM,01 - Clear,01 - Daylight,01 - Dry,02 - Stop sign,01 - Functioning,03 - P.D. only,05 - Turning movement,0
14-10739,CLYDE AVE btwn DOHENY ST & DOBBIE ST,363645.13543,5026572.21066,-75.74866456680,45.37662055080,2014-10-31,9:48:00 AM,01 - Clear,01 - Daylight,01 - Dry,10 - No control,,03 - P.D. only,02 - Angle,0
14-10740,INDUSTRIAL AVE/INNES RD @ ST. LAURENT BLVD,373099.72740,5030006.99188,-75.62748588000,45.40666740450,2014-10-31,10:46:00 AM,01 - Clear,01 - Daylight,01 - Dry,01 - Traffic signal,01 - Functioning,03 - P.D. only,03 - Rear end,0
14-10741,DATA CENTRE RD @ RIVERSIDE DR,368897.44900,5027670.48192,-75.68146696900,45.38604167830,2014-10-31,11:09:00 AM,01 - Clear,01 - Daylight,01 - Dry,01 - Traffic signal,01 - Functioning,03 - P.D. only,03 - Rear end,0
14-10742,CROYDON AVE btwn REGINA LANE & RICHMOND RD,360493.68763,5025312.71241,-75.78904109640,45.36554523990,2014-10-30,1:30:00 PM,01 - Clear,01 - Daylight,01 - Dry,10 - No control,,03 - P.D. only,06 - SMV unattended vehicle,0
14-10743,RICHMOND RD @ LYNHAR RD/STAFFORD RD,358137.23582,5021085.86652,-75.81957607450,45.32769517840,2014-10-31,12:08:00 PM,01 - Clear,01 - Daylight,01 - Dry,01 - Traffic signal,01 - Functioning,02 - Non-fatal injury,03 - Rear end,0
14-10744,ST. LAURENT BLVD btwn FOLEY AVE & WALKLEY RD,373841.49009,5028189.76598,-75.61826550360,45.39024409040,2014-10-29,5:10:00 PM,02 - Rain,01 - Daylight,02 - Wet,10 - No control,,03 - P.D. only,03 - Rear end,0
14-10745,CYRVILLE RD @ INNES RD,375048.67482,5031118.13902,-75.60243317630,45.41647202920,2014-10-31,12:45:00 PM,01 - Clear,01 - Daylight,01 - Dry,01 - Traffic signal,01 - Functioning,02 - Non-fatal injury,03 - Rear end,0
14-10746,BEARBROOK RD/ROCKCLIFFE PKWY @ ST. JOSEPH BLVD,377129.24127,5035239.84549,-75.57524767990,45.45334455330,2014-10-31,1:53:00 PM,01 - Clear,01 - Daylight,01 - Dry,01 - Traffic signal,01 - Functioning,03 - P.D. only,05 - Turning movement,0
14-10747,CAMPEAU DR @ TERON RD/COLCHESTER SQ,352565.62274,5020468.00086,-75.89070855650,45.32253679950,2014-10-31,2:57:00 PM,01 - Clear,01 - Daylight,01 - Dry,01 - Traffic signal,00 - Unknown,03 - P.D. only,03 - Rear end,0
14-10748,RICHMOND RD @ HOLLY ACRES RD/NANAIMO DR,359060.09340,5022746.60037,-75.80762193940,45.34256778660,2014-10-31,3:14:00 PM,01 - Clear,01 - Daylight,01 - Dry,01 - Traffic signal,01 - Functioning,03 - P.D. only,02 - Angle,0
14-10749,BRONSON AVE btwn CARLING AVE & FIRST AVE,367461.00866,5029303.73302,-75.69960125740,45.40086719690,2014-10-24,7:15:00 PM,01 - Clear,07 - Dark,01 - Dry,10 - No control,,03 - P.D. only,02 - Angle,0
14-10750,RICHMOND RD btwn BAYSHORE DR & MAGWOOD AVE/HWY417 IC130 RAMP62,359383.58567,5023383.69178,-75.80342406330,45.34827524730,2014-10-31,3:47:00 PM,01 - Clear,01 - Daylight,01 - Dry,10 - No control,,02 - Non-fatal injury,07 - SMV other,1
14-10751,BASELINE RD btwn TURN LANE & TURN LANE (1),365008.72484,5025298.97462,-75.73141098910,45.36504834460,2014-10-31,3:54:00 PM,01 - Clear,01 - Daylight,01 - Dry,10 - No control,,03 - P.D. only,03 - Rear end,0
14-10752,HERON RD EB btwn HERON RD EB ON RAMP/VINCENT MASSEY PARK & RIVERSIDE D,367818.22619,5026591.40225,-75.69538514930,45.37643033500,2014-10-31,4:00:00 PM,01 - Clear,01 - Daylight,01 - Dry,10 - No control,,03 - P.D. only,03 - Rear end,0
14-10753,BEARBROOK RD/ROCKCLIFFE PKWY @ ST. JOSEPH BLVD,377128.58526,5035244.06904,-75.57525544490,45.45338262150,2014-10-31,4:09:00 PM,01 - Clear,01 - Daylight,01 - Dry,01 - Traffic signal,01 - Functioning,02 - Non-fatal injury,05 - Turning movement,0
14-10754,HUNTLEY RD btwn GARVIN RD & MOORE ST,356072.07859,5007279.41143,-75.84734475040,45.20361556480,2014-10-05,8:30:00 PM,01 - Clear,07 - Dark,01 - Dry,10 - No control,,03 - P.D. only,07 - SMV other,0
14-10755,KNOXDALE RD @ WEST HUNT CLUB RD,361842.37355,5020608.56992,-75.77236826740,45.32310912330,2014-10-19,4:43:00 PM,01 - Clear,01 - Daylight,01 - Dry,01 - Traffic signal,01 - Functioning,03 - P.D. only,02 - Angle,0
14-10756,BERRIGAN DR @ COLINDALE AVE/OAKWELL DR,364155.11000,5015568.30784,-75.74347296940,45.27756527980,2014-10-31,4:58:00 PM,01 - Clear,01 - Daylight,01 - Dry,02 - Stop sign,01 - Functioning,03 - P.D. only,02 - Angle,0
14-10757,GABERT RD btwn NIXON DR & SOUTH GOWER BOUNDARY RD,376349.04737,4995694.24096,-75.59092088000,45.09760741560,2014-10-31,5:04:00 PM,01 - Clear,01 - Daylight,01 - Dry,10 - No control,,03 - P.D. only,02 - Angle,0
14-10758,METCALFE ST @ PRETORIA AVE,368492.46785,5030334.12883,-75.68629416540,45.41004528410,2014-10-31,5:05:00 PM,01 - Clear,05 - Dusk,01 - Dry,02 - Stop sign,01 - Functioning,03 - P.D. only,04 - Sideswipe,0
14-10759,BRONSON AVE @ FOURTH AVE,367584.18743,5029008.61263,-75.69806555910,45.39820075280,2014-10-31,5:00:00 PM,01 - Clear,01 - Daylight,01 - Dry,02 - Stop sign,00 - Unknown,03 - P.D. only,03 - Rear end,0
14-10760,BASELINE RD btwn NAVAHO DR & COLLEGE SQUARE SC,362961.84632,5024020.53154,-75.75768842580,45.35371787010,2014-10-31,4:00:00 PM,01 - Clear,01 - Daylight,01 - Dry,10 - No control,,03 - P.D. only,03 - Rear end,0
14-10761,REGIONAL ROAD 174 EB btwn OR174 IC109 RAMP55 & TRANSIT,376622.94557,5035304.68390,-75.58171052320,45.45398014640,2014-10-31,5:45:00 PM,01 - Clear,05 - Dusk,01 - Dry,10 - No control,,03 - P.D. only,03 - Rear end,0
14-10762,WALKLEY RD btwn BAYCREST DR & HEATHERINGTON RD,371588.15965,5026694.26712,-75.64724204650,45.37700667220,2014-10-31,3:06:00 PM,01 - Clear,01 - Daylight,01 - Dry,10 - No control,,03 - P.D. only,04 - Sideswipe,0
14-10763,AVIATION PKWY @ MONTREAL RD,372146.24267,5034108.58280,-75.63910425560,45.44366400910,2014-10-31,7:00:00 PM,01 - Clear,07 - Dark,01 - Dry,01 - Traffic signal,01 - Functioning,02 - Non-fatal injury,03 - Rear end,0
14-10764,DUMAURIER AVE @ PINECREST RD,360321.20507,5023835.45877,-75.79140869310,45.35226664160,2014-10-31,9:34:00 PM,01 - Clear,07 - Dark,01 - Dry,01 - Traffic signal,01 - Functioning,03 - P.D. only,05 - Turning movement,0
14-10765,MARCHURST RD btwn RIDGESIDE FARM DR & MARCH RD,344831.79928,5024746.15225,-75.98900959060,45.36151664690,2014-10-31,10:34:00 PM,01 - Clear,07 - Dark,01 - Dry,10 - No control,,03 - P.D. only,07 - SMV other,0
14-10766,KING EDWARD AVE @ STEWART ST,368634.71440,5032205.83259,-75.68423459300,45.42687326150,2014-10-31,10:48:00 PM,01 - Clear,07 - Dark,01 - Dry,01 - Traffic signal,01 - Functioning,03 - P.D. only,02 - Angle,0
14-10767,STONEHAVEN DR btwn TAMARA WAY & BRIDGESTONE DR,355087.12722,5016984.82625,-75.85889998760,45.29101847840,2014-10-31,11:26:00 PM,01 - Clear,07 - Dark,01 - Dry,10 - No control,,03 - P.D. only,04 - Sideswipe,0
14-10768,DUNROBIN RD btwn MURPHY SIDE RD & LILLIAN WAY,345385.99540,5028057.93393,-75.98166359120,45.39128505940,2014-11-01,12:37:00 AM,01 - Clear,07 - Dark,01 - Dry,10 - No control,,03 - P.D. only,07 - SMV other,0
14-10769,BANK ST @ SUNNYSIDE AVE,368733.87932,5028581.07527,-75.68343758630,45.39424986790,2014-11-01,2:01:00 AM,01 - Clear,07 - Dark,01 - Dry,01 - Traffic signal,01 - Functioning,03 - P.D. only,03 - Rear end,0