Record,Location,X,Y,Longitude,Latitude,Date,Time,Environment,Light,Road_Surface,Traffic_Control,Collision_Location,Collision_Classification,Impact_type,Pedestrian
14-10770,CATHERINE ST @ KENT ST,367908.18143,5030189.51227,-75.69377650890,45.40879700060,2014-11-01,2:14:00 AM,01 - Clear,07 - Dark,01 - Dry,01 - Traffic signal,01 - Functioning,03 - P.D. only,02 - Angle,0
14-10771,DALHOUSIE ST btwn RIDEAU ST & BESSERER ST,368224.88427,5032200.29891,-75.68947213410,45.42686075370,2014-11-01,2:28:00 AM,01 - Clear,07 - Dark,01 - Dry,10 - No control,,03 - P.D. only,06 - SMV unattended vehicle,0
14-10772,SLATER ST btwn KENT ST & BANK ST,367387.02508,5031330.72398,-75.70028884030,45.41911207140,2014-11-01,2:33:00 AM,01 - Clear,07 - Dark,01 - Dry,10 - No control,,03 - P.D. only,06 - SMV unattended vehicle,0
14-10773,FLEWELLYN RD btwn MUNSTER RD & CONLEY RD,348340.68887,5008015.21188,-75.94569022900,45.21075662380,2014-11-01,3:23:00 AM,01 - Clear,07 - Dark,01 - Dry,10 - No control,,03 - P.D. only,07 - SMV other,0
14-10774,REGIONAL ROAD 174 btwn TRANSIT & OR174 IC105 RAMP51,377912.92173,5036158.61437,-75.56509280640,45.46152944350,2014-11-01,4:12:00 AM,01 - Clear,07 - Dark,01 - Dry,10 - No control,,03 - P.D. only,07 - SMV other,0
14-10775,PRESTON ST btwn YOUNG ST & GEORGE ST W,366614.43600,5029429.82994,-75.71039808680,45.40207704400,2014-11-01,7:30:00 AM,01 - Clear,01 - Daylight,01 - Dry,10 - No control,,03 - P.D. only,06 - SMV unattended vehicle,0
14-10776,CROSS AVE btwn URBANDALE DR & CIRCLE PL,372663.41460,5027904.45843,-75.63334828970,45.38779215880,2014-10-31,7:30:00 PM,01 - Clear,07 - Dark,01 - Dry,10 - No control,,03 - P.D. only,06 - SMV unattended vehicle,0
14-10777,TALLTREE CRES btwn ABBOTT ST E & ABBOTT ST E,351798.34345,5014749.09104,-75.90103733950,45.27112833060,2014-11-01,11:16:00 AM,01 - Clear,01 - Daylight,01 - Dry,10 - No control,,03 - P.D. only,06 - SMV unattended vehicle,0
14-10778,ST. JOSEPH BLVD @ DUFORD DR/PLACE D'ORLEANS DR,381996.26157,5037999.43180,-75.51259688200,45.47765228280,2014-10-31,12:20:00 PM,01 - Clear,01 - Daylight,01 - Dry,01 - Traffic signal,01 - Functioning,02 - Non-fatal injury,03 - Rear end,0
14-10779,DEVINE RD @ ROCKDALE RD,394888.58651,5024097.20089,-75.35026575560,45.35103301010,2014-11-01,11:42:00 AM,01 - Clear,01 - Daylight,01 - Dry,02 - Stop sign,01 - Functioning,03 - P.D. only,02 - Angle,0
14-10780,WOODROFFE AVE btwn MEADOWLANDS DR/TALLWOOD DR & NORICE ST,363172.40912,5022454.36424,-75.75518610980,45.33960813210,2014-11-01,12:11:00 PM,01 - Clear,01 - Daylight,01 - Dry,10 - No control,,02 - Non-fatal injury,03 - Rear end,0
14-10781,BANK ST @ WELLINGTON ST,367256.28520,5031630.46913,-75.70192121970,45.42182076710,2014-10-31,1:00:00 PM,01 - Clear,01 - Daylight,01 - Dry,01 - Traffic signal,00 - Unknown,03 - P.D. only,03 - Rear end,0
14-10782,AIRPORT PKWY @ HUNT CLUB RD,371019.47812,5023701.57302,-75.65490326560,45.35013337470,2014-11-01,12:35:00 PM,01 - Clear,01 - Daylight,01 - Dry,01 - Traffic signal,01 - Functioning,03 - P.D. only,03 - Rear end,0
14-10783,HUNT CLUB RD WB btwn 275 E OF HAWTHORNE RD/OC TRANSPO TURNAROUND & HAWTHORNE RD,375586.09300,5026460.51300,-75.59623574160,45.37451097880,2014-11-01,1:00:00 AM,01 - Clear,07 - Dark,01 - Dry,10 - No control,,03 - P.D. only,02 - Angle,0
14-10784,ST. LAURENT BLVD @ COVENTRY RD/OGILVIE RD,372304.29770,5031948.73100,-75.63738018400,45.42421545930,2014-11-01,12:15:00 PM,01 - Clear,01 - Daylight,01 - Dry,01 - Traffic signal,00 - Unknown,03 - P.D. only,03 - Rear end,0
14-10785,KANATA AVE btwn EARL GREY DR & MARITIME WAY,351322.70702,5019326.56966,-75.90666934770,45.31234940000,2014-11-01,1:20:00 PM,01 - Clear,01 - Daylight,01 - Dry,10 - No control,,03 - P.D. only,03 - Rear end,0
14-10786,AMIENS ST btwn DUFORD DR & BLACKHEATH ST,382361.13893,5037344.32404,-75.50803392920,45.47171776070,2014-11-01,1:49:00 PM,01 - Clear,01 - Daylight,01 - Dry,10 - No control,,03 - P.D. only,07 - SMV other,0
14-10787,CAMPBELL REID CRT btwn RIDDELL DR & Continuation of CAMPBELL REID CRT,347253.65232,5026241.06226,-75.95796846370,45.37482572510,2014-11-01,2:09:00 PM,01 - Clear,01 - Daylight,01 - Dry,10 - No control,,03 - P.D. only,06 - SMV unattended vehicle,0
14-10788,ST. JOSEPH BLVD @ JEANNE D'ARC BLVD,379861.21643,5036470.63303,-75.54013546640,45.46413013580,2014-11-01,2:22:00 PM,01 - Clear,01 - Daylight,01 - Dry,11 - Roundabout,01 - Functioning,03 - P.D. only,04 - Sideswipe,0
14-10789,RUSSELL RD @ SOUTHVALE CRES N,373797.78108,5029098.02406,-75.61869662720,45.39842048310,2014-11-01,3:36:00 PM,01 - Clear,01 - Daylight,01 - Dry,01 - Traffic signal,01 - Functioning,03 - P.D. only,07 - SMV other,0
14-10790,GREENBANK RD @ STRANDHERD DR,363933.20997,5014783.46933,-75.74639448890,45.27052199100,2014-11-01,4:13:00 PM,01 - Clear,01 - Daylight,01 - Dry,01 - Traffic signal,01 - Functioning,03 - P.D. only,05 - Turning movement,0
14-10791,HUNTMAR DR @ PALLADIUM DR S,349675.60660,5017364.96134,-75.92785226890,45.29480545590,2014-11-01,5:44:00 PM,01 - Clear,07 - Dark,01 - Dry,01 - Traffic signal,01 - Functioning,03 - P.D. only,04 - Sideswipe,0
14-10792,BANK ST btwn TURN LANE & SPRINGHILL RD,383767.57994,5009925.09315,-75.49442715300,45.22486162130,2014-11-01,5:54:00 PM,01 - Clear,07 - Dark,01 - Dry,10 - No control,,02 - Non-fatal injury,07 - SMV other,0
14-10793,DU GRAND BOIS AVE @ INNES RD,383110.22933,5035760.66677,-75.49870721820,45.45738582080,2014-11-01,6:41:00 PM,01 - Clear,07 - Dark,01 - Dry,02 - Stop sign,01 - Functioning,03 - P.D. only,05 - Turning movement,0
14-10794,MEADOWLANDS DR btwn HOGAN ST & NESS ST,366280.96350,5024893.90558,-75.71522225300,45.36129317840,2014-11-02,12:18:00 AM,01 - Clear,07 - Dark,01 - Dry,10 - No control,,03 - P.D. only,02 - Angle,0
14-10795,RICHMOND RD btwn WEST HUNT CLUB RD & STONEHAVEN DR,357142.79694,5018127.28415,-75.83257385150,45.30114837670,2014-11-02,1:00:00 AM,01 - Clear,07 - Dark,01 - Dry,10 - No control,,03 - P.D. only,07 - SMV other,0
14-10796,REGIONAL ROAD 174 btwn OR174 IC102 RAMP51 & REGIONAL ROAD 174,381138.79869,5037980.88801,-75.52356580110,45.47757971530,2014-11-02,2:52:00 AM,01 - Clear,07 - Dark,01 - Dry,10 - No control,,03 - P.D. only,07 - SMV other,0
14-10797,OR174 IC109 RAMP55 btwn REGIONAL ROAD 174 & ST. JOSEPH BLVD,376457.59231,5034922.06665,-75.58388011050,45.45055457780,2014-11-02,3:04:00 AM,01 - Clear,07 - Dark,01 - Dry,10 - No control,,03 - P.D. only,99 - Other,0
14-10798,CASTLEFRANK RD btwn CASTLE GLEN CRES & CASTLE GLEN CRES,353103.14397,5016333.25545,-75.88425531430,45.28529465100,2014-11-02,2:10:00 AM,01 - Clear,07 - Dark,01 - Dry,10 - No control,,03 - P.D. only,07 - SMV other,0
14-10799,FALLOWFIELD RD btwn ASHDALE AVE & PRINCE OF WALES DR,367294.70121,5019100.08638,-75.70301521730,45.30907178150,2014-11-02,10:20:00 AM,01 - Clear,01 - Daylight,01 - Dry,10 - No control,,03 - P.D. only,03 - Rear end,0
14-10800,MONTREAL RD @ CARSON'S RD/CODD'S RD,372770.71840,5034399.34126,-75.63108225700,45.44621966400,2014-11-01,11:25:00 AM,01 - Clear,01 - Daylight,01 - Dry,01 - Traffic signal,01 - Functioning,03 - P.D. only,03 - Rear end,0
14-10801,BLACKBURN BYPASS @ NAVAN RD,379617.72351,5033274.58803,-75.54373483960,45.43540061360,2014-11-02,12:37:00 PM,01 - Clear,01 - Daylight,01 - Dry,01 - Traffic signal,01 - Functioning,03 - P.D. only,03 - Rear end,0
14-10802,CARLING AVE @ KIRKWOOD AVE N,364276.34505,5027492.05147,-75.74049517040,45.38484382810,2014-11-02,1:15:00 PM,01 - Clear,01 - Daylight,01 - Dry,01 - Traffic signal,01 - Functioning,03 - P.D. only,04 - Sideswipe,0
14-10803,HWY 417 WOODROFF IC127R53 @ WOODROFFE AVE,362206.38358,5024627.66926,-75.76725898840,45.35924310400,2014-11-02,3:09:00 PM,01 - Clear,01 - Daylight,01 - Dry,03 - Yield sign,00 - Unknown,03 - P.D. only,04 - Sideswipe,0
14-10804,ST. JOSEPH BLVD @ JEANNE D'ARC BLVD,379860.26857,5036471.58090,-75.54014744020,45.46413876610,2014-11-02,3:18:00 PM,01 - Clear,01 - Daylight,01 - Dry,11 - Roundabout,01 - Functioning,03 - P.D. only,04 - Sideswipe,0
14-10805,TERRY FOX DR @ PALLADIUM DR/KATIMAVIK RD,351269.24407,5018180.82733,-75.90745857960,45.30204325410,2014-11-02,3:18:00 PM,01 - Clear,01 - Daylight,01 - Dry,01 - Traffic signal,01 - Functioning,03 - P.D. only,03 - Rear end,0
14-10806,MEADOWCROFT CRES btwn WARNOCK CRT & MEADOWCROFT CRES (1),372890.60353,5033177.71580,-75.62971886980,45.43521643390,2014-10-18,3:26:00 PM,01 - Clear,01 - Daylight,01 - Dry,10 - No control,,03 - P.D. only,06 - SMV unattended vehicle,0
14-10807,HERON RD btwn BANK ST & EDGE HILL PL,370105.92148,5026868.81731,-75.66614229010,45.37871693860,2014-11-02,3:46:00 PM,01 - Clear,01 - Daylight,01 - Dry,10 - No control,,03 - P.D. only,04 - Sideswipe,0
14-10808,COLONNADE RD    S btwn CONCOURSE GT & COLONNADE RD N,367263.98381,5023095.53717,-75.70290283600,45.34502492930,2014-11-02,4:15:00 PM,01 - Clear,01 - Daylight,01 - Dry,10 - No control,,03 - P.D. only,05 - Turning movement,0
14-10809,SUSSEX DR btwn 151 W OF KING EDWARD AVE/L.B. PEARSON BUILDING & RAMP,367633.99084,5033437.01532,-75.69686478820,45.43804163450,2014-11-02,4:28:00 PM,01 - Clear,05 - Dusk,01 - Dry,10 - No control,,03 - P.D. only,07 - SMV other,0
14-10810,MONA AVE @ MONTREAL RD,370751.28770,5033437.64023,-75.65702409160,45.43776016540,2014-11-01,2:00:00 AM,01 - Clear,07 - Dark,01 - Dry,02 - Stop sign,00 - Unknown,03 - P.D. only,05 - Turning movement,0
14-10811,ST. JOSEPH BLVD btwn HART RD & R.C.M.P. COMPLEX,377811.02804,5035731.58745,-75.56645897470,45.45769800940,2014-11-02,5:10:00 PM,01 - Clear,07 - Dark,01 - Dry,10 - No control,,03 - P.D. only,07 - SMV other,0
14-10812,BOUNDARY RD btwn Continuation of BOUNDARY RD & VICTORIA ST,391288.94107,5013651.49758,-75.39801915730,45.25750540070,2014-11-02,5:23:00 PM,01 - Clear,07 - Dark,01 - Dry,10 - No control,,03 - P.D. only,07 - SMV other,0
14-10813,BILLINGS BRIDGESC RAMP NB @ RIVERSIDE DR EB,369082.96848,5027763.32902,-75.67908601160,45.38686008640,2014-11-02,6:26:00 PM,01 - Clear,07 - Dark,01 - Dry,02 - Stop sign,01 - Functioning,02 - Non-fatal injury,02 - Angle,0
14-10814,CROWNHILL ST btwn APPLEFORD ST & DUNHAM ST,374746.99357,5033583.46291,-75.60593714950,45.43868388730,2014-11-02,6:38:00 PM,01 - Clear,07 - Dark,01 - Dry,10 - No control,,03 - P.D. only,06 - SMV unattended vehicle,0
14-10815,TENTH LINE RD @ WALL RD,385152.30307,5033307.17522,-75.47300163150,45.43507973100,2014-11-02,6:44:00 PM,01 - Clear,07 - Dark,01 - Dry,02 - Stop sign,01 - Functioning,03 - P.D. only,02 - Angle,0
14-10816,ISLAND PARK DR @ RICHMOND RD,364130.17973,5028868.31726,-75.74219604080,45.39723961450,2014-11-02,7:05:00 PM,01 - Clear,07 - Dark,01 - Dry,01 - Traffic signal,01 - Functioning,03 - P.D. only,03 - Rear end,0
14-10817,CARP RD btwn THOMAS A. DOLAN PKWY & NORMA LANE,337551.71997,5025154.33618,-76.08190716490,45.36556758020,2014-11-02,7:11:00 PM,01 - Clear,07 - Dark,01 - Dry,10 - No control,,03 - P.D. only,07 - SMV other,0
14-10818,ALBION RD btwn LESTER RD & LEITRIM RD,372764.72740,5022156.19258,-75.63284514300,45.33606162200,2014-11-02,6:45:00 PM,01 - Clear,07 - Dark,01 - Dry,10 - No control,,03 - P.D. only,07 - SMV other,0
14-10819,ST. LAURENT BLVD @ COVENTRY RD/OGILVIE RD,372304.29770,5031951.57460,-75.63737979430,45.42424104470,2014-11-02,7:47:00 PM,01 - Clear,07 - Dark,01 - Dry,01 - Traffic signal,01 - Functioning,03 - P.D. only,04 - Sideswipe,0
14-10820,CARLING AVE btwn BAYFIELD AVE & BURKE RD,352790.56326,5022634.37476,-75.88762936420,45.34201489250,2014-11-02,8:41:00 PM,01 - Clear,07 - Dark,01 - Dry,10 - No control,,03 - P.D. only,07 - SMV other,0
14-10821,BOWESVILLE RD btwn RIDEAU RD & MITCH OWENS RD,373441.32972,5015385.71759,-75.62515104520,45.27507711710,2014-11-03,6:27:00 AM,01 - Clear,03 - Dawn,01 - Dry,10 - No control,,03 - P.D. only,07 - SMV other,0
14-10822,CYRVILLE RD @ OGILVIE RD,372453.24517,5032003.67407,-75.63546949440,45.42469542210,2014-11-03,6:41:00 AM,01 - Clear,03 - Dawn,01 - Dry,01 - Traffic signal,01 - Functioning,03 - P.D. only,02 - Angle,0
14-10823,BASELINE RD @ ROCKWAY CRES,361184.20197,5022933.45167,-75.78049836930,45.34408155630,2014-11-03,6:52:00 AM,01 - Clear,03 - Dawn,01 - Dry,02 - Stop sign,00 - Unknown,01 - Fatal injury,07 - SMV other,1
14-10824,RICHMOND RD btwn HWY417 IC130 RAMP35 & HWY417 IC130 RAMP26,359231.45180,5023126.35278,-75.80539371900,45.34597153070,2014-11-03,7:33:00 AM,01 - Clear,01 - Daylight,01 - Dry,10 - No control,,03 - P.D. only,04 - Sideswipe,0
14-10825,GREENBANK RD @ STRANDHERD DR,363932.26210,5014784.41720,-75.74640645520,45.27053059990,2014-11-03,8:22:00 AM,01 - Clear,01 - Daylight,01 - Dry,01 - Traffic signal,01 - Functioning,02 - Non-fatal injury,05 - Turning movement,0
14-10826,CARLING AVE @ HOLLAND AVE,365416.22477,5028038.54680,-75.72587326560,45.38966336520,2014-11-03,8:49:00 AM,01 - Clear,01 - Daylight,01 - Dry,01 - Traffic signal,01 - Functioning,02 - Non-fatal injury,03 - Rear end,0
14-10827,BASELINE RD @ GREENBANK RD,360596.26250,5022581.65660,-75.78803997910,45.34096312110,2014-11-03,9:49:00 AM,01 - Clear,01 - Daylight,01 - Dry,01 - Traffic signal,01 - Functioning,03 - P.D. only,04 - Sideswipe,0
14-10828,ST. JEAN ST btwn ST. JOSEPH BLVD & NOTRE DAME ST,380999.59512,5037168.41604,-75.52547207660,45.47028497000,2014-11-03,8:40:00 AM,01 - Clear,01 - Daylight,01 - Dry,10 - No control,,03 - P.D. only,06 - SMV unattended vehicle,0
14-10829,FERNBANK RD btwn MUNSTER RD & LUCAS LANE,345235.11608,5007085.34945,-75.98530059830,45.20257426230,2014-11-03,10:15:00 AM,01 - Clear,01 - Daylight,01 - Dry,10 - No control,,03 - P.D. only,07 - SMV other,0
14-10830,HINTON AVE @ WELLINGTON ST,365003.83331,5029196.46097,-75.73099811580,45.40011760510,2014-11-03,10:28:00 AM,01 - Clear,01 - Daylight,01 - Dry,02 - Stop sign,01 - Functioning,03 - P.D. only,04 - Sideswipe,0
14-10831,MAPLE GROVE RD @ TERRY FOX DR,351553.60860,5017865.88968,-75.90386246970,45.29919049450,2014-11-03,10:41:00 AM,01 - Clear,01 - Daylight,01 - Dry,01 - Traffic signal,01 - Functioning,02 - Non-fatal injury,05 - Turning movement,0
14-10832,CANOTEK RD btwn SHEFFORD RD & RAINBOW ST,376125.14999,5035131.67019,-75.58809934510,45.45247446470,2014-11-03,10:41:00 AM,01 - Clear,01 - Daylight,01 - Dry,10 - No control,,03 - P.D. only,05 - Turning movement,0
14-10833,ST. LAURENT BLVD btwn INDUSTRIAL AVE & BOURASSA ST,373216.05178,5029733.84474,-75.62603793500,45.40419839230,2014-11-03,11:40:00 AM,01 - Clear,01 - Daylight,01 - Dry,10 - No control,,03 - P.D. only,03 - Rear end,0
14-10834,CARLING AVE @ KIRKWOOD AVE N,364276.16613,5027494.48207,-75.74049716320,45.38486571340,2014-11-02,1:30:00 PM,01 - Clear,01 - Daylight,01 - Dry,01 - Traffic signal,01 - Functioning,03 - P.D. only,05 - Turning movement,0
14-10835,MONTREAL RD @ NORTH RIVER RD,369739.23477,5032885.68917,-75.67003137650,45.43288866530,2014-11-03,11:52:00 AM,01 - Clear,01 - Daylight,01 - Dry,01 - Traffic signal,01 - Functioning,03 - P.D. only,02 - Angle,0
14-10836,INNES RD btwn ANDERSON RD & INNES RD,376627.69353,5032044.95511,-75.58212552270,45.42465065950,2014-11-03,11:58:00 AM,01 - Clear,01 - Daylight,01 - Dry,10 - No control,,03 - P.D. only,99 - Other,0
14-10837,GALETTA SIDE RD btwn JOHN SHAW RD & HOMESTEADERS RD,326632.57307,5033976.10935,-76.22090308230,45.44537527390,2014-11-03,12:03:00 PM,01 - Clear,01 - Daylight,01 - Dry,10 - No control,,03 - P.D. only,07 - SMV other,0
14-10838,MAITLAND AVE btwn HWY417 IC126 RAMP63 & HWY417 IC126 RAMP52,363188.64051,5025874.48618,-75.75457508630,45.37038070440,2014-10-30,8:30:00 AM,01 - Clear,01 - Daylight,01 - Dry,10 - No control,,03 - P.D. only,04 - Sideswipe,0
14-10839,ROBINWOOD PL btwn Continuation of ROBINWOOD PL & Continuation of ROBIN,381117.40247,5034952.24012,-75.52430964150,45.45033274990,2014-11-01,12:00:00 AM,01 - Clear,00 - Unknown,01 - Dry,10 - No control,,03 - P.D. only,06 - SMV unattended vehicle,0
14-10840,BROOKFIELD RD @ 200 W OF FLANNERY DR,368509.61553,5026257.63690,-75.68660145710,45.37336468210,2014-11-03,1:29:00 PM,01 - Clear,01 - Daylight,01 - Dry,01 - Traffic signal,01 - Functioning,02 - Non-fatal injury,02 - Angle,0
14-10841,HAZELDEAN RD btwn KITTIWAKE DR & CARP RD,348653.64015,5014126.30820,-75.94116750340,45.26572743530,2014-10-03,1:25:00 PM,01 - Clear,01 - Daylight,01 - Dry,10 - No control,,03 - P.D. only,99 - Other,0
14-10842,NEPEAN ST btwn KENT ST & BANK ST,367425.07596,5031046.96093,-75.69983875330,45.41655545520,2014-11-03,2:35:00 PM,01 - Clear,01 - Daylight,01 - Dry,10 - No control,,03 - P.D. only,06 - SMV unattended vehicle,0
14-10843,GUIGUES AVE btwn SUSSEX DR & PARENT AVE,367749.03465,5032612.00262,-75.69549994530,45.43060811040,2014-11-02,12:00:00 AM,01 - Clear,00 - Unknown,01 - Dry,10 - No control,,03 - P.D. only,06 - SMV unattended vehicle,0
14-10844,RIDEAU ST btwn RIDEAU PL & MONTREAL RD,369585.50619,5032941.38964,-75.67198859920,45.43340409390,2014-11-03,12:30:00 PM,01 - Clear,01 - Daylight,01 - Dry,10 - No control,,03 - P.D. only,04 - Sideswipe,0
14-10845,HUNT CLUB RD @ CANADAIR PRIV,368663.19133,5022309.59817,-75.68515092630,45.33782723170,2014-11-03,2:50:00 PM,01 - Clear,01 - Daylight,01 - Dry,01 - Traffic signal,01 - Functioning,03 - P.D. only,04 - Sideswipe,0
14-10846,BAYVIEW RD @ SCOTT ST/ALBERT ST,365519.47961,5030071.24055,-75.72430449640,45.40794413100,2014-11-03,3:05:00 PM,01 - Clear,01 - Daylight,01 - Dry,01 - Traffic signal,01 - Functioning,03 - P.D. only,03 - Rear end,0
14-10847,RUSSELL RD S @ ST. LAURENT BLVD,373569.69532,5029260.97610,-75.62158688530,45.39990908960,2014-11-03,3:51:00 PM,01 - Clear,01 - Daylight,01 - Dry,01 - Traffic signal,01 - Functioning,03 - P.D. only,02 - Angle,0
14-10848,PLACE D'ORLEANS DR @ PLACE D'ORLEANS SC S,381501.11180,5037816.75644,-75.51895783670,45.47606329260,2014-11-03,3:58:00 PM,01 - Clear,05 - Dusk,01 - Dry,01 - Traffic signal,01 - Functioning,03 - P.D. only,03 - Rear end,0
14-10849,SOMERSET ST    W btwn WELLINGTON ST W & SPADINA AVE,365666.47277,5029851.53395,-75.72245394530,45.40595449790,2014-11-02,6:15:00 PM,01 - Clear,07 - Dark,01 - Dry,10 - No control,,02 - Non-fatal injury,02 - Angle,0
14-10850,COVENTRY RD btwn BELFAST RD & ST. LAURENT SC WEST,371929.07570,5031736.20520,-75.64220346700,45.42233935720,2014-11-03,4:07:00 PM,01 - Clear,01 - Daylight,01 - Dry,10 - No control,,02 - Non-fatal injury,03 - Rear end,0
14-10851,RICHMOND RD btwn STINSON AVE & STAFFORD RD,358105.73500,5021068.19117,-75.81997980530,45.32753852800,2014-11-03,4:17:00 PM,01 - Clear,01 - Daylight,01 - Dry,10 - No control,,02 - Non-fatal injury,07 - SMV other,0
14-10852,BRONSON AVE @ SUNNYSIDE AVE/UNIVERSITY RD - CA,367924.61034,5028092.97228,-75.69383496500,45.38993147730,2014-11-03,4:38:00 PM,01 - Clear,05 - Dusk,01 - Dry,01 - Traffic signal,00 - Unknown,03 - P.D. only,04 - Sideswipe,0
14-10853,CARLING AVE @ MOODIE DR/JAMES CUMMINGS AVE W,356003.07670,5023937.51090,-75.84650463300,45.35351350320,2014-11-03,5:02:00 PM,01 - Clear,07 - Dark,01 - Dry,01 - Traffic signal,01 - Functioning,02 - Non-fatal injury,05 - Turning movement,0
14-10854,WALKLEY RD btwn CONROY RD & 160 W OF CONROY RD,372889.97852,5027455.00049,-75.63051728580,45.38372613760,2014-11-03,5:25:00 PM,01 - Clear,07 - Dark,01 - Dry,10 - No control,,02 - Non-fatal injury,03 - Rear end,0
14-10855,WOODROFFE AVE @ FIRESTATION,362495.04507,5023911.30317,-75.76365839420,45.35277360480,2014-11-03,5:28:00 PM,01 - Clear,07 - Dark,01 - Dry,01 - Traffic signal,01 - Functioning,03 - P.D. only,03 - Rear end,0
14-10856,ST. LAURENT BLVD btwn BELFAST RD & INDUSTRIAL AVE,372906.09917,5030469.49508,-75.62989525650,45.41084766280,2014-11-02,6:20:00 PM,01 - Clear,07 - Dark,01 - Dry,10 - No control,,03 - P.D. only,03 - Rear end,0
14-10857,ROGER GUINDON AVE btwn PETER MORAND CRES & PETER MORAND CRES,371917.48192,5029584.58322,-75.64264458900,45.40298111330,2014-11-03,2:00:00 PM,01 - Clear,01 - Daylight,01 - Dry,10 - No control,,03 - P.D. only,06 - SMV unattended vehicle,0
14-10858,MAJESTIC DR @ WOODROFFE AVE,363528.64352,5021570.06722,-75.75074599980,45.33162156450,2014-11-03,5:56:00 PM,01 - Clear,07 - Dark,01 - Dry,01 - Traffic signal,00 - Unknown,03 - P.D. only,03 - Rear end,0
14-10859,GREENBANK RD @ MALVERN DR/FOXFIELD DR,363310.26460,5016195.38117,-75.75416633300,45.28327851350,2014-11-03,5:30:00 PM,01 - Clear,07 - Dark,01 - Dry,01 - Traffic signal,01 - Functioning,03 - P.D. only,03 - Rear end,0
14-10860,MERIVALE RD btwn COLONNADE RD & WOODFIELD DR/ROYDON PL,365392.27530,5022481.09150,-75.72686057470,45.33966041130,2014-11-03,6:01:00 PM,01 - Clear,07 - Dark,01 - Dry,10 - No control,,03 - P.D. only,99 - Other,0
14-10861,MERIVALE RD @ EMERALD PLAZA SC,364736.66107,5024003.55407,-75.73504076820,45.35341565600,2014-11-02,6:09:00 PM,01 - Clear,07 - Dark,01 - Dry,01 - Traffic signal,01 - Functioning,03 - P.D. only,03 - Rear end,0
14-10862,MANOTICK STATION RD btwn HERBERTS CORNERS RD & SNAKE ISLAND RD,376004.75174,5007516.93709,-75.59361017490,45.20402113620,2014-11-03,5:00:00 PM,01 - Clear,07 - Dark,01 - Dry,10 - No control,,03 - P.D. only,07 - SMV other,0
14-10863,BASELINE RD @ FISHER AVE,366167.16753,5026029.48057,-75.71653363010,45.37152083020,2014-11-03,6:30:00 PM,01 - Clear,07 - Dark,01 - Dry,01 - Traffic signal,01 - Functioning,03 - P.D. only,04 - Sideswipe,0
14-10864,MER BLEUE RD btwn 210 S OF INNES RD & RENAUD RD,383327.90009,5034015.66105,-75.49620300990,45.44166134580,2014-11-04,2:18:00 AM,01 - Clear,07 - Dark,01 - Dry,10 - No control,,03 - P.D. only,07 - SMV other,0
14-10865,WALKLEY RD btwn HARDING RD & HALIFAX DR,373614.82705,5027887.22113,-75.62120207940,45.38754423550,2014-11-04,7:39:00 AM,01 - Clear,01 - Daylight,01 - Dry,10 - No control,,03 - P.D. only,03 - Rear end,0
14-10866,MERIVALE RD @ WEST HUNT CLUB RD,365615.06487,5021942.49820,-75.72408429920,45.33479494400,2014-11-04,7:38:00 AM,01 - Clear,01 - Daylight,01 - Dry,01 - Traffic signal,01 - Functioning,03 - P.D. only,03 - Rear end,0
14-10867,COLONEL BY DR @ HAWTHORNE AVE/PRETORIA BRIDGE,368767.60723,5030526.80917,-75.68275446640,45.41175386300,2014-11-04,7:46:00 AM,01 - Clear,01 - Daylight,01 - Dry,01 - Traffic signal,01 - Functioning,02 - Non-fatal injury,03 - Rear end,0
14-10868,RIVERSIDE DR @ SMYTH RD SOUTH SIDE RAMP,369787.02310,5028996.08017,-75.66993358920,45.39788699250,2014-10-31,5:39:00 PM,01 - Clear,05 - Dusk,01 - Dry,01 - Traffic signal,00 - Unknown,03 - P.D. only,03 - Rear end,0
14-10869,MOODIE DR @ ROBERTSON RD,357066.14513,5020456.23856,-75.83330551580,45.32211030220,2014-11-03,8:40:00 AM,01 - Clear,01 - Daylight,01 - Dry,01 - Traffic signal,01 - Functioning,03 - P.D. only,03 - Rear end,0
14-10870,COBOURG ST @ TORMEY ST,369079.40186,5032856.02288,-75.67846749660,45.43268270150,2014-11-04,11:24:00 AM,01 - Clear,01 - Daylight,01 - Dry,02 - Stop sign,01 - Functioning,03 - P.D. only,03 - Rear end,0
14-10871,GREENBANK RD @ BELLMAN DR/BATEMAN DR,361259.04517,5021017.48890,-75.77976197670,45.32683573550,2014-11-03,5:30:00 PM,01 - Clear,07 - Dark,01 - Dry,01 - Traffic signal,01 - Functioning,03 - P.D. only,03 - Rear end,0
14-10872,ALTA VISTA DR @ SMYTH RD,370434.13770,5029081.55750,-75.66165763400,45.39859572320,2014-11-04,11:50:00 AM,01 - Clear,01 - Daylight,01 - Dry,01 - Traffic signal,01 - Functioning,03 - P.D. only,01 - Approaching,0
14-10873,GRANT CARMAN DR btwn MEADOWLANDS DR E & FAMILY BROWN LANE,365063.54244,5023888.23726,-75.73088328170,45.35235003640,2014-11-04,11:50:00 AM,01 - Clear,01 - Daylight,01 - Dry,10 - No control,,03 - P.D. only,05 - Turning movement,0