Record,Location,X,Y,Longitude,Latitude,Date,Time,Environment,Light,Road_Surface,Traffic_Control,Collision_Location,Collision_Classification,Impact_type,Pedestrian
14-10980,KATNICK WAY btwn MIRO WAY & DOYON AVE,349128.52058,5020640.75288,-75.93453404570,45.32431673090,2014-11-06,3:36:00 PM,01 - Clear,01 - Daylight,01 - Dry,10 - No control,,03 - P.D. only,06 - SMV unattended vehicle,0
14-10981,RAMSAYVILLE RD btwn RIDEAU RD & MITCH OWENS RD,381029.09893,5018320.30384,-75.52800563270,45.30069934020,2014-11-06,4:54:00 PM,02 - Rain,07 - Dark,02 - Wet,10 - No control,,02 - Non-fatal injury,03 - Rear end,0
14-10982,ALTA VISTA DR @ SMYTH RD,370431.29410,5029079.66177,-75.66169420350,45.39857893290,2014-11-06,5:03:00 PM,02 - Rain,07 - Dark,02 - Wet,01 - Traffic signal,01 - Functioning,03 - P.D. only,03 - Rear end,0
14-10983,DES EPINETTES AVE @ PRESTWICK DR,383335.14022,5036664.80123,-75.49568747020,45.46549517570,2014-11-06,5:17:00 PM,02 - Rain,07 - Dark,02 - Wet,02 - Stop sign,01 - Functioning,03 - P.D. only,02 - Angle,0
14-10984,HINES RD @ SOLANDT RD,350331.53947,5022570.71470,-75.91901126780,45.34160597930,2014-11-06,5:31:00 PM,02 - Rain,07 - Dark,02 - Wet,10 - No control,,03 - P.D. only,07 - SMV other,0
14-10985,BANK ST btwn MASON ST & MEADOW DR,378114.32403,5015085.95055,-75.56564466160,45.27190823540,2014-11-06,5:33:00 PM,02 - Rain,07 - Dark,02 - Wet,10 - No control,,03 - P.D. only,03 - Rear end,0
14-10986,MONTREAL RD btwn THOMSON ST & AVIATION PKWY,372118.75451,5034096.26053,-75.63945728670,45.44355578680,2014-11-06,5:34:00 PM,02 - Rain,07 - Dark,02 - Wet,10 - No control,,02 - Non-fatal injury,02 - Angle,0
14-10987,TRIM RD btwn SOUTH FRONTAGE & TAYLOR CREEK DR,384491.92304,5039687.33413,-75.48040640410,45.49255801770,2014-11-06,5:36:00 PM,02 - Rain,07 - Dark,02 - Wet,10 - No control,,03 - P.D. only,02 - Angle,0
14-10988,BANK ST @ HUNT CLUB RD,371609.21043,5024096.50620,-75.64732454140,45.35363092280,2014-11-06,5:38:00 PM,01 - Clear,07 - Dark,01 - Dry,01 - Traffic signal,01 - Functioning,03 - P.D. only,03 - Rear end,0
14-10989,BASELINE RD @ MARSON ST,365898.17333,5025856.58833,-75.71998890680,45.36998868270,2014-11-06,5:45:00 PM,02 - Rain,07 - Dark,02 - Wet,02 - Stop sign,01 - Functioning,02 - Non-fatal injury,03 - Rear end,0
14-10990,BANK ST @ LEITRIM RD,375357.28027,5021621.39283,-75.59984729800,45.33099380610,2014-11-04,4:30:00 PM,01 - Clear,05 - Dusk,01 - Dry,01 - Traffic signal,01 - Functioning,03 - P.D. only,05 - Turning movement,0
14-10991,REGIONAL ROAD 174 btwn TRANSIT & OR174 IC109 RAMP54,376080.34420,5034112.37216,-75.58881980010,45.44330802730,2014-11-06,5:40:00 PM,02 - Rain,07 - Dark,02 - Wet,10 - No control,,03 - P.D. only,03 - Rear end,0
14-10992,MCARTHUR AVE btwn LACASSE AVE & CARMEN AVE,370834.70300,5032758.32777,-75.65604912670,45.43164013780,2014-11-06,4:15:00 PM,02 - Rain,05 - Dusk,02 - Wet,10 - No control,,03 - P.D. only,03 - Rear end,0
14-10993,PRINCE OF WALES DR @ STRANDHERD DR,367174.81587,5014825.13887,-75.70508146690,45.27061689100,2014-11-06,5:00:00 PM,02 - Rain,07 - Dark,02 - Wet,01 - Traffic signal,01 - Functioning,03 - P.D. only,07 - SMV other,0
14-10994,BANK ST @ KILBORN AVE/BELANGER AVE,369654.19383,5027427.54780,-75.67183616420,45.38378617810,2014-11-06,7:30:00 PM,01 - Clear,07 - Dark,02 - Wet,01 - Traffic signal,01 - Functioning,03 - P.D. only,05 - Turning movement,0
14-10995,BANK ST @ KILBORN AVE/BELANGER AVE,369653.24597,5027425.65207,-75.67184851500,45.38376920900,2014-11-06,9:30:00 PM,01 - Clear,07 - Dark,02 - Wet,01 - Traffic signal,02 - Not functioning,02 - Non-fatal injury,07 - SMV other,1
14-10996,SHERBROOKE AVE btwn WELLINGTON ST W & GLADSTONE AVE,365426.81010,5029485.44426,-75.72556027400,45.40268130890,2014-11-06,10:05:00 PM,02 - Rain,07 - Dark,02 - Wet,10 - No control,,03 - P.D. only,06 - SMV unattended vehicle,0
14-10997,CAMPEAU DR @ TERON RD/COLCHESTER SQ,352563.24857,5020466.57793,-75.89073897570,45.32252415660,2014-11-06,10:43:00 PM,02 - Rain,07 - Dark,02 - Wet,01 - Traffic signal,01 - Functioning,02 - Non-fatal injury,03 - Rear end,0
14-10998,LYON ST @ SLATER ST,367102.23067,5031150.69167,-75.70395023470,45.41751761440,2014-11-06,10:58:00 PM,02 - Rain,07 - Dark,02 - Wet,01 - Traffic signal,01 - Functioning,03 - P.D. only,02 - Angle,0
14-10999,PALLADIUM DR @ SILVER SEVEN RD,351050.18590,5017886.49893,-75.91027915580,45.29940926350,2014-11-06,10:57:00 PM,02 - Rain,07 - Dark,02 - Wet,01 - Traffic signal,01 - Functioning,03 - P.D. only,03 - Rear end,0
14-11000,PARKDALE AVE @ WELLINGTON ST,365149.22667,5029269.60783,-75.72913218010,45.40076324570,2014-11-07,12:30:00 AM,02 - Rain,07 - Dark,02 - Wet,01 - Traffic signal,01 - Functioning,02 - Non-fatal injury,07 - SMV other,1
14-11001,BOUNDARY RD btwn PANA RD & CARTWRIGHT RD,390646.44176,5015250.08191,-75.40592765790,45.27196681220,2014-11-07,5:40:00 AM,02 - Rain,07 - Dark,02 - Wet,10 - No control,,03 - P.D. only,07 - SMV other,0
14-11002,WEST RIDGE DR btwn BALLYBOY ST & PARLOR PL,349272.03869,5012969.24073,-75.93339112840,45.25527688200,2014-11-07,11:06:00 AM,02 - Rain,01 - Daylight,02 - Wet,10 - No control,,02 - Non-fatal injury,07 - SMV other,0
14-11003,BOOTH ST @ 148 N OF MIDDLE ST/E.B.EDDY S,366033.29400,5031417.01698,-75.71757389240,45.42000830160,2014-11-07,6:10:00 AM,02 - Rain,07 - Dark,02 - Wet,01 - Traffic signal,01 - Functioning,03 - P.D. only,03 - Rear end,0
14-11004,RIVERSIDE DR @ HERON RD,368120.63097,5026649.11683,-75.69151703880,45.37692237150,2014-11-07,6:29:00 AM,02 - Rain,03 - Dawn,02 - Wet,01 - Traffic signal,01 - Functioning,03 - P.D. only,03 - Rear end,0
14-11005,ALBERT ST @ COMMISSIONER ST,366713.70110,5030971.40527,-75.70893661400,45.41593893600,2014-11-07,7:59:00 AM,01 - Clear,01 - Daylight,01 - Dry,02 - Stop sign,00 - Unknown,03 - P.D. only,04 - Sideswipe,0
14-11006,RICHMOND RD @ ROBERTSON RD,357578.12903,5020750.42897,-75.82674386720,45.32471914870,2014-11-07,8:03:00 AM,02 - Rain,01 - Daylight,02 - Wet,01 - Traffic signal,01 - Functioning,03 - P.D. only,03 - Rear end,0
14-11007,WOODROFFE AVE @ SPORTSPLEX N,363763.18837,5021065.33847,-75.74781407520,45.32706038430,2014-11-07,8:12:00 AM,03 - Snow,01 - Daylight,02 - Wet,01 - Traffic signal,01 - Functioning,03 - P.D. only,03 - Rear end,0
14-11008,NANTES ST btwn BRIANNA WAY & BEROT LANE,385921.66020,5036006.94853,-75.46272480480,45.45928087660,2014-11-07,8:27:00 AM,02 - Rain,01 - Daylight,02 - Wet,10 - No control,,03 - P.D. only,06 - SMV unattended vehicle,0
14-11009,RIVERSIDE DR NB btwn FROBISHER LANE & HINCKS LANE,370127.19525,5029626.03649,-75.66550565750,45.40352345360,2014-11-07,8:25:00 AM,02 - Rain,01 - Daylight,02 - Wet,10 - No control,,03 - P.D. only,02 - Angle,0
14-11010,ST. LAURENT BLVD @ WALKLEY RD,373901.32830,5028046.85510,-75.61752140750,45.38895234230,2014-11-07,8:49:00 AM,02 - Rain,01 - Daylight,02 - Wet,01 - Traffic signal,01 - Functioning,03 - P.D. only,07 - SMV other,0
14-11011,WALKLEY RD btwn HARDING RD & HALIFAX DR,373557.00714,5027851.20217,-75.62194539880,45.38722583190,2014-11-07,8:45:00 AM,02 - Rain,01 - Daylight,02 - Wet,10 - No control,,02 - Non-fatal injury,05 - Turning movement,0
14-11012,OR174 IC109 RAMP64 @ REGIONAL RD 174,376583.76705,5035280.98722,-75.58221483230,45.45377096460,2014-11-06,5:35:00 PM,02 - Rain,07 - Dark,02 - Wet,10 - No control,,03 - P.D. only,03 - Rear end,0
14-11013,EDGEWOOD AVE btwn RICHMOND RD & LINCOLN AVE,363442.60673,5028284.06849,-75.75104686220,45.39204056740,2014-11-05,6:45:00 AM,01 - Clear,03 - Dawn,01 - Dry,10 - No control,,03 - P.D. only,06 - SMV unattended vehicle,0
14-11014,EARL ARMSTRONG RD @ RIVER RD,367572.24457,5014684.39750,-75.70003483190,45.26931514900,2014-11-07,9:31:00 AM,02 - Rain,01 - Daylight,02 - Wet,01 - Traffic signal,01 - Functioning,03 - P.D. only,04 - Sideswipe,0
14-11015,GRASSY PLAINS DR @ STONEHAVEN DR,356205.14477,5015964.68459,-75.84475323570,45.28175816410,2014-11-07,8:25:00 AM,03 - Snow,01 - Daylight,02 - Wet,01 - Traffic signal,01 - Functioning,03 - P.D. only,03 - Rear end,0
14-11016,MCCORMICK ST @ WELLINGTON ST,365312.99863,5029380.34428,-75.72702685180,45.40174549070,2014-11-07,9:39:00 AM,02 - Rain,01 - Daylight,02 - Wet,02 - Stop sign,01 - Functioning,03 - P.D. only,05 - Turning movement,0
14-11017,RIVERSIDE DR @ SMYTH RD NORTH SIDE RAMP,369938.03993,5029315.79703,-75.66796266290,45.40074965720,2014-11-07,9:40:00 AM,02 - Rain,01 - Daylight,02 - Wet,01 - Traffic signal,01 - Functioning,03 - P.D. only,03 - Rear end,0
14-11018,TENTH LINE RD btwn ST. JOSEPH BLVD & OLD TENTH LINE RD,383026.81320,5038388.90764,-75.49935526710,45.48104173580,2014-11-07,9:45:00 AM,01 - Clear,01 - Daylight,01 - Dry,10 - No control,,02 - Non-fatal injury,03 - Rear end,0
14-11019,FOXFIELD DR btwn SANDRINGHAM CRT & ELKE DR,363722.36967,5016861.17947,-75.74883459040,45.28923494300,2014-11-06,7:30:00 PM,01 - Clear,07 - Dark,01 - Dry,10 - No control,,03 - P.D. only,06 - SMV unattended vehicle,0
14-11020,BOYD AVE btwn CARLING AVE & KERR AVE,363427.42580,5026648.75921,-75.75143495850,45.37732757380,2014-11-07,9:59:00 AM,01 - Clear,01 - Daylight,01 - Dry,10 - No control,,03 - P.D. only,06 - SMV unattended vehicle,0
14-11021,HOLLAND AVE btwn WELLINGTON ST W & BYRON AVE,364998.40993,5028995.50267,-75.73109191090,45.39830989230,2014-11-07,10:07:00 AM,01 - Clear,01 - Daylight,01 - Dry,10 - No control,,03 - P.D. only,02 - Angle,0
14-11022,HWY 417 ST.LAURE IC115R51 @ ST. LAURENT BLVD,372530.75841,5031411.78421,-75.63456045360,45.41936237390,2014-11-07,11:01:00 AM,01 - Clear,01 - Daylight,01 - Dry,01 - Traffic signal,01 - Functioning,02 - Non-fatal injury,03 - Rear end,0
14-11023,STITTSVILLE MAIN ST @ ORVILLE ST,350312.59130,5013247.68229,-75.92010883940,45.25771586210,2014-11-07,11:11:00 AM,01 - Clear,01 - Daylight,02 - Wet,02 - Stop sign,00 - Unknown,03 - P.D. only,03 - Rear end,0
14-11024,MEADOWLANDS DR @ MERIVALE RD,364858.69990,5023724.74994,-75.73351721710,45.35089657250,2014-11-07,1:00:00 AM,02 - Rain,07 - Dark,02 - Wet,01 - Traffic signal,01 - Functioning,03 - P.D. only,07 - SMV other,0
14-11025,CARP RD @ RICHARDSON SIDE RD,346209.55570,5017160.71009,-75.97205825300,45.29318034120,2014-11-07,11:22:00 AM,01 - Clear,01 - Daylight,01 - Dry,01 - Traffic signal,01 - Functioning,03 - P.D. only,02 - Angle,0
14-11026,WEST HUNT CLUB RD @ ANTARES DR/LASER ST,367107.71130,5022081.02664,-75.70502458500,45.33591044460,2014-11-07,12:18:00 PM,02 - Rain,01 - Daylight,02 - Wet,01 - Traffic signal,01 - Functioning,03 - P.D. only,02 - Angle,0
14-11027,NAVAN RD @ PAGE RD,381660.23393,5032771.49777,-75.51771131560,45.43065267960,2014-11-07,12:28:00 PM,01 - Clear,01 - Daylight,01 - Dry,02 - Stop sign,01 - Functioning,03 - P.D. only,02 - Angle,0
14-11028,WOODROFFE AVE @ GEORGINA DR/LENESTER AVE,361909.68660,5025370.77269,-75.77095987440,45.36595372230,2014-11-07,12:30:00 PM,01 - Clear,01 - Daylight,01 - Dry,01 - Traffic signal,01 - Functioning,03 - P.D. only,04 - Sideswipe,0
14-11029,MERIVALE RD btwn BASIL MACDONALD WAY & VIEWMOUNT DR,365176.74245,5022987.75558,-75.72954862420,45.34423789090,2014-11-07,12:46:00 PM,02 - Rain,01 - Daylight,02 - Wet,10 - No control,,03 - P.D. only,03 - Rear end,0
14-11030,CLYDE AVE btwn CLYDE AVE & STARWOOD RD,364423.53562,5024745.05946,-75.73894733320,45.36011431650,2014-11-07,8:55:00 AM,01 - Clear,01 - Daylight,01 - Dry,10 - No control,,03 - P.D. only,03 - Rear end,0
14-11031,CONCORD ST    N btwn KINGS LANDING PRIV & GREENFIELD AVE,369026.79916,5031067.32856,-75.67937295000,45.41659352590,2014-11-07,12:00:00 AM,01 - Clear,00 - Unknown,01 - Dry,10 - No control,,03 - P.D. only,06 - SMV unattended vehicle,0
14-11032,MEADOWLANDS DR/TALLWOOD DR @ WOODROFFE AVE,363056.87064,5022730.17213,-75.75662774390,45.34209943540,2014-11-07,1:44:00 PM,01 - Clear,01 - Daylight,01 - Dry,01 - Traffic signal,01 - Functioning,03 - P.D. only,02 - Angle,0
14-11033,ALTA VISTA DR @ SMYTH RD,370433.22287,5029082.31796,-75.66166921620,45.39860265160,2014-11-07,2:00:00 PM,01 - Clear,01 - Daylight,01 - Dry,01 - Traffic signal,01 - Functioning,03 - P.D. only,05 - Turning movement,0
14-11034,CONROY RD @ HUNT CLUB RD,373762.31820,5025402.62707,-75.61966573950,45.36517442970,2014-11-07,2:10:00 PM,01 - Clear,01 - Daylight,02 - Wet,01 - Traffic signal,01 - Functioning,03 - P.D. only,03 - Rear end,0
14-11035,BRONSON AVE btwn BRONSON AVE RAMP 34 & AIRPORT PKWY/BRONSON AVE RAMP 2,368680.38395,5026758.86067,-75.68435659500,45.37785900650,2014-11-07,2:28:00 PM,01 - Clear,01 - Daylight,01 - Dry,10 - No control,,02 - Non-fatal injury,07 - SMV other,0
14-11036,INNES RD btwn PENNINGTON LANE & GRAVELLE CRES,377627.07885,5032629.65850,-75.56926976320,45.42980811450,2014-11-06,3:39:00 PM,02 - Rain,01 - Daylight,02 - Wet,10 - No control,,03 - P.D. only,03 - Rear end,0
14-11037,RIVERSIDE DR @ HERON RD,368121.61187,5026647.98156,-75.69150466140,45.37691206870,2014-11-07,4:09:00 PM,01 - Clear,05 - Dusk,01 - Dry,01 - Traffic signal,01 - Functioning,03 - P.D. only,03 - Rear end,0
14-11038,ELGIN ST @ WAVERLEY ST,368317.23277,5030951.62023,-75.68845308740,45.41561719300,2014-11-07,4:20:00 PM,01 - Clear,01 - Daylight,01 - Dry,01 - Traffic signal,00 - Unknown,03 - P.D. only,04 - Sideswipe,0
14-11039,GREENBANK RD @ 220 N OF STRANDHERD DR,363847.91857,5014985.31797,-75.74745736240,45.27234539600,2014-11-07,4:41:00 PM,02 - Rain,05 - Dusk,02 - Wet,01 - Traffic signal,00 - Unknown,03 - P.D. only,03 - Rear end,0
14-11040,REGIONAL ROAD 174 btwn TRANSIT & OR174 IC105 RAMP51,376730.00603,5035440.74810,-75.58032198370,45.45519335130,2014-11-07,4:50:00 PM,01 - Clear,05 - Dusk,01 - Dry,10 - No control,,03 - P.D. only,04 - Sideswipe,0
14-11041,JEANNE D'ARC BLVD @ ORLEANS BLVD S,380939.85545,5036252.56740,-75.52637785780,45.46205142410,2014-11-07,4:55:00 PM,01 - Clear,05 - Dusk,01 - Dry,01 - Traffic signal,01 - Functioning,03 - P.D. only,03 - Rear end,0
14-11042,GREENBANK RD btwn HARRISON ST & BANNER RD,361016.60289,5021579.92663,-75.78279065630,45.33191600950,2014-11-07,5:23:00 PM,01 - Clear,07 - Dark,01 - Dry,10 - No control,,02 - Non-fatal injury,03 - Rear end,0
14-11043,INNES RD @ TRIM RD,386566.77210,5037273.80939,-75.45426661750,45.47060361180,2014-11-07,5:26:00 PM,01 - Clear,07 - Dark,01 - Dry,01 - Traffic signal,01 - Functioning,02 - Non-fatal injury,05 - Turning movement,0
14-11044,CHAPMAN MILLS DR @ LONGFIELDS DR,364841.82600,5014582.92110,-75.73484018070,45.26864047110,2014-11-07,5:25:00 PM,01 - Clear,07 - Dark,01 - Dry,02 - Stop sign,00 - Unknown,03 - P.D. only,05 - Turning movement,0
14-11045,MARCH RD @ MORGAN'S GRANT WAY/SHIRLEY'S BROOK,349660.18740,5023618.45787,-75.92748234970,45.35107706440,2014-11-07,5:47:00 PM,01 - Clear,07 - Dark,01 - Dry,01 - Traffic signal,01 - Functioning,03 - P.D. only,03 - Rear end,0
14-11046,JEANNE D'ARC BLVD @ VORLAGE DR W/VOYAGEUR WAY,379267.78863,5037740.39510,-75.54753060050,45.47561799970,2014-11-07,6:08:00 PM,01 - Clear,07 - Dark,01 - Dry,01 - Traffic signal,01 - Functioning,03 - P.D. only,05 - Turning movement,0
14-11047,MAIN ST @ RIVERDALE AVE,369431.50357,5029532.37524,-75.67440381640,45.40274529920,2014-11-07,6:17:00 PM,02 - Rain,07 - Dark,02 - Wet,01 - Traffic signal,01 - Functioning,02 - Non-fatal injury,05 - Turning movement,0
14-11048,WILLINGDON RD btwn LISGAR RD & MINTO PL,368613.86562,5034606.29750,-75.68418980460,45.44847363580,2014-11-06,6:00:00 AM,02 - Rain,07 - Dark,02 - Wet,10 - No control,,03 - P.D. only,06 - SMV unattended vehicle,0
14-11049,CAPILANO DR btwn WITHROW AVE & KERRY CRES,364690.74527,5024274.32593,-75.73559392810,45.35585594660,2014-11-07,6:28:00 PM,01 - Clear,07 - Dark,01 - Dry,10 - No control,,02 - Non-fatal injury,02 - Angle,0
14-11050,INNES RD @ STONEHENGE CRES E,375363.26857,5031313.55300,-75.59838613030,45.41819860210,2014-11-07,7:50:00 AM,01 - Clear,01 - Daylight,02 - Wet,01 - Traffic signal,01 - Functioning,03 - P.D. only,03 - Rear end,0
14-11051,INNES RD EB btwn INNES RD E & ORLEANS BLVD,379854.81096,5033863.84719,-75.54061513980,45.44067693000,2014-11-07,7:04:00 PM,01 - Clear,07 - Dark,01 - Dry,10 - No control,,03 - P.D. only,99 - Other,0
14-11052,PRINCE OF WALES DR @ WEST HUNT CLUB RD,367460.13210,5021891.50330,-75.70055253170,45.33417376490,2014-11-07,7:38:00 PM,01 - Clear,07 - Dark,01 - Dry,01 - Traffic signal,01 - Functioning,03 - P.D. only,03 - Rear end,0
14-11053,O'CONNOR ST @ QUEEN ST,367498.20707,5031585.83269,-75.69883587790,45.42139750320,2014-11-07,7:50:00 PM,01 - Clear,07 - Dark,01 - Dry,01 - Traffic signal,01 - Functioning,03 - P.D. only,05 - Turning movement,0
14-11054,EARL ARMSTRONG RD @ RIVER RD,367573.19243,5014684.39750,-75.70002275440,45.26931506440,2014-11-07,8:10:00 PM,01 - Clear,07 - Dark,01 - Dry,01 - Traffic signal,01 - Functioning,03 - P.D. only,03 - Rear end,0
14-11055,PRESTON ST @ SPRUCE ST,366274.28160,5030199.61763,-75.71464674670,45.40903334480,2014-11-07,8:41:00 PM,01 - Clear,07 - Dark,01 - Dry,02 - Stop sign,01 - Functioning,03 - P.D. only,02 - Angle,0
14-11056,DONALD ST @ 110 E OF ST. LAURENT BLVD,372205.33520,5032482.87673,-75.63857155520,45.42903099560,2014-11-07,9:15:00 PM,01 - Clear,07 - Dark,01 - Dry,01 - Traffic signal,01 - Functioning,03 - P.D. only,02 - Angle,0
14-11057,CASTLEFRANK RD btwn WINCHESTER DR & MCKITRICK DR,352888.68225,5017407.97343,-75.88688482540,45.29497993800,2014-11-07,10:09:00 PM,01 - Clear,07 - Dark,01 - Dry,10 - No control,,03 - P.D. only,05 - Turning movement,0
14-11058,FINN CRT btwn COLBERT CRES & COLBERT CRES,370854.12351,5026748.73790,-75.65660598180,45.37756636600,2014-11-07,10:22:00 PM,01 - Clear,07 - Dark,01 - Dry,10 - No control,,03 - P.D. only,06 - SMV unattended vehicle,0
14-11059,MONTREAL RD @ VANIER PKWY,370073.18373,5033066.53997,-75.66573975470,45.43448479480,2014-11-08,12:05:00 AM,01 - Clear,07 - Dark,01 - Dry,01 - Traffic signal,01 - Functioning,02 - Non-fatal injury,05 - Turning movement,0
14-11060,SMITH RD btwn TENTH LINE RD & MILTON RD,386680.52617,5030619.71168,-75.45391904420,45.41072320010,2014-11-08,1:16:00 AM,01 - Clear,07 - Dark,01 - Dry,10 - No control,,03 - P.D. only,07 - SMV other,0
14-11061,ANDERSON RD @ MITCH OWENS RD,382810.37960,5019043.52063,-75.50518217790,45.30701086410,2014-11-08,2:55:00 AM,01 - Clear,07 - Dark,01 - Dry,02 - Stop sign,01 - Functioning,02 - Non-fatal injury,07 - SMV other,0
14-11062,SECOND LINE RD    S btwn PHELAN RD E & ROGER STEVENS DR,369184.65788,5002325.28619,-75.68108611080,45.15796252280,2014-11-08,7:50:00 AM,01 - Clear,03 - Dawn,02 - Wet,10 - No control,,02 - Non-fatal injury,07 - SMV other,0
14-11063,DES PERDRIX CRES btwn SUNVIEW DR & SUNVIEW DR,382110.46083,5036225.73077,-75.51141543830,45.46168140950,2014-11-07,7:30:00 PM,01 - Clear,07 - Dark,01 - Dry,10 - No control,,03 - P.D. only,06 - SMV unattended vehicle,0
14-11064,INNES RD @ TENTH LINE RD,383952.23423,5036160.50867,-75.48787846360,45.46088836040,2014-11-07,5:45:00 PM,01 - Clear,07 - Dark,01 - Dry,01 - Traffic signal,01 - Functioning,03 - P.D. only,03 - Rear end,0
14-11065,DWYER HILL RD btwn COPELAND RD & FRANKTOWN RD,347759.65718,4999493.31026,-75.95382039350,45.13410758360,2014-11-08,5:30:00 AM,01 - Clear,07 - Dark,01 - Dry,10 - No control,,03 - P.D. only,07 - SMV other,0
14-11066,BANK ST @ CAHILL DR/DAZE ST,371308.23680,5024317.67537,-75.65113564260,45.35564954180,2014-11-08,10:28:00 AM,01 - Clear,01 - Daylight,01 - Dry,01 - Traffic signal,00 - Unknown,03 - P.D. only,99 - Other,0
14-11067,BRONSON AVE btwn FINDLAY AVE & BRONSON AVE SB OFF RAMP 34,367746.63015,5028512.40949,-75.69605421760,45.39372147460,2014-11-07,3:00:00 PM,01 - Clear,01 - Daylight,01 - Dry,10 - No control,,03 - P.D. only,03 - Rear end,0
14-11068,REGIONAL ROAD 174 btwn MORIN RD & OLD MONTREAL RD,392519.20381,5042743.05135,-75.37717631380,45.51908658290,2014-11-08,10:43:00 AM,01 - Clear,01 - Daylight,01 - Dry,10 - No control,,03 - P.D. only,07 - SMV other,0
14-11069,WALKLEY RD btwn SPRINGLAND DR & MCCARTHY RD,368830.24841,5025038.43587,-75.68266627700,45.36236542050,2014-11-08,11:57:00 AM,01 - Clear,01 - Daylight,01 - Dry,10 - No control,,03 - P.D. only,03 - Rear end,0
14-11070,GLADSTONE AVE @ PRESTON ST,366490.17993,5029712.55840,-75.71194978220,45.40463192100,2014-11-08,12:01:00 PM,01 - Clear,01 - Daylight,01 - Dry,01 - Traffic signal,00 - Unknown,03 - P.D. only,03 - Rear end,0
14-11071,PRETORIA AVE btwn METCALFE ST & ELGIN ST,368555.40901,5030369.57845,-75.68548555550,45.41035851780,2014-11-08,1:00:00 PM,02 - Rain,01 - Daylight,02 - Wet,10 - No control,,03 - P.D. only,06 - SMV unattended vehicle,0
14-11072,WILDWOOD AVE btwn HERON RD & BANK ST,369964.57469,5026766.67650,-75.66796036280,45.37781106950,2014-11-08,1:06:00 PM,01 - Clear,01 - Daylight,01 - Dry,10 - No control,,03 - P.D. only,02 - Angle,0
14-11073,WOODROFFE AVE @ KNOXDALE RD/MEDHURST DR,363419.73368,5021826.79792,-75.75210493500,45.33394071570,2014-11-08,2:06:00 PM,01 - Clear,01 - Daylight,02 - Wet,01 - Traffic signal,01 - Functioning,02 - Non-fatal injury,05 - Turning movement,0
14-11074,WOODROFFE AVE btwn HWY417 IC127 RAMP36 & HWY417 IC127 RAMP62,362045.24614,5025031.46073,-75.76926882490,45.36288956310,2014-11-08,3:02:00 PM,03 - Snow,01 - Daylight,02 - Wet,10 - No control,,02 - Non-fatal injury,03 - Rear end,0
14-11075,MOODIE DR @ 200 N OF ROBERTSON RD,356988.12243,5020640.53723,-75.83428126470,45.32377444550,2014-11-08,1:45:00 PM,03 - Snow,01 - Daylight,02 - Wet,01 - Traffic signal,01 - Functioning,03 - P.D. only,03 - Rear end,0
14-11076,RICHMOND RD btwn HWY417 IC130 RAMP35 & HWY417 IC130 RAMP26,359207.83348,5023072.10840,-75.80570105950,45.34548527100,2014-11-08,2:45:00 PM,02 - Rain,01 - Daylight,02 - Wet,10 - No control,,03 - P.D. only,03 - Rear end,0
14-11077,HERON RD @ ALTA VISTA DR,370493.22937,5026902.79059,-75.66119296610,45.37898641050,2014-11-08,4:23:00 PM,02 - Rain,05 - Dusk,02 - Wet,01 - Traffic signal,01 - Functioning,03 - P.D. only,03 - Rear end,0
14-11078,DWYER HILL RD btwn COPELAND RD & FRANKTOWN RD,347573.09907,4999693.50178,-75.95617502260,45.13592034620,2014-11-08,4:22:00 PM,02 - Rain,05 - Dusk,02 - Wet,10 - No control,,02 - Non-fatal injury,07 - SMV other,0
14-11079,CUMMINGS AVE/LABELLE ST @ CYRVILLE RD,372860.03695,5031871.97100,-75.63028996160,45.42347096000,2014-11-08,4:36:00 PM,01 - Clear,05 - Dusk,02 - Wet,01 - Traffic signal,01 - Functioning,03 - P.D. only,03 - Rear end,0
14-11080,BASELINE RD @ GREENBANK RD,360596.73418,5022582.12490,-75.78803390790,45.34096729730,2014-11-08,4:46:00 PM,01 - Clear,05 - Dusk,02 - Wet,01 - Traffic signal,01 - Functioning,02 - Non-fatal injury,03 - Rear end,0
14-11081,JEANNE D'ARC BLVD @ ORLEANS BLVD N,380029.20173,5038105.59870,-75.53773730320,45.47882219420,2014-11-08,3:30:00 PM,03 - Snow,01 - Daylight,02 - Wet,01 - Traffic signal,01 - Functioning,02 - Non-fatal injury,03 - Rear end,0
14-11082,BARNSDALE RD @ PRINCE OF WALES DR,366645.27440,5011533.36107,-75.71223907240,45.24104434460,2014-11-08,5:13:00 PM,02 - Rain,07 - Dark,02 - Wet,02 - Stop sign,01 - Functioning,03 - P.D. only,02 - Angle,0
14-11083,EARL GREY DR @ ROLAND MICHENER DR,350772.60830,5018945.94083,-75.91372001240,45.30896062990,2014-11-08,5:54:00 PM,03 - Snow,07 - Dark,02 - Wet,02 - Stop sign,01 - Functioning,02 - Non-fatal injury,07 - SMV other,1
14-11084,HERON RD @ JEFFERSON ST,371808.72530,5027053.01666,-75.64437747270,45.38021350640,2014-11-08,6:02:00 PM,01 - Clear,07 - Dark,01 - Dry,01 - Traffic signal,01 - Functioning,03 - P.D. only,05 - Turning movement,0