Record,Location,X,Y,Longitude,Latitude,Date,Time,Environment,Light,Road_Surface,Traffic_Control,Collision_Location,Collision_Classification,Impact_type,Pedestrian
14-11190,RICHMOND RD @ WEST HUNT CLUB RD,357146.12123,5018153.41017,-75.83252870750,45.30138321430,2014-11-12,7:32:00 AM,02 - Rain,01 - Daylight,02 - Wet,01 - Traffic signal,01 - Functioning,03 - P.D. only,03 - Rear end,0
14-11191,SMYTH RD btwn ALTA VISTA DR & FAIRBANKS AVE,370454.04291,5029077.76603,-75.66140391760,45.39855974240,2014-11-12,8:11:00 AM,01 - Clear,01 - Daylight,01 - Dry,10 - No control,,03 - P.D. only,04 - Sideswipe,0
14-11192,HUNT CLUB RD btwn WEST HUNT CLUB RD & TURN LANE,367909.21485,5021904.74021,-75.69482180050,45.33425262260,2014-11-12,8:26:00 AM,01 - Clear,01 - Daylight,01 - Dry,10 - No control,,03 - P.D. only,04 - Sideswipe,0
14-11193,SMYTH RD btwn ROGER GUINDON AVE & BOTSFORD ST,372219.98043,5029258.21948,-75.63882554160,45.40001556410,2014-11-12,8:48:00 AM,01 - Clear,01 - Daylight,01 - Dry,10 - No control,,02 - Non-fatal injury,02 - Angle,0
14-11194,STITTSVILLE MAIN ST @ HAZELDEAN RD,349557.92417,5014878.71700,-75.92957685250,45.27244091390,2014-11-12,8:15:00 AM,01 - Clear,01 - Daylight,01 - Dry,01 - Traffic signal,01 - Functioning,03 - P.D. only,03 - Rear end,0
14-11195,REGIONAL ROAD 174 btwn OR174 IC102 RAMP26 & REGIONAL ROAD 174,381562.09759,5038243.74648,-75.51811118910,45.47989828350,2014-11-12,8:54:00 AM,02 - Rain,01 - Daylight,02 - Wet,10 - No control,,03 - P.D. only,03 - Rear end,0
14-11196,INNES RD WB btwn INNES RD W & INNES RD,376791.54333,5032152.84444,-75.58001621530,45.42560453810,2014-11-12,8:58:00 AM,01 - Clear,01 - Daylight,02 - Wet,10 - No control,,03 - P.D. only,07 - SMV other,0
14-11197,MONTREAL RD @ VANIER PKWY,370072.59132,5033065.82907,-75.66574741960,45.43447845380,2014-11-12,9:08:00 AM,01 - Clear,01 - Daylight,02 - Wet,01 - Traffic signal,01 - Functioning,03 - P.D. only,03 - Rear end,0
14-11198,OLD INNES RD btwn BANTREE ST & END,373712.45675,5030343.14933,-75.61961233290,45.40963192910,2014-11-12,10:09:00 AM,01 - Clear,01 - Daylight,02 - Wet,10 - No control,,03 - P.D. only,03 - Rear end,0
14-11199,ALBION RD btwn DEL ZOTTO AVE & HIGH RD,373868.14506,5019550.25964,-75.61913188760,45.31250660850,2014-11-12,7:55:00 AM,01 - Clear,01 - Daylight,01 - Dry,10 - No control,,03 - P.D. only,03 - Rear end,0
14-11200,SMYTH RD/OTHELLO AVE @ RUSSELL RD W,373254.31430,5029373.54570,-75.62559923150,45.40095284720,2014-11-11,9:00:00 AM,01 - Clear,01 - Daylight,01 - Dry,01 - Traffic signal,01 - Functioning,03 - P.D. only,03 - Rear end,0
14-11201,RIDEAU ST btwn KING EDWARD AVE & NELSON ST,368519.76407,5032422.12001,-75.68567544870,45.42882981870,2014-11-12,11:00:00 AM,01 - Clear,01 - Daylight,01 - Dry,10 - No control,,03 - P.D. only,04 - Sideswipe,0
14-11202,CARLING AVE @ MAITLAND AVE/SHERBOURNE RD,362942.69790,5026489.00216,-75.75764233300,45.37593049260,2014-11-12,12:03:00 PM,01 - Clear,01 - Daylight,01 - Dry,01 - Traffic signal,01 - Functioning,03 - P.D. only,04 - Sideswipe,0
14-11203,BRONSON AVE @ POWELL AVE,367387.87890,5029479.58930,-75.70051296980,45.40245604310,2014-11-12,6:30:00 AM,01 - Clear,03 - Dawn,01 - Dry,01 - Traffic signal,01 - Functioning,03 - P.D. only,05 - Turning movement,0
14-11204,MONTREAL RD btwn CUMMINGS AVE & THOMSON ST,372017.20889,5034046.76197,-75.64076196890,45.44312019490,2014-11-12,1:10:00 PM,01 - Clear,01 - Daylight,01 - Dry,10 - No control,,02 - Non-fatal injury,05 - Turning movement,0
14-11205,CITY PARK DR btwn AMBASSADOR AVE & OGILVIE RD,374200.29447,5032983.10692,-75.61300884990,45.43333668990,2014-11-12,1:52:00 PM,01 - Clear,01 - Daylight,01 - Dry,10 - No control,,03 - P.D. only,05 - Turning movement,0
14-11206,MONTREAL RD @ VANIER PKWY,370072.23587,5033065.59210,-75.66575199290,45.43447635450,2014-11-11,8:00:00 PM,01 - Clear,07 - Dark,01 - Dry,01 - Traffic signal,01 - Functioning,03 - P.D. only,04 - Sideswipe,0
14-11207,WELLINGTON ST    W btwn HARMER AVE N & HURON AVE N,364799.16368,5029107.23593,-75.73362304130,45.39933234680,2014-11-12,1:45:00 PM,01 - Clear,01 - Daylight,01 - Dry,10 - No control,,03 - P.D. only,06 - SMV unattended vehicle,0
14-11208,RIDEAU ST btwn CUMBERLAND ST & KING EDWARD AVE,368493.22379,5032405.05839,-75.68601680010,45.42867872210,2014-11-12,3:14:00 PM,01 - Clear,01 - Daylight,01 - Dry,10 - No control,,03 - P.D. only,02 - Angle,0
14-11209,REGIONAL ROAD 174 btwn OR174 IC101 RAMP63 & OR174 IC101 RAMP45,382799.98705,5038919.64237,-75.50217198750,45.48584218560,2014-11-12,3:15:00 PM,01 - Clear,01 - Daylight,01 - Dry,10 - No control,,03 - P.D. only,07 - SMV other,0
14-11210,TERRY FOX DR @ PALLADIUM DR/KATIMAVIK RD,351268.29620,5018181.77520,-75.90747057710,45.30205184630,2014-11-12,3:28:00 PM,01 - Clear,01 - Daylight,01 - Dry,01 - Traffic signal,01 - Functioning,03 - P.D. only,03 - Rear end,0
14-11211,BANK ST @ CAHILL DR/DAZE ST,371307.28893,5024315.77963,-75.65114799470,45.35563257400,2014-11-12,4:26:00 PM,01 - Clear,05 - Dusk,01 - Dry,01 - Traffic signal,01 - Functioning,03 - P.D. only,04 - Sideswipe,0
14-11212,EAGLESON RD btwn PALOMINO DR/ROTHESAY DR & EAGLESON BUSINESS CENTRE,354153.54435,5017216.41099,-75.87077826780,45.29316851370,2014-11-12,4:40:00 PM,01 - Clear,05 - Dusk,01 - Dry,10 - No control,,02 - Non-fatal injury,04 - Sideswipe,0
14-11213,OLD SECOND LINE RD @ TERRY FOX DR,348795.20000,5022408.41290,-75.93862864270,45.34024357990,2014-11-12,4:53:00 PM,01 - Clear,07 - Dark,01 - Dry,01 - Traffic signal,01 - Functioning,02 - Non-fatal injury,05 - Turning movement,0
14-11214,CARLING AVE @ BROADVIEW AVE,363181.16053,5026637.59373,-75.75458036810,45.37724767120,2014-11-12,5:07:00 PM,01 - Clear,07 - Dark,01 - Dry,01 - Traffic signal,01 - Functioning,02 - Non-fatal injury,05 - Turning movement,0
14-11215,HWY 417 VANIER IC117R63 @ VANIER PKWY,370799.70843,5031397.89842,-75.65667861310,45.41940287390,2014-11-06,6:00:00 PM,01 - Clear,07 - Dark,01 - Dry,01 - Traffic signal,01 - Functioning,03 - P.D. only,04 - Sideswipe,0
14-11216,FRANK KENNY RD btwn COLONIAL RD & HUISMANS RD,390257.13699,5031872.35012,-75.40801629600,45.42156552040,2014-11-12,5:19:00 PM,01 - Clear,07 - Dark,01 - Dry,10 - No control,,03 - P.D. only,99 - Other,0
14-11217,ANDERSON ST btwn PRESTON ST & ROCHESTER ST,366413.16365,5030032.07294,-75.71289359150,45.40751361040,2014-11-12,5:17:00 PM,01 - Clear,07 - Dark,01 - Dry,10 - No control,,03 - P.D. only,99 - Other,0
14-11218,EAGLESON RD @ HAZELDEAN RD/ROBERTSON RD,353675.99457,5018423.51213,-75.87674732940,45.30406365390,2014-11-12,5:10:00 PM,01 - Clear,07 - Dark,01 - Dry,01 - Traffic signal,01 - Functioning,03 - P.D. only,03 - Rear end,0
14-11219,ORCHARDVIEW AVE @ GARDENWAY DR,384737.18480,5036806.55330,-75.47773782520,45.46661149000,2014-11-12,5:22:00 PM,01 - Clear,07 - Dark,01 - Dry,02 - Stop sign,01 - Functioning,03 - P.D. only,05 - Turning movement,0
14-11220,TENTH LINE RD @ TENTH LINE RD,383530.54856,5037154.48434,-75.49311051900,45.46987890400,2014-11-12,5:32:00 PM,01 - Clear,07 - Dark,01 - Dry,01 - Traffic signal,00 - Unknown,02 - Non-fatal injury,03 - Rear end,0
14-11221,CUMMINGS AVE @ OGILVIE RD,372749.31262,5032170.34873,-75.63166353740,45.42616638300,2014-11-12,4:00:00 PM,01 - Clear,01 - Daylight,01 - Dry,01 - Traffic signal,00 - Unknown,03 - P.D. only,03 - Rear end,0
14-11222,TRECHELLE PRIV btwn STITTSVILLE MAIN ST & WORTHINGTON PRIV,350904.41914,5012687.80198,-75.91262049950,45.25263933010,2014-11-08,11:00:00 AM,01 - Clear,01 - Daylight,01 - Dry,10 - No control,,03 - P.D. only,06 - SMV unattended vehicle,0
14-11223,MERIVALE RD @ 170 N OF HUNTCLUB RD/COSTCO/CANA,365548.52650,5022099.61914,-75.72491387160,45.33621446120,2014-11-12,8:54:00 PM,01 - Clear,07 - Dark,01 - Dry,01 - Traffic signal,01 - Functioning,03 - P.D. only,02 - Angle,0
14-11224,MCCORDICK RD btwn CARSONBY RD W & POLLOCK RD,362538.30239,5000738.88112,-75.76579761070,45.14426249920,2014-11-12,8:34:00 PM,01 - Clear,07 - Dark,01 - Dry,10 - No control,,03 - P.D. only,07 - SMV other,0
14-11225,ALBION RD btwn ALBION RD S & BANK ST,371940.48490,5024145.41106,-75.64309037000,45.35403931250,2014-11-12,9:27:00 PM,01 - Clear,07 - Dark,01 - Dry,10 - No control,,03 - P.D. only,02 - Angle,0
14-11226,GRENON AVE btwn MICHELE DR & RICHMOND RD,359739.84586,5024074.26839,-75.79880121210,45.35446123570,2014-11-13,6:06:00 AM,01 - Clear,07 - Dark,01 - Dry,10 - No control,,03 - P.D. only,06 - SMV unattended vehicle,0
14-11227,BASELINE RD btwn CORNELL ST & GREENBANK RD,360502.10703,5022521.02458,-75.78924813620,45.34042503700,2014-11-13,6:52:00 AM,01 - Clear,03 - Dawn,01 - Dry,10 - No control,,02 - Non-fatal injury,03 - Rear end,0
14-11228,BEAUSEJOUR DR @ JEANNE D'ARC BLVD,381422.16890,5036061.51917,-75.52024105770,45.46027979680,2014-11-13,6:56:00 AM,01 - Clear,03 - Dawn,01 - Dry,01 - Traffic signal,01 - Functioning,02 - Non-fatal injury,02 - Angle,0
14-11229,CATHERINE ST @ KENT ST,367909.12930,5030185.72080,-75.69376488580,45.40876280040,2014-11-13,8:30:00 AM,01 - Clear,01 - Daylight,01 - Dry,01 - Traffic signal,01 - Functioning,02 - Non-fatal injury,03 - Rear end,0
14-11230,GLOUCESTER ST btwn LYON ST N & KENT ST,367273.33670,5031046.79705,-75.70177735920,45.41656754590,2014-11-13,8:44:00 AM,01 - Clear,01 - Daylight,01 - Dry,10 - No control,,03 - P.D. only,04 - Sideswipe,0
14-11231,KING EDWARD AVE @ SUSSEX DR,367665.60024,5033504.07206,-75.69645223700,45.43864214640,2014-11-13,8:47:00 AM,01 - Clear,01 - Daylight,01 - Dry,01 - Traffic signal,01 - Functioning,03 - P.D. only,03 - Rear end,0
14-11232,NEIL WAY @ RIVERSIDE DR,369465.20602,5028291.31696,-75.67413604040,45.39157556550,2014-11-13,8:52:00 AM,01 - Clear,01 - Daylight,01 - Dry,02 - Stop sign,01 - Functioning,03 - P.D. only,03 - Rear end,0
14-11233,RIDDELL DR btwn MARCH VALLEY RD & SIXTH LINE RD,349367.36366,5028324.23166,-75.93079465150,45.39343919440,2014-11-13,10:20:00 AM,01 - Clear,01 - Daylight,01 - Dry,10 - No control,,03 - P.D. only,07 - SMV other,0
14-11234,TERRY FOX DR @ FERNBANK RD,354303.16197,5015131.42187,-75.86907886590,45.27439677690,2014-11-13,10:30:00 AM,01 - Clear,01 - Daylight,01 - Dry,01 - Traffic signal,01 - Functioning,03 - P.D. only,99 - Other,0
14-11235,EARL GREY DR btwn ROLAND MICHENER DR & 175 S OF KANATA AVE/WALMART SC,350783.21071,5018984.49504,-75.91358123170,45.30930685670,2014-11-08,1:05:00 PM,01 - Clear,01 - Daylight,01 - Dry,10 - No control,,03 - P.D. only,07 - SMV other,0
14-11236,BRONSON AVE btwn BRONSON AVE NB OFFRAMP 24 & BRONSON AVE SB ON RAMP 43,367800.90915,5028310.50445,-75.69538682290,45.39189990950,2014-11-13,11:38:00 AM,01 - Clear,01 - Daylight,01 - Dry,10 - No control,,03 - P.D. only,04 - Sideswipe,0
14-11237,FRANKTOWN RD btwn CONLEY RD & JOY'S RD,354847.49694,5004498.26870,-75.86321092050,45.17867783350,2014-11-13,1:40:00 PM,01 - Clear,01 - Daylight,01 - Dry,10 - No control,,03 - P.D. only,07 - SMV other,0
14-11238,BASELINE RD/HERON RD @ PRINCE OF WALES DR,366871.33683,5026437.58443,-75.70749316690,45.37513083960,2014-11-13,1:22:00 PM,01 - Clear,01 - Daylight,01 - Dry,01 - Traffic signal,01 - Functioning,02 - Non-fatal injury,03 - Rear end,0
14-11239,CENTREPOINTE DR @ HEMMINGWOOD WAY E,362327.97676,5023204.01697,-75.76587273160,45.34642321650,2014-11-13,3:24:00 PM,01 - Clear,01 - Daylight,01 - Dry,02 - Stop sign,01 - Functioning,03 - P.D. only,02 - Angle,0
14-11240,BANK ST @ RIVERSIDE DR S,369306.13890,5027894.55290,-75.67621919920,45.38802027980,2014-11-13,3:20:00 PM,01 - Clear,01 - Daylight,01 - Dry,01 - Traffic signal,01 - Functioning,03 - P.D. only,03 - Rear end,0
14-11241,WOODROFFE AVE btwn KNOXDALE RD/MEDHURST DR & NORICE ST,363233.96057,5022303.36957,-75.75441863050,45.33824436980,2014-11-13,4:23:00 PM,01 - Clear,05 - Dusk,01 - Dry,10 - No control,,03 - P.D. only,03 - Rear end,0
14-11242,ALTA VISTA DR btwn BANK ST & EDGE HILL PL,370297.83213,5026222.54035,-75.66377785940,45.37288403690,2014-11-13,4:36:00 PM,01 - Clear,05 - Dusk,01 - Dry,10 - No control,,03 - P.D. only,99 - Other,0
14-11243,CARLING AVE @ CARLINGWOOD SC,362071.59030,5025917.13277,-75.76882990550,45.37085661080,2014-11-13,4:57:00 PM,01 - Clear,07 - Dark,01 - Dry,01 - Traffic signal,01 - Functioning,02 - Non-fatal injury,05 - Turning movement,0
14-11244,DALHOUSIE ST @ MURRAY ST,367999.57217,5032573.89760,-75.69230324070,45.43024265950,2014-11-13,5:07:00 PM,01 - Clear,05 - Dusk,01 - Dry,01 - Traffic signal,01 - Functioning,02 - Non-fatal injury,03 - Rear end,0
14-11245,REGIONAL ROAD 174 btwn OLD MONTREAL RD & MCTEER RD,394680.79314,5043051.66844,-75.34945648530,45.52158778650,2014-11-13,5:13:00 PM,01 - Clear,07 - Dark,01 - Dry,10 - No control,,03 - P.D. only,99 - Other,0
14-11246,RIDEAU ST btwn SUSSEX DR & 88 W OF WILLIAM ST/FREIMAN MALL,367969.22193,5032076.92854,-75.69275482540,45.42577384530,2014-11-13,5:36:00 PM,01 - Clear,07 - Dark,02 - Wet,10 - No control,,03 - P.D. only,04 - Sideswipe,0
14-11247,STRANDHERD DR btwn WOODROFFE AVE & CRESTWAY DR,366131.27248,5015404.62767,-75.71830778060,45.27592288780,2014-11-12,5:50:00 PM,01 - Clear,07 - Dark,01 - Dry,10 - No control,,03 - P.D. only,03 - Rear end,0
14-11248,PLEASANT PARK RD btwn SAUNDERSON DR & CORNISH ST,373155.36200,5028668.21205,-75.62696079160,45.39461624110,2014-11-13,5:54:00 PM,01 - Clear,07 - Dark,01 - Dry,10 - No control,,03 - P.D. only,06 - SMV unattended vehicle,0
14-11249,MONTREAL RD @ ST. LAURENT BLVD,371546.17683,5033818.54257,-75.64681345420,45.44111191720,2014-11-13,6:30:00 PM,01 - Clear,07 - Dark,01 - Dry,01 - Traffic signal,01 - Functioning,02 - Non-fatal injury,07 - SMV other,1
14-11250,CARLING AVE btwn HERZBERG RD & BAYFIELD AVE,352330.66897,5022364.31586,-75.89352333430,45.33961616440,2014-11-13,8:00:00 PM,01 - Clear,07 - Dark,01 - Dry,10 - No control,,03 - P.D. only,07 - SMV other,0
14-11251,DONNELLY DR btwn Continuation of DONNELLY DR & MILL POND LANE,358981.17656,4982264.61690,-75.81302056760,44.97830403190,2014-11-13,8:02:00 PM,01 - Clear,07 - Dark,01 - Dry,10 - No control,,03 - P.D. only,07 - SMV other,0
14-11252,BRIDLE PATH DR btwn EQUUS WAY & HUNTER'S POINT CRES,371465.75330,5023514.50232,-75.64923372340,45.34840789270,2014-11-13,8:16:00 PM,01 - Clear,07 - Dark,01 - Dry,10 - No control,,03 - P.D. only,01 - Approaching,0
14-11253,YOUNG ST btwn PRESTON ST & END,366566.53363,5029479.36393,-75.71100371750,45.40252696590,2014-11-13,12:00:00 AM,01 - Clear,00 - Unknown,01 - Dry,10 - No control,,03 - P.D. only,06 - SMV unattended vehicle,0
14-11254,KING EDWARD AVE @ LAURIER AVE,368740.18113,5032036.47833,-75.68290892120,45.42533984000,2014-11-13,6:45:00 PM,01 - Clear,07 - Dark,01 - Dry,01 - Traffic signal,01 - Functioning,03 - P.D. only,03 - Rear end,0
14-11255,INNES RD/PRESTWICK DR @ LANTHIER DR,383540.75890,5035987.31827,-75.49316692490,45.45937664470,2014-11-13,9:22:00 PM,01 - Clear,07 - Dark,01 - Dry,01 - Traffic signal,01 - Functioning,03 - P.D. only,05 - Turning movement,0
14-11256,RAVEN AVE btwn CAVAN ST & KIRKWOOD AVE,364676.44632,5026764.51857,-75.73547462600,45.37826353150,2014-11-14,6:46:00 AM,01 - Clear,03 - Dawn,01 - Dry,10 - No control,,03 - P.D. only,06 - SMV unattended vehicle,0
14-11257,PLEASANT PARK RD btwn DICKENS AVE & ARCH ST,372752.26655,5028624.50117,-75.63211457750,45.39426218230,2014-11-14,6:58:00 AM,01 - Clear,03 - Dawn,01 - Dry,10 - No control,,03 - P.D. only,06 - SMV unattended vehicle,0
14-11258,SHEA RD btwn ABBOTT ST E & FERNBANK RD,351930.14617,5013260.37624,-75.89949894400,45.25772358840,2014-11-14,7:06:00 AM,"07 - Fog, mist, smoke, dust",03 - Dawn,01 - Dry,10 - No control,,03 - P.D. only,07 - SMV other,0
14-11259,EAGLESON RD @ HAZELDEAN RD/ROBERTSON RD,353674.09883,5018425.40787,-75.87677131580,45.30408084460,2014-11-14,7:37:00 AM,01 - Clear,01 - Daylight,01 - Dry,01 - Traffic signal,01 - Functioning,03 - P.D. only,05 - Turning movement,0
14-11260,CARP RD @ STITTSVILLE MAIN ST,349525.73622,5014329.72824,-75.93003650210,45.26750296680,2014-11-14,7:41:00 AM,01 - Clear,01 - Daylight,01 - Dry,01 - Traffic signal,01 - Functioning,03 - P.D. only,03 - Rear end,0
14-11261,FENERTY CRT @ MCCURDY DR,352002.58326,5018717.32960,-75.89805700580,45.30682194100,2014-11-14,8:14:00 AM,01 - Clear,01 - Daylight,01 - Dry,10 - No control,,03 - P.D. only,02 - Angle,0
14-11262,KATIMAVIK RD btwn MCGIBBON DR & CASTLEFRANK RD,351841.67624,5018842.44771,-75.90009695750,45.30795857980,2014-11-14,8:15:00 AM,01 - Clear,01 - Daylight,01 - Dry,10 - No control,,03 - P.D. only,04 - Sideswipe,0
14-11263,PLEASANT PARK RD @ ALTA VISTA DR,370365.21613,5028467.80169,-75.66261944350,45.39307982880,2014-11-14,8:33:00 AM,01 - Clear,01 - Daylight,01 - Dry,01 - Traffic signal,01 - Functioning,03 - P.D. only,02 - Angle,0
14-11264,LAURIER AVE @ NICHOLAS ST,368373.16307,5031797.32203,-75.68762943120,45.42322144820,2014-11-14,8:46:00 AM,01 - Clear,01 - Daylight,01 - Dry,01 - Traffic signal,01 - Functioning,03 - P.D. only,02 - Angle,0
14-11265,CAMPEAU DR/HWY 417 MARCH IC138R63 @ MARCH RD,352842.09883,5020475.51883,-75.88718133980,45.32258558000,2014-11-14,8:47:00 AM,01 - Clear,01 - Daylight,01 - Dry,01 - Traffic signal,01 - Functioning,03 - P.D. only,03 - Rear end,0
14-11266,BANK ST @ DAVIDSON RD/LESTER RD,373672.73810,5022923.03794,-75.62115454760,45.34287287220,2014-11-14,9:02:00 AM,01 - Clear,01 - Daylight,01 - Dry,01 - Traffic signal,01 - Functioning,02 - Non-fatal injury,03 - Rear end,0
14-11267,ABERDEEN ST @ ROCHESTER ST,366826.00652,5029414.08567,-75.70769777850,45.40191666850,2014-11-14,9:03:00 AM,01 - Clear,01 - Daylight,01 - Dry,01 - Traffic signal,01 - Functioning,03 - P.D. only,05 - Turning movement,0
14-11268,COOPER ST @ LYON ST,367321.70570,5030793.98788,-75.70119148130,45.41428852610,2014-11-14,9:19:00 AM,01 - Clear,01 - Daylight,01 - Dry,02 - Stop sign,00 - Unknown,03 - P.D. only,04 - Sideswipe,0
14-11269,BEATRICE DR @ CLARIDGE DR,365144.73348,5016519.97970,-75.73074486330,45.28604415160,2014-11-14,7:45:00 AM,01 - Clear,01 - Daylight,01 - Dry,02 - Stop sign,01 - Functioning,03 - P.D. only,02 - Angle,0
14-11270,OLD ST. PATRICK ST btwn BEAUSOLEIL DR & END,368492.79447,5032969.57389,-75.68594926600,45.43375806520,2014-11-14,10:57:00 AM,01 - Clear,01 - Daylight,01 - Dry,10 - No control,,03 - P.D. only,06 - SMV unattended vehicle,0
14-11271,ALBION RD @ MITCH OWENS RD,375906.75410,5014805.20956,-75.59381567620,45.26960890370,2014-11-14,7:30:00 AM,01 - Clear,01 - Daylight,01 - Dry,01 - Traffic signal,01 - Functioning,03 - P.D. only,03 - Rear end,0
14-11272,CARLING AVE WB btwn HWY417 IC124 RAMP76 & KIRKWOOD AVE,364266.02243,5027487.35899,-75.74062754360,45.38480248220,2014-11-14,8:30:00 AM,01 - Clear,01 - Daylight,01 - Dry,10 - No control,,03 - P.D. only,04 - Sideswipe,0
14-11273,KIRKWOOD AVE btwn COLDREY AVE & LAPERRIERE AVE,364443.90877,5027127.06103,-75.73839969370,45.38154546020,2014-11-14,11:06:00 AM,01 - Clear,01 - Daylight,01 - Dry,10 - No control,,03 - P.D. only,03 - Rear end,0
14-11274,ELGIN ST btwn COOPER ST & SOMERSET ST W,368158.05777,5031211.39850,-75.69045322950,45.41796902260,2014-11-14,11:00:00 AM,01 - Clear,01 - Daylight,01 - Dry,10 - No control,,03 - P.D. only,06 - SMV unattended vehicle,0
14-11275,GREENBORO CRES @ TAPIOLA CRES E,371773.54786,5025059.43701,-75.64509689470,45.36227936730,2014-11-14,12:27:00 PM,01 - Clear,01 - Daylight,01 - Dry,02 - Stop sign,01 - Functioning,03 - P.D. only,07 - SMV other,0
14-11276,NICHOLAS ST SB btwn LAURIER AVE E & Continuation of NICHOLAS ST,368380.28783,5031789.24377,-75.68753943990,45.42314811590,2014-11-14,12:55:00 PM,01 - Clear,01 - Daylight,01 - Dry,10 - No control,,03 - P.D. only,04 - Sideswipe,0
14-11277,INDUSTRIAL AVE @ ALTA VISTA DR/SANDFORD FLEMIN,370884.24987,5030555.67427,-75.65571142800,45.41181690650,2014-11-14,12:55:00 PM,01 - Clear,01 - Daylight,01 - Dry,01 - Traffic signal,01 - Functioning,03 - P.D. only,03 - Rear end,0
14-11278,FALLOWFIELD RD @ MERIVALE RD,366890.29080,5018844.46920,-75.70820412540,45.30680763850,2014-11-14,1:27:00 PM,01 - Clear,01 - Daylight,02 - Wet,01 - Traffic signal,01 - Functioning,03 - P.D. only,03 - Rear end,0
14-11279,RIDEAU ST btwn KING EDWARD AVE & NELSON ST,368637.67944,5032489.92487,-75.68415988120,45.42942914970,2014-11-14,1:31:00 PM,01 - Clear,01 - Daylight,01 - Dry,10 - No control,,03 - P.D. only,05 - Turning movement,0
14-11280,INDUSTRIAL AVE @ RIVERSIDE DR,370683.76848,5030594.92870,-75.65826724150,45.41218900480,2014-11-14,1:38:00 PM,01 - Clear,01 - Daylight,02 - Wet,01 - Traffic signal,01 - Functioning,03 - P.D. only,04 - Sideswipe,0
14-11281,FALLOWFIELD RD @ SHEA RD,354014.61010,5011020.90884,-75.87316333530,45.23742947820,2014-11-14,2:04:00 PM,01 - Clear,01 - Daylight,01 - Dry,02 - Stop sign,01 - Functioning,03 - P.D. only,02 - Angle,0
14-11282,BLAIR RD @ REGIONAL RD 174 N/OR174 IC112 RAMP61,374633.28504,5032992.84323,-75.60747417820,45.43338118680,2014-11-14,1:08:00 PM,01 - Clear,01 - Daylight,01 - Dry,01 - Traffic signal,01 - Functioning,03 - P.D. only,03 - Rear end,0
14-11283,STITTSVILLE MAIN ST @ ORVILLE ST,350311.35211,5013247.13259,-75.92012467800,45.25771099590,2014-11-14,2:27:00 PM,01 - Clear,01 - Daylight,01 - Dry,02 - Stop sign,01 - Functioning,03 - P.D. only,02 - Angle,0
14-11284,GLOUCESTER ST btwn BANK ST & O'CONNOR ST,367664.45762,5031282.60465,-75.69675041130,45.41865423650,2014-11-07,5:00:00 PM,01 - Clear,07 - Dark,01 - Dry,10 - No control,,03 - P.D. only,06 - SMV unattended vehicle,0
14-11285,CYRVILLE RD @ OGILVIE RD,372454.66922,5032006.04486,-75.63545097380,45.42471661570,2014-11-14,2:00:00 PM,01 - Clear,01 - Daylight,01 - Dry,01 - Traffic signal,01 - Functioning,03 - P.D. only,04 - Sideswipe,0
14-11286,BEECHWOOD AVE @ SPRINGFIELD RD,369235.75128,5033653.11384,-75.67636512350,45.43984022170,2014-11-14,2:44:00 PM,01 - Clear,01 - Daylight,01 - Dry,01 - Traffic signal,01 - Functioning,03 - P.D. only,99 - Other,0
14-11287,ST. LAURENT BLVD @ COVENTRY RD/OGILVIE RD,372303.81926,5031952.04966,-75.63738584180,45.42424536560,2014-11-14,3:09:00 PM,01 - Clear,01 - Daylight,02 - Wet,01 - Traffic signal,01 - Functioning,02 - Non-fatal injury,03 - Rear end,0
14-11288,NORICE ST @ WOODROFFE AVE,363195.15793,5022398.44007,-75.75490246710,45.33910303800,2014-11-14,2:59:00 PM,01 - Clear,01 - Daylight,01 - Dry,01 - Traffic signal,01 - Functioning,03 - P.D. only,03 - Rear end,0
14-11289,WEST HUNT CLUB RD @ ROYDON PL/SUNDERLAND ST,365973.70760,5022169.00827,-75.71948094260,45.33680187480,2014-11-14,3:20:00 PM,01 - Clear,01 - Daylight,01 - Dry,01 - Traffic signal,01 - Functioning,02 - Non-fatal injury,03 - Rear end,0
14-11290,PATTERSON AVE btwn COBALT AVE & O'CONNOR ST,368380.19726,5030115.55823,-75.68775652740,45.40808886570,2014-11-13,8:35:00 AM,01 - Clear,01 - Daylight,01 - Dry,10 - No control,,03 - P.D. only,02 - Angle,0
14-11291,AQUAVIEW DR btwn LAVOIE ST & SCHUBERT CIRC,385315.10644,5035849.37757,-75.47050513950,45.45793336570,2014-10-23,7:15:00 AM,01 - Clear,01 - Daylight,01 - Dry,10 - No control,,03 - P.D. only,06 - SMV unattended vehicle,0
14-11292,WEST HUNT CLUB RD @ CLEOPATRA DR/LANCELOT DR,365235.22607,5021733.44187,-75.72895559970,45.33294669780,2014-11-14,4:04:00 PM,01 - Clear,05 - Dusk,01 - Dry,01 - Traffic signal,01 - Functioning,03 - P.D. only,03 - Rear end,0
14-11293,CEDARVIEW RD @ HWY 416 WESTHUNT IC72R24,359608.83612,5019745.20118,-75.80095260450,45.31551843390,2014-11-14,4:05:00 PM,01 - Clear,01 - Daylight,01 - Dry,02 - Stop sign,01 - Functioning,02 - Non-fatal injury,02 - Angle,0
14-11294,CYRVILLE RD btwn STAR TOP RD & MEADOWBROOK RD,374322.34794,5031318.14861,-75.61168410370,45.41834415600,2014-11-14,4:09:00 PM,01 - Clear,01 - Daylight,02 - Wet,10 - No control,,02 - Non-fatal injury,02 - Angle,0