Record,Location,X,Y,Longitude,Latitude,Date,Time,Environment,Light,Road_Surface,Traffic_Control,Collision_Location,Collision_Classification,Impact_type,Pedestrian
14-11295,CARLING AVE @ CLYDE AVE/COLE AVE,363522.11240,5026848.64637,-75.75020231630,45.37911820070,2014-11-14,4:14:00 PM,03 - Snow,05 - Dusk,02 - Wet,01 - Traffic signal,01 - Functioning,03 - P.D. only,05 - Turning movement,0
14-11296,KIRKWOOD AVE btwn CARLING AVE & CARLING AVE,364343.14943,5027358.92677,-75.73965822230,45.38364031990,2014-11-14,4:32:00 PM,01 - Clear,05 - Dusk,06 - Ice,10 - No control,,03 - P.D. only,07 - SMV other,0
14-11297,SMYTH RD btwn MAIN ST & RAMP,369558.10690,5029257.43462,-75.67282287010,45.40025977940,2014-11-14,5:21:00 PM,03 - Snow,07 - Dark,06 - Ice,10 - No control,,03 - P.D. only,07 - SMV other,0
14-11298,ST. LAURENT BLVD @ WALKLEY RD,373902.75010,5028046.38004,-75.61750331870,45.38894792730,2014-11-14,5:41:00 PM,01 - Clear,07 - Dark,02 - Wet,01 - Traffic signal,01 - Functioning,02 - Non-fatal injury,03 - Rear end,0
14-11299,COLONNADE RD @ PRINCE OF WALES DR,367395.66172,5023266.04104,-75.70120109260,45.34654735060,2014-11-14,5:45:00 PM,01 - Clear,07 - Dark,01 - Dry,01 - Traffic signal,01 - Functioning,03 - P.D. only,03 - Rear end,0
14-11300,DONALD ST @ VANIER PKWY,370313.61334,5032270.11034,-75.66277310080,45.42729636910,2014-11-14,5:54:00 PM,01 - Clear,07 - Dark,02 - Wet,01 - Traffic signal,01 - Functioning,03 - P.D. only,05 - Turning movement,0
14-11301,BEAVER RDG @ MEADOWLANDS DR,365690.76947,5024680.50236,-75.72278141380,45.35942452450,2014-11-14,6:08:00 PM,01 - Clear,07 - Dark,01 - Dry,02 - Stop sign,01 - Functioning,03 - P.D. only,03 - Rear end,0
14-11302,INNES RD @ TENTH LINE RD,383951.76030,5036159.08574,-75.48788475150,45.46087561130,2014-11-14,6:21:00 PM,01 - Clear,07 - Dark,01 - Dry,01 - Traffic signal,01 - Functioning,03 - P.D. only,03 - Rear end,0
14-11303,MERIVALE RD btwn WOODFIELD DR & 170 N OF WEST HUNT CLUB RD/COSTCO SC,365510.20704,5022184.95971,-75.72539227270,45.33698566150,2014-11-14,6:25:00 PM,01 - Clear,07 - Dark,01 - Dry,10 - No control,,03 - P.D. only,03 - Rear end,0
14-11304,UPPER DWYER HILL RD btwn HIGHWAY 7 & MCARTON RD,340944.22325,5007234.31332,-76.03990678190,45.20414780890,2014-11-14,6:32:00 PM,01 - Clear,07 - Dark,01 - Dry,10 - No control,,03 - P.D. only,07 - SMV other,0
14-11305,BANK ST btwn TURN LANE & SPRINGHILL RD,384211.59627,5008742.62632,-75.48896252100,45.21417248650,2014-11-14,5:50:00 AM,01 - Clear,07 - Dark,01 - Dry,10 - No control,,03 - P.D. only,07 - SMV other,0
14-11306,GREENBANK RD @ 207 S OF BELLMAN DR/GREENBANK S,361337.67960,5020829.85480,-75.77878035690,45.32514107490,2014-11-14,6:45:00 PM,01 - Clear,07 - Dark,01 - Dry,01 - Traffic signal,01 - Functioning,03 - P.D. only,03 - Rear end,0
14-11307,LYON ST @ SLATER ST,367103.65472,5031152.11234,-75.70393186210,45.41753026970,2014-11-14,8:33:00 PM,01 - Clear,07 - Dark,01 - Dry,01 - Traffic signal,01 - Functioning,03 - P.D. only,02 - Angle,0
14-11308,MITCH OWENS RD btwn SPRATT RD & LIMEBANK RD,370381.32093,5011311.01438,-75.66468502270,45.23870556510,2014-11-14,8:56:00 PM,01 - Clear,07 - Dark,01 - Dry,10 - No control,,03 - P.D. only,07 - SMV other,0
14-11309,BANK ST btwn TURN LANE & SPRINGHILL RD,384949.23098,5006760.28814,-75.47989158840,45.19625293770,2014-11-14,10:49:00 PM,01 - Clear,07 - Dark,01 - Dry,10 - No control,,03 - P.D. only,07 - SMV other,0
14-11310,RIVERSIDE DR btwn RAMP & TURN LANE (1),368360.32328,5027201.28471,-75.68838585550,45.38186892220,2014-11-15,12:54:00 AM,01 - Clear,07 - Dark,01 - Dry,10 - No control,,03 - P.D. only,04 - Sideswipe,0
14-11311,KENT ST @ SOMERSET ST,367528.12638,5030814.13972,-75.69855184160,45.41445137210,2014-11-15,8:00:00 AM,01 - Clear,01 - Daylight,01 - Dry,01 - Traffic signal,01 - Functioning,03 - P.D. only,02 - Angle,0
14-11312,MARCH RD @ HUNTMAR DR,344142.04413,5023548.45107,-75.99790902430,45.35077840120,2014-11-15,8:18:00 AM,01 - Clear,01 - Daylight,01 - Dry,02 - Stop sign,01 - Functioning,03 - P.D. only,07 - SMV other,0
14-11313,BANK ST btwn PHILNOR ST & SALE BARN RD,379931.06926,5013571.58609,-75.54272338560,45.25809091900,2014-11-15,8:21:00 AM,01 - Clear,01 - Daylight,01 - Dry,10 - No control,,02 - Non-fatal injury,07 - SMV other,0
14-11314,BREWER RD @ BRONSON AVE,368109.52216,5027765.96084,-75.69151563940,45.38697243020,2014-11-06,4:40:00 PM,02 - Rain,05 - Dusk,02 - Wet,01 - Traffic signal,01 - Functioning,03 - P.D. only,03 - Rear end,0
14-11315,WOODROFFE AVE btwn HWY417 IC127 RAMP35 & HWY417 IC127 RAMP52,362170.57809,5024712.77841,-75.76770609700,45.36001183990,2014-11-15,8:30:00 AM,01 - Clear,01 - Daylight,01 - Dry,10 - No control,,02 - Non-fatal injury,03 - Rear end,0
14-11316,BANK ST btwn PHILNOR ST & SALE BARN RD,379672.50931,5013698.30204,-75.54599825440,45.25925861680,2014-11-15,9:17:00 AM,01 - Clear,01 - Daylight,01 - Dry,10 - No control,,03 - P.D. only,06 - SMV unattended vehicle,0
14-11317,ISLAND PARK DR btwn SCOTT ST & MAILES AVE,363920.79906,5028977.59197,-75.74485705610,45.39824055890,2014-11-14,4:00:00 PM,01 - Clear,05 - Dusk,01 - Dry,10 - No control,,03 - P.D. only,02 - Angle,0
14-11318,EARL ARMSTRONG RD @ RIVER RD,367572.24344,5014683.92244,-75.70003490730,45.26931087420,2014-11-15,10:48:00 AM,01 - Clear,01 - Daylight,01 - Dry,01 - Traffic signal,01 - Functioning,03 - P.D. only,03 - Rear end,0
14-11319,IRIS ST @ WOODROFFE AVE,362283.16716,5024441.99456,-75.76630058830,45.35756612650,2014-11-15,11:09:00 AM,01 - Clear,01 - Daylight,01 - Dry,01 - Traffic signal,01 - Functioning,02 - Non-fatal injury,02 - Angle,0
14-11320,PARKDALE AVE @ SCOTT ST,364950.17567,5029726.47420,-75.73161879200,45.40489115880,2014-11-15,11:29:00 AM,01 - Clear,01 - Daylight,01 - Dry,01 - Traffic signal,01 - Functioning,03 - P.D. only,03 - Rear end,0
14-11321,MONTREAL RD @ DEN HAAG DR/LANG'S RD,372385.29620,5034221.58370,-75.63603323230,45.44465766340,2014-11-15,11:42:00 AM,01 - Clear,01 - Daylight,01 - Dry,01 - Traffic signal,01 - Functioning,03 - P.D. only,03 - Rear end,0
14-11322,SLACK RD @ WOODROFFE AVE,364233.68350,5019973.05302,-75.74194364170,45.31719239560,2014-11-15,11:45:00 AM,01 - Clear,01 - Daylight,01 - Dry,01 - Traffic signal,01 - Functioning,03 - P.D. only,03 - Rear end,0
14-11323,WALKLEY RD btwn RUSSELL RD & LANCASTER RD,374687.27402,5028505.80636,-75.60742047650,45.39300377860,2014-11-15,12:42:00 PM,01 - Clear,01 - Daylight,01 - Dry,10 - No control,,03 - P.D. only,03 - Rear end,0
14-11324,ALPINE AVE @ CARLING AVE,360494.77676,5024942.04384,-75.78906897090,45.36220989340,2014-11-15,12:58:00 PM,01 - Clear,01 - Daylight,01 - Dry,01 - Traffic signal,01 - Functioning,03 - P.D. only,05 - Turning movement,0
14-11325,CENTRUM BLVD @ PRESTONE DR,382259.46100,5038363.77802,-75.50917339460,45.48090120070,2014-11-15,1:08:00 PM,01 - Clear,01 - Daylight,01 - Dry,02 - Stop sign,01 - Functioning,02 - Non-fatal injury,07 - SMV other,3
14-11326,HUNT CLUB RD btwn MOUNTAIN CRES & TURN LANE,371384.36548,5023921.98599,-75.65021738580,45.35208203220,2014-11-15,1:36:00 PM,01 - Clear,01 - Daylight,01 - Dry,10 - No control,,03 - P.D. only,04 - Sideswipe,0
14-11327,EYE BRIGHT CRES btwn NORTH BLUFF DR & ROYAL FERN WAY,369568.26542,5015894.63478,-75.67444240580,45.28002370240,2014-11-15,12:00:00 AM,01 - Clear,00 - Unknown,01 - Dry,10 - No control,,03 - P.D. only,06 - SMV unattended vehicle,0
14-11328,STRANDHERD DR btwn GREENBANK RD & Continuation of STRANDHERD DR,363986.10814,5014817.14447,-75.74571638980,45.27082055110,2014-11-15,12:53:00 PM,01 - Clear,01 - Daylight,01 - Dry,10 - No control,,03 - P.D. only,99 - Other,0
14-11329,BANK ST @ KILBORN AVE/BELANGER AVE,369653.24484,5027429.92310,-75.67184796920,45.38380763810,2014-11-15,2:10:00 PM,01 - Clear,01 - Daylight,01 - Dry,01 - Traffic signal,01 - Functioning,03 - P.D. only,05 - Turning movement,0
14-11330,KENT ST @ MCLEOD ST,367789.08000,5030391.98908,-75.69527203750,45.41062955290,2014-11-15,2:36:00 PM,01 - Clear,01 - Daylight,01 - Dry,02 - Stop sign,00 - Unknown,03 - P.D. only,04 - Sideswipe,0
14-11331,BASELINE RD @ DEERFIELD DR,363373.11808,5024271.03804,-75.75241018920,45.35593766930,2014-11-15,2:40:00 PM,01 - Clear,01 - Daylight,01 - Dry,02 - Stop sign,02 - Not functioning,02 - Non-fatal injury,02 - Angle,0
14-11332,HAZELDEAN RD @ TERRY FOX DR,352208.08606,5017241.02582,-75.89557767600,45.29352394990,2014-11-15,3:45:00 PM,02 - Rain,01 - Daylight,03 - Loose snow,01 - Traffic signal,01 - Functioning,03 - P.D. only,02 - Angle,0
14-11333,FERNBANK RD btwn DWYER HILL RD & MUNSTER RD,344175.45627,5006130.07213,-75.99886396750,45.19403812270,2014-11-15,5:18:00 PM,01 - Clear,07 - Dark,01 - Dry,10 - No control,,03 - P.D. only,07 - SMV other,0
14-11334,DALHOUSIE ST @ RIDEAU ST,368205.75898,5032227.69996,-75.68971299060,45.42710903320,2014-11-15,5:27:00 PM,01 - Clear,07 - Dark,01 - Dry,01 - Traffic signal,01 - Functioning,03 - P.D. only,05 - Turning movement,0
14-11335,CHARLEMAGNE BLVD @ PRINCESS LOUISE DR E,384093.70722,5038135.08654,-75.48575111980,45.47863773520,2014-11-15,5:52:00 PM,01 - Clear,07 - Dark,01 - Dry,02 - Stop sign,01 - Functioning,03 - P.D. only,02 - Angle,0
14-11336,TERRY FOX DR btwn HWY417 IC140 RAMP36 & HWY417 IC140 RAMP61,350800.28747,5018723.49356,-75.91338769060,45.30695717830,2014-11-15,6:13:00 PM,01 - Clear,07 - Dark,01 - Dry,10 - No control,,03 - P.D. only,03 - Rear end,0
14-11337,BOUNDARY RD btwn ENTREPRENEUR CRES & MITCH OWENS RD,388055.87949,5022195.64486,-75.43777089550,45.33476888990,2014-11-15,8:16:00 PM,01 - Clear,07 - Dark,01 - Dry,10 - No control,,03 - P.D. only,07 - SMV other,0
14-11338,BOOTH ST @ SOMERSET ST,366591.75268,5030255.04576,-75.71058439230,45.40950411540,2014-11-15,9:06:00 PM,01 - Clear,07 - Dark,02 - Wet,01 - Traffic signal,01 - Functioning,03 - P.D. only,03 - Rear end,0
14-11339,FRIEL ST btwn RIDEAU ST & END,368758.40074,5032594.81233,-75.68260360820,45.43036185820,2014-11-15,9:08:00 PM,01 - Clear,07 - Dark,01 - Dry,10 - No control,,03 - P.D. only,06 - SMV unattended vehicle,0
14-11340,LEWIS ST @ METCALFE ST,368118.81186,5030924.05036,-75.69099155900,45.41538711240,2014-11-15,10:04:00 PM,01 - Clear,07 - Dark,01 - Dry,02 - Stop sign,00 - Unknown,03 - P.D. only,05 - Turning movement,0
14-11341,SPRUCE RIDGE RD btwn RICHARDSON SIDE RD & HAZELDEAN RD,344116.27363,5013300.61547,-75.99905074030,45.25856573220,2014-11-16,12:57:00 AM,01 - Clear,07 - Dark,01 - Dry,10 - No control,,03 - P.D. only,07 - SMV other,0
14-11342,RICHMOND RD btwn WINSTON AVE & CHURCHILL AVE N,363219.14273,5028286.37553,-75.75390031220,45.39208000250,2014-11-16,1:18:00 AM,01 - Clear,07 - Dark,01 - Dry,10 - No control,,03 - P.D. only,06 - SMV unattended vehicle,0
14-11343,STONEHAVEN DR btwn FURLONG CRES & FURLONG CRES,355671.37394,5016914.90452,-75.85145919660,45.29034725870,2014-11-15,10:40:00 PM,01 - Clear,07 - Dark,01 - Dry,10 - No control,,03 - P.D. only,07 - SMV other,0
14-11344,BERRIGAN DR btwn COLINDALE AVE & WHITECHAPEL CRES,364161.76083,5015576.85891,-75.74338718460,45.27764166110,2014-11-16,2:37:00 AM,01 - Clear,07 - Dark,01 - Dry,10 - No control,,02 - Non-fatal injury,07 - SMV other,0
14-11345,KING EDWARD AVE SB btwn UNION ST & BOTELER ST,367893.91397,5033301.54937,-75.69356018030,45.43679935390,2014-11-16,4:15:00 AM,01 - Clear,07 - Dark,01 - Dry,10 - No control,,03 - P.D. only,07 - SMV other,0
14-11346,COLONIAL RD @ ROCKDALE RD,391417.92116,5032662.97826,-75.39304736490,45.42853594740,2014-11-16,7:11:00 AM,03 - Snow,03 - Dawn,03 - Loose snow,02 - Stop sign,01 - Functioning,03 - P.D. only,07 - SMV other,0
14-11347,REGIONAL ROAD 174 btwn OR174 IC102 RAMP15 & OR174 IC101 RAMP63,382433.05181,5038714.06979,-75.50689785940,45.48403353300,2014-11-16,7:51:00 AM,03 - Snow,01 - Daylight,03 - Loose snow,10 - No control,,03 - P.D. only,04 - Sideswipe,0
14-11348,REGIONAL ROAD 174 btwn REGIONAL ROAD 174 & OR174 IC102 RAMP15,381901.37238,5038414.57124,-75.51374524430,45.48139783130,2014-11-16,7:58:00 AM,03 - Snow,01 - Daylight,03 - Loose snow,10 - No control,,03 - P.D. only,07 - SMV other,0
14-11349,AIRPORT PKWY btwn BROOKFIELD RAMP 34 & BRONSON AVE RAMP 24C,368718.94127,5026654.17265,-75.68387788540,45.37691353720,2014-11-16,8:20:00 AM,03 - Snow,01 - Daylight,02 - Wet,10 - No control,,03 - P.D. only,07 - SMV other,0
14-11350,PRINCE OF WALES DR btwn NORMANDY CRES & FALAISE RD (1),367488.07488,5024685.80295,-75.69984189220,45.35931381620,2014-11-16,8:23:00 AM,03 - Snow,01 - Daylight,06 - Ice,10 - No control,,03 - P.D. only,07 - SMV other,0
14-11351,AMIENS ST btwn PRESTWICK DR & TAMMY ST,383137.05094,5037480.33891,-75.49809025850,45.47285489780,2014-11-16,9:36:00 AM,02 - Rain,01 - Daylight,02 - Wet,10 - No control,,03 - P.D. only,06 - SMV unattended vehicle,0
14-11352,AIRPORT PKWY btwn BROOKFIELD RAMP 34 & BRONSON AVE RAMP 24C,368716.37131,5026663.94353,-75.68390943130,45.37700168660,2014-11-16,8:15:00 AM,03 - Snow,01 - Daylight,02 - Wet,10 - No control,,03 - P.D. only,07 - SMV other,0
14-11353,FOUNTAINHEAD DR @ WINTERHAVEN DR,381931.80790,5032109.29290,-75.51434477130,45.42466478090,2014-11-16,10:24:00 AM,01 - Clear,01 - Daylight,06 - Ice,02 - Stop sign,01 - Functioning,03 - P.D. only,02 - Angle,0
14-11354,DES EPINETTES AVE @ WILDFLOWER DR,382491.39643,5036243.26053,-75.50654230240,45.46179686800,2014-11-16,8:15:00 AM,01 - Clear,01 - Daylight,02 - Wet,02 - Stop sign,01 - Functioning,03 - P.D. only,02 - Angle,0
14-11355,HAZELDEAN RD @ HUNTMAR DR/IBER RD,350943.54802,5016078.95714,-75.91180693670,45.28315149000,2014-11-16,12:34:00 PM,02 - Rain,01 - Daylight,02 - Wet,01 - Traffic signal,01 - Functioning,03 - P.D. only,03 - Rear end,0
14-11356,CYRVILLE RD btwn INNES RD & END,375106.80103,5030991.92559,-75.60170859640,45.41533059110,2014-11-16,1:05:00 PM,03 - Snow,01 - Daylight,02 - Wet,10 - No control,,02 - Non-fatal injury,05 - Turning movement,0
14-11357,STONEHAVEN DR btwn RICHMOND RD & SAWYER WAY/SUMMITVIEW DR,356744.93206,5015872.20018,-75.83788285950,45.28088629360,2014-11-16,1:22:00 PM,01 - Clear,01 - Daylight,01 - Dry,10 - No control,,03 - P.D. only,04 - Sideswipe,0
14-11358,STRANDHERD DR btwn CEDARVIEW RD & MADRID AVE,362941.09705,5013976.77399,-75.75913153830,45.26334602850,2014-11-16,2:24:00 PM,01 - Clear,01 - Daylight,02 - Wet,10 - No control,,03 - P.D. only,05 - Turning movement,0
14-11359,FLEWELLYN RD btwn DWYER HILL RD & MUNSTER RD,345773.55250,5005738.48615,-75.97855781810,45.19042336460,2014-11-15,5:30:00 PM,01 - Clear,07 - Dark,01 - Dry,10 - No control,,03 - P.D. only,07 - SMV other,0
14-11360,LYNDA LANE btwn BILLINGS AVE & SMYTH RD,371606.49675,5029173.02078,-75.64667240290,45.39930779010,2014-11-15,7:00:00 AM,01 - Clear,03 - Dawn,01 - Dry,10 - No control,,03 - P.D. only,06 - SMV unattended vehicle,0
14-11361,REGIONAL ROAD 174 btwn MORIN RD & OLD MONTREAL RD,392385.85903,5042751.78888,-75.37888126380,45.51918195460,2014-11-16,4:18:00 PM,02 - Rain,01 - Daylight,02 - Wet,10 - No control,,03 - P.D. only,03 - Rear end,0
14-11362,MEADOWLANDS DR btwn TURN LANE & SULLIVAN AVE,363102.77036,5022755.67245,-75.75603909520,45.34232507280,2014-11-16,5:04:00 PM,03 - Snow,07 - Dark,02 - Wet,10 - No control,,03 - P.D. only,02 - Angle,0
14-11363,JEANNE D'ARC BLVD @ ORLEANS BLVD S,380938.79775,5036251.42134,-75.52639155850,45.46204122770,2014-11-16,5:09:00 PM,03 - Snow,07 - Dark,02 - Wet,01 - Traffic signal,01 - Functioning,03 - P.D. only,05 - Turning movement,0
14-11364,HUNT CLUB RD btwn TURN LANE & RIVERSIDE DR,368015.32533,5021937.42249,-75.69346395240,45.33453714030,2014-11-16,2:45:00 PM,03 - Snow,01 - Daylight,02 - Wet,10 - No control,,03 - P.D. only,03 - Rear end,0
14-11365,MERIVALE RD btwn CLYDE AVE & RITA AVE,364570.97376,5024382.63227,-75.73710938110,45.35684069280,2014-11-16,5:56:00 PM,02 - Rain,07 - Dark,02 - Wet,10 - No control,,03 - P.D. only,05 - Turning movement,0
14-11366,BRITTANY DR @ MONTREAL RD,371911.28662,5033994.10674,-75.64212300240,45.44265660480,2014-11-16,7:18:00 PM,03 - Snow,07 - Dark,02 - Wet,01 - Traffic signal,01 - Functioning,02 - Non-fatal injury,07 - SMV other,1
14-11367,ST. LAURENT BLVD btwn MCARTHUR AVE & DONALD ST,371926.94465,5032869.04758,-75.64207629230,45.43253235610,2014-11-16,7:46:00 PM,03 - Snow,07 - Dark,02 - Wet,10 - No control,,03 - P.D. only,04 - Sideswipe,0
14-11368,AIRPORT PKWY btwn AIRPORT PARKWAY PRIV & RAMP,371158.33256,5021381.06624,-75.65344260980,45.32924101560,2014-11-17,1:22:00 AM,03 - Snow,07 - Dark,06 - Ice,10 - No control,,03 - P.D. only,01 - Approaching,0
14-11369,CANAAN @ BASELINE RD(CLARENCE TWP,396671.83130,5041509.80079,-75.32426393450,45.50745682700,2014-11-17,6:04:00 AM,03 - Snow,07 - Dark,03 - Loose snow,02 - Stop sign,01 - Functioning,03 - P.D. only,07 - SMV other,0
14-11370,MARCH VALLEY RD btwn RIDDELL DR & KLONDIKE RD,348432.27556,5026995.45846,-75.94285430820,45.38154153390,2014-11-17,6:32:00 AM,03 - Snow,07 - Dark,02 - Wet,10 - No control,,03 - P.D. only,07 - SMV other,0
14-11371,TARTAN DR btwn RUETER ST & HALLEY ST,362787.58437,5014349.44288,-75.76104401880,45.26671199630,2014-11-17,7:34:00 AM,03 - Snow,01 - Daylight,03 - Loose snow,10 - No control,,03 - P.D. only,01 - Approaching,0
14-11372,RUSSLAND RD btwn ROCKDALE RD & DUNNING RD,395625.00147,5022605.42115,-75.34114325610,45.33751672730,2014-11-17,8:04:00 AM,03 - Snow,01 - Daylight,06 - Ice,10 - No control,,03 - P.D. only,01 - Approaching,0
14-11373,QUEEN ST btwn LYON ST N & KENT ST,367163.10672,5031375.20559,-75.70314406820,45.41953229810,2014-11-17,7:45:00 AM,03 - Snow,01 - Daylight,02 - Wet,10 - No control,,03 - P.D. only,99 - Other,0
14-11374,HEMLOCK RD @ ST. LAURENT BLVD,371145.23497,5034781.59780,-75.65180809200,45.44981520310,2014-11-16,8:20:00 AM,01 - Clear,01 - Daylight,02 - Wet,01 - Traffic signal,01 - Functioning,03 - P.D. only,99 - Other,0
14-11375,LIMEBANK RD btwn LEITRIM RD & SPRATT RD,369761.35949,5016915.69622,-75.67184775060,45.28919322810,2014-11-16,6:00:00 AM,01 - Clear,07 - Dark,01 - Dry,10 - No control,,03 - P.D. only,07 - SMV other,0
14-11376,PAUL METIVIER DR @ CLEARBROOK DR,366088.56287,5014763.80749,-75.71893118320,45.27016053960,2014-11-17,8:35:00 AM,03 - Snow,01 - Daylight,04 - Slush,01 - Traffic signal,01 - Functioning,03 - P.D. only,02 - Angle,0
14-11377,BRONSON AVE RAMP 42A -1 btwn RIVERSIDE DR & BRONSON AVE RAMP 24A/42A-2,368492.27988,5027199.06823,-75.68670133250,45.38183699400,2014-11-17,9:00:00 AM,03 - Snow,01 - Daylight,02 - Wet,10 - No control,,03 - P.D. only,03 - Rear end,0
14-11378,CHARLIE'S LANE @ JUANITA AVE,341160.54520,5023727.26120,-76.03594505020,45.35254832520,2014-11-17,8:55:00 AM,03 - Snow,01 - Daylight,05 - Packed snow,10 - No control,,03 - P.D. only,02 - Angle,0
14-11379,INNES RD @ STAR TOP RD/WINDMILL LANE,374148.19973,5030666.56050,-75.61400068930,45.41249878040,2014-11-14,4:00:00 PM,01 - Clear,01 - Daylight,01 - Dry,01 - Traffic signal,01 - Functioning,03 - P.D. only,05 - Turning movement,0
14-11380,CARP RD btwn KINBURN SIDE RD & BAIRD SIDE RD,332828.46787,5030094.97070,-76.14192006930,45.41023035270,2014-11-16,10:00:00 PM,03 - Snow,07 - Dark,04 - Slush,10 - No control,,03 - P.D. only,07 - SMV other,0
14-11381,WEST HUNT CLUB RD WB btwn 210 W OF MERIVALE RD & MERIVALE RD,365561.38879,5021909.71910,-75.72477309300,45.33450465190,2014-11-17,10:43:00 AM,03 - Snow,01 - Daylight,02 - Wet,10 - No control,,03 - P.D. only,03 - Rear end,0
14-11382,RICHMOND RD @ ROBERTSON RD,357575.82594,5020751.44068,-75.82677313650,45.32472842520,2014-11-17,10:53:00 AM,03 - Snow,01 - Daylight,02 - Wet,01 - Traffic signal,01 - Functioning,03 - P.D. only,02 - Angle,0
14-11383,WALKLEY RD btwn HARDING RD & HALIFAX DR,373422.35221,5027776.42608,-75.62367519010,45.38656623490,2014-11-17,11:08:00 AM,03 - Snow,01 - Daylight,04 - Slush,10 - No control,,03 - P.D. only,02 - Angle,0
14-11384,STRANDHERD DR @ CEDARVIEW RD/TARTAN DR,362288.84293,5013544.45973,-75.76749228920,45.25950964070,2014-11-17,9:40:00 AM,03 - Snow,01 - Daylight,02 - Wet,01 - Traffic signal,01 - Functioning,03 - P.D. only,03 - Rear end,0
14-11385,STANTON RD btwn FIRESTONE CRES & RECTOR AVE,360968.14909,5023052.33174,-75.78324163830,45.34516856900,2014-11-16,9:00:00 PM,01 - Clear,07 - Dark,04 - Slush,10 - No control,,03 - P.D. only,06 - SMV unattended vehicle,0
14-11386,MERIVALE RD @ BASIL MACDONALD WAY/MERIVALE MAL,365095.86070,5023170.28903,-75.73055839090,45.34588725930,2014-11-17,11:54:00 AM,03 - Snow,01 - Daylight,04 - Slush,01 - Traffic signal,01 - Functioning,03 - P.D. only,04 - Sideswipe,0
14-11387,PALLADIUM DR @ SILVER SEVEN RD,351052.08163,5017888.39467,-75.91025480880,45.29942619760,2014-11-17,12:02:00 PM,03 - Snow,01 - Daylight,02 - Wet,01 - Traffic signal,01 - Functioning,03 - P.D. only,02 - Angle,0
14-11388,REGIONAL ROAD 174 btwn OR174 IC109 RAMP56 & OR174 IC109 RAMP86,376423.56183,5034923.45422,-75.58431492180,45.45057055000,2014-11-17,1:01:00 PM,03 - Snow,01 - Daylight,03 - Loose snow,10 - No control,,03 - P.D. only,04 - Sideswipe,0
14-11389,INNES RD btwn BLAIR RD & ANDERSON RD,376022.30880,5031696.67079,-75.58991100420,45.42157889980,2014-11-17,1:29:00 PM,04 - Freezing Rain,01 - Daylight,04 - Slush,10 - No control,,03 - P.D. only,07 - SMV other,0
14-11390,DAVID DR @ WOODROFFE AVE,362980.21567,5022906.55353,-75.75758505300,45.34369286400,2014-11-17,1:34:00 PM,03 - Snow,01 - Daylight,03 - Loose snow,02 - Stop sign,00 - Unknown,03 - P.D. only,03 - Rear end,0
14-11391,MALVERN DR btwn CHALICE CRT & SHERWAY DR,362647.76952,5015944.28964,-75.76263975780,45.28107401440,2014-11-17,7:40:00 AM,03 - Snow,01 - Daylight,03 - Loose snow,10 - No control,,03 - P.D. only,02 - Angle,0
14-11392,HUNT CLUB RD btwn WEST HUNT CLUB RD & TURN LANE,367840.02054,5021894.31367,-75.69570585710,45.33416502670,2014-11-17,11:30:00 AM,03 - Snow,01 - Daylight,02 - Wet,10 - No control,,03 - P.D. only,99 - Other,0
14-11393,8TH LINE RD btwn FOREST GREEN CRES & FOREST GREEN CRES,384298.71388,5014189.32259,-75.48698303600,45.26316899170,2014-11-17,2:32:00 PM,03 - Snow,01 - Daylight,03 - Loose snow,10 - No control,,02 - Non-fatal injury,07 - SMV other,0
14-11394,ABBOTT ST @ CARBERY DR,350673.47331,5013712.51542,-75.91546804280,45.26187515350,2014-11-17,2:42:00 PM,03 - Snow,01 - Daylight,04 - Slush,02 - Stop sign,01 - Functioning,03 - P.D. only,03 - Rear end,0
14-11395,RAMSAYVILLE RD btwn WHYTE SIDE RD & LEITRIM RD,378348.65845,5024817.61260,-75.56121381180,45.35944457720,2014-11-17,3:01:00 PM,03 - Snow,01 - Daylight,04 - Slush,10 - No control,,02 - Non-fatal injury,07 - SMV other,0
14-11396,NIXON DR btwn SNAKE ISLAND RD & CABIN RD,373467.23915,5002685.17462,-75.62657227120,45.16079723550,2014-11-17,3:20:00 PM,03 - Snow,01 - Daylight,04 - Slush,10 - No control,,03 - P.D. only,07 - SMV other,0
14-11397,ST. JOSEPH BLVD @ JEANNE D'ARC BLVD,379861.21643,5036468.73730,-75.54013575590,45.46411307970,2014-11-17,7:00:00 AM,03 - Snow,03 - Dawn,02 - Wet,11 - Roundabout,01 - Functioning,03 - P.D. only,03 - Rear end,0
14-11398,AVENUE O btwn TREMBLAY RD & END,371717.71568,5031113.16727,-75.64498860690,45.41675378680,2014-11-17,3:26:00 PM,03 - Snow,01 - Daylight,03 - Loose snow,10 - No control,,03 - P.D. only,06 - SMV unattended vehicle,0
14-11399,DONWEL DR @ OLD PRESCOTT RD,378334.81018,5012607.90206,-75.56320181550,45.24958870440,2014-11-17,11:30:00 AM,01 - Clear,01 - Daylight,02 - Wet,02 - Stop sign,01 - Functioning,02 - Non-fatal injury,02 - Angle,0