Record,Location,X,Y,Longitude,Latitude,Date,Time,Environment,Light,Road_Surface,Traffic_Control,Collision_Location,Collision_Classification,Impact_type,Pedestrian
14-11717,WOODROFFE AVE btwn GRENFELL CRES & SLACK RD,364270.17639,5019893.90948,-75.74148772950,45.31647717740,2014-11-24,6:51:00 PM,02 - Rain,07 - Dark,02 - Wet,10 - No control,,03 - P.D. only,04 - Sideswipe,0
14-11718,MARCH RD @ TERRY FOX DR,349865.55872,5023401.88420,-75.92488121600,45.34911511960,2014-11-24,7:08:00 PM,02 - Rain,07 - Dark,02 - Wet,01 - Traffic signal,01 - Functioning,03 - P.D. only,03 - Rear end,0
14-11719,MCCORDICK RD btwn POLLOCK RD & ROGER STEVENS DR,364314.93085,4998707.61855,-75.74344961060,45.12583727790,2014-11-24,8:18:00 PM,06 - Strong wind,07 - Dark,01 - Dry,10 - No control,,02 - Non-fatal injury,07 - SMV other,0
14-11720,CENTRAL PARK DR S @ MERIVALE RD,364987.20040,5025598.01614,-75.73164930410,45.36774091950,2014-11-24,8:21:00 PM,01 - Clear,07 - Dark,02 - Wet,01 - Traffic signal,01 - Functioning,03 - P.D. only,03 - Rear end,0
14-11721,HUNT CLUB RD btwn BANK ST & TURN LANE (1),371621.57661,5024121.22659,-75.64716339010,45.35385217050,2014-11-24,8:41:00 PM,01 - Clear,07 - Dark,01 - Dry,10 - No control,,03 - P.D. only,02 - Angle,0
14-11722,ST. LAURENT BLVD/DUNBARTON CRT @ BRITTANY DR,371331.64330,5034336.68124,-75.64948538250,45.44579433490,2014-11-24,9:20:00 PM,06 - Strong wind,07 - Dark,02 - Wet,01 - Traffic signal,02 - Not functioning,03 - P.D. only,05 - Turning movement,0
14-11723,GLADSTONE AVE @ LYON ST,367582.76338,5030362.99628,-75.69791130360,45.41038722350,2014-11-24,10:13:00 PM,01 - Clear,07 - Dark,01 - Dry,01 - Traffic signal,01 - Functioning,03 - P.D. only,02 - Angle,0
14-11724,RIVERSIDE DR @ BROOKFIELD RD/HOG'S BACK RD,368167.71100,5026222.99656,-75.69097065340,45.37308399890,2014-11-25,12:08:00 AM,01 - Clear,07 - Dark,01 - Dry,01 - Traffic signal,02 - Not functioning,02 - Non-fatal injury,02 - Angle,0
14-11725,AIRPORT PKWY btwn RAMP & AIRPORT PKWY (2),370962.47099,5023836.48989,-75.65561266230,45.35135269590,2014-11-25,12:22:00 AM,01 - Clear,07 - Dark,01 - Dry,10 - No control,,03 - P.D. only,07 - SMV other,0
14-11726,REGIONAL RD 174 @ TRIM RD,384353.54992,5039989.43611,-75.48212752650,45.49529182360,2014-11-25,6:06:00 AM,01 - Clear,07 - Dark,01 - Dry,01 - Traffic signal,01 - Functioning,03 - P.D. only,05 - Turning movement,0
14-11727,JEANNE D'ARC BLVD @ ORLEANS BLVD S,380941.04188,5036250.31317,-75.52636303830,45.46203101330,2014-11-25,7:17:00 AM,01 - Clear,01 - Daylight,01 - Dry,01 - Traffic signal,01 - Functioning,03 - P.D. only,03 - Rear end,0
14-11728,COOPER ST @ ELGIN ST,368120.66412,5031269.21360,-75.69092354360,45.41849260870,2014-11-25,7:42:00 AM,01 - Clear,01 - Daylight,01 - Dry,01 - Traffic signal,01 - Functioning,03 - P.D. only,05 - Turning movement,0
14-11729,TENTH LINE RD @ CHARLEMAGNE BLVD S/DES EPINETT,383640.97510,5036900.45590,-75.49173924100,45.46758093120,2014-11-25,8:00:00 AM,01 - Clear,01 - Daylight,01 - Dry,01 - Traffic signal,01 - Functioning,03 - P.D. only,03 - Rear end,0
14-11730,MARCH RD btwn 280 S OF CARLING AVE/STATION RD & RICHARDSON SIDE RD,351224.67883,5021902.74159,-75.90767796590,45.33553688050,2014-11-25,8:45:00 AM,01 - Clear,01 - Daylight,01 - Dry,10 - No control,,03 - P.D. only,03 - Rear end,0
14-11731,GEORGE ST @ DALHOUSIE ST,368158.64772,5032315.11464,-75.69030373830,45.42789982820,2014-11-25,9:13:00 AM,01 - Clear,01 - Daylight,01 - Dry,01 - Traffic signal,01 - Functioning,03 - P.D. only,02 - Angle,0
14-11732,INNES RD @ 260 E OF BELCOURT BLVD/WALMART SC,382348.14952,5035399.44126,-75.50850683310,45.45422081390,2014-11-25,11:08:00 AM,01 - Clear,01 - Daylight,01 - Dry,01 - Traffic signal,01 - Functioning,03 - P.D. only,03 - Rear end,0
14-11733,CARP RD @ STITTSVILLE MAIN ST,349523.83598,5014329.72824,-75.93006071610,45.26750308770,2014-11-25,11:14:00 AM,01 - Clear,01 - Daylight,01 - Dry,01 - Traffic signal,01 - Functioning,03 - P.D. only,99 - Other,0
14-11734,YORK ST WB btwn TO BE DETERMINED & CUMBERLAND ST,368235.04361,5032528.04221,-75.68930010250,45.42980875070,2014-11-24,7:30:00 PM,01 - Clear,07 - Dark,02 - Wet,10 - No control,,03 - P.D. only,06 - SMV unattended vehicle,0
14-11735,MONTREAL RD @ ST. LAURENT BLVD,371545.70290,5033818.06976,-75.64681957530,45.44110770850,2014-11-24,2:00:00 PM,01 - Clear,01 - Daylight,01 - Dry,01 - Traffic signal,00 - Unknown,03 - P.D. only,99 - Other,0
14-11736,MCCURDY DR btwn SICARD WAY & PATCH WAY,352010.50619,5017812.88458,-75.89804211010,45.29868298660,2014-11-21,7:30:00 PM,01 - Clear,07 - Dark,01 - Dry,10 - No control,,03 - P.D. only,06 - SMV unattended vehicle,0
14-11737,ST. JOSEPH BLVD btwn MARENGER ST & JEANNE D'ARC BLVD S,379845.54060,5036464.45501,-75.54033683960,45.46407623510,2014-11-25,3:14:00 PM,01 - Clear,01 - Daylight,01 - Dry,10 - No control,,03 - P.D. only,05 - Turning movement,0
14-11738,D'AOUST AVE btwn TIMBERMILL ST & ST. BERNARD ST,372653.29302,5023602.81407,-75.63406834270,45.34908860810,2014-11-25,3:00:00 PM,01 - Clear,01 - Daylight,01 - Dry,10 - No control,,03 - P.D. only,03 - Rear end,0
14-11739,LOGGERS WAY btwn MORRIS ISLAND DR & END,321736.88786,5035547.72216,-76.28343248900,45.45965311710,2014-11-25,3:43:00 PM,01 - Clear,01 - Daylight,01 - Dry,10 - No control,,02 - Non-fatal injury,04 - Sideswipe,0
14-11740,EAGLESON RD @ HAZELDEAN RD/ROBERTSON RD,353674.57502,5018424.93506,-75.87676529040,45.30407655710,2014-11-25,4:45:00 PM,01 - Clear,05 - Dusk,01 - Dry,01 - Traffic signal,01 - Functioning,02 - Non-fatal injury,03 - Rear end,0
14-11741,WEST HUNT CLUB RD @ WOODROFFE AVE,363669.74088,5021247.91418,-75.74898436030,45.32871103240,2014-11-25,5:01:00 PM,01 - Clear,07 - Dark,01 - Dry,01 - Traffic signal,01 - Functioning,03 - P.D. only,03 - Rear end,0
14-11742,BELLWOOD AVE @ BELMONT AVE,369003.36168,5028541.61112,-75.68000125100,45.39387012550,2014-11-25,12:00:00 PM,01 - Clear,01 - Daylight,01 - Dry,02 - Stop sign,01 - Functioning,03 - P.D. only,06 - SMV unattended vehicle,0
14-11743,MONTREAL RD btwn BETHAMY LANE & OGILVIE RD,375517.96395,5034461.97076,-75.59595758640,45.44651062320,2014-11-25,5:25:00 PM,01 - Clear,07 - Dark,01 - Dry,10 - No control,,03 - P.D. only,05 - Turning movement,0
14-11744,MAIN ST @ RIVERDALE AVE,369433.64134,5029532.96906,-75.67437643460,45.40275044560,2014-11-25,5:40:00 PM,01 - Clear,07 - Dark,01 - Dry,01 - Traffic signal,01 - Functioning,03 - P.D. only,03 - Rear end,0
14-11745,TERRY FOX DR N @ FLAMBOROUGH WAY/INNOVATION DR,349384.43720,5022957.09499,-75.93106099480,45.34514355340,2014-11-25,5:46:00 PM,01 - Clear,07 - Dark,01 - Dry,01 - Traffic signal,01 - Functioning,03 - P.D. only,04 - Sideswipe,0
14-11746,RICHMOND RD btwn BERKLEY AVE & ROOSEVELT AVE,362946.17122,5028092.84539,-75.75740907600,45.39036136600,2014-11-25,1:50:00 PM,01 - Clear,01 - Daylight,01 - Dry,10 - No control,,03 - P.D. only,06 - SMV unattended vehicle,0
14-11747,ST. LAURENT BLVD btwn CYRVILLE RD & COVENTRY RD,372300.01879,5031967.25156,-75.63743231880,45.42438251200,2014-11-21,8:00:00 PM,02 - Rain,07 - Dark,02 - Wet,10 - No control,,03 - P.D. only,03 - Rear end,0
14-11748,GREENBANK RD @ STRANDHERD DR,363933.68390,5014783.94214,-75.74638839370,45.27052620540,2014-11-25,6:29:00 PM,01 - Clear,07 - Dark,01 - Dry,01 - Traffic signal,01 - Functioning,03 - P.D. only,03 - Rear end,0
14-11749,FRANKTOWN RD btwn CONLEY RD & JOY'S RD,353466.68222,5003206.81941,-75.88090486590,45.16715342600,2014-11-25,7:07:00 PM,01 - Clear,07 - Dark,01 - Dry,10 - No control,,03 - P.D. only,07 - SMV other,0
14-11750,MEADOWLANDS DR @ MERIVALE RD,364860.60014,5023725.03534,-75.73349293380,45.35089897770,2014-11-25,8:04:00 PM,01 - Clear,07 - Dark,01 - Dry,01 - Traffic signal,01 - Functioning,03 - P.D. only,07 - SMV other,0
14-11751,PARKDALE AVE @ WELLINGTON ST,365150.65072,5029270.08064,-75.72911393450,45.40076737710,2014-11-25,8:11:00 PM,01 - Clear,07 - Dark,01 - Dry,01 - Traffic signal,01 - Functioning,03 - P.D. only,03 - Rear end,0
14-11752,APPLE ORCHARD RD btwn Continuation of APPLE ORCHARD RD & BYLES WAY,374793.41102,5011680.82258,-75.60844242060,45.24160819870,2014-11-25,9:03:00 PM,01 - Clear,07 - Dark,01 - Dry,10 - No control,,02 - Non-fatal injury,07 - SMV other,0
14-11753,EAGLESON RD btwn FALLOWFIELD RD & AKINS RD,356149.65205,5012125.09981,-75.84585745940,45.24721279140,2014-11-25,11:07:00 PM,01 - Clear,07 - Dark,01 - Dry,10 - No control,,02 - Non-fatal injury,07 - SMV other,0
14-11754,MALAKOFF RD btwn MACKEY RD & COWELL RD,364586.97300,4993267.80612,-75.74064090270,45.07686539740,2014-11-26,12:03:00 AM,01 - Clear,07 - Dark,01 - Dry,10 - No control,,03 - P.D. only,07 - SMV other,0
14-11755,CARLING AVE @ HOLLAND AVE,365415.73484,5028039.02873,-75.72587946360,45.38966774370,2014-11-26,8:33:00 AM,01 - Clear,01 - Daylight,01 - Dry,01 - Traffic signal,01 - Functioning,03 - P.D. only,05 - Turning movement,0
14-11756,MERIVALE RD btwn PINEGLEN CRES & GERVIN ST,366287.01069,5020307.20574,-75.71571509790,45.32002224630,2014-11-26,8:41:00 AM,01 - Clear,01 - Daylight,01 - Dry,10 - No control,,03 - P.D. only,03 - Rear end,0
14-11757,BRANT ST @ MCARTHUR AVE,371263.68336,5032805.09507,-75.65056087090,45.43202029140,2014-11-26,10:55:00 AM,01 - Clear,01 - Daylight,01 - Dry,01 - Traffic signal,01 - Functioning,02 - Non-fatal injury,03 - Rear end,0
14-11758,KING EDWARD AVE @ LAURIER AVE,368738.75708,5032035.05766,-75.68292730100,45.42532718810,2014-11-26,11:55:00 AM,01 - Clear,01 - Daylight,01 - Dry,01 - Traffic signal,01 - Functioning,03 - P.D. only,04 - Sideswipe,0
14-11759,RIVERSIDE DR @ WALKLEY RD,368420.23905,5024852.92324,-75.68792331740,45.36073355360,2014-11-26,12:02:00 PM,01 - Clear,01 - Daylight,01 - Dry,01 - Traffic signal,01 - Functioning,03 - P.D. only,03 - Rear end,0
14-11760,INNES RD @ STONEHENGE CRES W,375201.64144,5031216.08854,-75.60046497150,45.41733795150,2014-11-26,12:02:00 PM,01 - Clear,01 - Daylight,01 - Dry,01 - Traffic signal,01 - Functioning,03 - P.D. only,05 - Turning movement,0
14-11761,O'CONNOR ST @ WELLINGTON ST,367414.64932,5031723.05756,-75.69988604210,45.42263969250,2014-11-26,12:43:00 PM,01 - Clear,01 - Daylight,01 - Dry,01 - Traffic signal,01 - Functioning,03 - P.D. only,04 - Sideswipe,0
14-11762,MONTREAL RD @ SHEFFORD RD,376125.73050,5034853.09964,-75.58813231760,45.44996800250,2014-11-24,5:00:00 PM,02 - Rain,05 - Dusk,02 - Wet,01 - Traffic signal,01 - Functioning,03 - P.D. only,03 - Rear end,0
14-11763,FISHER AVE btwn MCCOOEY LANE & BASELINE RD,366050.83501,5026300.85593,-75.71798503920,45.37397278740,2014-11-25,11:08:00 PM,01 - Clear,07 - Dark,01 - Dry,10 - No control,,03 - P.D. only,05 - Turning movement,0
14-11764,BANK ST btwn HERON RD & ANOKA ST,370002.37083,5026834.08377,-75.66746892180,45.37841406230,2014-11-26,2:21:00 PM,01 - Clear,01 - Daylight,01 - Dry,10 - No control,,03 - P.D. only,02 - Angle,0
14-11765,BANK ST @ ROSEBELLA AVE,373204.79298,5023550.98856,-75.62703818400,45.34856872870,2014-11-26,3:00:00 PM,01 - Clear,01 - Daylight,01 - Dry,01 - Traffic signal,01 - Functioning,03 - P.D. only,03 - Rear end,0
14-11766,BASELINE RD @ FISHER AVE,366166.69360,5026028.78619,-75.71653976600,45.37151462360,2014-11-26,3:30:00 PM,01 - Clear,01 - Daylight,01 - Dry,01 - Traffic signal,01 - Functioning,03 - P.D. only,03 - Rear end,0
14-11767,RICHMOND RD @ HOLLY ACRES RD/NANAIMO DR,359055.82124,5022750.87140,-75.80767598170,45.34260654760,2014-11-26,3:35:00 PM,01 - Clear,01 - Daylight,01 - Dry,01 - Traffic signal,01 - Functioning,03 - P.D. only,05 - Turning movement,0
14-11768,WILHAVEN DR btwn DUNNING RD & SARSFIELD RD,392488.34660,5040930.49889,-75.37789534180,45.50278349350,2014-11-26,4:17:00 PM,01 - Clear,01 - Daylight,01 - Dry,10 - No control,,03 - P.D. only,07 - SMV other,0
14-11769,INNES RD btwn HWY417 IC112 RAMP65 & HWY417 IC112 RAMP56,374422.98336,5030827.04628,-75.61046778090,45.41391546520,2014-11-26,4:19:00 PM,01 - Clear,05 - Dusk,01 - Dry,10 - No control,,03 - P.D. only,04 - Sideswipe,0
14-11770,HAZELDEAN RD @ SPRINGBROOK DR,349870.08163,5015110.18521,-75.92557771020,45.27450380580,2014-11-26,4:35:00 PM,01 - Clear,05 - Dusk,01 - Dry,01 - Traffic signal,01 - Functioning,03 - P.D. only,03 - Rear end,0
14-11771,EDGAR BRAULT ST btwn ST. JOSEPH BLVD & RIDGEGATE ST,381424.49139,5037536.59845,-75.51998139730,45.47355108020,2014-11-17,9:00:00 AM,01 - Clear,01 - Daylight,03 - Loose snow,10 - No control,,03 - P.D. only,06 - SMV unattended vehicle,0
14-11772,CEDARVIEW RD @ WEST HUNT CLUB RD,359720.57764,5019554.95276,-75.79954861880,45.31379783720,2014-11-26,5:25:00 PM,01 - Clear,07 - Dark,01 - Dry,01 - Traffic signal,01 - Functioning,03 - P.D. only,03 - Rear end,0
14-11773,OLD PRESCOTT RD btwn SUNSET BLVD & MARCO ST,377149.00694,5015403.51228,-75.57789927320,45.27486551240,2014-11-26,5:30:00 PM,01 - Clear,07 - Dark,01 - Dry,10 - No control,,03 - P.D. only,04 - Sideswipe,0
14-11774,FALLOWFIELD RD btwn ASHDALE AVE & PRINCE OF WALES DR,367229.73907,5019060.03617,-75.70384863330,45.30871719260,2014-11-26,5:20:00 PM,01 - Clear,07 - Dark,01 - Dry,10 - No control,,03 - P.D. only,03 - Rear end,0
14-11775,CARLING AVE btwn RIFLE RD & DAVIDSON'S SIDE RD,353934.74436,5023341.11667,-75.87296001330,45.34829504810,2014-11-26,5:45:00 PM,01 - Clear,07 - Dark,01 - Dry,10 - No control,,03 - P.D. only,07 - SMV other,0
14-11776,BOYER RD @ ST. JOSEPH BLVD,380405.74200,5036833.83939,-75.53311733190,45.46733925650,2014-11-26,5:49:00 PM,01 - Clear,07 - Dark,01 - Dry,02 - Stop sign,01 - Functioning,03 - P.D. only,05 - Turning movement,0
14-11777,CASTLEFRANK RD btwn MCCURDY DR & MACNEIL CRT,352541.06100,5017833.06354,-75.89127570590,45.29882870880,2014-11-26,6:14:00 PM,01 - Clear,07 - Dark,01 - Dry,10 - No control,,03 - P.D. only,03 - Rear end,0
14-11778,HENDERSON AVE @ LAURIER AVE,368808.65642,5032076.10154,-75.68202881640,45.42569009240,2014-11-26,6:17:00 PM,01 - Clear,07 - Dark,01 - Dry,02 - Stop sign,01 - Functioning,02 - Non-fatal injury,05 - Turning movement,0
14-11779,QUEEN ELIZABETH DRWY btwn FOURTH AVE & FIFTH AVE,368829.07795,5029687.66764,-75.68207818310,45.40419792890,2014-11-26,6:22:00 PM,01 - Clear,07 - Dark,01 - Dry,10 - No control,,03 - P.D. only,03 - Rear end,0
14-11780,ALBION RD btwn ALBION RD S & BANK ST,371944.00063,5024136.77213,-75.64304667760,45.35396124510,2014-11-26,6:26:00 PM,01 - Clear,07 - Dark,01 - Dry,10 - No control,,03 - P.D. only,02 - Angle,0
14-11781,400 E OF TRAINYARDS DR @ INDUSTRIAL AVE,372091.63320,5030434.62290,-75.64030422470,45.41061268460,2014-11-26,6:48:00 PM,01 - Clear,07 - Dark,01 - Dry,01 - Traffic signal,00 - Unknown,03 - P.D. only,05 - Turning movement,0
14-11782,RICHMOND RD btwn BERKLEY AVE & ROOSEVELT AVE,362956.84077,5028100.92732,-75.75727187240,45.39043319980,2014-11-26,7:03:00 PM,01 - Clear,07 - Dark,01 - Dry,10 - No control,,03 - P.D. only,99 - Other,0
14-11783,HAWTHORNE RD @ LEITRIM RD,377038.34726,5022707.07240,-75.57824493180,45.34059121390,2014-11-26,7:06:00 PM,01 - Clear,07 - Dark,01 - Dry,01 - Traffic signal,01 - Functioning,03 - P.D. only,02 - Angle,0
14-11784,STITTSVILLE MAIN ST btwn WARNER COLPITTS LANE & MULKINS ST,349912.93246,5013744.79300,-75.92515563020,45.26221478390,2014-11-26,7:10:00 PM,01 - Clear,07 - Dark,01 - Dry,10 - No control,,03 - P.D. only,07 - SMV other,0
14-11785,LAURIER AVE @ NICHOLAS ST,368374.58712,5031796.84472,-75.68761129800,45.42321702430,2014-11-26,6:53:00 PM,01 - Clear,07 - Dark,01 - Dry,01 - Traffic signal,01 - Functioning,03 - P.D. only,04 - Sideswipe,0
14-11786,PARENT AVE @ ST. PATRICK ST,367821.57684,5032556.00865,-75.69458010240,45.43009776340,2014-11-26,9:55:00 PM,01 - Clear,07 - Dark,01 - Dry,01 - Traffic signal,01 - Functioning,03 - P.D. only,05 - Turning movement,0
14-11787,BASELINE RD btwn NAVAHO DR & DEERFIELD DR,363099.18468,5024107.62678,-75.75592547310,45.35449014070,2014-11-27,12:38:00 AM,01 - Clear,07 - Dark,01 - Dry,10 - No control,,02 - Non-fatal injury,07 - SMV other,2
14-11788,KENTMARE CRES/TARADALE DR @ CLEARBROOK DR,365822.40865,5015195.05843,-75.72226977050,45.27406406480,2014-11-27,1:24:00 AM,01 - Clear,07 - Dark,01 - Dry,02 - Stop sign,00 - Unknown,03 - P.D. only,07 - SMV other,0
14-11789,RIVER RD btwn KILBY LANE & WATERFRONT CRT,372409.57519,5007279.81767,-75.63940126770,45.20224156710,2014-11-27,4:47:00 AM,01 - Clear,07 - Dark,01 - Dry,10 - No control,,03 - P.D. only,07 - SMV other,0
14-11790,KENT ST @ MCLEOD ST,367787.65482,5030391.03896,-75.69529036500,45.41062113250,2014-11-27,6:22:00 AM,01 - Clear,07 - Dark,01 - Dry,02 - Stop sign,00 - Unknown,03 - P.D. only,05 - Turning movement,0
14-11791,FALLOWFIELD RD @ GREENBANK RD,363078.77546,5016732.93036,-75.75705375010,45.28813462020,2014-11-27,6:33:00 AM,02 - Rain,03 - Dawn,02 - Wet,01 - Traffic signal,01 - Functioning,02 - Non-fatal injury,03 - Rear end,0
14-11792,LEITRIM RD @ LIMEBANK RD S,369355.95615,5017877.75768,-75.67689022870,45.29788705090,2014-11-27,6:50:00 AM,01 - Clear,07 - Dark,01 - Dry,01 - Traffic signal,01 - Functioning,03 - P.D. only,05 - Turning movement,0
14-11793,INDUSTRIAL AVE/INNES RD @ ST. LAURENT BLVD,373100.67752,5030005.09164,-75.62747400740,45.40665021380,2014-11-27,8:19:00 AM,01 - Clear,01 - Daylight,01 - Dry,01 - Traffic signal,01 - Functioning,02 - Non-fatal injury,05 - Turning movement,0
14-11794,BANK ST @ KILBORN AVE/BELANGER AVE,369653.71990,5027427.07274,-75.67184227750,45.38378194720,2014-11-16,5:00:00 PM,01 - Clear,05 - Dusk,02 - Wet,01 - Traffic signal,01 - Functioning,03 - P.D. only,03 - Rear end,0
14-11795,MERIVALE RD/LOTTA AVE @ CLYDE AVE,364520.34140,5024507.46835,-75.73774049150,45.35796826530,2014-11-27,8:26:00 AM,01 - Clear,01 - Daylight,01 - Dry,01 - Traffic signal,01 - Functioning,01 - Fatal injury,05 - Turning movement,0
14-11796,INNES RD @ ORCHARDVIEW AVE/ESPRIT DR,384845.71472,5036560.08444,-75.47639027050,45.46438156810,2014-11-26,5:55:00 PM,01 - Clear,07 - Dark,01 - Dry,01 - Traffic signal,01 - Functioning,03 - P.D. only,03 - Rear end,0
14-11797,REGIONAL ROAD 174 btwn OR174 IC101 RAMP36 & OR174 IC101 RAMP26,382636.37722,5038853.73725,-75.50427512370,45.48526749400,2014-11-27,9:52:00 AM,01 - Clear,01 - Daylight,01 - Dry,10 - No control,,03 - P.D. only,04 - Sideswipe,0
14-11798,RICHMOND RD btwn ROOSEVELT AVE & ROOSEVELT AVE,362982.73176,5028120.65589,-75.75693891710,45.39060856430,2014-11-27,10:09:00 AM,01 - Clear,01 - Daylight,01 - Dry,10 - No control,,02 - Non-fatal injury,05 - Turning movement,0
14-11799,HUNT CLUB RD EB btwn ALBION RD & DUNSTON TER,371956.80733,5024335.12588,-75.64285630100,45.35574473800,2014-11-26,2:55:00 PM,01 - Clear,01 - Daylight,01 - Dry,10 - No control,,03 - P.D. only,03 - Rear end,0
14-11800,CARLING AVE @ CLYDE AVE/COLE AVE,363520.69060,5026852.91740,-75.75021996110,45.37915674970,2014-11-27,11:34:00 AM,01 - Clear,01 - Daylight,01 - Dry,01 - Traffic signal,01 - Functioning,03 - P.D. only,05 - Turning movement,0
14-11801,ROSEBELLA AVE btwn EIGHTH ST & CONROY RD,374039.53988,5024033.65921,-75.61631907210,45.35282969460,2014-11-26,12:56:00 PM,01 - Clear,01 - Daylight,01 - Dry,10 - No control,,03 - P.D. only,06 - SMV unattended vehicle,0
14-11802,MEADOWLANDS DR/TALLWOOD DR @ WOODROFFE AVE,363056.68960,5022730.01924,-75.75663007130,45.34209807460,2014-11-27,1:08:00 PM,01 - Clear,01 - Daylight,01 - Dry,01 - Traffic signal,01 - Functioning,03 - P.D. only,03 - Rear end,0
14-11803,CAROLINE AVE btwn SPENCER ST & WELLINGTON ST W,364703.69674,5029203.17136,-75.73483069220,45.40020372920,2014-11-27,12:00:00 PM,01 - Clear,01 - Daylight,01 - Dry,10 - No control,,03 - P.D. only,06 - SMV unattended vehicle,0
14-11804,GREENBANK RD btwn WEST HUNT CLUB RD & FALLOWFIELD RD,361679.89584,5020049.84180,-75.77450483250,45.31809487410,2014-11-25,8:20:00 PM,01 - Clear,07 - Dark,01 - Dry,10 - No control,,03 - P.D. only,99 - Other,0
14-11805,MANN AVE btwn KING EDWARD AVE & TURN LANE,369196.35426,5031343.09008,-75.67717072730,45.41905914320,2014-09-10,6:30:00 AM,01 - Clear,03 - Dawn,01 - Dry,10 - No control,,03 - P.D. only,06 - SMV unattended vehicle,0
14-11806,ALBERT ST @ BANK ST,367386.64622,5031423.09854,-75.70028194730,45.41994326190,2014-11-27,12:00:00 PM,01 - Clear,01 - Daylight,01 - Dry,01 - Traffic signal,01 - Functioning,03 - P.D. only,02 - Angle,0
14-11807,KING EDWARD AVE @ RIDEAU ST,368514.55756,5032415.01438,-75.68574289920,45.42876635940,2014-11-27,2:00:00 PM,01 - Clear,01 - Daylight,01 - Dry,01 - Traffic signal,01 - Functioning,03 - P.D. only,01 - Approaching,0
14-11808,CANOTEK RD @ SHEFFORD RD,376028.77818,5035095.02308,-75.58933662050,45.45215456640,2014-11-27,12:00:00 PM,01 - Clear,01 - Daylight,01 - Dry,01 - Traffic signal,01 - Functioning,03 - P.D. only,04 - Sideswipe,0
14-11809,BRIDGESTONE DR/STEEPLE CHASE DR @ STONEHAVEN D,355107.71742,5016984.49087,-75.85863753810,45.29101398680,2014-11-27,2:08:00 PM,01 - Clear,01 - Daylight,01 - Dry,03 - Yield sign,01 - Functioning,02 - Non-fatal injury,02 - Angle,0
14-11810,CLAYMOR AVE @ MEADOWLANDS DR,366922.60564,5025322.99966,-75.70697881330,45.36509751140,2014-11-27,2:26:00 PM,01 - Clear,01 - Daylight,01 - Dry,01 - Traffic signal,01 - Functioning,03 - P.D. only,04 - Sideswipe,0
14-11811,RIVERSIDE DR SB btwn TERMINAL AVE & Continuation of RIVERSIDE DR,370714.19544,5030732.57519,-75.65786014120,45.41342462760,2014-11-27,2:59:00 PM,01 - Clear,01 - Daylight,01 - Dry,10 - No control,,03 - P.D. only,04 - Sideswipe,0
14-11812,BRONSON AVE @ HOLMWOOD AVE,367700.23264,5028729.89979,-75.69661901370,45.39568255960,2014-11-27,3:03:00 PM,01 - Clear,01 - Daylight,01 - Dry,01 - Traffic signal,01 - Functioning,02 - Non-fatal injury,03 - Rear end,0
14-11813,BANK ST btwn ST. BERNARD ST & GRAND AVE,373016.14123,5023702.32293,-75.62942454790,45.34994875340,2014-11-27,3:12:00 PM,01 - Clear,01 - Daylight,01 - Dry,10 - No control,,03 - P.D. only,03 - Rear end,0
14-11814,HUNT CLUB RD @ RIVERSIDE DR,368036.94053,5021945.61726,-75.69318715410,45.33460892780,2014-11-27,7:35:00 AM,01 - Clear,01 - Daylight,01 - Dry,01 - Traffic signal,01 - Functioning,03 - P.D. only,04 - Sideswipe,0
14-11815,MCARTHUR AVE btwn MAY ST & ST. LAURENT BLVD,371762.12357,5032857.47472,-75.64418414470,45.43244403010,2014-11-27,3:39:00 PM,01 - Clear,01 - Daylight,01 - Dry,10 - No control,,03 - P.D. only,04 - Sideswipe,0
14-11816,MURRAY ST btwn DALHOUSIE ST & CUMBERLAND ST,368027.51525,5032591.93124,-75.69194384540,45.43040239380,2014-11-27,3:51:00 PM,01 - Clear,01 - Daylight,01 - Dry,10 - No control,,03 - P.D. only,02 - Angle,0
14-11817,ISABELLA ST/HWY417 IC119AR75 @ METCALFE ST,368447.75638,5030400.03976,-75.68685681100,45.41064239710,2014-11-27,4:07:00 PM,01 - Clear,05 - Dusk,01 - Dry,01 - Traffic signal,01 - Functioning,03 - P.D. only,04 - Sideswipe,0
14-11818,MITCH OWENS RD btwn RAMSAYVILLE RD & 8TH LINE RD,381985.67900,5018547.44235,-75.51577474990,45.30263855540,2014-11-27,5:28:00 PM,01 - Clear,07 - Dark,01 - Dry,10 - No control,,03 - P.D. only,07 - SMV other,0
14-11819,BREWER RD @ BRONSON AVE,368108.09698,5027766.91096,-75.69153371600,45.38698110870,2014-11-27,6:00:00 PM,01 - Clear,07 - Dark,01 - Dry,01 - Traffic signal,01 - Functioning,03 - P.D. only,03 - Rear end,0
14-11820,BANK ST @ HUNT CLUB RD,371606.83626,5024097.93138,-75.64735464570,45.35364397250,2014-11-26,8:55:00 AM,01 - Clear,01 - Daylight,01 - Dry,01 - Traffic signal,01 - Functioning,03 - P.D. only,03 - Rear end,0