Record,Location,X,Y,Longitude,Latitude,Date,Time,Environment,Light,Road_Surface,Traffic_Control,Collision_Location,Collision_Classification,Impact_type,Pedestrian
14-12347,ROGER STEVENS DR btwn MALAKOFF RD & MCCORDICK RD,363753.50515,4997500.81884,-75.75072795740,45.11502522540,2014-12-10,1:07:00 PM,03 - Snow,01 - Daylight,06 - Ice,10 - No control,,02 - Non-fatal injury,07 - SMV other,0
14-12348,FALLOWFIELD RD btwn EAGLESON RD & RICHMOND RD,356250.79073,5012676.81534,-75.84451203860,45.25216987440,2014-12-10,1:50:00 PM,03 - Snow,01 - Daylight,03 - Loose snow,10 - No control,,02 - Non-fatal injury,01 - Approaching,0
14-12349,COLONEL BY DR/SUSSEX DR @ RIDEAU ST,367921.84556,5032043.76374,-75.69336444120,45.42547971660,2014-12-10,2:41:00 PM,01 - Clear,01 - Daylight,02 - Wet,01 - Traffic signal,01 - Functioning,03 - P.D. only,04 - Sideswipe,0
14-12350,WEST HUNT CLUB RD EB btwn 545 E OF ROYDON PL/SUNDERLAND ST & ANTARES D,366942.70734,5022356.56108,-75.70709504350,45.33840429010,2014-12-10,3:18:00 PM,03 - Snow,01 - Daylight,04 - Slush,10 - No control,,03 - P.D. only,04 - Sideswipe,0
14-12351,REGIONAL ROAD 174 btwn QUIGLEY HILL RD & REGIONAL ROAD 174 DIVIDED,386399.89706,5042164.37406,-75.45558741540,45.51462329760,2014-12-09,3:28:00 PM,01 - Clear,01 - Daylight,04 - Slush,10 - No control,,03 - P.D. only,03 - Rear end,0
14-12352,BURTON RD @ CORDUROY RD,394337.91838,5021834.02272,-75.35770168810,45.33074195430,2014-12-10,3:30:00 PM,03 - Snow,01 - Daylight,03 - Loose snow,02 - Stop sign,01 - Functioning,03 - P.D. only,07 - SMV other,0
14-12353,TENTH LINE RD btwn AMIENS ST & 275 N OF DES EPINETTES AVE/FALLINGBROOK,383390.73265,5037473.68808,-75.49484730230,45.47276655730,2014-12-10,3:52:00 PM,03 - Snow,01 - Daylight,03 - Loose snow,10 - No control,,03 - P.D. only,07 - SMV other,0
14-12354,POULIN AVE btwn PRISCILLA ST & MARIE ST,360267.28555,5025035.59153,-75.79196212060,45.36306966920,2014-12-10,3:55:00 PM,03 - Snow,01 - Daylight,04 - Slush,10 - No control,,03 - P.D. only,01 - Approaching,0
14-12355,INNES RD @ ORLEANS BLVD,380459.84498,5034295.92794,-75.53281599410,45.44449924960,2014-12-10,3:40:00 PM,03 - Snow,01 - Daylight,03 - Loose snow,01 - Traffic signal,01 - Functioning,03 - P.D. only,03 - Rear end,0
14-12356,ANDERSON RD btwn DOLMAN RIDGE RD & RIDGE RD,378556.45758,5029632.30805,-75.55784251510,45.40274251550,2014-12-10,4:15:00 PM,03 - Snow,05 - Dusk,03 - Loose snow,10 - No control,,03 - P.D. only,01 - Approaching,0
14-12357,MAIN ST @ BECKWITH RD/BOWER ST,369360.61084,5029718.93410,-75.67528487470,45.40443043330,2014-12-10,4:15:00 PM,03 - Snow,05 - Dusk,04 - Slush,01 - Traffic signal,01 - Functioning,03 - P.D. only,02 - Angle,0
14-12358,CARLING AVE WB btwn HARE AVE & BROMLEY RD,362456.67137,5026183.67497,-75.76388297810,45.37322335390,2014-12-10,4:19:00 PM,03 - Snow,05 - Dusk,04 - Slush,10 - No control,,03 - P.D. only,03 - Rear end,0
14-12359,BAYVIEW RD @ SCOTT ST/ALBERT ST,365518.08688,5030070.13892,-75.72432242230,45.40793433900,2014-12-10,4:46:00 PM,03 - Snow,05 - Dusk,03 - Loose snow,01 - Traffic signal,01 - Functioning,03 - P.D. only,05 - Turning movement,0
14-12360,TERRY FOX DR btwn COPE DR & TRANS CANADA TRAIL,353374.12307,5015840.58719,-75.88084943250,45.28084282330,2014-12-10,4:46:00 PM,03 - Snow,05 - Dusk,03 - Loose snow,10 - No control,,03 - P.D. only,03 - Rear end,0
14-12361,INDIAN RD @ WITHROW AVE,363788.69490,5023700.08292,-75.74717461110,45.35076544000,2014-12-10,4:51:00 PM,03 - Snow,07 - Dark,03 - Loose snow,02 - Stop sign,01 - Functioning,03 - P.D. only,03 - Rear end,0
14-12362,RICHMOND RD btwn WEST HUNT CLUB RD & STONEHAVEN DR,356769.28956,5015919.46550,-75.83756745760,45.28130979510,2014-12-10,5:01:00 PM,03 - Snow,07 - Dark,04 - Slush,10 - No control,,03 - P.D. only,02 - Angle,0
14-12363,BANK ST btwn PORTLAND AVE & ERIE AVE,370109.56796,5026541.59693,-75.66613901220,45.37577237600,2014-12-10,5:08:00 PM,03 - Snow,07 - Dark,04 - Slush,10 - No control,,03 - P.D. only,03 - Rear end,0
14-12364,RICHMOND RD btwn BAYSHORE DR & BAYSHORE DR,359374.41774,5023371.64524,-75.80354238260,45.34816756530,2014-12-10,5:11:00 PM,03 - Snow,07 - Dark,03 - Loose snow,10 - No control,,03 - P.D. only,03 - Rear end,0
14-12365,INNES RD @ TENTH LINE RD,383950.81018,5036159.08574,-75.48789689850,45.46087571890,2014-11-24,5:00:00 PM,03 - Snow,05 - Dusk,03 - Loose snow,01 - Traffic signal,01 - Functioning,03 - P.D. only,03 - Rear end,0
14-12366,VIEWMOUNT DR btwn MEADOWLANDS DR W & OAKRIDGE BLVD,363743.08187,5023097.74236,-75.74782847160,45.34534947640,2014-12-10,5:21:00 PM,03 - Snow,07 - Dark,05 - Packed snow,10 - No control,,03 - P.D. only,01 - Approaching,0
14-12367,OGILVIE RD @ CITY PARK DR E/CSIS HQ ACCESS,374188.72820,5033010.10174,-75.61315285410,45.43358072230,2014-12-10,5:24:00 PM,03 - Snow,07 - Dark,03 - Loose snow,01 - Traffic signal,01 - Functioning,03 - P.D. only,05 - Turning movement,0
14-12368,CYRVILLE RD @ ST. LAURENT BLVD,372240.81171,5032112.79212,-75.63816890010,45.42569772830,2014-12-10,4:50:00 PM,03 - Snow,07 - Dark,03 - Loose snow,01 - Traffic signal,01 - Functioning,03 - P.D. only,04 - Sideswipe,0
14-12369,CLARENCE ST    E btwn COBOURG ST & END,368934.50750,5033048.51519,-75.68029407570,45.43442797700,2014-12-10,5:38:00 PM,03 - Snow,07 - Dark,03 - Loose snow,10 - No control,,02 - Non-fatal injury,07 - SMV other,1
14-12370,FRONTIER RD btwn DEVINE RD & BURTON RD,389757.77112,5021633.30262,-75.41615751190,45.32950545880,2014-12-10,5:41:00 PM,03 - Snow,07 - Dark,03 - Loose snow,10 - No control,,02 - Non-fatal injury,07 - SMV other,0
14-12371,RIVERSIDE DR @ PLEASANT PARK RD,369562.20112,5028416.43918,-75.67288098630,45.39269241030,2014-12-10,5:45:00 PM,03 - Snow,07 - Dark,05 - Packed snow,01 - Traffic signal,01 - Functioning,03 - P.D. only,03 - Rear end,0
14-12372,PRINCE OF WALES DR btwn TURN LANE & WEST HUNT CLUB RD,367447.30887,5021787.46530,-75.70072928890,45.33323879450,2014-12-10,5:52:00 PM,03 - Snow,07 - Dark,03 - Loose snow,10 - No control,,03 - P.D. only,02 - Angle,0
14-12373,ATHLONE AVE @ RICHMOND RD,363451.78926,5028442.03076,-75.75091081940,45.39346111700,2014-12-10,5:57:00 PM,03 - Snow,07 - Dark,03 - Loose snow,01 - Traffic signal,01 - Functioning,03 - P.D. only,03 - Rear end,0
14-12374,DES EPINETTES AVE @ JEANNE D'ARC BLVD,382225.64887,5035962.60255,-75.50998416280,45.45930124870,2014-12-10,6:09:00 PM,03 - Snow,07 - Dark,03 - Loose snow,01 - Traffic signal,01 - Functioning,03 - P.D. only,03 - Rear end,0
14-12375,KIRKWOOD AVE @ 118 N OF DOVERCOURT AVE,364159.61978,5027758.08696,-75.74195361060,45.38724747060,2014-12-10,6:15:00 PM,03 - Snow,07 - Dark,03 - Loose snow,01 - Traffic signal,01 - Functioning,03 - P.D. only,05 - Turning movement,0
14-12376,GREENBANK RD btwn WEST HUNT CLUB RD & FALLOWFIELD RD,362923.88203,5017102.44651,-75.75898489320,45.29147235810,2014-12-10,6:23:00 PM,03 - Snow,07 - Dark,03 - Loose snow,10 - No control,,02 - Non-fatal injury,01 - Approaching,0
14-12377,STEVENAGE DR btwn SWANSEA CRES & SWANSEA CRES,374664.96368,5027096.65828,-75.60790485000,45.38032716430,2014-12-10,6:24:00 PM,01 - Clear,07 - Dark,05 - Packed snow,10 - No control,,03 - P.D. only,07 - SMV other,0
14-12378,DUMAURIER AVE @ PINECREST RD,360322.62912,5023833.08572,-75.79139078710,45.35224517570,2014-12-10,6:27:00 PM,03 - Snow,07 - Dark,03 - Loose snow,01 - Traffic signal,01 - Functioning,03 - P.D. only,07 - SMV other,0
14-12379,RUSSELL RD btwn SOUTHVALE CRES & TUPPER AVE,373809.18251,5029089.47299,-75.61855221170,45.39834242060,2014-12-10,6:32:00 PM,03 - Snow,07 - Dark,04 - Slush,10 - No control,,02 - Non-fatal injury,07 - SMV other,1
14-12380,WEST RIDGE DR btwn KITTIWAKE DR & DELAMERE DR,348552.28779,5013814.55225,-75.94248644810,45.26292844880,2014-12-10,6:30:00 PM,03 - Snow,07 - Dark,05 - Packed snow,10 - No control,,03 - P.D. only,03 - Rear end,0
14-12381,OLD CARP RD btwn MARCH RD & LADY LOCHEAD LANE,343746.89896,5022354.02367,-76.00304580340,45.34005259290,2014-12-10,6:53:00 PM,03 - Snow,07 - Dark,05 - Packed snow,10 - No control,,02 - Non-fatal injury,07 - SMV other,1
14-12382,CYRVILLE RD btwn LABRIE AVE & STAR TOP RD,373686.26047,5031572.87792,-75.61977507350,45.42069899830,2014-12-10,6:57:00 PM,03 - Snow,07 - Dark,03 - Loose snow,10 - No control,,03 - P.D. only,07 - SMV other,0
14-12383,AVIATION PKWY @ OGILVIE RD,373110.71420,5032377.06066,-75.62701698900,45.42799107400,2014-12-10,7:01:00 PM,03 - Snow,07 - Dark,03 - Loose snow,01 - Traffic signal,01 - Functioning,03 - P.D. only,07 - SMV other,0
14-12384,JOCKVALE RD btwn GOLFLINKS DR & PRINCE OF WALES DR,366637.48787,5012207.27368,-75.71225443970,45.24710888620,2014-12-10,7:08:00 PM,03 - Snow,07 - Dark,03 - Loose snow,10 - No control,,03 - P.D. only,01 - Approaching,0
14-12385,REGIONAL RD 174 EB @ OR174 IC109 RAMP55,376460.17231,5034962.36330,-75.58384125990,45.45091687630,2014-12-10,7:53:00 PM,03 - Snow,07 - Dark,03 - Loose snow,10 - No control,,03 - P.D. only,04 - Sideswipe,0
14-12386,WILLIAM ST btwn YORK ST & GEORGE ST,368040.81985,5032246.20084,-75.69181822510,45.42729042940,2014-12-10,8:02:00 PM,01 - Clear,07 - Dark,02 - Wet,10 - No control,,03 - P.D. only,99 - Other,0
14-12387,REGIONAL ROAD 174 EB btwn HWY417 IC113 RAMP65 & OR174 BLAIR IC112 RAMP51,374040.32600,5032209.26587,-75.61516193530,45.42638993520,2014-12-10,8:11:00 PM,03 - Snow,07 - Dark,03 - Loose snow,10 - No control,,02 - Non-fatal injury,07 - SMV other,0
14-12388,INNES RD @ PAGE RD,380887.74900,5034539.12932,-75.52730914350,45.44664094180,2014-12-10,8:15:00 PM,03 - Snow,07 - Dark,03 - Loose snow,01 - Traffic signal,01 - Functioning,03 - P.D. only,03 - Rear end,0
14-12389,CHAPMAN MILLS DR/TRANSITWAY SOUTHWEST @ WOODROFFE AVE,366177.09010,5015219.37010,-75.71774677460,45.27425195100,2014-12-10,8:33:00 PM,03 - Snow,07 - Dark,05 - Packed snow,01 - Traffic signal,01 - Functioning,03 - P.D. only,04 - Sideswipe,0
14-12390,CHURCHILL AVE   N btwn GREENWOOD AVE & IRENE CRES,363655.08880,5027304.37517,-75.74845021550,45.38320762090,2014-12-10,8:37:00 PM,03 - Snow,07 - Dark,03 - Loose snow,10 - No control,,03 - P.D. only,03 - Rear end,0
14-12391,RICHMOND RD btwn JOHN SUTHERLAND DR & HOLLY ACRES RD,359004.70029,5022620.39560,-75.80834255120,45.34143647470,2014-12-10,8:38:00 PM,03 - Snow,07 - Dark,03 - Loose snow,10 - No control,,03 - P.D. only,07 - SMV other,0
14-12392,CLARKE AVE @ ST. LAURENT BLVD,371732.82106,5033352.16472,-75.64449135110,45.43689782520,2014-12-10,8:44:00 PM,02 - Rain,07 - Dark,03 - Loose snow,01 - Traffic signal,01 - Functioning,03 - P.D. only,03 - Rear end,0
14-12393,MAITLAND AVE @ WOODWARD DR,363275.59484,5025662.05234,-75.75349021530,45.36846200040,2014-12-10,8:50:00 PM,03 - Snow,07 - Dark,03 - Loose snow,01 - Traffic signal,01 - Functioning,03 - P.D. only,03 - Rear end,0
14-12394,CARLING AVE @ CLYDE AVE/COLE AVE,363520.69060,5026849.11692,-75.75022041310,45.37912255340,2014-12-11,3:15:00 AM,03 - Snow,07 - Dark,03 - Loose snow,01 - Traffic signal,01 - Functioning,03 - P.D. only,07 - SMV other,0
14-12395,RICHMOND RD btwn GOLDEN AVE & BERKLEY AVE,362868.06905,5028030.90182,-75.75841373120,45.38981048670,2014-12-10,9:26:00 PM,03 - Snow,07 - Dark,03 - Loose snow,10 - No control,,03 - P.D. only,06 - SMV unattended vehicle,0
14-12396,RICHMOND RD btwn WEST HUNT CLUB RD & SEYTON DR,357247.30891,5018704.48118,-75.83118023460,45.30633427640,2014-12-10,9:50:00 PM,03 - Snow,07 - Dark,03 - Loose snow,10 - No control,,03 - P.D. only,07 - SMV other,0
14-12397,WOODROFFE AVE btwn TURN LANE & KNOXDALE RD,363412.08895,5021850.71503,-75.75219962850,45.33415655870,2014-12-10,9:54:00 PM,03 - Snow,07 - Dark,05 - Packed snow,10 - No control,,03 - P.D. only,03 - Rear end,0
14-12398,RIVERSIDE DR SB btwn BILLINGS BRIDGE SC RAMP SB & BANK ST,369202.91305,5027967.86904,-75.67752774820,45.38868945420,2014-12-10,10:01:00 PM,03 - Snow,07 - Dark,03 - Loose snow,10 - No control,,03 - P.D. only,07 - SMV other,0
14-12399,BANK ST btwn CONROY RD & ORVILLE KEMP ST,375181.56720,5022035.64854,-75.60202982040,45.33473875420,2014-12-10,10:19:00 PM,03 - Snow,07 - Dark,03 - Loose snow,10 - No control,,03 - P.D. only,03 - Rear end,0
14-12400,HAIG DR @ PLEASANT PARK RD,372404.63644,5028587.02476,-75.63655913260,45.39395863320,2014-12-10,10:30:00 PM,03 - Snow,07 - Dark,03 - Loose snow,02 - Stop sign,01 - Functioning,03 - P.D. only,02 - Angle,0
14-12401,REGIONAL ROAD 174 btwn OLD MONTREAL RD & OLD MONTREAL RD,392721.78382,5042735.60093,-75.37458508820,45.51899403750,2014-12-10,10:27:00 PM,03 - Snow,07 - Dark,03 - Loose snow,10 - No control,,03 - P.D. only,07 - SMV other,0
14-12402,SLATER ST btwn ALBERT ST & COMMISSIONER ST,366586.13353,5030726.21289,-75.71059711280,45.41374404090,2014-12-10,10:40:00 PM,03 - Snow,07 - Dark,04 - Slush,10 - No control,,03 - P.D. only,04 - Sideswipe,0
14-12403,RIDEAU ST btwn CUMBERLAND ST & KING EDWARD AVE,368487.37260,5032397.11265,-75.68609259690,45.42860776240,2014-12-10,10:43:00 PM,03 - Snow,07 - Dark,05 - Packed snow,10 - No control,,03 - P.D. only,06 - SMV unattended vehicle,0
14-12404,LEITRIM RD N @ RAMSAYVILLE RD,378725.82178,5023873.97976,-75.55654139990,45.35091462810,2014-12-10,11:20:00 PM,03 - Snow,07 - Dark,03 - Loose snow,02 - Stop sign,01 - Functioning,03 - P.D. only,02 - Angle,0
14-12405,REGIONAL ROAD 174 EB btwn HWY417 IC113 RAMP65 & OR174 BLAIR IC112 RAMP51,374702.66435,5032746.57563,-75.60662252390,45.43115847550,2014-12-10,11:36:00 PM,03 - Snow,07 - Dark,03 - Loose snow,10 - No control,,03 - P.D. only,04 - Sideswipe,0
14-12406,LEITRIM RD @ ALBION RD,373497.58510,5020418.78614,-75.62373686520,45.32035767310,2014-12-10,11:41:00 PM,03 - Snow,07 - Dark,04 - Slush,01 - Traffic signal,01 - Functioning,03 - P.D. only,03 - Rear end,0
14-12407,UPPER DWYER HILL RD btwn MANTIL SIDE RD & VAUGHAN SIDE RD,330165.69258,5018773.00401,-76.17651904930,45.30845105920,2014-12-11,4:54:00 AM,01 - Clear,07 - Dark,03 - Loose snow,10 - No control,,03 - P.D. only,07 - SMV other,0
14-12408,BASELINE RD @ CENTREPOINTE DR W/COBDEN RD,361632.73128,5023207.03534,-75.77474384790,45.34650705340,2014-12-11,5:31:00 AM,03 - Snow,07 - Dark,03 - Loose snow,01 - Traffic signal,01 - Functioning,03 - P.D. only,07 - SMV other,0
14-12409,INDUSTRIAL AVE/INNES RD @ ST. LAURENT BLVD,373099.72740,5030006.04176,-75.62748601170,45.40665885600,2014-12-11,5:45:00 AM,03 - Snow,07 - Dark,04 - Slush,01 - Traffic signal,01 - Functioning,03 - P.D. only,03 - Rear end,0
14-12410,ST. LAURENT BLVD @ TREMBLAY RD,372596.66402,5031242.05106,-75.63374178600,45.41782881130,2014-12-11,6:28:00 AM,01 - Clear,07 - Dark,03 - Loose snow,01 - Traffic signal,01 - Functioning,03 - P.D. only,03 - Rear end,0
14-12411,BRONSON AVE @ COMMISSIONER ST/SLATER ST,366769.66926,5030948.08577,-75.70822451660,45.41572415950,2014-12-11,6:43:00 AM,01 - Clear,07 - Dark,02 - Wet,01 - Traffic signal,01 - Functioning,02 - Non-fatal injury,02 - Angle,0
14-12412,PRINCE OF WALES DR btwn MAPLEHILL WAY & LODGE RD,366915.40465,5013169.72306,-75.70859413570,45.25574450340,2014-12-11,6:44:00 AM,05 - Drifting Snow,07 - Dark,04 - Slush,10 - No control,,03 - P.D. only,01 - Approaching,0
14-12413,BLAIR RD @ MONTREAL RD,374019.72020,5034440.05986,-75.61511155440,45.44646345700,2014-12-11,8:43:00 AM,01 - Clear,01 - Daylight,04 - Slush,01 - Traffic signal,01 - Functioning,02 - Non-fatal injury,05 - Turning movement,0
14-12414,RIVERSIDE DR btwn HOG'S BACK RD & RIDGEWOOD AVE,368232.94986,5025892.00446,-75.69018032360,45.37009991630,2014-12-11,7:17:00 AM,01 - Clear,03 - Dawn,04 - Slush,10 - No control,,03 - P.D. only,05 - Turning movement,0
14-12415,PRINCE OF WALES DR @ STRANDHERD DR,367173.78830,5014823.59040,-75.70509475610,45.27060304890,2014-12-11,7:59:00 AM,03 - Snow,01 - Daylight,04 - Slush,01 - Traffic signal,01 - Functioning,02 - Non-fatal injury,03 - Rear end,0
14-12416,SMYTH RD btwn VALOUR DR & BARNHART PL,370819.90323,5029102.95221,-75.65672793730,45.39875195510,2014-12-11,8:04:00 AM,01 - Clear,01 - Daylight,04 - Slush,10 - No control,,03 - P.D. only,07 - SMV other,0
14-12417,ST. JOSEPH BLVD @ JEANNE D'ARC BLVD,379861.21643,5036469.68517,-75.54013561120,45.46412160820,2014-12-10,9:00:00 PM,03 - Snow,07 - Dark,03 - Loose snow,11 - Roundabout,01 - Functioning,03 - P.D. only,02 - Angle,0
14-12418,LONGFIELDS DR @ PAUL METIVIER DR,364841.33400,5014200.43700,-75.73489268780,45.26519892110,2014-12-11,9:05:00 AM,01 - Clear,01 - Daylight,02 - Wet,02 - Stop sign,01 - Functioning,02 - Non-fatal injury,05 - Turning movement,0
14-12419,INDUSTRIAL AVE @ RIVERSIDE DR,370685.02163,5030593.76552,-75.65825138910,45.41217842080,2014-12-11,9:16:00 AM,01 - Clear,01 - Daylight,03 - Loose snow,01 - Traffic signal,01 - Functioning,02 - Non-fatal injury,03 - Rear end,0
14-12420,EAGLESON RD @ PALOMINO DR S/ROTHESAY DR,354125.54259,5017286.71046,-75.87112825730,45.29380305010,2014-12-11,9:21:00 AM,03 - Snow,01 - Daylight,03 - Loose snow,01 - Traffic signal,01 - Functioning,02 - Non-fatal injury,03 - Rear end,0
14-12421,HWY 417 INNES IC112R57 @ INNES RD,374298.93372,5030754.29914,-75.61206275800,45.41327325420,2014-12-11,10:10:00 AM,01 - Clear,01 - Daylight,04 - Slush,01 - Traffic signal,01 - Functioning,03 - P.D. only,02 - Angle,0
14-12422,BRONSON AVE btwn PLYMOUTH ST & RENFREW AVE,367351.01089,5029567.23986,-75.70097275150,45.40324799320,2014-12-11,10:25:00 AM,01 - Clear,01 - Daylight,02 - Wet,10 - No control,,03 - P.D. only,04 - Sideswipe,0
14-12423,ELGIN ST @ WAVERLEY ST,368317.70670,5030953.99328,-75.68844672720,45.41563850240,2014-12-09,8:10:00 PM,01 - Clear,07 - Dark,02 - Wet,01 - Traffic signal,01 - Functioning,03 - P.D. only,02 - Angle,0
14-12424,WEST HUNT CLUB RD @ ANTARES DR/LASER ST,367107.71130,5022081.02664,-75.70502458500,45.33591044460,2014-12-11,11:30:00 AM,03 - Snow,01 - Daylight,02 - Wet,01 - Traffic signal,01 - Functioning,03 - P.D. only,02 - Angle,0
14-12425,HILLCREST AVE btwn BYRON AVE & KENWOOD AVE,362667.20890,5027686.12883,-75.76101912460,45.38672489190,2014-12-10,6:00:00 PM,03 - Snow,07 - Dark,03 - Loose snow,10 - No control,,03 - P.D. only,06 - SMV unattended vehicle,0
14-12426,CONNAUGHT AVE btwn HENLEY ST & SEVERN AVE,361029.48470,5024527.49037,-75.78229124680,45.35843707760,2014-12-11,11:42:00 AM,01 - Clear,01 - Daylight,04 - Slush,10 - No control,,03 - P.D. only,99 - Other,0
14-12427,OGILVIE RD @ CITY PARK DR E/CSIS HQ ACCESS,374189.67832,5033009.15162,-75.61314084640,45.43357207960,2014-12-10,4:40:00 PM,03 - Snow,05 - Dusk,03 - Loose snow,01 - Traffic signal,01 - Functioning,03 - P.D. only,03 - Rear end,0
14-12428,GUIGUES AVE btwn KING EDWARD AVE & MICHEL RIEL PRIV,368299.31178,5032971.99251,-75.68842158560,45.43379742300,2014-12-11,12:39:00 PM,01 - Clear,01 - Daylight,03 - Loose snow,10 - No control,,03 - P.D. only,07 - SMV other,0
14-12429,SECOND AVE @ BRONSON AVE,367516.85624,5029163.98048,-75.69890573200,45.39960474330,2014-12-11,12:57:00 PM,01 - Clear,01 - Daylight,01 - Dry,02 - Stop sign,01 - Functioning,03 - P.D. only,05 - Turning movement,0
14-12430,ARGYLE AVE E @ METCALFE ST,368442.53282,5030640.98795,-75.68689242910,45.41281084390,2014-12-11,2:12:00 PM,01 - Clear,01 - Daylight,03 - Loose snow,10 - No control,,03 - P.D. only,04 - Sideswipe,0
14-12431,MERIVALE RD/LOTTA AVE @ CLYDE AVE,364521.69830,5024508.00096,-75.73772310950,45.35797294200,2014-12-10,5:55:00 PM,03 - Snow,07 - Dark,03 - Loose snow,01 - Traffic signal,01 - Functioning,03 - P.D. only,03 - Rear end,0
14-12432,MERIVALE RD btwn CALDWELL AVE & CENTRAL PARK DR,364920.13054,5026155.60812,-75.73243758070,45.37276379470,2014-12-10,2:32:00 PM,03 - Snow,01 - Daylight,03 - Loose snow,10 - No control,,03 - P.D. only,04 - Sideswipe,0
14-12433,OR174 IC112 RAMP51 @ REGIONAL RD 174,374834.92007,5032848.85883,-75.60491791490,45.43206553100,2014-12-11,3:16:00 PM,01 - Clear,01 - Daylight,02 - Wet,10 - No control,,03 - P.D. only,07 - SMV other,0
14-12434,ALPINE AVE @ CARLING AVE,360496.67700,5024940.14360,-75.78904493140,45.36219264450,2014-12-11,3:31:00 PM,03 - Snow,01 - Daylight,04 - Slush,01 - Traffic signal,01 - Functioning,02 - Non-fatal injury,02 - Angle,0
14-12435,WOODROFFE AVE btwn CARLING AVE & FOX CRES,361800.93776,5025638.57763,-75.77231710970,45.36837226100,2014-12-11,4:20:00 PM,01 - Clear,05 - Dusk,01 - Dry,10 - No control,,03 - P.D. only,04 - Sideswipe,0
14-12436,BOUNDARY RD @ DEVINE RD,388359.88318,5021457.84650,-75.43401744990,45.32809467810,2014-12-11,4:39:00 PM,01 - Clear,05 - Dusk,01 - Dry,02 - Stop sign,01 - Functioning,03 - P.D. only,02 - Angle,0
14-12437,RIVER RD @ SUMMERHILL ST,367496.86900,5014254.98710,-75.70104952730,45.26545806940,2014-12-07,2:25:00 PM,01 - Clear,01 - Daylight,01 - Dry,02 - Stop sign,01 - Functioning,02 - Non-fatal injury,03 - Rear end,0
14-12438,LOLA ST @ QUEEN MARY ST,371130.68746,5032043.13772,-75.65236306420,45.42517715990,2014-12-11,4:50:00 PM,01 - Clear,05 - Dusk,03 - Loose snow,02 - Stop sign,01 - Functioning,02 - Non-fatal injury,03 - Rear end,0
14-12439,MERIVALE RD @ COLDREY AVE/CRERAR AVE,364893.73994,5027391.09862,-75.73262412040,45.38388277870,2014-12-11,4:53:00 PM,01 - Clear,05 - Dusk,01 - Dry,01 - Traffic signal,01 - Functioning,02 - Non-fatal injury,05 - Turning movement,0
14-12440,CATHERINE ST/HWY 417 O'CONN IC119BR76 @ O'CONN,368243.50144,5030392.76425,-75.68946698020,45.41059548070,2014-12-11,4:51:00 PM,01 - Clear,05 - Dusk,02 - Wet,01 - Traffic signal,01 - Functioning,03 - P.D. only,99 - Other,0
14-12441,SMYTH RD E/LANCASTER RD @ ST. LAURENT BLVD N/R,373365.67952,5029425.97578,-75.62416958670,45.40141369090,2014-12-11,5:09:00 PM,01 - Clear,07 - Dark,02 - Wet,01 - Traffic signal,00 - Unknown,02 - Non-fatal injury,03 - Rear end,0
14-12442,WOODROFFE AVE @ CLARIDGE DR/STONEWAY DR N,365577.85962,5016709.55994,-75.72520079370,45.28771266540,2014-12-11,5:51:00 PM,02 - Rain,07 - Dark,02 - Wet,01 - Traffic signal,01 - Functioning,03 - P.D. only,04 - Sideswipe,0
14-12443,CARLING AVE @ CARLINGWOOD SC,362073.96222,5025921.40380,-75.76879913140,45.37089484710,2014-12-11,6:01:00 PM,01 - Clear,07 - Dark,04 - Slush,01 - Traffic signal,01 - Functioning,03 - P.D. only,05 - Turning movement,0
14-12444,HUNT CLUB RD @ LORRY GREENBERG DR/SABLE RIDGE,372823.73870,5024807.97986,-75.63172757770,45.35991573390,2014-12-11,6:22:00 PM,01 - Clear,07 - Dark,01 - Dry,01 - Traffic signal,01 - Functioning,03 - P.D. only,02 - Angle,0
14-12445,MURRAY ST btwn SUSSEX DR & PARENT AVE,367786.67668,5032442.81132,-75.69504056220,45.42908239610,2014-12-11,6:50:00 PM,01 - Clear,07 - Dark,02 - Wet,10 - No control,,03 - P.D. only,04 - Sideswipe,0
14-12446,SAI CRES btwn BLOHM DR & BLOHM DR,374710.65118,5026616.43460,-75.60738953510,45.37600177760,2014-12-11,4:20:00 PM,03 - Snow,05 - Dusk,03 - Loose snow,10 - No control,,03 - P.D. only,06 - SMV unattended vehicle,0
14-12447,LEOPOLDS DR @ RIVERSIDE DR,368045.65392,5024049.98676,-75.69280693920,45.35354281240,2014-12-11,7:32:00 PM,01 - Clear,07 - Dark,01 - Dry,02 - Stop sign,00 - Unknown,03 - P.D. only,02 - Angle,0
14-12448,HUNTMAR DR btwn PALLADIUM DR & MAPLE GROVE RD,350132.68814,5016861.19687,-75.92207098440,45.29024308970,2014-12-11,8:12:00 PM,01 - Clear,07 - Dark,03 - Loose snow,10 - No control,,03 - P.D. only,07 - SMV other,0
14-12449,VANIER PKWY/CRICHTON ST @ BEECHWOOD AVE/ST. PA,369127.79700,5033486.65894,-75.67776663550,45.43835246770,2014-12-11,8:33:00 PM,01 - Clear,07 - Dark,02 - Wet,01 - Traffic signal,01 - Functioning,03 - P.D. only,05 - Turning movement,0
14-12450,RIDGEBROOK DR btwn MEADOWBROOK RD & ERIC CRES,374700.38243,5032082.84186,-75.60674589050,45.42518679060,2014-12-11,10:01:00 PM,01 - Clear,07 - Dark,01 - Dry,10 - No control,,03 - P.D. only,01 - Approaching,0