Record,Location,X,Y,Longitude,Latitude,Date,Time,Environment,Light,Road_Surface,Traffic_Control,Collision_Location,Collision_Classification,Impact_type,Pedestrian
14-12451,PRESTON ST btwn GEORGE ST W & ABERDEEN ST,366646.94411,5029353.43908,-75.70999245620,45.40138682870,2014-12-11,10:49:00 PM,01 - Clear,07 - Dark,04 - Slush,10 - No control,,03 - P.D. only,03 - Rear end,0
14-12452,JEANNE D'ARC BLVD @ MONTCERF CRT,381115.68759,5036288.70843,-75.52412415990,45.46235740580,2014-12-12,1:44:00 AM,01 - Clear,07 - Dark,02 - Wet,01 - Traffic signal,01 - Functioning,03 - P.D. only,07 - SMV other,0
14-12453,REGIONAL ROAD 174 btwn MORIN RD & OLD MONTREAL RD,392507.47424,5042744.18793,-75.37732622270,45.51909828320,2014-12-12,2:12:00 AM,01 - Clear,07 - Dark,01 - Dry,10 - No control,,03 - P.D. only,07 - SMV other,0
14-12454,BANK ST @ CATHERINE ST,368038.75528,5030267.09694,-75.69209860740,45.40948329640,2014-12-12,7:06:00 AM,02 - Rain,03 - Dawn,02 - Wet,01 - Traffic signal,01 - Functioning,02 - Non-fatal injury,07 - SMV other,1
14-12455,JOLIFFE ST @ TAWNEY RD,374000.49369,5028514.41867,-75.61618956810,45.39314947130,2014-11-20,11:00:00 PM,03 - Snow,07 - Dark,05 - Packed snow,02 - Stop sign,01 - Functioning,03 - P.D. only,07 - SMV other,0
14-12456,DALMENY RD btwn STAGECOACH RD & 4TH LINE RD,378562.73565,4999656.09156,-75.56221445470,45.13302816930,2014-12-12,7:44:00 AM,03 - Snow,03 - Dawn,03 - Loose snow,10 - No control,,03 - P.D. only,07 - SMV other,0
14-12457,BOUNDARY RD btwn PANA RD & PRESCOTT/RUSSELL RT 100,390025.84000,5016951.27710,-75.41354339860,45.28734822860,2014-12-12,7:51:00 AM,05 - Drifting Snow,03 - Dawn,06 - Ice,10 - No control,,03 - P.D. only,01 - Approaching,0
14-12458,GRENFELL CRES @ SLACK RD,365825.37419,5020852.87374,-75.72153561750,45.32497238310,2014-12-12,8:03:00 AM,02 - Rain,01 - Daylight,04 - Slush,02 - Stop sign,00 - Unknown,03 - P.D. only,03 - Rear end,0
14-12459,GREENBANK RD btwn JOCKVALE RD & CAMBRIAN RD,364318.51087,5013897.52624,-75.74159073280,45.26251775820,2014-12-12,8:10:00 AM,03 - Snow,01 - Daylight,03 - Loose snow,10 - No control,,03 - P.D. only,03 - Rear end,0
14-12460,BANK ST btwn QUEENSDALE AVE & LESTER RD,373414.53715,5023368.16932,-75.62438716750,45.34690330140,2014-12-12,8:10:00 AM,03 - Snow,01 - Daylight,03 - Loose snow,10 - No control,,03 - P.D. only,02 - Angle,0
14-12461,CYRVILLE RD @ OGILVIE RD,372455.61934,5032006.04486,-75.63543883400,45.42471652380,2014-12-12,8:10:00 AM,03 - Snow,01 - Daylight,03 - Loose snow,01 - Traffic signal,01 - Functioning,03 - P.D. only,02 - Angle,0
14-12462,PINEWOOD CRES btwn HARWOOD AVE & HENLEY ST,360328.39752,5024068.49284,-75.79129073490,45.35436290680,2014-12-12,8:21:00 AM,03 - Snow,01 - Daylight,05 - Packed snow,10 - No control,,03 - P.D. only,01 - Approaching,0
14-12463,LIVERPOOL CRT @ NEWMARKET ST,373498.73160,5030383.07814,-75.62233688140,45.41001220090,2014-12-11,7:25:00 AM,03 - Snow,03 - Dawn,05 - Packed snow,02 - Stop sign,00 - Unknown,03 - P.D. only,01 - Approaching,0
14-12464,HAIG DR btwn RAGLAN AVE & SAUNDERSON DR,372550.81861,5029505.82248,-75.63456612150,45.40221145020,2014-12-12,8:45:00 AM,03 - Snow,01 - Daylight,03 - Loose snow,10 - No control,,03 - P.D. only,01 - Approaching,0
14-12465,DES EPINETTES AVE @ JEANNE D'ARC BLVD,382225.64887,5035960.94650,-75.50998442360,45.45928634850,2014-12-12,8:52:00 AM,03 - Snow,01 - Daylight,02 - Wet,01 - Traffic signal,01 - Functioning,03 - P.D. only,99 - Other,0
14-12466,GRENON AVE @ RICHMOND RD,359808.57074,5024034.93528,-75.79792851810,45.35410192890,2014-12-12,8:58:00 AM,03 - Snow,01 - Daylight,04 - Slush,01 - Traffic signal,01 - Functioning,03 - P.D. only,03 - Rear end,0
14-12467,AMBERDALE CRES @ BRIAR HILL DR N,371454.02521,5027283.86828,-75.64887490460,45.38232445920,2014-12-12,9:01:00 AM,01 - Clear,01 - Daylight,04 - Slush,10 - No control,,03 - P.D. only,01 - Approaching,0
14-12468,BASELINE RD @ GREENBANK RD,360596.73418,5022583.07502,-75.78803380070,45.34097584630,2014-12-07,2:30:00 PM,01 - Clear,01 - Daylight,01 - Dry,01 - Traffic signal,01 - Functioning,03 - P.D. only,04 - Sideswipe,0
14-12469,MERLYN WILSON RD btwn BART'S LANE & TO BE DETERMINED,369145.18480,4990607.52932,-75.68309339890,45.05252808290,2014-12-12,9:20:00 AM,03 - Snow,01 - Daylight,04 - Slush,10 - No control,,03 - P.D. only,07 - SMV other,0
14-12470,GEORGE ST @ SUSSEX DR,367870.16602,5032132.11808,-75.69401347660,45.42627936120,2014-12-12,8:15:00 AM,03 - Snow,01 - Daylight,03 - Loose snow,01 - Traffic signal,01 - Functioning,03 - P.D. only,02 - Angle,0
14-12471,FIFTH LINE RD btwn GREENLAND RD & BERRY SIDE RD,345533.16034,5032045.08128,-75.97945472800,45.42715369250,2014-12-12,9:49:00 AM,03 - Snow,01 - Daylight,03 - Loose snow,10 - No control,,03 - P.D. only,07 - SMV other,0
14-12472,BANK ST btwn LAURIER AVE W & GLOUCESTER ST,367517.05617,5031209.03321,-75.69864300920,45.41800549210,2014-12-12,12:49:00 PM,03 - Snow,01 - Daylight,04 - Slush,10 - No control,,03 - P.D. only,03 - Rear end,0
14-12473,CEDARVIEW RD @ WEST HUNT CLUB RD,359718.67740,5019554.85293,-75.79957286300,45.31379708690,2014-12-12,10:09:00 AM,03 - Snow,01 - Daylight,04 - Slush,01 - Traffic signal,01 - Functioning,03 - P.D. only,05 - Turning movement,0
14-12474,MEADOWLANDS DR @ MERIVALE RD,364858.69990,5023726.93558,-75.73351695160,45.35091623910,2014-12-12,11:00:00 AM,03 - Snow,01 - Daylight,04 - Slush,01 - Traffic signal,01 - Functioning,03 - P.D. only,03 - Rear end,0
14-12475,GLOUCESTER ST @ LYON ST,367195.64822,5031002.04786,-75.70277555550,45.41617183840,2014-12-12,11:21:00 AM,03 - Snow,01 - Daylight,04 - Slush,01 - Traffic signal,01 - Functioning,03 - P.D. only,07 - SMV other,0
14-12476,INNES RD @ JEANNE D'ARC BLVD/MER BLEUE RD,382638.70372,5035569.92900,-75.50476552690,45.45572241280,2014-12-12,11:28:00 AM,03 - Snow,01 - Daylight,02 - Wet,01 - Traffic signal,01 - Functioning,03 - P.D. only,03 - Rear end,0
14-12477,ISABELLA ST/HWY417 IC119AR75 @ METCALFE ST,368448.70650,5030398.13952,-75.68684491940,45.41062521250,2014-12-12,11:00:00 AM,01 - Clear,01 - Daylight,01 - Dry,01 - Traffic signal,00 - Unknown,03 - P.D. only,04 - Sideswipe,0
14-12478,RICHMOND RD @ WEST HUNT CLUB RD,357143.74706,5018151.98724,-75.83255912810,45.30137058690,2014-12-12,8:58:00 AM,03 - Snow,01 - Daylight,05 - Packed snow,01 - Traffic signal,01 - Functioning,03 - P.D. only,03 - Rear end,0
14-12479,INNOVATION DR btwn HINES RD & END,349868.69006,5022590.13893,-75.92491522000,45.34181065110,2014-12-12,11:54:00 AM,01 - Clear,01 - Daylight,01 - Dry,10 - No control,,03 - P.D. only,02 - Angle,0
14-12480,BOOTH ST btwn PRIMROSE AVE & ELM ST,366513.21456,5030435.31247,-75.71156508590,45.41113303510,2014-12-05,10:50:00 AM,01 - Clear,01 - Daylight,01 - Dry,10 - No control,,03 - P.D. only,03 - Rear end,0
14-12481,BASELINE RD btwn HIGHGATE RD & TURN LANE,362095.89088,5023485.93285,-75.76880152820,45.34897887630,2014-12-12,2:01:00 PM,01 - Clear,01 - Daylight,02 - Wet,10 - No control,,03 - P.D. only,04 - Sideswipe,0
14-12482,HUNT CLUB RD btwn MCCARTHY RD & RAMP,370758.21533,5023543.77431,-75.65825820050,45.34873816940,2014-12-12,2:06:00 PM,01 - Clear,01 - Daylight,04 - Slush,10 - No control,,03 - P.D. only,03 - Rear end,0
14-12483,ALBERT ST @ BOOTH ST,366427.74308,5030626.09154,-75.71263309470,45.41285714360,2014-12-12,2:06:00 PM,01 - Clear,01 - Daylight,02 - Wet,01 - Traffic signal,01 - Functioning,03 - P.D. only,05 - Turning movement,0
14-12484,RICHMOND RD btwn WINSTON AVE & CHURCHILL AVE N,363204.89095,5028280.67482,-75.75408298700,45.39202989730,2014-12-12,2:20:00 PM,01 - Clear,01 - Daylight,01 - Dry,10 - No control,,03 - P.D. only,05 - Turning movement,0
14-12485,RIVERSIDE DR @ HERON RD,368119.60396,5026649.09727,-75.69153015280,45.37692228890,2014-12-12,7:45:00 AM,03 - Snow,03 - Dawn,03 - Loose snow,01 - Traffic signal,01 - Functioning,03 - P.D. only,03 - Rear end,0
14-12486,RIVERSIDE DR SB btwn RIVERSIDE DR SPLIT & DATA CENTRE RD,368706.59784,5027531.24393,-75.68392194290,45.38480629500,2014-12-12,2:31:00 PM,04 - Freezing Rain,01 - Daylight,02 - Wet,10 - No control,,03 - P.D. only,04 - Sideswipe,0
14-12487,HUNTLEY RD @ PERTH ST,356891.61550,5006388.86477,-75.83700642760,45.19554206490,2014-12-12,3:40:00 PM,03 - Snow,01 - Daylight,04 - Slush,01 - Traffic signal,01 - Functioning,03 - P.D. only,99 - Other,0
14-12488,BASELINE RD @ GREENBANK RD,360596.16915,5022585.10626,-75.78804078050,45.34099416880,2014-12-12,4:44:00 PM,01 - Clear,05 - Dusk,02 - Wet,01 - Traffic signal,01 - Functioning,03 - P.D. only,03 - Rear end,0
14-12489,GLADSTONE AVE btwn BAYSWATER AVE & BREEZEHILL AVE N,366088.24309,5029518.33455,-75.71710790820,45.40291965180,2014-12-12,4:54:00 PM,01 - Clear,07 - Dark,04 - Slush,10 - No control,,03 - P.D. only,02 - Angle,0
14-12490,ST. JOSEPH BLVD @ FOREST VALLEY DR/YOUVILLE DR,379165.69122,5036155.16532,-75.54907615620,45.46136618210,2014-12-12,4:05:00 PM,01 - Clear,05 - Dusk,01 - Dry,01 - Traffic signal,01 - Functioning,03 - P.D. only,03 - Rear end,0
14-12491,FALLOWFIELD RD @ WOODROFFE AVE,365085.15000,5017902.70807,-75.73133628830,45.29849098950,2014-12-12,5:01:00 PM,01 - Clear,07 - Dark,02 - Wet,01 - Traffic signal,01 - Functioning,02 - Non-fatal injury,03 - Rear end,0
14-12492,INNES RD @ STONEHENGE CRES W,375200.69132,5031215.13842,-75.60047724540,45.41732949860,2014-12-12,5:29:00 PM,01 - Clear,07 - Dark,02 - Wet,01 - Traffic signal,01 - Functioning,03 - P.D. only,05 - Turning movement,0
14-12493,BLACKBURN BYPASS @ NAVAN RD,379617.72351,5033274.74481,-75.54373481580,45.43540202440,2014-12-12,5:28:00 PM,01 - Clear,07 - Dark,02 - Wet,01 - Traffic signal,01 - Functioning,03 - P.D. only,03 - Rear end,0
14-12494,MURRAY ST @ SUSSEX DR,367707.52910,5032394.97236,-75.69605806620,45.42865908130,2014-12-12,6:08:00 PM,01 - Clear,07 - Dark,02 - Wet,01 - Traffic signal,01 - Functioning,03 - P.D. only,02 - Angle,0
14-12495,FISHER AVE @ NORMANDY CRES N,366684.40147,5024781.91634,-75.71008705550,45.36025002410,2014-12-12,6:21:00 PM,01 - Clear,07 - Dark,04 - Slush,02 - Stop sign,01 - Functioning,03 - P.D. only,04 - Sideswipe,0
14-12496,VANIER PKWY/CRICHTON ST @ BEECHWOOD AVE/ST. PA,369127.79700,5033487.61593,-75.67776651040,45.43836107840,2014-12-12,6:25:00 PM,01 - Clear,07 - Dark,02 - Wet,01 - Traffic signal,01 - Functioning,02 - Non-fatal injury,07 - SMV other,1
14-12497,RIVERSIDE DR @ BROOKFIELD RD/HOG'S BACK RD,368169.61124,5026223.94668,-75.69094627360,45.37309237580,2014-12-12,4:35:00 PM,01 - Clear,05 - Dusk,02 - Wet,01 - Traffic signal,01 - Functioning,03 - P.D. only,03 - Rear end,0
14-12498,HILSON AVE @ BYRON AVE,363970.68590,5028478.07424,-75.74427982810,45.39374177560,2014-12-12,6:33:00 PM,01 - Clear,07 - Dark,02 - Wet,02 - Stop sign,01 - Functioning,03 - P.D. only,02 - Angle,0
14-12499,WOODROFFE AVE @ KNOXDALE RD/MEDHURST DR,363419.44894,5021827.08941,-75.75210853380,45.33394336240,2014-12-12,6:46:00 PM,01 - Clear,07 - Dark,02 - Wet,01 - Traffic signal,01 - Functioning,01 - Fatal injury,05 - Turning movement,0
14-12500,WESTMINSTER AVE btwn CROSSFIELD AVE & KEENAN AVE,362500.33796,5027243.57652,-75.76320166870,45.38275662940,2014-12-12,6:45:00 PM,01 - Clear,07 - Dark,03 - Loose snow,10 - No control,,03 - P.D. only,06 - SMV unattended vehicle,0
14-12501,FALLOWFIELD RD @ GREENBANK RD,363081.62582,5016730.08000,-75.75701775200,45.28810873590,2014-12-12,7:04:00 PM,01 - Clear,07 - Dark,02 - Wet,01 - Traffic signal,01 - Functioning,02 - Non-fatal injury,05 - Turning movement,0
14-12502,COBOURG ST @ RIDEAU ST,369129.65632,5032788.05036,-75.67783415990,45.43206649010,2014-12-12,7:06:00 PM,01 - Clear,07 - Dark,02 - Wet,01 - Traffic signal,01 - Functioning,03 - P.D. only,05 - Turning movement,0
14-12503,VIA AMALFI ST btwn VIA SAN MARINO ST & VIA VERONA AVE,363856.00100,5016007.98100,-75.74723270120,45.28154664940,2014-12-12,12:00:00 AM,01 - Clear,00 - Unknown,05 - Packed snow,10 - No control,,03 - P.D. only,06 - SMV unattended vehicle,0
14-12504,BRONSON AVE btwn BRONSON AVE RAMP 34 & AIRPORT PKWY/BRONSON AVE RAMP 2,368686.80469,5026748.68428,-75.68427593860,45.37776685670,2014-12-12,10:00:00 PM,01 - Clear,07 - Dark,06 - Ice,10 - No control,,03 - P.D. only,04 - Sideswipe,0
14-12505,CHARLOTTE ST @ RIDEAU ST,369249.70900,5032860.06726,-75.67629055790,45.43270341650,2014-12-12,11:14:00 PM,01 - Clear,07 - Dark,02 - Wet,01 - Traffic signal,00 - Unknown,03 - P.D. only,04 - Sideswipe,0
14-12506,RIVERSIDE DR @ HERON RD,368120.15478,5026646.74604,-75.69152342230,45.37690108270,2014-12-12,11:27:00 PM,01 - Clear,07 - Dark,01 - Dry,01 - Traffic signal,01 - Functioning,02 - Non-fatal injury,02 - Angle,0
14-12507,METCALFE ST @ SOMERSET ST,368009.75418,5031104.09774,-75.69236172800,45.41701697910,2014-12-13,12:32:00 AM,01 - Clear,07 - Dark,02 - Wet,01 - Traffic signal,01 - Functioning,03 - P.D. only,05 - Turning movement,0
14-12508,ST. LAURENT BLVD @ COVENTRY RD/OGILVIE RD,372304.76938,5031952.04966,-75.63737370210,45.42424527390,2014-12-13,1:05:00 AM,01 - Clear,07 - Dark,04 - Slush,01 - Traffic signal,01 - Functioning,03 - P.D. only,04 - Sideswipe,0
14-12509,JOHN QUINN RD btwn STONE SCHOOL RD & BANK ST,383141.30421,5011569.33131,-75.50214205040,45.23972557310,2014-12-13,6:24:00 AM,01 - Clear,07 - Dark,01 - Dry,10 - No control,,03 - P.D. only,07 - SMV other,0
14-12510,MERIVALE RD @ 170 N OF HUNTCLUB RD/COSTCO/CANA,365549.47662,5022100.56926,-75.72490163390,45.33622292870,2014-12-13,8:42:00 AM,01 - Clear,01 - Daylight,02 - Wet,01 - Traffic signal,01 - Functioning,02 - Non-fatal injury,03 - Rear end,0
14-12511,BANK ST btwn TURN LANE & MITCH OWENS RD,377692.77698,5016085.10053,-75.57086965150,45.28094201190,2014-12-13,9:50:00 AM,01 - Clear,01 - Daylight,02 - Wet,10 - No control,,02 - Non-fatal injury,03 - Rear end,0
14-12512,WOODRIDGE CRES btwn 220 W OF BAYSHORE DR/BAYSHORE SC & TRANSITWAY LINK,358925.76663,5023268.21760,-75.80927879380,45.34727168870,2014-12-12,7:45:00 PM,01 - Clear,07 - Dark,04 - Slush,10 - No control,,03 - P.D. only,03 - Rear end,0
14-12513,INDUSTRIAL AVE @ RIVERSIDE DR,370684.71860,5030593.97858,-75.65825523130,45.41218036670,2014-12-13,10:21:00 AM,01 - Clear,01 - Daylight,02 - Wet,01 - Traffic signal,01 - Functioning,03 - P.D. only,03 - Rear end,0
14-12514,CENTURY RD    W btwn THIRD LINE RD N & WILLIAM MCEWEN DR,364761.38975,5005583.61872,-75.73694940800,45.18767102790,2014-12-13,10:30:00 AM,01 - Clear,01 - Daylight,01 - Dry,10 - No control,,03 - P.D. only,07 - SMV other,0
14-12515,TERRY FOX DR btwn CAMPEAU DR & DIDSBURY RD,350475.29767,5019003.78853,-75.91750602910,45.30950055800,2014-12-13,11:00:00 AM,01 - Clear,01 - Daylight,02 - Wet,10 - No control,,03 - P.D. only,04 - Sideswipe,0
14-12516,MCARTHUR AVE btwn MAY ST & ST. LAURENT BLVD,371810.32293,5032866.90538,-75.64356691460,45.43252426620,2014-12-02,11:00:00 AM,01 - Clear,01 - Daylight,01 - Dry,10 - No control,,03 - P.D. only,03 - Rear end,0
14-12517,HUNT CLUB RD @ RIVERSIDE DR,368035.75288,5021945.97356,-75.69320225910,45.33461224080,2014-12-13,11:06:00 AM,01 - Clear,01 - Daylight,01 - Dry,01 - Traffic signal,01 - Functioning,03 - P.D. only,03 - Rear end,0
14-12518,MERIVALE RD @ CAPILANO DR/WITHROW AVE,364641.47888,5024229.19408,-75.73622813890,45.35545406320,2014-12-13,11:47:00 AM,01 - Clear,01 - Daylight,02 - Wet,01 - Traffic signal,01 - Functioning,03 - P.D. only,03 - Rear end,0
14-12519,ST. JOSEPH BLVD/OLD MONTREAL RD @ TRIM RD,384675.88462,5039291.05666,-75.47811762320,45.48897167230,2014-12-13,12:53:00 PM,01 - Clear,01 - Daylight,01 - Dry,11 - Roundabout,01 - Functioning,03 - P.D. only,02 - Angle,0
14-12520,IPSWICH TER btwn BEACON WAY & FLAMBOROUGH WAY,349281.95925,5023058.09553,-75.93235956060,45.34605888610,2014-12-13,1:01:00 PM,01 - Clear,01 - Daylight,04 - Slush,10 - No control,,03 - P.D. only,06 - SMV unattended vehicle,0
14-12521,WALKLEY RD btwn HERON RD & TURN LANE,372289.97795,5027098.18144,-75.63822696500,45.38057368530,2014-12-13,1:10:00 PM,01 - Clear,01 - Daylight,01 - Dry,10 - No control,,03 - P.D. only,03 - Rear end,0
14-12522,OLD TENTH LINE RD @ TENTH LINE RD,383036.93414,5038359.88412,-75.49923044800,45.48077947470,2014-12-13,1:36:00 PM,01 - Clear,01 - Daylight,01 - Dry,01 - Traffic signal,01 - Functioning,03 - P.D. only,03 - Rear end,0
14-12523,WOLISTON CRES btwn PALTON AVE & FLAMBOROUGH WAY (2),348858.70814,5024064.31864,-75.93767081080,45.35513983470,2014-12-13,2:13:00 PM,01 - Clear,01 - Daylight,04 - Slush,10 - No control,,03 - P.D. only,06 - SMV unattended vehicle,0
14-12524,GREENBANK RD btwn MONTEREY DR & MEADOWBANK DR,360710.26040,5022326.78018,-75.78661428130,45.33866066980,2014-12-13,2:21:00 PM,01 - Clear,01 - Daylight,02 - Wet,10 - No control,,03 - P.D. only,03 - Rear end,0
14-12525,CYRVILLE RD btwn STAR TOP RD & MEADOWBROOK RD,374613.58088,5031251.58223,-75.60797278270,45.41771622760,2014-12-13,2:23:00 PM,01 - Clear,01 - Daylight,01 - Dry,10 - No control,,03 - P.D. only,01 - Approaching,0
14-12526,RIVERSIDE DR @ TREMBLAY RD/HWY417 IC117 RAMP52,370803.97834,5031016.38296,-75.65667516290,45.41596975230,2014-12-13,3:09:00 PM,01 - Clear,01 - Daylight,01 - Dry,01 - Traffic signal,01 - Functioning,03 - P.D. only,03 - Rear end,0
14-12527,WALKLEY RD btwn 152 E OF HEATHERINGTON RD & HOLLY LANE,372032.38320,5026950.47121,-75.64153591000,45.37926941390,2014-12-13,3:41:00 PM,01 - Clear,01 - Daylight,01 - Dry,10 - No control,,03 - P.D. only,03 - Rear end,0
14-12528,HERON RD @ WALKLEY RD,372267.85211,5027083.50151,-75.63851146240,45.38044373250,2014-12-12,7:00:00 AM,01 - Clear,03 - Dawn,01 - Dry,01 - Traffic signal,01 - Functioning,03 - P.D. only,04 - Sideswipe,0
14-12529,DUNNING RD @ FRENCH HILL RD,392363.81670,5037643.10902,-75.38007490150,45.47322337100,2014-12-13,4:10:00 PM,01 - Clear,05 - Dusk,01 - Dry,02 - Stop sign,01 - Functioning,03 - P.D. only,05 - Turning movement,0
14-12530,BASELINE RD @ GREENBANK RD,360596.73418,5022582.12490,-75.78803390790,45.34096729730,2014-12-13,4:21:00 PM,01 - Clear,05 - Dusk,01 - Dry,01 - Traffic signal,01 - Functioning,02 - Non-fatal injury,07 - SMV other,0
14-12531,MEADOWLANDS DR @ MERIVALE RD,364857.74978,5023725.98546,-75.73352919130,45.35090777160,2014-12-13,5:39:00 PM,01 - Clear,07 - Dark,01 - Dry,01 - Traffic signal,01 - Functioning,03 - P.D. only,03 - Rear end,0
14-12532,DONALD ST @ 110 E OF ST. LAURENT BLVD,372203.32251,5032482.79511,-75.63859728540,45.42903045540,2014-12-13,4:56:00 PM,01 - Clear,07 - Dark,01 - Dry,01 - Traffic signal,01 - Functioning,02 - Non-fatal injury,07 - SMV other,1
14-12533,YORKS CORNERS RD btwn COOPER HILL RD & PANA RD,387679.28080,5016178.24060,-75.44358119830,45.28067364680,2014-12-13,5:45:00 PM,01 - Clear,07 - Dark,01 - Dry,10 - No control,,03 - P.D. only,07 - SMV other,0
14-12534,CUMMINGS AVE @ OGILVIE RD,372748.72020,5032171.06076,-75.63167100860,45.42617284760,2014-12-13,6:19:00 PM,01 - Clear,07 - Dark,02 - Wet,01 - Traffic signal,01 - Functioning,02 - Non-fatal injury,02 - Angle,0
14-12535,BLAIR RD @ OGILVIE RD,374507.72370,5033198.09994,-75.60904969600,45.43524050110,2014-12-13,6:35:00 PM,01 - Clear,07 - Dark,02 - Wet,01 - Traffic signal,01 - Functioning,02 - Non-fatal injury,03 - Rear end,0
14-12536,GREENBANK RD @ BERRIGAN DR/WESSEX RD,363724.63182,5015277.84988,-75.74899375050,45.27498794510,2014-12-13,6:50:00 PM,01 - Clear,07 - Dark,02 - Wet,01 - Traffic signal,01 - Functioning,03 - P.D. only,03 - Rear end,0
14-12537,THOMAS A. DOLAN PKWY @ WOODKILTON RD,341216.06126,5030502.99978,-76.03473669830,45.41351573090,2014-12-13,7:00:00 PM,01 - Clear,07 - Dark,02 - Wet,02 - Stop sign,01 - Functioning,03 - P.D. only,02 - Angle,0
14-12538,MITCH OWENS RD btwn SALE BARN RD & HAWTHORNE RD,379067.00426,5016777.69426,-75.55325173940,45.28702982520,2014-12-13,9:00:00 PM,01 - Clear,07 - Dark,01 - Dry,10 - No control,,03 - P.D. only,07 - SMV other,0
14-12539,HUNT CLUB RD @ RIVERSIDE DR,368035.75288,5021945.97356,-75.69320225910,45.33461224080,2014-12-13,9:30:00 PM,01 - Clear,07 - Dark,02 - Wet,01 - Traffic signal,01 - Functioning,03 - P.D. only,04 - Sideswipe,0
14-12540,CARLING AVE @ CARLINGWOOD SC,362073.01210,5025919.50356,-75.76881148040,45.37087782690,2014-12-13,9:53:00 PM,01 - Clear,07 - Dark,01 - Dry,01 - Traffic signal,01 - Functioning,03 - P.D. only,02 - Angle,0
14-12541,JOCK TR @ DWYER HILL RD,349234.88587,4997767.97941,-75.93521878770,45.11849080780,2014-12-13,10:32:00 PM,01 - Clear,07 - Dark,02 - Wet,02 - Stop sign,01 - Functioning,02 - Non-fatal injury,07 - SMV other,0
14-12542,BLANCHFIELD RD @ SPRINGHILL RD,378318.78368,5001935.86174,-75.56498025580,45.15356650730,2014-12-13,10:00:00 PM,02 - Rain,07 - Dark,05 - Packed snow,10 - No control,,03 - P.D. only,07 - SMV other,0
14-12543,FALLOWFIELD RD btwn BILTMORE CRES & MUNSTER RD,346996.74478,5004891.04327,-75.96306346520,45.18272548910,2014-12-13,10:45:00 PM,01 - Clear,07 - Dark,01 - Dry,10 - No control,,03 - P.D. only,07 - SMV other,0
14-12544,LYON ST @ WELLINGTON ST,366933.37076,5031428.54130,-75.70607255040,45.42003263680,2014-12-13,11:30:00 PM,03 - Snow,07 - Dark,03 - Loose snow,01 - Traffic signal,01 - Functioning,03 - P.D. only,04 - Sideswipe,0
14-12545,TERRY FOX DR btwn HUNTSVILLE DR & OLD SECOND LINE RD,348220.71600,5020025.18600,-75.94616765460,45.31883442030,2014-12-14,1:44:00 AM,01 - Clear,07 - Dark,02 - Wet,10 - No control,,03 - P.D. only,07 - SMV other,0
14-12546,SOMERSET ST    W btwn KENT ST & BECKINGTON PRIV,367535.38345,5030820.70357,-75.69845829590,45.41450978150,2014-12-14,1:44:00 AM,01 - Clear,07 - Dark,04 - Slush,10 - No control,,03 - P.D. only,06 - SMV unattended vehicle,0
14-12547,LOLA ST btwn PRINCE ALBERT ST & HART AVE,371144.87114,5031927.20768,-75.65219744700,45.42413272680,2014-12-14,1:56:00 AM,01 - Clear,07 - Dark,02 - Wet,10 - No control,,03 - P.D. only,07 - SMV other,0
14-12548,ABERDEEN ST @ PRESTON ST,366651.69470,5029341.08754,-75.70993332880,45.40127527260,2014-12-14,2:12:00 AM,01 - Clear,07 - Dark,06 - Ice,02 - Stop sign,01 - Functioning,03 - P.D. only,05 - Turning movement,0
14-12549,COBBLE HILL DR @ MARAVISTA DR,361396.58710,5014648.17810,-75.77873451020,45.26951334790,2014-12-14,10:08:00 AM,01 - Clear,01 - Daylight,02 - Wet,,01 - Functioning,02 - Non-fatal injury,02 - Angle,0
14-12550,KING EDWARD AVE @ ST. PATRICK ST,368248.70130,5032825.96410,-75.68908718640,45.43248810620,2014-12-14,11:02:00 AM,01 - Clear,01 - Daylight,02 - Wet,01 - Traffic signal,01 - Functioning,03 - P.D. only,03 - Rear end,0
14-12551,BANK ST @ SECOND AVE,368304.75528,5029627.13512,-75.68878311650,45.40370103980,2014-12-14,11:22:00 AM,01 - Clear,01 - Daylight,01 - Dry,02 - Stop sign,01 - Functioning,03 - P.D. only,03 - Rear end,0
14-12552,PLACE D'ORLEANS DR @ PLACE D'ORLEANS SC N,381414.97132,5037940.52666,-75.52004014720,45.47718632970,2014-12-14,12:15:00 PM,01 - Clear,01 - Daylight,02 - Wet,01 - Traffic signal,01 - Functioning,02 - Non-fatal injury,03 - Rear end,0
14-12553,CARLING AVE btwn MARCH RD & SCHNEIDER RD,351217.56665,5022180.57991,-75.90774264090,45.33803739890,2014-12-14,12:27:00 PM,01 - Clear,01 - Daylight,02 - Wet,10 - No control,,03 - P.D. only,05 - Turning movement,0
14-12554,INNES RD @ VISENEAU DR,381798.75110,5035074.03106,-75.51558107040,45.45135379240,2014-12-14,12:32:00 PM,01 - Clear,01 - Daylight,02 - Wet,01 - Traffic signal,01 - Functioning,03 - P.D. only,03 - Rear end,0
14-12555,INNES RD btwn PROVENCE AVE & TRIM RD,386467.00963,5037234.12597,-75.45554888380,45.47025825350,2014-12-14,12:49:00 PM,01 - Clear,01 - Daylight,02 - Wet,10 - No control,,03 - P.D. only,04 - Sideswipe,0