Record,Location,X,Y,Longitude,Latitude,Date,Time,Environment,Light,Road_Surface,Traffic_Control,Collision_Location,Collision_Classification,Impact_type,Pedestrian
14-12661,KENT ST @ SOMERSET ST,367525.75108,5030816.03996,-75.69858194480,45.41446868330,2014-12-16,10:02:00 PM,04 - Freezing Rain,07 - Dark,06 - Ice,01 - Traffic signal,01 - Functioning,03 - P.D. only,03 - Rear end,0
14-12662,GALETTA SIDE RD btwn JOHN SHAW RD & HOMESTEADERS RD,327074.36260,5034388.13428,-76.21523687690,45.44906890300,2014-12-16,11:16:00 PM,03 - Snow,07 - Dark,04 - Slush,10 - No control,,03 - P.D. only,07 - SMV other,0
14-12663,BLACKBURN BYPASS WB btwn NAVAN RD & 1700 W OF NAVAN RD,378769.26587,5032756.94126,-75.55465547490,45.43083345090,2014-12-17,4:20:00 AM,04 - Freezing Rain,07 - Dark,02 - Wet,10 - No control,,03 - P.D. only,07 - SMV other,0
14-12664,UPPER DWYER HILL RD btwn GALETTA SIDE RD & RITCHIE SIDE RD,321830.00677,5027803.01400,-76.28250958110,45.38996018170,2014-12-17,6:15:00 AM,"07 - Fog, mist, smoke, dust",07 - Dark,06 - Ice,10 - No control,,03 - P.D. only,07 - SMV other,0
14-12665,ARGYLE AVE @ O'CONNOR ST,368185.21145,5030485.92152,-75.69019961870,45.41143896070,2014-12-17,6:45:00 AM,02 - Rain,07 - Dark,02 - Wet,01 - Traffic signal,01 - Functioning,03 - P.D. only,02 - Angle,0
14-12666,BRIAN GOOD AVE btwn HAWKESWOOD DR & POPLIN ST,368195.93900,5014582.34700,-75.69210033020,45.26834096360,2014-12-17,7:59:00 AM,04 - Freezing Rain,01 - Daylight,04 - Slush,10 - No control,,03 - P.D. only,01 - Approaching,0
14-12667,GRANVILLE AVE btwn WELLINGTON ST W & BYRON AVE,364453.62586,5028813.75225,-75.73807173880,45.39672116700,2014-12-17,8:15:00 AM,02 - Rain,01 - Daylight,04 - Slush,10 - No control,,03 - P.D. only,06 - SMV unattended vehicle,0
14-12668,GRANVILLE AVE btwn WELLINGTON ST W & BYRON AVE,364393.53056,5028950.44259,-75.73882272660,45.39795619670,2014-12-15,7:00:00 PM,01 - Clear,07 - Dark,03 - Loose snow,10 - No control,,03 - P.D. only,06 - SMV unattended vehicle,0
14-12669,BASELINE RD btwn LOBLAWS SC & MERIVALE RD,364926.43278,5025245.16002,-75.73246793360,45.36457119310,2014-12-17,9:09:00 AM,02 - Rain,01 - Daylight,02 - Wet,10 - No control,,03 - P.D. only,07 - SMV other,0
14-12670,JACK PURCELL LANE btwn LEWIS ST & WAVERLEY ST,368246.74233,5030986.20060,-75.68934918750,45.41593473110,2014-12-17,9:16:00 AM,02 - Rain,01 - Daylight,02 - Wet,10 - No control,,03 - P.D. only,04 - Sideswipe,0
14-12671,PRINCE OF WALES DR @ FALAISE RD/KOCHAR DR N,367459.75628,5024905.93938,-75.70017541010,45.36129708620,2014-12-17,9:58:00 AM,01 - Clear,01 - Daylight,02 - Wet,01 - Traffic signal,01 - Functioning,02 - Non-fatal injury,05 - Turning movement,0
14-12672,BYRD CRES E @ CHIMO DR E,352392.82308,5019059.61223,-75.89304794730,45.30987554480,2014-12-17,10:00:00 AM,01 - Clear,01 - Daylight,01 - Dry,02 - Stop sign,01 - Functioning,03 - P.D. only,02 - Angle,0
14-12673,BRONSON/HERON RAMP 42/BRONSON/HERON RAMP 52 @,368751.05064,5026893.99104,-75.68343689380,45.37906842350,2014-12-17,10:04:00 AM,02 - Rain,01 - Daylight,02 - Wet,02 - Stop sign,01 - Functioning,03 - P.D. only,02 - Angle,0
14-12674,SECORD AVE btwn CLOVER ST & CLEMENTINE BLVD,369384.04851,5026867.24197,-75.67535875580,45.37876967930,2014-12-17,8:00:00 AM,02 - Rain,01 - Daylight,04 - Slush,10 - No control,,03 - P.D. only,05 - Turning movement,0
14-12675,BANK ST btwn SOUTHKEYS SC & CAHILL DR/DAZE ST,371155.74612,5024457.82014,-75.65306290130,45.35692496600,2014-12-17,11:26:00 AM,04 - Freezing Rain,01 - Daylight,04 - Slush,10 - No control,,03 - P.D. only,03 - Rear end,0
14-12676,ELGIN ST @ SLATER ST,367890.70770,5031647.05016,-75.69381312320,45.42191303120,2014-12-17,11:38:00 AM,04 - Freezing Rain,01 - Daylight,02 - Wet,01 - Traffic signal,01 - Functioning,03 - P.D. only,07 - SMV other,0
14-12677,MARIER AVE @ MONTREAL RD,370420.33365,5033262.67826,-75.66127714410,45.43621707260,2014-12-17,12:05:00 PM,02 - Rain,01 - Daylight,02 - Wet,01 - Traffic signal,00 - Unknown,03 - P.D. only,04 - Sideswipe,0
14-12678,CYRVILLE RD @ INNES RD,375046.97423,5031120.68990,-75.60245453850,45.41649515160,2014-12-16,12:15:00 PM,01 - Clear,01 - Daylight,01 - Dry,01 - Traffic signal,01 - Functioning,03 - P.D. only,03 - Rear end,0
14-12679,CATHERINE ST btwn BAY ST & HWY417 IC120B RAMP36,367695.17791,5030061.16336,-75.69651378880,45.40766133030,2014-12-17,12:22:00 PM,02 - Rain,01 - Daylight,02 - Wet,10 - No control,,03 - P.D. only,04 - Sideswipe,0
14-12680,ROCKCLIFFE PKWY btwn GL/OT BOUNDARY & ST. JOSEPH BLVD,377121.37088,5035257.28796,-75.57534572750,45.45350230390,2014-12-17,12:41:00 PM,03 - Snow,01 - Daylight,02 - Wet,10 - No control,,03 - P.D. only,07 - SMV other,0
14-12681,BANK ST @ FOURTH AVE,368365.46489,5029476.19037,-75.68802714040,45.40233737710,2014-12-17,12:50:00 PM,01 - Clear,01 - Daylight,02 - Wet,02 - Stop sign,01 - Functioning,03 - P.D. only,04 - Sideswipe,0
14-12682,HAWTHORNE RD/RUSSELL RD @ WALKLEY RD,374674.74390,5028499.06624,-75.60758144220,45.39294438400,2014-12-17,1:15:00 PM,02 - Rain,01 - Daylight,02 - Wet,01 - Traffic signal,01 - Functioning,03 - P.D. only,03 - Rear end,0
14-12683,COBOURG ST @ ST. PATRICK ST,368801.51178,5033233.78604,-75.68196963900,45.43610715830,2014-12-17,1:54:00 PM,02 - Rain,01 - Daylight,02 - Wet,01 - Traffic signal,01 - Functioning,03 - P.D. only,03 - Rear end,0
14-12684,HWY 417 WOODROFF IC127R62 @ WOODROFFE AVE,362049.43274,5025019.80264,-75.76921673820,45.36278432260,2014-12-17,12:45:00 PM,02 - Rain,01 - Daylight,02 - Wet,03 - Yield sign,01 - Functioning,03 - P.D. only,03 - Rear end,0
14-12685,BYRON AVE btwn ROOSEVELT AVE & CHURCHILL AVE N,363048.90261,5028068.15561,-75.75610010790,45.39013067400,2014-12-17,9:30:00 AM,01 - Clear,01 - Daylight,01 - Dry,10 - No control,,03 - P.D. only,06 - SMV unattended vehicle,0
14-12686,OR174 IC109 RAMP54 btwn REGIONAL ROAD 174 & ST. JOSEPH BLVD,376480.12480,5034861.65071,-75.58360088010,45.45000868260,2014-12-07,6:00:00 PM,03 - Snow,07 - Dark,05 - Packed snow,10 - No control,,03 - P.D. only,07 - SMV other,0
14-12687,HWY 416 ACRES IC75R24 @ HOLLY ACRES RD,358758.16994,5022868.34636,-75.81146103050,45.34368654960,2014-12-17,3:00:00 PM,03 - Snow,01 - Daylight,04 - Slush,01 - Traffic signal,01 - Functioning,03 - P.D. only,04 - Sideswipe,0
14-12688,GLOUCESTER ST @ LYON ST,367194.69810,5031000.14762,-75.70278793430,45.41615482480,2014-12-17,12:50:00 PM,01 - Clear,01 - Daylight,02 - Wet,01 - Traffic signal,01 - Functioning,03 - P.D. only,05 - Turning movement,0
14-12689,ST. JOSEPH BLVD/OLD MONTREAL RD @ TRIM RD,384682.75400,5039285.09997,-75.47803072370,45.48891729360,2014-12-17,3:59:00 PM,02 - Rain,01 - Daylight,02 - Wet,11 - Roundabout,01 - Functioning,03 - P.D. only,02 - Angle,0
14-12690,CYRVILLE RD btwn STAR TOP RD & MEADOWBROOK RD,374619.12684,5031246.79852,-75.60790260770,45.41767263300,2014-12-17,4:16:00 PM,01 - Clear,05 - Dusk,01 - Dry,10 - No control,,03 - P.D. only,02 - Angle,0
14-12691,GREENBANK RD @ WEST HUNT CLUB RD,361479.67700,5020502.00414,-75.77700664580,45.32217962360,2014-12-17,4:00:00 PM,04 - Freezing Rain,05 - Dusk,04 - Slush,01 - Traffic signal,01 - Functioning,03 - P.D. only,03 - Rear end,0
14-12692,KING EDWARD AVE btwn RIDEAU ST & BESSERER ST,368519.30815,5032400.76260,-75.68568403780,45.42863769410,2014-12-17,4:28:00 PM,04 - Freezing Rain,05 - Dusk,04 - Slush,10 - No control,,03 - P.D. only,04 - Sideswipe,0
14-12693,RICHMOND RD @ NORTHSIDE RD E,358328.33804,5021227.01293,-75.81712309340,45.32895067440,2014-12-17,4:54:00 PM,02 - Rain,07 - Dark,02 - Wet,01 - Traffic signal,01 - Functioning,02 - Non-fatal injury,05 - Turning movement,0
14-12694,DALY AVE @ CHARLOTTE ST,369332.80766,5032723.06406,-75.67524656860,45.43146305190,2014-12-17,5:18:00 PM,02 - Rain,07 - Dark,04 - Slush,02 - Stop sign,01 - Functioning,03 - P.D. only,02 - Angle,0
14-12695,DUNROBIN RD @ MARCH RD,347175.55092,5026066.96148,-75.95898052510,45.37326385320,2014-12-17,5:30:00 PM,03 - Snow,07 - Dark,02 - Wet,01 - Traffic signal,01 - Functioning,02 - Non-fatal injury,05 - Turning movement,0
14-12696,LIMEBANK RD/RIVERSIDE DR @ RIVER RD,368408.98842,5020477.31210,-75.68862948260,45.32136377880,2014-12-17,5:40:00 PM,02 - Rain,07 - Dark,02 - Wet,01 - Traffic signal,01 - Functioning,03 - P.D. only,03 - Rear end,0
14-12697,MERIVALE RD @ BASIL MACDONALD WAY/MERIVALE MAL,365096.33238,5023170.76184,-75.73055231440,45.34589147300,2014-12-17,5:30:00 PM,02 - Rain,07 - Dark,02 - Wet,01 - Traffic signal,01 - Functioning,03 - P.D. only,04 - Sideswipe,0
14-12698,PATOLA PRIV btwn VERDON PRIV & CUTTS PRIV,371964.22950,5024742.84877,-75.64270618130,45.35941257560,2014-12-14,11:15:00 AM,01 - Clear,01 - Daylight,01 - Dry,10 - No control,,03 - P.D. only,06 - SMV unattended vehicle,0
14-12699,CARLING AVE WB btwn HIGHLAND AVE & COLE AVE,363499.78799,5026838.66562,-75.75048852910,45.37903026570,2014-12-17,4:45:00 PM,02 - Rain,05 - Dusk,02 - Wet,10 - No control,,03 - P.D. only,04 - Sideswipe,0
14-12700,COVENTRY RD @ VANIER PKWY,370675.43478,5031612.17806,-75.65823771510,45.42134258660,2014-12-17,7:04:00 PM,03 - Snow,07 - Dark,04 - Slush,01 - Traffic signal,01 - Functioning,02 - Non-fatal injury,03 - Rear end,0
14-12701,LAURIER AVE   E btwn MARLBOROUGH AVE & RANGE RD,369356.70562,5032409.58241,-75.67498227250,45.42864025970,2014-12-14,9:00:00 AM,01 - Clear,01 - Daylight,02 - Wet,10 - No control,,03 - P.D. only,06 - SMV unattended vehicle,0
14-12702,MUNSTER RD @ COLDSTREAM DR/DOGWOOD DR S,349152.42036,5002550.37063,-75.93584265500,45.16153065900,2014-12-17,8:22:00 PM,03 - Snow,07 - Dark,02 - Wet,02 - Stop sign,01 - Functioning,02 - Non-fatal injury,02 - Angle,0
14-12703,ALBION RD @ LESTER RD,372693.79308,5022333.92108,-75.63372569800,45.33766763040,2014-12-17,8:48:00 PM,03 - Snow,07 - Dark,04 - Slush,01 - Traffic signal,01 - Functioning,03 - P.D. only,03 - Rear end,0
14-12704,PINECREST RD/HWY 417 PINECRE IC129R63 @ TRANSI,360389.43504,5023677.56776,-75.79055572420,45.35084053640,2014-12-17,9:11:00 PM,03 - Snow,07 - Dark,02 - Wet,01 - Traffic signal,01 - Functioning,03 - P.D. only,02 - Angle,0
14-12705,VALIN ST btwn NEPTUNE WAY & FRENETTE ST,385451.47859,5037674.29139,-75.46846227470,45.47433643910,2014-12-17,10:19:00 PM,03 - Snow,07 - Dark,04 - Slush,10 - No control,,03 - P.D. only,07 - SMV other,0
14-12706,REGIONAL ROAD 174 btwn QUIGLEY HILL RD & REGIONAL ROAD 174 DIVIDED,386688.14278,5042188.45741,-75.45189470190,45.51480618400,2014-12-17,10:30:00 PM,03 - Snow,07 - Dark,02 - Wet,10 - No control,,02 - Non-fatal injury,07 - SMV other,0
14-12707,COLONNADE RD @ PRINCE OF WALES DR,367394.71160,5023266.99116,-75.70121309560,45.34655598510,2014-12-18,12:20:00 AM,03 - Snow,07 - Dark,03 - Loose snow,01 - Traffic signal,01 - Functioning,03 - P.D. only,07 - SMV other,0
14-12708,ANDERSON RD/WEIR RD @ RENAUD RD,377767.60958,5031506.71507,-75.56764036500,45.41968994030,2014-12-18,12:40:00 AM,03 - Snow,07 - Dark,04 - Slush,02 - Stop sign,01 - Functioning,03 - P.D. only,07 - SMV other,0
14-12709,CARLING AVE @ KIRKWOOD AVE S,364352.65062,5027335.17380,-75.73953977210,45.38342578690,2014-12-18,6:15:00 AM,03 - Snow,07 - Dark,02 - Wet,01 - Traffic signal,01 - Functioning,03 - P.D. only,03 - Rear end,0
14-12710,HOLLAND AVE btwn ARMSTRONG ST & WELLINGTON ST W,364887.89617,5029248.09122,-75.73247259170,45.40059212260,2014-12-18,7:20:00 AM,02 - Rain,03 - Dawn,02 - Wet,10 - No control,,03 - P.D. only,05 - Turning movement,0
14-12711,BEATRICE DR @ CLEARBROOK DR/NO NAME,365482.28870,5015087.25100,-75.72661737650,45.27312345090,2014-12-18,8:05:00 AM,03 - Snow,01 - Daylight,03 - Loose snow,02 - Stop sign,01 - Functioning,03 - P.D. only,02 - Angle,0
14-12712,HUNT CLUB RD @ RIVERSIDE DR,368036.70300,5021945.02344,-75.69319025980,45.33460360540,2014-12-17,5:15:00 PM,02 - Rain,07 - Dark,02 - Wet,01 - Traffic signal,02 - Not functioning,03 - P.D. only,03 - Rear end,0
14-12713,NORICE ST btwn VIEWMOUNT DR & MALCOLM PL,364076.64376,5022946.49558,-75.74359039120,45.34396046410,2014-12-18,8:28:00 AM,01 - Clear,01 - Daylight,05 - Packed snow,10 - No control,,03 - P.D. only,02 - Angle,0
14-12714,MACKENZIE AVE @ RIDEAU ST,367870.20617,5032010.34066,-75.69402855630,45.42518364580,2014-12-18,8:37:00 AM,03 - Snow,01 - Daylight,02 - Wet,01 - Traffic signal,01 - Functioning,03 - P.D. only,02 - Angle,0
14-12715,CYRVILLE RD @ ST. LAURENT BLVD,372242.67092,5032111.10494,-75.63814537500,45.42568236840,2014-12-15,9:00:00 AM,01 - Clear,01 - Daylight,01 - Dry,01 - Traffic signal,01 - Functioning,03 - P.D. only,03 - Rear end,0
14-12716,BLAIR RD @ REGIONAL RD 174 N/OR174 IC112 RAMP61,374635.38276,5032991.23321,-75.60744759830,45.43336649150,2014-12-18,8:30:00 AM,03 - Snow,01 - Daylight,02 - Wet,01 - Traffic signal,01 - Functioning,02 - Non-fatal injury,03 - Rear end,0
14-12717,FELDSPAR CRES btwn GRANITE RIDGE DR & GRANITE RIDGE DR,351313.56243,5014650.19695,-75.90722448090,45.27027068300,2014-12-18,8:20:00 AM,01 - Clear,01 - Daylight,03 - Loose snow,10 - No control,,03 - P.D. only,01 - Approaching,0
14-12718,BELFAST RD btwn TRAINYARDS DR & ST. LAURENT BLVD,372656.41485,5030550.93209,-75.63307357570,45.41160464940,2014-12-18,9:59:00 AM,01 - Clear,01 - Daylight,02 - Wet,10 - No control,,03 - P.D. only,05 - Turning movement,0
14-12719,BLACKBURN BYPASS @ INNES RD E,379791.74790,5033781.08984,-75.54143373710,45.43993910680,2014-12-18,10:42:00 AM,01 - Clear,01 - Daylight,02 - Wet,01 - Traffic signal,01 - Functioning,03 - P.D. only,03 - Rear end,0
14-12720,ST. PATRICK ST btwn DALHOUSIE ST & CUMBERLAND ST,368005.94118,5032670.75821,-75.69220941960,45.43111360160,2014-12-18,10:44:00 AM,01 - Clear,01 - Daylight,01 - Dry,10 - No control,,03 - P.D. only,05 - Turning movement,0
14-12721,LAURIER AVE   W btwn KENT ST & BANK ST,367358.99642,5031190.20149,-75.70066478540,45.41785020070,2014-12-17,10:30:00 AM,04 - Freezing Rain,01 - Daylight,03 - Loose snow,10 - No control,,03 - P.D. only,06 - SMV unattended vehicle,0
14-12722,PARKLAND CRES N @ RIVERBROOK RD N,360681.43050,5020820.88553,-75.78715211800,45.32511292120,2014-12-18,11:20:00 AM,01 - Clear,01 - Daylight,05 - Packed snow,02 - Stop sign,01 - Functioning,03 - P.D. only,02 - Angle,0
14-12723,VANIER PKWY/CRICHTON ST @ BEECHWOOD AVE/ST. PA,369127.12788,5033485.13486,-75.67777538610,45.43833881690,2014-12-18,11:41:00 AM,01 - Clear,01 - Daylight,02 - Wet,01 - Traffic signal,01 - Functioning,03 - P.D. only,03 - Rear end,0
14-12724,RIDEAU ST @ WALLER ST,368284.64814,5032275.05916,-75.68869883290,45.42752799870,2014-12-18,11:47:00 AM,01 - Clear,01 - Daylight,01 - Dry,01 - Traffic signal,01 - Functioning,03 - P.D. only,02 - Angle,0
14-12725,INNES RD @ TENTH LINE RD,383952.54149,5036159.56130,-75.48787468720,45.46087980180,2014-12-18,11:45:00 AM,01 - Clear,01 - Daylight,02 - Wet,01 - Traffic signal,01 - Functioning,03 - P.D. only,03 - Rear end,0
14-12726,GRANGE AVE btwn SPENCER ST & WELLINGTON ST W,364552.19510,5029133.72656,-75.73677411140,45.39959182590,2014-12-18,12:56:00 PM,01 - Clear,01 - Daylight,02 - Wet,10 - No control,,03 - P.D. only,06 - SMV unattended vehicle,0
14-12727,FLORENCE ST btwn LYON ST N & KENT ST,367686.21342,5030515.72160,-75.69657031210,45.41175211040,2014-12-17,9:50:00 AM,01 - Clear,01 - Daylight,01 - Dry,10 - No control,,03 - P.D. only,06 - SMV unattended vehicle,0
14-12728,MERIVALE RD btwn EMERALD PLAZA SC & MEADOWLANDS DR,364783.18227,5023902.49182,-75.73445934160,45.35250233340,2014-12-18,1:14:00 PM,01 - Clear,01 - Daylight,02 - Wet,10 - No control,,02 - Non-fatal injury,04 - Sideswipe,0
14-12729,TERRY FOX DR @ FERNBANK RD,354303.63590,5015129.99894,-75.86907296830,45.27438393900,2014-12-18,1:46:00 PM,01 - Clear,01 - Daylight,01 - Dry,01 - Traffic signal,01 - Functioning,02 - Non-fatal injury,03 - Rear end,0
14-12730,BESSERER ST @ KING EDWARD AVE,368551.66906,5032340.10017,-75.68527836880,45.42808892690,2014-12-18,2:02:00 PM,01 - Clear,01 - Daylight,01 - Dry,01 - Traffic signal,01 - Functioning,03 - P.D. only,06 - SMV unattended vehicle,0
14-12731,PERCY ST @ THIRD AVE,367881.70880,5029283.98208,-75.69423051470,45.40065170310,2014-12-18,2:15:00 PM,01 - Clear,01 - Daylight,01 - Dry,02 - Stop sign,01 - Functioning,03 - P.D. only,02 - Angle,0
14-12732,MCLEOD ST btwn LYON ST N & KENT ST,367738.76850,5030358.72410,-75.69591898440,45.41033477120,2014-12-12,2:31:00 PM,01 - Clear,01 - Daylight,05 - Packed snow,10 - No control,,03 - P.D. only,06 - SMV unattended vehicle,0
14-12733,BANK ST @ WALKLEY RD,370337.34503,5025948.49536,-75.66330980570,45.37041457430,2014-12-18,12:45:00 PM,01 - Clear,01 - Daylight,02 - Wet,01 - Traffic signal,00 - Unknown,03 - P.D. only,04 - Sideswipe,0
14-12734,AYLMER AVE @ BANK ST,368676.56276,5028730.96868,-75.68415014940,45.39560379260,2014-12-18,2:35:00 PM,01 - Clear,01 - Daylight,02 - Wet,01 - Traffic signal,01 - Functioning,02 - Non-fatal injury,04 - Sideswipe,0
14-12735,ST. LAURENT BLVD btwn JOLIFFE ST & SUSAN ST,373788.21272,5028325.58849,-75.61892684380,45.39147140920,2014-12-18,2:45:00 PM,01 - Clear,01 - Daylight,02 - Wet,10 - No control,,03 - P.D. only,03 - Rear end,0
14-12736,HAWTHORNE AVE btwn COLONEL BY DR & MAIN ST,368875.34145,5030588.77516,-75.68137014670,45.41230155590,2014-12-18,2:58:00 PM,01 - Clear,01 - Daylight,01 - Dry,10 - No control,,03 - P.D. only,05 - Turning movement,0
14-12737,MCARTHUR AVE @ CARMEN AVE,370904.11734,5032768.40862,-75.65516072680,45.43172428270,2014-12-18,3:24:00 PM,01 - Clear,01 - Daylight,01 - Dry,02 - Stop sign,01 - Functioning,03 - P.D. only,05 - Turning movement,0
14-12738,ST. JOSEPH BLVD @ JEANNE D'ARC BLVD,379861.70636,5036473.02668,-75.54012883580,45.46415161980,2014-12-18,3:29:00 PM,01 - Clear,01 - Daylight,01 - Dry,11 - Roundabout,01 - Functioning,03 - P.D. only,04 - Sideswipe,0
14-12739,AYLMER AVE @ BANK ST,368673.71240,5028730.01856,-75.68418667480,45.39559550400,2014-12-18,3:40:00 PM,01 - Clear,01 - Daylight,02 - Wet,01 - Traffic signal,01 - Functioning,02 - Non-fatal injury,07 - SMV other,1
14-12740,BASELINE RD @ SOUTHWOOD DR,361228.72858,5022960.97156,-75.77992708460,45.34432559910,2014-12-18,12:55:00 PM,01 - Clear,01 - Daylight,03 - Loose snow,02 - Stop sign,01 - Functioning,02 - Non-fatal injury,03 - Rear end,0
14-12741,ST. JOSEPH BLVD @ REGIONAL RD 174/TRANSITWAY,376556.13430,5035056.42506,-75.58260084450,45.45175333770,2014-12-18,3:50:00 PM,03 - Snow,01 - Daylight,06 - Ice,01 - Traffic signal,01 - Functioning,03 - P.D. only,03 - Rear end,0
14-12742,BANK ST @ ST. BERNARD ST,373004.73980,5023708.75219,-75.62956914910,45.35000771070,2014-12-18,3:45:00 PM,01 - Clear,01 - Daylight,02 - Wet,01 - Traffic signal,01 - Functioning,03 - P.D. only,03 - Rear end,0
14-12743,KNIGHTS DR btwn LORDS MANOR LANE & JESTER CRT,372317.41280,5011624.49902,-75.63998504580,45.24134323700,2014-12-18,4:35:00 PM,01 - Clear,05 - Dusk,05 - Packed snow,10 - No control,,03 - P.D. only,07 - SMV other,0
14-12744,HALIFAX DR @ WALKLEY RD,373643.73700,5027898.11822,-75.62083140990,45.38763944180,2014-12-18,4:40:00 PM,01 - Clear,05 - Dusk,02 - Wet,01 - Traffic signal,01 - Functioning,03 - P.D. only,05 - Turning movement,0
14-12745,MARKETPLACE AVE btwn GREENBANK RD & TRANSITWAY SOUTHWEST,364178.42191,5014696.47123,-75.74328013500,45.26971851950,2014-12-18,5:07:00 PM,01 - Clear,07 - Dark,01 - Dry,10 - No control,,03 - P.D. only,99 - Other,0
14-12746,RICHARDSON SIDE RD @ TERRY FOX DR,348803.08600,5019506.07210,-75.93878597800,45.31412702200,2014-12-18,5:18:00 PM,01 - Clear,07 - Dark,01 - Dry,01 - Traffic signal,01 - Functioning,03 - P.D. only,05 - Turning movement,0
14-12747,HAWTHORNE RD btwn DAVIDSON RD & LEITRIM RD,376836.02278,5023204.20334,-75.58075385080,45.34508496490,2014-12-18,5:34:00 PM,01 - Clear,07 - Dark,01 - Dry,10 - No control,,03 - P.D. only,07 - SMV other,0
14-12748,BASELINE RD @ FISHER AVE,366168.59384,5026029.00776,-75.71651548120,45.37151645120,2014-12-18,6:15:00 PM,01 - Clear,07 - Dark,02 - Wet,01 - Traffic signal,01 - Functioning,02 - Non-fatal injury,03 - Rear end,0
14-12749,BRONSON AVE/BRONSON/HERON RAMP 35 @ HERON RD,368642.44194,5026697.17113,-75.68484897720,45.37730739920,2014-12-18,6:31:00 PM,01 - Clear,07 - Dark,02 - Wet,01 - Traffic signal,01 - Functioning,03 - P.D. only,04 - Sideswipe,0
14-12750,STRANDHERD DR @ CEDARVIEW RD/TARTAN DR,362291.21260,5013546.83278,-75.76746182290,45.25953080040,2014-12-18,7:06:00 PM,01 - Clear,07 - Dark,01 - Dry,01 - Traffic signal,01 - Functioning,03 - P.D. only,05 - Turning movement,0
14-12751,BASELINE RD @ WOODROFFE AVE,362550.64032,5023770.97976,-75.76296530050,45.35150640940,2014-12-18,7:35:00 PM,01 - Clear,07 - Dark,01 - Dry,01 - Traffic signal,01 - Functioning,03 - P.D. only,04 - Sideswipe,0
14-12752,BRONSON AVE @ IMPERIAL AVE/PLYMOUTH ST,367321.55366,5029643.07664,-75.70133938620,45.40393298150,2014-12-18,8:05:00 PM,01 - Clear,07 - Dark,01 - Dry,10 - No control,,03 - P.D. only,05 - Turning movement,0
14-12753,FRASER FIELDS WAY @ STRANDHERD DR,362949.58710,5013991.96410,-75.75902158460,45.26348200810,2014-12-18,8:15:00 PM,01 - Clear,07 - Dark,01 - Dry,,01 - Functioning,03 - P.D. only,05 - Turning movement,0
14-12754,PINECREST RD @ RICHMOND RD,360071.72038,5024472.93758,-75.79452123600,45.35802237190,2014-12-18,5:15:00 PM,01 - Clear,07 - Dark,01 - Dry,01 - Traffic signal,01 - Functioning,03 - P.D. only,03 - Rear end,0
14-12755,UPLANDS DR @ AIRPORT PKWY RAMP 35,371124.86252,5021372.34663,-75.65387072140,45.32916572290,2014-12-18,2:45:00 PM,03 - Snow,01 - Daylight,03 - Loose snow,01 - Traffic signal,01 - Functioning,03 - P.D. only,03 - Rear end,0
14-12756,RIDEAU ST @ WALLER ST,368281.79778,5032275.05916,-75.68873525460,45.42752825740,2014-12-16,9:00:00 PM,02 - Rain,07 - Dark,02 - Wet,01 - Traffic signal,01 - Functioning,03 - P.D. only,04 - Sideswipe,0
14-12757,FORWARD AVE btwn EMMERSON AVE & BURNSIDE AVE,364847.87230,5030172.11150,-75.73287126140,45.40890968620,2014-12-18,8:50:00 PM,01 - Clear,07 - Dark,03 - Loose snow,10 - No control,,03 - P.D. only,06 - SMV unattended vehicle,0
14-12758,LORRY GREENBERG DR btwn HUNTER'S GLEN CRES & SILVERLACE PRIV,372760.74532,5024938.62455,-75.63251358460,45.36109733480,2014-12-18,9:06:00 PM,01 - Clear,07 - Dark,02 - Wet,10 - No control,,02 - Non-fatal injury,07 - SMV other,0
14-12759,MARQUETTE AVE btwn STE. MONIQUE ST & DES PERES BLANCS AVE,370069.85608,5033844.95365,-75.66567906320,45.44148894320,2014-12-18,9:18:00 PM,01 - Clear,07 - Dark,03 - Loose snow,10 - No control,,03 - P.D. only,06 - SMV unattended vehicle,0
14-12760,FLEWELLYN RD btwn STITTSVILLE MAIN ST & FORESTGROVE DR,351604.20454,5010929.81274,-75.90387105050,45.23677412820,2014-12-18,10:19:00 PM,01 - Clear,07 - Dark,01 - Dry,10 - No control,,03 - P.D. only,07 - SMV other,0
14-12761,HARMER AVE   S btwn ISLAND PARK DR & CARLING AVE,365262.02187,5027979.34069,-75.72784965690,45.38914397050,2014-12-18,11:15:00 PM,01 - Clear,07 - Dark,06 - Ice,10 - No control,,03 - P.D. only,06 - SMV unattended vehicle,0
14-12762,ALTA VISTA DR @ SMYTH RD,370433.91710,5029080.95690,-75.66166053130,45.39859033990,2014-12-18,11:58:00 PM,01 - Clear,07 - Dark,01 - Dry,01 - Traffic signal,01 - Functioning,03 - P.D. only,05 - Turning movement,0
14-12763,DALHOUSIE ST btwn YORK ST & GEORGE ST,368156.02454,5032319.61850,-75.69033667890,45.42794059030,2014-12-19,2:37:00 AM,01 - Clear,07 - Dark,01 - Dry,10 - No control,,03 - P.D. only,03 - Rear end,0
14-12764,MERIVALE RD btwn EMERALD PLAZA SC & MEADOWLANDS DR,364832.09657,5023787.74318,-75.73384905620,45.35146565550,2014-12-19,1:17:00 AM,01 - Clear,07 - Dark,01 - Dry,10 - No control,,03 - P.D. only,04 - Sideswipe,0