Record,Location,X,Y,Longitude,Latitude,Date,Time,Environment,Light,Road_Surface,Traffic_Control,Collision_Location,Collision_Classification,Impact_type,Pedestrian
14-12765,WEST HUNT CLUB RD btwn MOODIE DR & HWY416 IC72 RAMP53,358687.79441,5018954.47069,-75.81278497110,45.30847466520,2014-12-19,7:03:00 AM,01 - Clear,03 - Dawn,01 - Dry,10 - No control,,02 - Non-fatal injury,03 - Rear end,0
14-12766,HAZELDEAN RD btwn TERRY FOX DR & EDGEWATER ST,352245.69650,5017277.27433,-75.89509472700,45.29384758480,2014-12-19,7:35:00 AM,01 - Clear,03 - Dawn,01 - Dry,10 - No control,,02 - Non-fatal injury,03 - Rear end,0
14-12767,PARKDALE AVE @ GLADSTONE AVE,365217.65182,5029119.03616,-75.72827668000,45.39940253450,2014-12-19,8:27:00 AM,01 - Clear,01 - Daylight,02 - Wet,01 - Traffic signal,01 - Functioning,03 - P.D. only,03 - Rear end,0
14-12768,BANKFIELD RD btwn PRINCE OF WALES DR & FIRST LINE RD,366506.05570,5009061.37215,-75.71431874280,45.21881356910,2014-12-19,8:35:00 AM,01 - Clear,01 - Daylight,01 - Dry,10 - No control,,03 - P.D. only,03 - Rear end,0
14-12769,LAURIER AVE @ NICHOLAS ST,368372.68688,5031798.74496,-75.68763533200,45.42323429520,2014-12-19,8:47:00 AM,01 - Clear,01 - Daylight,01 - Dry,01 - Traffic signal,01 - Functioning,03 - P.D. only,04 - Sideswipe,0
14-12770,WOODROFFE AVE @ KNOXDALE RD/MEDHURST DR,363419.68990,5021826.96206,-75.75210547440,45.33394219690,2014-12-19,8:30:00 AM,01 - Clear,01 - Daylight,01 - Dry,01 - Traffic signal,01 - Functioning,03 - P.D. only,04 - Sideswipe,0
14-12771,EAGLESON RD @ PALOMINO DR S/ROTHESAY DR,354124.12743,5017288.70239,-75.87114610100,45.29382107300,2014-12-19,9:37:00 AM,01 - Clear,01 - Daylight,01 - Dry,01 - Traffic signal,01 - Functioning,03 - P.D. only,02 - Angle,0
14-12772,TANDALEE CRES @ STONEHAVEN DR,356138.11589,5016110.44711,-75.84559249890,45.28307466130,2014-12-19,9:30:00 AM,01 - Clear,01 - Daylight,01 - Dry,02 - Stop sign,01 - Functioning,02 - Non-fatal injury,03 - Rear end,0
14-12773,ALTA VISTA DR @ BANK ST,370248.06910,5026202.16458,-75.66441582420,45.37270535140,2014-12-18,5:00:00 PM,01 - Clear,07 - Dark,01 - Dry,01 - Traffic signal,01 - Functioning,03 - P.D. only,03 - Rear end,0
14-12774,BERRIGAN DR btwn CROXLEY WAY & CLARIDGE DR,364640.76250,5015840.20387,-75.73725071970,45.27997063010,2014-12-19,9:59:00 AM,01 - Clear,01 - Daylight,01 - Dry,10 - No control,,03 - P.D. only,04 - Sideswipe,0
14-12775,MAITLAND AVE btwn TARA DR & ERINDALE DR,363601.61127,5025283.23729,-75.74937367330,45.36502619500,2014-12-19,10:18:00 AM,01 - Clear,01 - Daylight,01 - Dry,10 - No control,,03 - P.D. only,04 - Sideswipe,0
14-12776,ISABELLA ST/HWY417 IC119AR75 @ METCALFE ST,368448.70650,5030400.98988,-75.68684455130,45.41065085940,2014-12-18,3:30:00 PM,01 - Clear,01 - Daylight,04 - Slush,01 - Traffic signal,01 - Functioning,03 - P.D. only,04 - Sideswipe,0
14-12777,WOODROFFE AVE @ DEERFOX DR/STONEWAY DR,365885.22417,5015942.33453,-75.72137730360,45.28078256760,2014-12-19,10:53:00 AM,01 - Clear,01 - Daylight,01 - Dry,01 - Traffic signal,01 - Functioning,01 - Fatal injury,07 - SMV other,1
14-12778,DICKINSON ST btwn MILL ST & TIGHE ST,368968.55498,5009900.62133,-75.68285957720,45.22614511360,2014-12-18,11:43:00 AM,01 - Clear,01 - Daylight,01 - Dry,10 - No control,,03 - P.D. only,06 - SMV unattended vehicle,0
14-12779,BANK ST @ RIVERSIDE DR N,369226.22287,5027984.30646,-75.67722795000,45.38883520980,2014-12-19,1:35:00 PM,01 - Clear,01 - Daylight,01 - Dry,01 - Traffic signal,01 - Functioning,03 - P.D. only,02 - Angle,0
14-12780,TRIM RD btwn REGIONAL ROAD 174 & RAMP,384423.88710,5039840.99670,-75.48125180130,45.49394828920,2014-12-19,6:30:00 AM,01 - Clear,07 - Dark,02 - Wet,10 - No control,,03 - P.D. only,03 - Rear end,0
14-12781,OGILVIE RD btwn NASKAPI DR & MONTREAL RD,375644.59558,5034585.22995,-75.59432121170,45.44760681150,2014-12-19,11:54:00 AM,01 - Clear,01 - Daylight,01 - Dry,10 - No control,,03 - P.D. only,05 - Turning movement,0
14-12782,TERRY FOX DR btwn KANATA AVE & Continuation of TERRY FOX DR,349339.73406,5019198.59491,-75.93196956070,45.31132641870,2014-12-19,12:18:00 PM,01 - Clear,01 - Daylight,01 - Dry,10 - No control,,03 - P.D. only,04 - Sideswipe,0
14-12783,LEMIEUX ST @ ST. LAURENT BLVD,372390.77458,5031743.03946,-75.63630346700,45.42235639300,2014-12-19,12:28:00 PM,01 - Clear,01 - Daylight,01 - Dry,01 - Traffic signal,01 - Functioning,03 - P.D. only,05 - Turning movement,0
14-12784,MARCH RD btwn HALTON TERR/MAXWELL BRIDGE RD & MAXWELL RD,348581.74140,5024809.41798,-75.94113961870,45.36186175900,2014-12-18,9:15:00 PM,01 - Clear,07 - Dark,01 - Dry,10 - No control,,03 - P.D. only,07 - SMV other,0
14-12785,INDUSTRIAL AVE btwn NEIGHBORHOOD WAY & TRAINYARDS DR,371264.95956,5030543.87870,-75.65084962910,45.41167472060,2014-12-19,12:30:00 PM,01 - Clear,01 - Daylight,01 - Dry,10 - No control,,03 - P.D. only,03 - Rear end,0
14-12786,WALKLEY RD btwn HALIFAX DR & ST. LAURENT BLVD,373802.98763,5027988.42280,-75.61878531650,45.38843629070,2014-12-19,12:34:00 PM,01 - Clear,01 - Daylight,01 - Dry,10 - No control,,03 - P.D. only,03 - Rear end,0
14-12787,DRIVEWAY (THE) @ PRINCE OF WALES DR,366883.63167,5028137.69800,-75.70712239540,45.39042696070,2014-12-19,1:03:00 PM,02 - Rain,01 - Daylight,02 - Wet,03 - Yield sign,01 - Functioning,03 - P.D. only,03 - Rear end,0
14-12788,LAURIER AVE   W btwn BANK ST & O'CONNOR ST,367610.87978,5031346.46441,-75.69742679260,45.41923363760,2014-12-19,11:15:00 AM,01 - Clear,01 - Daylight,01 - Dry,10 - No control,,03 - P.D. only,01 - Approaching,0
14-12789,HOCHELAGA ST @ MONTREAL RD,372970.21673,5034468.35796,-75.62852266310,45.44682121220,2014-12-19,1:11:00 PM,01 - Clear,01 - Daylight,01 - Dry,02 - Stop sign,00 - Unknown,03 - P.D. only,03 - Rear end,0
14-12790,AVIATION PKWY @ OGILVIE RD,373108.81396,5032377.06066,-75.62704126990,45.42799125960,2014-12-19,1:17:00 PM,01 - Clear,01 - Daylight,01 - Dry,01 - Traffic signal,01 - Functioning,03 - P.D. only,03 - Rear end,0
14-12791,INNES RD @ TENTH LINE RD,383949.86006,5036160.03586,-75.48790889260,45.46088437560,2014-12-19,1:33:00 PM,01 - Clear,01 - Daylight,01 - Dry,01 - Traffic signal,00 - Unknown,02 - Non-fatal injury,04 - Sideswipe,0
14-12792,RIVERSIDE DR SB btwn HWY417 IC117 RAMP35 & VANIER PKWY,370806.76189,5031137.73651,-75.65662334630,45.41706137880,2014-12-19,10:00:00 AM,01 - Clear,01 - Daylight,01 - Dry,10 - No control,,03 - P.D. only,03 - Rear end,0
14-12793,TERRY FOX DR @ PALLADIUM DR/KATIMAVIK RD,351268.76788,5018180.35002,-75.90746469620,45.30203899080,2014-12-19,12:30:00 PM,01 - Clear,01 - Daylight,01 - Dry,01 - Traffic signal,01 - Functioning,03 - P.D. only,03 - Rear end,0
14-12794,CARLING AVE @ KIRKWOOD AVE N,364274.74208,5027494.00926,-75.74051540280,45.38486158010,2014-12-19,1:40:00 PM,01 - Clear,01 - Daylight,01 - Dry,01 - Traffic signal,01 - Functioning,03 - P.D. only,03 - Rear end,0
14-12795,EDGAR BRAULT ST @ ST. JOSEPH BLVD,381419.74080,5037547.84213,-75.52004039460,45.47365276190,2014-12-19,1:46:00 PM,01 - Clear,01 - Daylight,02 - Wet,01 - Traffic signal,01 - Functioning,03 - P.D. only,02 - Angle,0
14-12796,DONALD ST @ ST. LAURENT BLVD,372092.76278,5032472.10984,-75.64001151890,45.42894496020,2014-12-19,1:59:00 PM,01 - Clear,01 - Daylight,01 - Dry,01 - Traffic signal,01 - Functioning,03 - P.D. only,04 - Sideswipe,0
14-12797,HAZELDEAN RD btwn CASTLEFRANK RD & 246 E OF CASTLEFRANK RD,352697.83059,5017696.24643,-75.88929013890,45.29758692490,2014-12-19,2:23:00 PM,01 - Clear,01 - Daylight,01 - Dry,10 - No control,,02 - Non-fatal injury,03 - Rear end,0
14-12798,BELFAST RD btwn TRAINYARDS DR & ST. LAURENT BLVD,372322.17020,5030668.56205,-75.63732724880,45.41269536060,2014-12-19,2:28:00 PM,01 - Clear,01 - Daylight,01 - Dry,10 - No control,,03 - P.D. only,05 - Turning movement,0
14-12799,GRASSY PLAINS DR btwn FARMFIELD CRES & STONEHAVEN DR,356144.81524,5015927.67571,-75.84552601840,45.28142955990,2014-12-19,12:40:00 PM,01 - Clear,01 - Daylight,01 - Dry,10 - No control,,03 - P.D. only,06 - SMV unattended vehicle,0
14-12800,BASELINE RD @ CLYDE AVE,364360.60354,5024890.03784,-75.73973307460,45.36142416050,2014-12-19,2:40:00 PM,01 - Clear,01 - Daylight,01 - Dry,01 - Traffic signal,01 - Functioning,03 - P.D. only,05 - Turning movement,0
14-12801,JOCKVALE RD @ LONGFIELDS DR,364829.29290,5014001.02790,-75.73507021200,45.26340566480,2014-12-19,2:37:00 PM,01 - Clear,01 - Daylight,01 - Dry,,01 - Functioning,03 - P.D. only,03 - Rear end,0
14-12802,CONROY RD @ THURSTON DR,373203.58038,5026793.99162,-75.62660475910,45.37774810680,2014-12-19,3:11:00 PM,01 - Clear,01 - Daylight,01 - Dry,01 - Traffic signal,01 - Functioning,03 - P.D. only,03 - Rear end,0
14-12803,BOYER RD @ ST. JOSEPH BLVD,380405.35934,5036833.21607,-75.53312232120,45.46733368990,2014-12-19,3:16:00 PM,01 - Clear,01 - Daylight,01 - Dry,02 - Stop sign,01 - Functioning,02 - Non-fatal injury,05 - Turning movement,0
14-12804,COVENTRY RD @ VANIER PKWY,370675.43478,5031612.17806,-75.65823771510,45.42134258660,2014-12-19,3:19:00 PM,01 - Clear,01 - Daylight,01 - Dry,01 - Traffic signal,01 - Functioning,02 - Non-fatal injury,03 - Rear end,0
14-12805,MONTREAL RD btwn BRUNEL ST & FOXVIEW PL,372893.28372,5034438.01073,-75.62951024820,45.44655566190,2014-12-19,3:21:00 PM,01 - Clear,01 - Daylight,01 - Dry,10 - No control,,03 - P.D. only,04 - Sideswipe,0
14-12806,HUDSON AVE btwn LEXINGTON ST & MORLEY BLVD,366646.46336,5025948.49580,-75.71042524550,45.37075001180,2014-12-17,5:00:00 PM,01 - Clear,07 - Dark,06 - Ice,10 - No control,,03 - P.D. only,06 - SMV unattended vehicle,0
14-12807,MERIVALE RD @ BONGARD AVE,365869.94367,5021315.94944,-75.72091000460,45.32913520430,2014-12-18,6:00:00 PM,01 - Clear,07 - Dark,01 - Dry,02 - Stop sign,01 - Functioning,02 - Non-fatal injury,03 - Rear end,0
14-12808,INNES RD @ JEANNE D'ARC BLVD/MER BLEUE RD,382638.70372,5035568.97888,-75.50476567730,45.45571386460,2014-12-19,4:04:00 PM,01 - Clear,05 - Dusk,02 - Wet,01 - Traffic signal,01 - Functioning,03 - P.D. only,03 - Rear end,0
14-12809,RICHMOND RD btwn WOODROFFE AVE & LOCKHART AVE,361603.68878,5026682.55170,-75.77471495240,45.37778186430,2014-12-19,4:08:00 PM,01 - Clear,05 - Dusk,01 - Dry,10 - No control,,03 - P.D. only,05 - Turning movement,0
14-12810,CATHERINE ST btwn BRONSON AVE & HWY417 IC121A RAMP61,367273.20850,5029806.67935,-75.70193616760,45.40540934860,2014-12-19,4:12:00 PM,01 - Clear,05 - Dusk,06 - Ice,10 - No control,,03 - P.D. only,03 - Rear end,0
14-12811,CARLING AVE WB btwn TRANSIT & EDGEWORTH AVE,361153.68147,5025362.92744,-75.78061086740,45.36594432030,2014-12-19,4:16:00 PM,01 - Clear,05 - Dusk,01 - Dry,10 - No control,,03 - P.D. only,04 - Sideswipe,0
14-12812,CARLING AVE @ BROADVIEW AVE,363182.58684,5026639.01666,-75.75456199020,45.37726035630,2014-12-19,4:32:00 PM,01 - Clear,05 - Dusk,01 - Dry,01 - Traffic signal,01 - Functioning,03 - P.D. only,03 - Rear end,0
14-12813,ALBION RD btwn LESTER RD & LEITRIM RD,373419.00462,5020606.07996,-75.62471312120,45.32205056610,2014-12-19,4:36:00 PM,01 - Clear,05 - Dusk,01 - Dry,10 - No control,,03 - P.D. only,03 - Rear end,0
14-12814,ELGIN ST @ LAURIER AVE,367946.80966,5031550.05086,-75.69310874400,45.42103520220,2014-12-19,1:00:00 PM,01 - Clear,01 - Daylight,01 - Dry,01 - Traffic signal,01 - Functioning,03 - P.D. only,04 - Sideswipe,0
14-12815,ALBION RD @ LESTER RD,372695.69332,5022332.02084,-75.63370171640,45.33765034830,2014-12-19,5:06:00 PM,01 - Clear,07 - Dark,01 - Dry,01 - Traffic signal,01 - Functioning,03 - P.D. only,03 - Rear end,0
14-12816,HAZELDEAN RD @ 246 E OF CASTLEFRANK RD/FARMBOY,352860.06772,5017840.41814,-75.88720771830,45.29887313730,2014-12-19,5:37:00 PM,01 - Clear,07 - Dark,01 - Dry,01 - Traffic signal,01 - Functioning,02 - Non-fatal injury,07 - SMV other,1
14-12817,HAWTHORNE AVE/ISABELLA ST @ QUEEN ELIZABETH DR,368665.53780,5030477.01051,-75.68406481690,45.41131511350,2014-12-19,3:00:00 PM,01 - Clear,01 - Daylight,01 - Dry,01 - Traffic signal,01 - Functioning,03 - P.D. only,03 - Rear end,0
14-12818,RICHMOND RD btwn CHURCHILL AVE N & WINONA AVE,363261.27010,5028314.84994,-75.75335895460,45.39233269510,2014-12-19,9:30:00 AM,01 - Clear,01 - Daylight,05 - Packed snow,10 - No control,,03 - P.D. only,06 - SMV unattended vehicle,0
14-12819,BRONSON AVE btwn RENFREW AVE & POWELL AVE,367359.56196,5029537.78618,-75.70086726690,45.40298221320,2014-12-19,6:27:00 PM,01 - Clear,07 - Dark,02 - Wet,10 - No control,,03 - P.D. only,02 - Angle,0
14-12820,REGIONAL ROAD 174 btwn Continuation of REGIONAL ROAD 174 & OR174 IC112,374375.82349,5032528.99843,-75.61082988470,45.42923342570,2014-12-19,6:53:00 PM,01 - Clear,07 - Dark,01 - Dry,10 - No control,,02 - Non-fatal injury,03 - Rear end,0
14-12821,SIR GUY CARLETON ST btwn MARIPOSA AVE & MAPLE LANE,368990.91606,5034556.31258,-75.67937652780,45.44798936490,2014-12-17,4:00:00 PM,01 - Clear,05 - Dusk,01 - Dry,10 - No control,,03 - P.D. only,06 - SMV unattended vehicle,0
14-12822,GLOUCESTER ST @ KENT ST,367358.65142,5031099.04726,-75.70068076560,45.41703005450,2014-12-19,7:51:00 PM,01 - Clear,07 - Dark,01 - Dry,01 - Traffic signal,01 - Functioning,03 - P.D. only,04 - Sideswipe,0
14-12823,YORK ST WB btwn BYWARD MARKE SQ & SUSSEX DR,367877.78814,5032311.42451,-75.69389311760,45.42789201160,2014-12-19,8:54:00 PM,01 - Clear,07 - Dark,01 - Dry,10 - No control,,03 - P.D. only,99 - Other,0
14-12824,CARLING AVE @ HWY 417 CARLING IC124R67,364330.69727,5027523.83596,-75.73979732830,45.38512520230,2014-12-19,11:20:00 AM,01 - Clear,01 - Daylight,01 - Dry,03 - Yield sign,01 - Functioning,03 - P.D. only,03 - Rear end,0
14-12825,LONGFIELDS DR @ WOODROFFE AVE,365419.24219,5017107.42683,-75.72717405350,45.29130634980,2014-12-19,9:11:00 PM,01 - Clear,07 - Dark,01 - Dry,01 - Traffic signal,01 - Functioning,02 - Non-fatal injury,05 - Turning movement,0
14-12826,BANK ST @ FOXBAR AVE,370476.72232,5025623.25870,-75.66157385840,45.36747515170,2014-12-20,2:59:00 AM,01 - Clear,07 - Dark,01 - Dry,02 - Stop sign,01 - Functioning,02 - Non-fatal injury,07 - SMV other,0
14-12827,MERIVALE RD @ SLACK RD,366019.70030,5020955.96806,-75.71904419960,45.32588309200,2014-12-20,4:04:00 AM,01 - Clear,07 - Dark,01 - Dry,01 - Traffic signal,01 - Functioning,03 - P.D. only,07 - SMV other,0
14-12828,CENTRAL PARK DR N @ MERIVALE RD,364953.85402,5025875.01298,-75.73204123780,45.37023615410,2014-12-20,6:39:00 AM,01 - Clear,07 - Dark,02 - Wet,01 - Traffic signal,01 - Functioning,02 - Non-fatal injury,07 - SMV other,1
14-12829,HWY 416 ACRES IC75R24 @ HOLLY ACRES RD,358757.15645,5022870.27608,-75.81147375070,45.34370399110,2014-12-19,6:25:00 PM,01 - Clear,07 - Dark,01 - Dry,01 - Traffic signal,01 - Functioning,03 - P.D. only,03 - Rear end,0
14-12830,SUNBURST ST btwn KINGSWELL ST & LAGUNA ST,375925.84000,5021284.43500,-75.59264307360,45.32790461040,2014-12-19,2:30:00 PM,01 - Clear,01 - Daylight,03 - Loose snow,10 - No control,,03 - P.D. only,06 - SMV unattended vehicle,0
14-12831,MERIVALE RD @ SHILLINGTON AVE,364844.69420,5026810.96328,-75.73332091760,45.37866703380,2014-12-20,9:14:00 AM,01 - Clear,01 - Daylight,01 - Dry,01 - Traffic signal,01 - Functioning,03 - P.D. only,03 - Rear end,0
14-12832,WEST HUNT CLUB RD @ CLEOPATRA DR/LANCELOT DR,365234.74988,5021732.01894,-75.72896184830,45.33293393480,2014-12-20,9:36:00 AM,01 - Clear,01 - Daylight,01 - Dry,01 - Traffic signal,01 - Functioning,03 - P.D. only,03 - Rear end,0
14-12833,ALTA VISTA DR @ FAIRCREST RD,370433.66602,5028972.02196,-75.66167823310,45.39761020730,2014-12-20,9:52:00 AM,01 - Clear,01 - Daylight,01 - Dry,02 - Stop sign,00 - Unknown,03 - P.D. only,03 - Rear end,0
14-12834,HAZELDEAN RD @ TERRY FOX DR,352208.11797,5017242.70449,-75.89557710890,45.29353905310,2014-12-20,10:09:00 AM,01 - Clear,01 - Daylight,01 - Dry,01 - Traffic signal,01 - Functioning,03 - P.D. only,03 - Rear end,0
14-12835,GREENBANK RD @ LARKIN DR,363176.67790,5016508.82870,-75.75583214990,45.28611002560,2014-12-20,10:17:00 AM,01 - Clear,01 - Daylight,01 - Dry,01 - Traffic signal,01 - Functioning,02 - Non-fatal injury,02 - Angle,0
14-12836,KING EDWARD AVE @ ST. ANDREW ST,368162.60024,5032970.00798,-75.69016896260,45.43379196800,2014-12-20,10:29:00 AM,01 - Clear,01 - Daylight,01 - Dry,01 - Traffic signal,01 - Functioning,02 - Non-fatal injury,02 - Angle,0
14-12837,WOODROFFE AVE/HWY 417 WOODROFF IC127R25 @ HWY,362179.59901,5024696.76226,-75.76759282060,45.35986699000,2014-12-20,10:41:00 AM,01 - Clear,01 - Daylight,01 - Dry,01 - Traffic signal,01 - Functioning,03 - P.D. only,03 - Rear end,0
14-12838,RIVERSIDE DR NB btwn SMYTH RD SOUTH SIDE RAMP & SMYTH RD NORTH SIDE RA,369928.11236,5029308.18968,-75.66809046250,45.40068213300,2014-12-20,10:47:00 AM,01 - Clear,01 - Daylight,06 - Ice,10 - No control,,03 - P.D. only,03 - Rear end,0
14-12839,QUEEN ST btwn BAY ST & LYON ST N,366917.13982,5031225.72814,-75.70630549540,45.41820922610,2014-12-20,10:56:00 AM,01 - Clear,01 - Daylight,02 - Wet,10 - No control,,03 - P.D. only,06 - SMV unattended vehicle,0
14-12840,ST. LAURENT BLVD @ MCARTHUR AVE,371920.76888,5032889.95020,-75.64215236450,45.43272102060,2014-12-20,11:23:00 AM,01 - Clear,01 - Daylight,01 - Dry,01 - Traffic signal,01 - Functioning,03 - P.D. only,03 - Rear end,0
14-12841,INDUSTRIAL AVE @ RIVERSIDE DR,370683.76848,5030591.12822,-75.65826774950,45.41215480940,2014-12-20,11:26:00 AM,01 - Clear,01 - Daylight,01 - Dry,01 - Traffic signal,01 - Functioning,03 - P.D. only,02 - Angle,0
14-12842,BANK ST @ JOHNSTON RD,370852.68062,5024840.00296,-75.65687960930,45.36039234250,2014-12-20,11:40:00 AM,01 - Clear,01 - Daylight,02 - Wet,01 - Traffic signal,01 - Functioning,03 - P.D. only,05 - Turning movement,0
14-12843,TERRY FOX DR @ 329 N OF CAMPEAU DR/SIGNATURE C,350061.27330,5019031.21216,-75.92278327900,45.30977412900,2014-12-20,11:39:00 AM,01 - Clear,01 - Daylight,01 - Dry,01 - Traffic signal,01 - Functioning,03 - P.D. only,03 - Rear end,0
14-12844,LYON ST @ SLATER ST,367103.65472,5031154.96270,-75.70393150170,45.41755591670,2014-12-20,10:50:00 AM,01 - Clear,01 - Daylight,01 - Dry,01 - Traffic signal,01 - Functioning,03 - P.D. only,02 - Angle,0
14-12845,BEECH ST btwn RAILWAY ST & PRESTON ST,366605.98898,5029231.48119,-75.71053083340,45.40029310060,2014-12-20,11:47:00 AM,01 - Clear,01 - Daylight,01 - Dry,10 - No control,,03 - P.D. only,04 - Sideswipe,0
14-12846,SLACK RD @ WOODROFFE AVE,364232.73338,5019974.00314,-75.74195564480,45.31720102490,2014-12-20,11:52:00 AM,01 - Clear,01 - Daylight,01 - Dry,01 - Traffic signal,01 - Functioning,02 - Non-fatal injury,02 - Angle,0
14-12847,TERRY FOX DR btwn PALLADIUM DR & MAPLE GROVE RD,351541.25706,5017877.29110,-75.90401887570,45.29929390920,2014-12-20,11:54:00 AM,01 - Clear,01 - Daylight,01 - Dry,10 - No control,,02 - Non-fatal injury,03 - Rear end,0
14-12848,TERRY FOX DR @ PALLADIUM DR/KATIMAVIK RD,351270.66812,5018180.35002,-75.90744046760,45.30203886510,2014-12-19,11:15:00 PM,01 - Clear,07 - Dark,03 - Loose snow,01 - Traffic signal,01 - Functioning,03 - P.D. only,03 - Rear end,0
14-12849,MERIVALE RD btwn CLYDE AVE & GILBEY DR,364544.50115,5024519.40238,-75.73743070530,45.35807358750,2014-12-20,12:27:00 PM,01 - Clear,01 - Daylight,01 - Dry,10 - No control,,03 - P.D. only,03 - Rear end,0
14-12850,KING EDWARD AVE @ TEMPLETON ST,369059.70900,5031507.10664,-75.67889515090,45.42054746770,2014-12-20,1:40:00 PM,01 - Clear,01 - Daylight,01 - Dry,01 - Traffic signal,01 - Functioning,03 - P.D. only,03 - Rear end,0
14-12851,TENTH LINE RD @ CHARLEMAGNE BLVD S/DES EPINETT,383640.97510,5036900.45590,-75.49173924100,45.46758093120,2014-12-20,2:09:00 PM,01 - Clear,01 - Daylight,01 - Dry,01 - Traffic signal,01 - Functioning,03 - P.D. only,03 - Rear end,0
14-12852,PARKDALE AVE @ GLADSTONE AVE,365215.75158,5029118.08604,-75.72830106570,45.39939414880,2014-12-20,2:06:00 PM,01 - Clear,01 - Daylight,01 - Dry,01 - Traffic signal,01 - Functioning,03 - P.D. only,03 - Rear end,0
14-12853,RIVERSIDE DR NB btwn INDUSTRIAL AVE & TREMBLAY RD,370804.92846,5030969.82714,-75.65666925920,45.41555077170,2014-12-20,3:20:00 PM,01 - Clear,01 - Daylight,01 - Dry,10 - No control,,03 - P.D. only,04 - Sideswipe,0
14-12854,ELGIN ST @ LISGAR ST,368074.71120,5031346.05116,-75.69150077830,45.41918812510,2014-11-28,5:45:00 PM,01 - Clear,07 - Dark,01 - Dry,01 - Traffic signal,01 - Functioning,02 - Non-fatal injury,03 - Rear end,0
14-12855,INNES RD @ TENTH LINE RD,383952.71042,5036160.03586,-75.48787245140,45.46088405270,2014-12-20,3:27:00 PM,01 - Clear,01 - Daylight,02 - Wet,01 - Traffic signal,01 - Functioning,03 - P.D. only,03 - Rear end,0
14-12856,FIELDROW ST btwn VIEWMOUNT DR & MALCOLM PL,364125.66706,5022854.21670,-75.74297594280,45.34312600380,2014-12-17,3:39:00 PM,01 - Clear,01 - Daylight,05 - Packed snow,10 - No control,,03 - P.D. only,06 - SMV unattended vehicle,0
14-12857,CYRVILLE RD btwn INNES RD & END,375078.12850,5031059.23166,-75.60206529380,45.41593905540,2014-12-20,3:37:00 PM,01 - Clear,01 - Daylight,01 - Dry,10 - No control,,03 - P.D. only,05 - Turning movement,0
14-12858,AVIATION PKWY @ OGILVIE RD,373110.71420,5032376.11054,-75.62701712080,45.42798252460,2014-12-20,3:51:00 PM,01 - Clear,01 - Daylight,01 - Dry,01 - Traffic signal,01 - Functioning,03 - P.D. only,02 - Angle,0
14-12859,ST. LAURENT BLVD @ COVENTRY RD/OGILVIE RD,372304.76938,5031952.99978,-75.63737357190,45.42425382250,2014-12-20,4:25:00 PM,01 - Clear,05 - Dusk,01 - Dry,01 - Traffic signal,01 - Functioning,03 - P.D. only,03 - Rear end,0
14-12860,RIVERDALE AVE @ SUNNYSIDE AVE,369076.48514,5028784.73570,-75.67903574690,45.39605097380,2014-12-20,4:53:00 PM,01 - Clear,07 - Dark,02 - Wet,01 - Traffic signal,01 - Functioning,03 - P.D. only,05 - Turning movement,0
14-12861,ST. LAURENT BLVD @ TREMBLAY RD,372593.81366,5031242.05106,-75.63377820090,45.41782908740,2014-12-20,5:06:00 PM,01 - Clear,07 - Dark,01 - Dry,01 - Traffic signal,01 - Functioning,03 - P.D. only,05 - Turning movement,0
14-12862,ABBEYDALE CIRC btwn Continuation of ABBEYDALE CIRC & Continuation of A,348404.05470,5023044.69823,-75.94356326750,45.34599345970,2014-12-20,5:06:00 PM,01 - Clear,07 - Dark,05 - Packed snow,10 - No control,,03 - P.D. only,06 - SMV unattended vehicle,0
14-12863,GALLANTRY WAY btwn CORIOLIS CRT/GALLANTRY WAY & KHAMSIN ST,350736.21200,5016356.98100,-75.91442397750,45.28566681370,2014-12-20,1:00:00 PM,01 - Clear,01 - Daylight,01 - Dry,10 - No control,,03 - P.D. only,06 - SMV unattended vehicle,0
14-12864,TERRY FOX DR btwn COPE DR & TRANS CANADA TRAIL,353978.28412,5015351.99594,-75.87319735660,45.27640435400,2014-12-20,6:05:00 PM,01 - Clear,07 - Dark,01 - Dry,10 - No control,,03 - P.D. only,99 - Other,0
14-12865,CYRVILLE RD @ INNES RD,375047.72470,5031119.08914,-75.60244517880,45.41648067310,2014-12-19,4:30:00 PM,01 - Clear,05 - Dusk,01 - Dry,01 - Traffic signal,01 - Functioning,03 - P.D. only,04 - Sideswipe,0
14-12866,SLACK RD @ WOODROFFE AVE,364233.68350,5019972.10290,-75.74194375570,45.31718384660,2014-12-20,2:45:00 PM,01 - Clear,01 - Daylight,01 - Dry,01 - Traffic signal,02 - Not functioning,03 - P.D. only,03 - Rear end,0
14-12867,FRIENDLY CRES btwn Continuation of FRIENDLY CRES & HARTSMERE DR,351754.89585,5012433.84668,-75.90180983260,45.25029791860,2014-12-20,7:06:00 PM,01 - Clear,07 - Dark,05 - Packed snow,10 - No control,,03 - P.D. only,06 - SMV unattended vehicle,0
14-12868,ST. LAURENT BLVD @ COVENTRY RD/OGILVIE RD,372306.66962,5031950.14942,-75.63734968320,45.42422799250,2014-12-20,7:10:00 PM,01 - Clear,07 - Dark,01 - Dry,01 - Traffic signal,01 - Functioning,03 - P.D. only,03 - Rear end,0