Record,Location,X,Y,Longitude,Latitude,Date,Time,Environment,Light,Road_Surface,Traffic_Control,Collision_Location,Collision_Classification,Impact_type,Pedestrian
14-13182,RIVER RD btwn EARL ARMSTRONG RD & NICOLLS ISLAND RD,367496.18526,5014461.34946,-75.70103218980,45.26731496440,2014-08-14,11:51:00 AM,01 - Clear,01 - Daylight,01 - Dry,10 - No control,,03 - P.D. only,07 - SMV other,0
14-13183,BLACKBURN BYPASS @ INNES RD E,379791.74790,5033782.83233,-75.54143347160,45.43995478450,2014-12-18,10:42:00 AM,01 - Clear,01 - Daylight,02 - Wet,01 - Traffic signal,01 - Functioning,02 - Non-fatal injury,03 - Rear end,0
14-13184,MONTREAL RD btwn VANIER PKWY & DUROCHER ST,370118.35296,5033090.71018,-75.66515929820,45.43469805040,2014-12-21,7:30:00 PM,01 - Clear,07 - Dark,01 - Dry,10 - No control,,03 - P.D. only,01 - Approaching,0
14-13185,OGILVIE RD btwn MONTREAL RD & GREGORY CRT,375675.52080,5034498.79143,-75.59393836500,45.44682595440,2014-12-05,5:40:00 PM,01 - Clear,07 - Dark,01 - Dry,10 - No control,,02 - Non-fatal injury,03 - Rear end,0
14-13186,PROVOST DR btwn MARCEL ST & THORNDALE DR,369473.03696,5025268.45443,-75.67443195370,45.36437605560,2014-10-21,2:15:00 PM,01 - Clear,01 - Daylight,01 - Dry,10 - No control,,03 - P.D. only,06 - SMV unattended vehicle,0
14-13187,METCALFE ST @ SLATER ST,367732.44158,5031550.06852,-75.69584766990,45.42105467690,2014-12-09,3:12:00 PM,01 - Clear,01 - Daylight,01 - Dry,01 - Traffic signal,01 - Functioning,03 - P.D. only,03 - Rear end,0
14-13188,APPLEDALE DR btwn GATESBURY ST & CONLAN WAY,365342.69953,5015527.54949,-75.72834255400,45.27709727720,2014-11-23,12:00:00 AM,01 - Clear,00 - Unknown,01 - Dry,10 - No control,,03 - P.D. only,06 - SMV unattended vehicle,0
14-13189,STROGET PRIV btwn PRADO PRIV & END,366857.63406,5023561.53793,-75.70802925660,45.34925398600,2014-12-31,1:42:00 PM,01 - Clear,01 - Daylight,01 - Dry,10 - No control,,03 - P.D. only,02 - Angle,0
14-13190,DUNROBIN RD btwn WAYBURN AVE & RIDDELL DR,347096.99259,5026410.25741,-75.95995405220,45.37635765580,2014-11-19,5:35:00 PM,01 - Clear,07 - Dark,01 - Dry,10 - No control,,02 - Non-fatal injury,07 - SMV other,0
14-13191,HERON RD WB btwn BRONSON AVE RAMP 26 & BRONSON AVE RAMP 62,368802.44194,5026725.12293,-75.68280265610,45.37754430440,2014-12-18,4:43:00 PM,01 - Clear,05 - Dusk,02 - Wet,10 - No control,,03 - P.D. only,04 - Sideswipe,0
14-13192,TENTH LINE RD @ CHARLEMAGNE BLVD N/TOMPKINS AV,383184.89376,5037978.36383,-75.49739899440,45.47733030660,2014-12-20,11:33:00 AM,01 - Clear,01 - Daylight,01 - Dry,01 - Traffic signal,01 - Functioning,03 - P.D. only,03 - Rear end,0
14-13193,COLONEL BY DR @ COLONEL BY DR SB ON RAMP 43,367640.65120,5028443.08577,-75.69741646270,45.39310723790,2014-01-04,12:15:00 PM,01 - Clear,01 - Daylight,02 - Wet,02 - Stop sign,01 - Functioning,02 - Non-fatal injury,02 - Angle,0
14-13194,BOTELER ST @ DALHOUSIE ST/MACDONALDCARTIER BR,367696.90907,5033070.23599,-75.69610751770,45.43473582610,2014-01-02,7:00:00 PM,01 - Clear,07 - Dark,02 - Wet,02 - Stop sign,01 - Functioning,03 - P.D. only,04 - Sideswipe,0
14-13195,OTTAWA RIVER PKWY @ REMIC RAPIDS ENT/TUNNEY'S,364265.12130,5030244.12166,-75.74030672440,45.40960737400,2014-01-08,7:26:00 AM,01 - Clear,03 - Dawn,06 - Ice,01 - Traffic signal,01 - Functioning,03 - P.D. only,07 - SMV other,0
14-13196,OTTAWA RIVER PKWY btwn WOODROFFE AVE & TURN LANE,361432.83455,5027014.70839,-75.77685819240,45.38078441080,2014-01-08,7:33:00 AM,01 - Clear,03 - Dawn,06 - Ice,10 - No control,,03 - P.D. only,03 - Rear end,0
14-13197,PRINCESS AVE @ ROCKCLIFFE PKWY,368228.65112,5034329.16902,-75.68914969980,45.44601520480,2014-01-02,10:10:00 AM,01 - Clear,01 - Daylight,99 - Other,03 - Yield sign,01 - Functioning,03 - P.D. only,03 - Rear end,0
14-13198,OTTAWA RIVER PKWY EB btwn TURN LANE & TRANSIT,361442.71109,5027055.75777,-75.77672738030,45.38115297090,2014-01-03,8:30:00 AM,01 - Clear,01 - Daylight,99 - Other,10 - No control,,03 - P.D. only,07 - SMV other,0
14-13199,OTTAWA RIVER PKWY WB btwn TUNNEY'S PASTURE/REMIC RAPIDS ENT & PARKDALE,363380.40551,5029638.36150,-75.75168035790,45.40423146830,2014-01-06,12:00:00 PM,01 - Clear,01 - Daylight,05 - Packed snow,10 - No control,,03 - P.D. only,02 - Angle,0
14-13200,OTTAWA RIVER PKWY EB btwn TURN LANE & TRANSIT,361440.24196,5027050.81950,-75.77675947240,45.38110873620,2014-01-08,7:00:00 AM,01 - Clear,03 - Dawn,01 - Dry,10 - No control,,02 - Non-fatal injury,07 - SMV other,0
14-13201,OTTAWA RIVER PKWY @ ISLAND PARK DR,363297.88703,5029456.60288,-75.75275593950,45.40260293770,2014-01-13,6:18:00 AM,01 - Clear,07 - Dark,02 - Wet,01 - Traffic signal,01 - Functioning,02 - Non-fatal injury,05 - Turning movement,0
14-13202,ROCKCLIFFE PKWY/AVIATION PKWY WB ON RAMP @ AVI,371336.55724,5035661.59525,-75.64924335050,45.45771480570,2014-01-15,4:20:00 PM,01 - Clear,01 - Daylight,01 - Dry,03 - Yield sign,00 - Unknown,02 - Non-fatal injury,05 - Turning movement,0
14-13203,ROCKCLIFFE PKWY btwn LISGAR RD & BUENA VISTA RD,368335.04021,5035215.51588,-75.68767531750,45.45398054500,2014-01-09,11:40:00 PM,01 - Clear,07 - Dark,01 - Dry,10 - No control,,03 - P.D. only,01 - Approaching,0
14-13204,MONTREAL RD btwn GRANVILLE ST & ALFRED ST,370837.31581,5033480.85666,-75.65591882010,45.43814088840,2014-01-16,2:10:00 PM,01 - Clear,01 - Daylight,01 - Dry,10 - No control,,02 - Non-fatal injury,03 - Rear end,0
14-13205,OTTAWA RIVER PKWY @ VIMY PLACE PRIV,365974.31884,5030799.62881,-75.71840403970,45.41445837010,2014-01-17,10:30:00 PM,00 - Unknown,07 - Dark,02 - Wet,01 - Traffic signal,01 - Functioning,03 - P.D. only,07 - SMV other,0
14-13206,OTTAWA RIVER PKWY WB btwn TUNNEY'S PASTURE/REMIC RAPIDS ENT & PARKDALE,364070.68429,5030062.77103,-75.74281232810,45.40799211160,2014-01-20,5:00:00 PM,01 - Clear,05 - Dusk,01 - Dry,10 - No control,,03 - P.D. only,03 - Rear end,0
14-13207,COLONEL BY DR btwn RIDEAU ST & MACKENZIE AVE,367957.67076,5031989.57890,-75.69291362350,45.42498894640,2014-01-21,9:40:00 AM,01 - Clear,01 - Daylight,01 - Dry,10 - No control,,03 - P.D. only,02 - Angle,0
14-13208,CHAMPLAIN BRIDGE/ISLAND PARK DR btwn BATE ISLAND & OTTAWA RIVER PKWY,363116.27250,5029746.67504,-75.75504135650,45.40522810860,2014-01-22,7:08:00 AM,01 - Clear,03 - Dawn,06 - Ice,10 - No control,,03 - P.D. only,03 - Rear end,0
14-13209,CHAMPLAIN BRIDGE/ISLAND PARK DR btwn BATE ISLAND & OTTAWA RIVER PKWY,363115.32238,5029751.42563,-75.75505293060,45.40527093280,2014-01-22,7:59:00 AM,01 - Clear,01 - Daylight,06 - Ice,10 - No control,,03 - P.D. only,03 - Rear end,0
14-13210,CHAMPLAIN BRIDGE/ISLAND PARK DR btwn BATE ISLAND & OTTAWA RIVER PKWY,363117.22262,5029744.77480,-75.75502944520,45.40521093180,2014-01-22,8:20:00 AM,01 - Clear,01 - Daylight,06 - Ice,10 - No control,,03 - P.D. only,03 - Rear end,0
14-13212,LISGAR RD @ ROCKCLIFFE PKWY,368353.41202,5035226.61728,-75.68743901490,45.45407876030,2014-01-23,8:10:00 AM,01 - Clear,01 - Daylight,01 - Dry,03 - Yield sign,00 - Unknown,03 - P.D. only,03 - Rear end,0
14-13213,CHAMPLAIN BRIDGE/ISLAND PARK DR btwn BATE ISLAND & OTTAWA RIVER PKWY,363140.02547,5029591.80568,-75.75475627380,45.40383264260,2014-01-24,8:30:00 AM,01 - Clear,01 - Daylight,06 - Ice,10 - No control,,03 - P.D. only,03 - Rear end,0
14-13214,BOTELER ST @ SUSSEX DR,367452.34523,5032952.62968,-75.69924797490,45.43369959980,2014-01-25,1:21:00 PM,01 - Clear,01 - Daylight,04 - Slush,01 - Traffic signal,01 - Functioning,03 - P.D. only,03 - Rear end,0
14-13216,KING EDWARD AVE @ SUSSEX DR,367661.87228,5033505.33159,-75.69649972140,45.43865381420,2014-01-27,2:35:00 PM,06 - Strong wind,01 - Daylight,06 - Ice,01 - Traffic signal,01 - Functioning,03 - P.D. only,03 - Rear end,0
14-13217,OTTAWA RIVER PKWY WB btwn TUNNEY'S PASTURE/REMIC RAPIDS ENT & PARKDALE,364207.53475,5030182.32319,-75.74104979980,45.40905621480,2014-01-29,2:20:00 PM,03 - Snow,01 - Daylight,02 - Wet,10 - No control,,03 - P.D. only,03 - Rear end,0
14-13219,OTTAWA RIVER PKWY @ VIMY PLACE PRIV,365975.01882,5030798.54076,-75.71839523200,45.41444851940,2014-02-03,4:25:00 PM,01 - Clear,01 - Daylight,02 - Wet,01 - Traffic signal,01 - Functioning,03 - P.D. only,03 - Rear end,0
14-13220,CHAMPLAIN BRIDGE/ISLAND PARK DR btwn BATE ISLAND & OTTAWA RIVER PKWY,363144.77606,5029569.95295,-75.75469817970,45.40363561990,2014-02-05,6:55:00 AM,01 - Clear,03 - Dawn,02 - Wet,10 - No control,,03 - P.D. only,03 - Rear end,0
14-13221,IONA ST @ ISLAND PARK DR,364349.70440,5028385.07524,-75.73945070610,45.39287285920,2014-02-06,6:23:00 PM,01 - Clear,07 - Dark,01 - Dry,01 - Traffic signal,01 - Functioning,03 - P.D. only,02 - Angle,0
14-13222,COLONEL BY DR btwn N.D.H.Q. & OTTAWA UNIV. PED. XING,368718.30607,5031501.60233,-75.68325783390,45.42052921690,2014-02-08,1:48:00 PM,01 - Clear,01 - Daylight,01 - Dry,10 - No control,,03 - P.D. only,03 - Rear end,0
14-13223,COLONEL BY DR btwn HAWTHORNE AVE & MAIN ST,368848.30227,5030893.19673,-75.68167600530,45.41504310990,2014-02-09,11:00:00 PM,03 - Snow,07 - Dark,03 - Loose snow,10 - No control,,03 - P.D. only,07 - SMV other,0
14-13224,OTTAWA RIVER PKWY @ ISLAND PARK DR,363297.74518,5029454.03846,-75.75275805490,45.40257987560,2014-02-12,8:07:00 AM,01 - Clear,01 - Daylight,01 - Dry,01 - Traffic signal,01 - Functioning,03 - P.D. only,03 - Rear end,0
14-13225,OTTAWA RIVER PKWY @ ISLAND PARK DR,363297.74518,5029455.93870,-75.75275782950,45.40259697320,2014-02-12,8:55:00 AM,01 - Clear,01 - Daylight,99 - Other,01 - Traffic signal,01 - Functioning,03 - P.D. only,03 - Rear end,0
14-13226,OTTAWA RIVER PKWY WB btwn OTTAWA RIVER PKWY WB RAMP/CARLING AVE WB & W,361183.09752,5026580.77375,-75.78009637070,45.37690004790,2014-02-13,7:45:00 AM,01 - Clear,01 - Daylight,06 - Ice,10 - No control,,02 - Non-fatal injury,07 - SMV other,0
14-13227,OTTAWA RIVER PKWY @ ISLAND PARK DR,363297.74518,5029454.03846,-75.75275805490,45.40257987560,2014-02-14,11:00:00 AM,03 - Snow,01 - Daylight,03 - Loose snow,01 - Traffic signal,01 - Functioning,03 - P.D. only,03 - Rear end,0
14-13228,ROCKCLIFFE PKWY btwn ACACIA AVE & HILLSDALE RD,368738.83051,5035553.72343,-75.68246922820,45.45698676730,2014-02-14,8:04:00 AM,03 - Snow,01 - Daylight,04 - Slush,10 - No control,,03 - P.D. only,01 - Approaching,0
14-13229,ACACIA AVE @ CRESCENT RD/THOROLD RD,369038.74988,5035181.22004,-75.67868347040,45.45360762890,2014-02-14,8:40:00 AM,03 - Snow,01 - Daylight,03 - Loose snow,03 - Yield sign,01 - Functioning,03 - P.D. only,02 - Angle,0
14-13230,ROCKCLIFFE PKWY btwn ACACIA AVE & HILLSDALE RD,368748.33170,5035560.37427,-75.68234689210,45.45704573980,2014-02-14,11:37:00 AM,03 - Snow,01 - Daylight,04 - Slush,10 - No control,,03 - P.D. only,03 - Rear end,0
14-13231,COLONEL BY DR btwn CLEGG ST & ECHO DR N,368819.61659,5030409.41831,-75.68210531250,45.41069286410,2014-02-14,2:50:00 PM,01 - Clear,01 - Daylight,02 - Wet,10 - No control,,03 - P.D. only,07 - SMV other,0
14-13232,COLONEL BY DR btwn CLEGG ST & ECHO DR S,368678.99901,5028784.24016,-75.68411213880,45.39608289060,2014-02-14,3:45:00 PM,01 - Clear,01 - Daylight,02 - Wet,10 - No control,,03 - P.D. only,03 - Rear end,0
14-13233,OTTAWA RIVER PKWY EB btwn TUNNEY'S PASTURE/REMIC RAPIDS ENT & ISLAND P,363821.78654,5029913.43958,-75.74600961670,45.40666949060,2014-01-02,10:40:00 AM,01 - Clear,01 - Daylight,01 - Dry,10 - No control,,03 - P.D. only,07 - SMV other,0
14-13234,COLONEL BY DR btwn CLEGG ST & ECHO DR N,368900.72683,5030238.15597,-75.68109145000,45.40914448020,2014-01-05,12:42:00 PM,03 - Snow,01 - Daylight,04 - Slush,10 - No control,,02 - Non-fatal injury,01 - Approaching,0
14-13235,OTTAWA RIVER PKWY WB btwn TUNNEY'S PASTURE/REMIC RAPIDS ENT & PARKDALE,364516.96243,5030455.28531,-75.73706404770,45.41148593390,2014-01-07,5:22:00 PM,01 - Clear,05 - Dusk,01 - Dry,10 - No control,,03 - P.D. only,03 - Rear end,0
14-13236,COVENTRY RD @ LOLA ST,371263.71760,5031615.04706,-75.65072102410,45.42131275900,2014-01-09,6:50:00 AM,01 - Clear,07 - Dark,01 - Dry,01 - Traffic signal,01 - Functioning,02 - Non-fatal injury,07 - SMV other,1
14-13237,OTTAWA RIVER PKWY @ PORTAGE BRIDGE,366516.60280,5031315.88417,-75.71141152860,45.41905587020,2014-01-09,9:25:00 AM,01 - Clear,01 - Daylight,02 - Wet,01 - Traffic signal,00 - Unknown,03 - P.D. only,03 - Rear end,0
14-13238,ST. PATRICK ST/ST. ANDREW ST @ BEAUSOLEIL DR,368426.43612,5033071.67011,-75.68678410510,45.43468273010,2014-01-21,2:40:00 PM,01 - Clear,01 - Daylight,01 - Dry,01 - Traffic signal,01 - Functioning,03 - P.D. only,03 - Rear end,0
14-13239,ISLAND PARK DR btwn OTTAWA RIVER PKWY & TURN LANE,363392.75706,5029421.73442,-75.75154832850,45.40228126310,2014-01-26,12:45:00 PM,01 - Clear,01 - Daylight,04 - Slush,10 - No control,,03 - P.D. only,03 - Rear end,0
14-13240,BEARBROOK RD/ROCKCLIFFE PKWY @ ST. JOSEPH BLVD,377128.16915,5035240.84063,-75.57526123890,45.45335361750,2014-01-29,8:35:00 AM,01 - Clear,01 - Daylight,04 - Slush,01 - Traffic signal,01 - Functioning,03 - P.D. only,03 - Rear end,0
14-13241,COLONEL BY DR @ ECHO DR S,368545.56296,5028771.07254,-75.68581796440,45.39597657230,2014-02-10,7:20:00 PM,01 - Clear,07 - Dark,03 - Loose snow,10 - No control,,03 - P.D. only,03 - Rear end,0
14-13242,BOOTH ST btwn VIMY PLACE PRIV & OTTAWA RIVER PKWY,366241.18251,5031056.09397,-75.71496279210,45.41674259210,2014-02-12,10:50:00 AM,01 - Clear,01 - Daylight,06 - Ice,10 - No control,,03 - P.D. only,07 - SMV other,0
14-13243,OTTAWA RIVER PKWY @ PORTAGE BRIDGE,366516.71695,5031314.52627,-75.71141023960,45.41904364210,2014-02-14,7:30:00 AM,03 - Snow,01 - Daylight,03 - Loose snow,01 - Traffic signal,01 - Functioning,03 - P.D. only,03 - Rear end,0
14-13244,OTTAWA RIVER PKWY @ WOODROFFE AVE,361428.58184,5027002.06174,-75.77691394240,45.38067096070,2014-02-14,8:35:00 AM,03 - Snow,01 - Daylight,03 - Loose snow,02 - Stop sign,01 - Functioning,03 - P.D. only,03 - Rear end,0
14-13245,OTTAWA RIVER PKWY @ RIVER ST/SLIDELL ST,365156.70340,5030378.04766,-75.72890100000,45.41073608630,2014-02-14,11:46:00 AM,03 - Snow,01 - Daylight,03 - Loose snow,01 - Traffic signal,01 - Functioning,03 - P.D. only,02 - Angle,0
14-13246,PARKDALE AVE EB OFF RAMP/OTTAWA RIVER PKWY btwn OTTAWA RIVER PKWY & PA,364599.93380,5030398.00015,-75.73601106060,45.41096341060,2014-02-20,8:00:00 AM,01 - Clear,01 - Daylight,02 - Wet,10 - No control,,03 - P.D. only,03 - Rear end,0
14-13247,OTTAWA RIVER PKWY btwn TRANSITWAY - TIME POINT & VIMY PLACE PRIV,365832.61424,5030602.40436,-75.72023878780,45.41269617070,2014-01-27,12:00:00 PM,05 - Drifting Snow,01 - Daylight,03 - Loose snow,10 - No control,,03 - P.D. only,03 - Rear end,0
14-13248,COLONEL BY DR btwn CLEGG ST & ECHO DR N,368861.42181,5030339.10952,-75.68158041420,45.41005642410,2014-02-22,6:30:00 PM,01 - Clear,07 - Dark,02 - Wet,10 - No control,,03 - P.D. only,03 - Rear end,0
14-13249,CLEARVIEW AVE @ ISLAND PARK DR,363546.68930,5029365.03986,-75.74958895370,45.40175823560,2014-02-25,4:50:00 PM,01 - Clear,01 - Daylight,01 - Dry,02 - Stop sign,01 - Functioning,02 - Non-fatal injury,02 - Angle,0
14-13250,ROCKCLIFFE PKWY btwn GL/OT BOUNDARY & ST. JOSEPH BLVD,377074.57753,5035375.93404,-75.57592648400,45.45457464290,2014-02-27,6:30:00 AM,03 - Snow,03 - Dawn,03 - Loose snow,10 - No control,,03 - P.D. only,07 - SMV other,0
14-13251,COLONEL BY DR @ HOG'S BACK RD,367599.85904,5025874.01286,-75.69826419540,45.36999504800,2014-02-28,10:20:00 AM,01 - Clear,01 - Daylight,02 - Wet,01 - Traffic signal,01 - Functioning,03 - P.D. only,02 - Angle,0
14-13252,COLONEL BY DR btwn CLEGG ST & ECHO DR S,368889.50595,5028832.83026,-75.68141742290,45.39650085270,2014-03-01,10:09:00 AM,03 - Snow,01 - Daylight,04 - Slush,10 - No control,,02 - Non-fatal injury,07 - SMV other,0
14-13253,CARLING AVE WB btwn CARLING AVE WB RAMP/OTTAWA RIVER PKWY & TRANSIT,360952.02462,5025230.75410,-75.78319995850,45.36477121640,2014-03-01,6:27:00 PM,03 - Snow,07 - Dark,02 - Wet,10 - No control,,02 - Non-fatal injury,01 - Approaching,0
14-13254,OTTAWA RIVER PKWY @ ISLAND PARK DR,363300.59554,5029453.08834,-75.75272176140,45.40257108760,2014-03-05,9:37:00 AM,01 - Clear,01 - Daylight,02 - Wet,01 - Traffic signal,01 - Functioning,03 - P.D. only,03 - Rear end,0
14-13255,OTTAWA RIVER PKWY @ ISLAND PARK DR,363298.69530,5029454.98858,-75.75274580680,45.40258834500,2014-03-06,8:10:00 AM,01 - Clear,01 - Daylight,01 - Dry,01 - Traffic signal,00 - Unknown,03 - P.D. only,03 - Rear end,0
14-13256,OTTAWA RIVER PKWY btwn TRANSITWAY - TIME POINT & VIMY PLACE PRIV,365831.55089,5030599.01582,-75.72025279100,45.41266577370,2014-03-13,7:10:00 AM,01 - Clear,03 - Dawn,03 - Loose snow,10 - No control,,03 - P.D. only,07 - SMV other,0
14-13257,CHAMPLAIN BRIDGE/ISLAND PARK DR btwn BATE ISLAND & OTTAWA RIVER PKWY,363121.02309,5029724.82231,-75.75498326000,45.40503108610,2014-03-17,8:38:00 AM,01 - Clear,01 - Daylight,01 - Dry,10 - No control,,03 - P.D. only,03 - Rear end,0
14-13258,CLEGG ST @ COLONEL BY DR,368966.23596,5029741.38614,-75.68031928580,45.40466871070,2014-03-18,9:04:00 AM,01 - Clear,01 - Daylight,02 - Wet,02 - Stop sign,01 - Functioning,03 - P.D. only,02 - Angle,0
14-13259,OTTAWA RIVER PKWY WB btwn TUNNEY'S PASTURE/REMIC RAPIDS ENT & PARKDALE,363817.46015,5029954.75105,-75.74605993430,45.40704156810,2014-03-22,10:08:00 AM,03 - Snow,01 - Daylight,03 - Loose snow,10 - No control,,03 - P.D. only,04 - Sideswipe,0
14-13260,OTTAWA RIVER PKWY @ REMIC RAPIDS ENT/TUNNEY'S,364263.27140,5030244.76487,-75.74033027800,45.40961331860,2014-03-28,2:52:00 PM,01 - Clear,01 - Daylight,02 - Wet,01 - Traffic signal,00 - Unknown,03 - P.D. only,05 - Turning movement,0
14-13262,OTTAWA RIVER PKWY WB btwn TRANSIT & TURN LANE,362938.60029,5029221.25936,-75.75737277400,45.40051528720,2014-03-20,11:30:00 PM,03 - Snow,07 - Dark,06 - Ice,10 - No control,,03 - P.D. only,99 - Other,0
14-13263,OTTAWA RIVER PKWY WB btwn TRANSIT & TURN LANE,363203.68342,5029344.77480,-75.75397242440,45.40160459360,2014-03-26,4:29:00 PM,01 - Clear,01 - Daylight,01 - Dry,10 - No control,,03 - P.D. only,03 - Rear end,0
14-13264,ISLAND PARK DR @ SCOTT ST,363833.24214,5029042.00216,-75.74596760500,45.39882749780,2014-04-01,8:20:00 PM,01 - Clear,07 - Dark,01 - Dry,01 - Traffic signal,01 - Functioning,02 - Non-fatal injury,07 - SMV other,1
14-13265,PORTAGE BRIDGE NB btwn PROVINCIAL BOUNDARY & WELLINGTON ST,366422.81709,5031490.15294,-75.71258797240,45.42063215630,2014-04-08,6:27:00 PM,01 - Clear,01 - Daylight,02 - Wet,10 - No control,,03 - P.D. only,03 - Rear end,0
14-13266,ISLAND PARK DR btwn CLEARVIEW AVE & OTTAWA RIVER PKWY,363530.53728,5029372.64081,-75.74979435110,45.40182798230,2014-03-11,4:05:00 PM,01 - Clear,01 - Daylight,02 - Wet,10 - No control,,02 - Non-fatal injury,03 - Rear end,0
14-13267,ISLAND PARK DR btwn MAILES AVE & RICHMOND RD,364123.41139,5028877.62893,-75.74228136260,45.39732397200,2014-03-12,3:45:00 PM,03 - Snow,01 - Daylight,04 - Slush,10 - No control,,03 - P.D. only,03 - Rear end,0
14-13268,OTTAWA RIVER PKWY @ ISLAND PARK DR,363298.70830,5029453.40090,-75.75274582910,45.40257405810,2014-04-02,8:10:00 AM,01 - Clear,01 - Daylight,01 - Dry,01 - Traffic signal,01 - Functioning,03 - P.D. only,03 - Rear end,0
14-13269,OTTAWA RIVER PKWY @ REMIC RAPIDS ENT/TUNNEY'S,364263.27140,5030245.72186,-75.74033016260,45.40962192950,2014-01-27,6:45:00 AM,03 - Snow,07 - Dark,03 - Loose snow,01 - Traffic signal,01 - Functioning,02 - Non-fatal injury,02 - Angle,0
14-13270,OTTAWA RIVER PKWY WB btwn TRANSIT & TURN LANE,362670.26400,5028768.56437,-75.76085316370,45.39646423990,2014-01-27,9:50:00 AM,05 - Drifting Snow,01 - Daylight,03 - Loose snow,10 - No control,,03 - P.D. only,03 - Rear end,0
14-13271,COLONEL BY DR btwn UNIVERSITY RD & HOG'S BACK RD,367460.19159,5026088.73970,-75.70001984910,45.37193960960,2014-03-12,6:00:00 PM,03 - Snow,05 - Dusk,05 - Packed snow,10 - No control,,03 - P.D. only,03 - Rear end,0
14-13272,VANIER PKWY/CRICHTON ST @ BEECHWOOD AVE/ST. PA,369126.84688,5033484.75870,-75.67777902660,45.43833545790,2014-03-26,7:55:00 PM,01 - Clear,07 - Dark,01 - Dry,01 - Traffic signal,01 - Functioning,03 - P.D. only,02 - Angle,0
14-13273,OTTAWA RIVER PKWY @ ISLAND PARK DR,363299.64542,5029454.03846,-75.75273378410,45.40257971680,2014-04-09,6:05:00 PM,01 - Clear,01 - Daylight,01 - Dry,01 - Traffic signal,01 - Functioning,03 - P.D. only,03 - Rear end,0
14-13274,CHAMPLAIN BRIDGE/ISLAND PARK DR btwn BATE ISLAND & OTTAWA RIVER PKWY,363140.02547,5029598.45651,-75.75475548700,45.40389248540,2014-04-17,7:44:00 AM,01 - Clear,01 - Daylight,01 - Dry,10 - No control,,03 - P.D. only,03 - Rear end,0
14-13275,AVIATION PKWY @ MONTREAL RD,372146.71660,5034109.05786,-75.63909813330,45.44366823810,2014-04-17,8:20:00 AM,01 - Clear,01 - Daylight,01 - Dry,01 - Traffic signal,01 - Functioning,03 - P.D. only,05 - Turning movement,0
14-13276,COLONEL BY DR @ ECHO DR S,368541.76248,5028772.97278,-75.68586625540,45.39599401660,2014-04-21,5:51:00 PM,01 - Clear,01 - Daylight,01 - Dry,10 - No control,,03 - P.D. only,03 - Rear end,0
14-13277,HWY 417 RR 174 IC113R35/HWY 417 RR 174 IC113R8,373428.13478,5031900.24535,-75.62302739620,45.42366985670,2014-04-27,1:44:00 PM,01 - Clear,01 - Daylight,01 - Dry,10 - No control,,02 - Non-fatal injury,07 - SMV other,0
14-13278,OTTAWA RIVER PKWY WB btwn OTTAWA RIVER PKWY WB RAMP/CARLING AVE WB & W,361233.25977,5026692.03677,-75.77944322990,45.37789714460,2014-04-28,4:48:00 PM,01 - Clear,01 - Daylight,01 - Dry,10 - No control,,03 - P.D. only,03 - Rear end,0
14-13279,OTTAWA RIVER PKWY @ ISLAND PARK DR,363299.64542,5029454.03846,-75.75273378410,45.40257971680,2014-04-07,5:40:00 PM,01 - Clear,01 - Daylight,01 - Dry,01 - Traffic signal,01 - Functioning,03 - P.D. only,03 - Rear end,0
14-13280,CLEGG ST @ COLONEL BY DR,368967.18608,5029740.43602,-75.68030727380,45.40466007490,2014-04-08,2:40:00 PM,02 - Rain,01 - Daylight,02 - Wet,02 - Stop sign,00 - Unknown,03 - P.D. only,03 - Rear end,0
14-13281,QUEEN ELIZABETH DRWY btwn MONKLAND AVE & LINDEN TER,368798.77754,5030245.64035,-75.68239278180,45.40922115220,2014-04-13,4:30:00 AM,02 - Rain,07 - Dark,02 - Wet,10 - No control,,03 - P.D. only,07 - SMV other,0
14-13282,COLONEL BY DR @ HOG'S BACK RD,367601.75928,5025874.01286,-75.69823993750,45.36999487770,2014-04-15,11:48:00 AM,04 - Freezing Rain,01 - Daylight,06 - Ice,01 - Traffic signal,01 - Functioning,03 - P.D. only,04 - Sideswipe,0
14-13283,IONA ST @ ISLAND PARK DR,364349.70440,5028386.02536,-75.73945059140,45.39288140890,2014-04-21,12:42:00 PM,01 - Clear,01 - Daylight,01 - Dry,01 - Traffic signal,01 - Functioning,03 - P.D. only,03 - Rear end,0
14-13284,OTTAWA RIVER PKWY @ TRANSITWAY -  SCOTT ST,362648.30710,5028270.08628,-75.76119203240,45.39198082160,2014-04-28,7:18:00 AM,01 - Clear,01 - Daylight,01 - Dry,01 - Traffic signal,01 - Functioning,03 - P.D. only,03 - Rear end,0
14-13285,COLONEL BY DR btwn UNIVERSITY RD & COLONEL BY DR SB ON RAMP 43,367345.70830,5026907.92432,-75.70137756010,45.37932066020,2014-04-28,1:20:00 PM,01 - Clear,01 - Daylight,01 - Dry,10 - No control,,03 - P.D. only,03 - Rear end,0
14-13286,OTTAWA RIVER PKWY @ PORTAGE BRIDGE,366518.10804,5031314.15804,-75.71139251380,45.41904020560,2014-04-30,6:15:00 AM,02 - Rain,01 - Daylight,02 - Wet,01 - Traffic signal,00 - Unknown,03 - P.D. only,03 - Rear end,0
14-13287,OTTAWA RIVER PKWY WB btwn TUNNEY'S PASTURE/REMIC RAPIDS ENT & PARKDALE,364037.50061,5030048.03864,-75.74323798550,45.40786236180,2014-04-30,5:30:00 PM,02 - Rain,01 - Daylight,02 - Wet,10 - No control,,02 - Non-fatal injury,03 - Rear end,0
14-13288,CLEGG ST @ COLONEL BY DR,368967.18608,5029742.33626,-75.68030702660,45.40467717320,2014-05-02,8:35:00 AM,01 - Clear,01 - Daylight,01 - Dry,02 - Stop sign,00 - Unknown,03 - P.D. only,03 - Rear end,0