Record,Location,X,Y,Longitude,Latitude,Date,Time,Environment,Light,Road_Surface,Traffic_Control,Collision_Location,Collision_Classification,Impact_type,Pedestrian
14-13289,COLONEL BY DR btwn CLEGG ST & ECHO DR N,368966.67911,5029749.75116,-75.68031253760,45.40474393650,2014-05-02,9:20:00 AM,01 - Clear,01 - Daylight,01 - Dry,10 - No control,,03 - P.D. only,03 - Rear end,0
14-13290,FISHER AVE btwn SHILLINGTON AVE & EMPEROR AVE,365640.18658,5027272.93074,-75.72310769860,45.38275509520,2014-05-03,3:20:00 AM,01 - Clear,07 - Dark,01 - Dry,10 - No control,,03 - P.D. only,07 - SMV other,0
14-13291,COLONEL BY DR btwn ROSEDALE AVE & ECHO DR,368304.21159,5028647.43088,-75.68891619880,45.39488601330,2014-04-30,3:43:00 PM,02 - Rain,01 - Daylight,03 - Loose snow,10 - No control,,03 - P.D. only,07 - SMV other,0
14-13292,CATHERINE ST @ QUEEN ELIZABETH DRWY,368672.76228,5030636.94270,-75.68395180260,45.41275346970,2014-05-14,9:18:00 AM,01 - Clear,01 - Daylight,01 - Dry,10 - No control,,03 - P.D. only,07 - SMV other,0
14-13293,COLONEL BY DR btwn MACKENZIE AVE & N.D.H.Q.,368040.93330,5031872.09709,-75.69186480880,45.42392436270,2014-05-17,8:00:00 PM,01 - Clear,05 - Dusk,01 - Dry,10 - No control,,03 - P.D. only,07 - SMV other,0
14-13294,OTTAWA RIVER PKWY @ ISLAND PARK DR,363297.74518,5029451.18810,-75.75275839300,45.40255422820,2014-05-20,8:42:00 AM,01 - Clear,01 - Daylight,01 - Dry,01 - Traffic signal,01 - Functioning,03 - P.D. only,03 - Rear end,0
14-13295,PATTERSON AVE @ QUEEN ELIZABETH DRWY,368726.30484,5030322.52537,-75.68330858150,45.40991956080,2014-05-20,10:34:00 PM,01 - Clear,07 - Dark,01 - Dry,02 - Stop sign,00 - Unknown,03 - P.D. only,05 - Turning movement,0
14-13296,CARLING AVE @ CARLINGWOOD SC,362075.17716,5025916.50743,-75.76878418880,45.37085069040,2014-05-22,12:00:00 AM,01 - Clear,00 - Unknown,01 - Dry,01 - Traffic signal,01 - Functioning,03 - P.D. only,05 - Turning movement,0
14-13297,BIRCH AVE EXT./ROCKCLIFFE PKWY @ ROCKCLIFFE PK,370129.87065,5035706.96977,-75.66466471700,45.45823693310,2014-05-23,3:00:00 PM,02 - Rain,01 - Daylight,02 - Wet,02 - Stop sign,01 - Functioning,03 - P.D. only,04 - Sideswipe,0
14-13298,OTTAWA RIVER PKWY @ ISLAND PARK DR,363298.69530,5029454.98858,-75.75274580680,45.40258834500,2014-05-24,5:00:00 PM,01 - Clear,01 - Daylight,01 - Dry,01 - Traffic signal,01 - Functioning,03 - P.D. only,05 - Turning movement,0
14-13299,ST. JOSEPH BLVD btwn ROCKCLIFFE PKWY & HART RD,377142.98608,5035251.94354,-75.57507019180,45.45345198030,2014-05-28,7:05:00 AM,01 - Clear,01 - Daylight,01 - Dry,10 - No control,,03 - P.D. only,99 - Other,0
14-13300,OTTAWA RIVER PKWY EB btwn TURN LANE & TRANSIT,361441.88350,5027043.86697,-75.77673931140,45.38104604550,2014-05-29,7:05:00 AM,01 - Clear,01 - Daylight,01 - Dry,10 - No control,,02 - Non-fatal injury,03 - Rear end,0
14-13301,OTTAWA RIVER PKWY WB RAMP/CARLING AVE WB btwn CARLING AVE & OTTAWA RIV,360898.81797,5025461.63296,-75.78385289230,45.36685291190,2014-05-31,11:50:00 AM,01 - Clear,01 - Daylight,01 - Dry,10 - No control,,03 - P.D. only,03 - Rear end,0
14-13302,COLONEL BY DR btwn CLEGG ST & ECHO DR S,368558.42870,5028772.65547,-75.68565345100,45.39598964430,2014-06-02,8:12:00 AM,01 - Clear,01 - Daylight,01 - Dry,10 - No control,,03 - P.D. only,03 - Rear end,0
14-13303,OTTAWA RIVER PKWY WB btwn TUNNEY'S PASTURE/REMIC RAPIDS ENT & PARKDALE,364248.06950,5030228.61972,-75.74052641890,45.40946933900,2014-04-20,3:00:00 PM,01 - Clear,01 - Daylight,01 - Dry,10 - No control,,03 - P.D. only,03 - Rear end,0
14-13304,INDUSTRIAL AVE @ TRAINYARDS DR,371685.00498,5030540.90408,-75.64548416880,45.41160793720,2014-05-07,11:37:00 AM,01 - Clear,01 - Daylight,01 - Dry,01 - Traffic signal,01 - Functioning,03 - P.D. only,04 - Sideswipe,0
14-13305,ALEXANDRA BR btwn MURRAY ST & END,367337.71427,5032441.01269,-75.70077789310,45.42910650150,2014-05-27,5:20:00 PM,01 - Clear,01 - Daylight,01 - Dry,10 - No control,,03 - P.D. only,03 - Rear end,0
14-13306,QUEEN ELIZABETH DRWY @ THIRD AVE,368815.22024,5029825.39784,-75.68223730680,45.40543844690,2014-05-29,2:53:00 PM,01 - Clear,01 - Daylight,01 - Dry,02 - Stop sign,01 - Functioning,03 - P.D. only,02 - Angle,0
14-13307,AVIATION PKWY @ AVIATION RAMP 55/AVIATION RAMP,371626.65039,5035389.46853,-75.64557152520,45.45523865910,2014-05-30,6:50:00 AM,01 - Clear,01 - Daylight,01 - Dry,02 - Stop sign,01 - Functioning,03 - P.D. only,03 - Rear end,0
14-13308,ISLAND PARK DR @ MERIVALE RD,364653.70440,5028024.97048,-75.73561214460,45.38960678990,2014-05-30,9:00:00 AM,01 - Clear,01 - Daylight,01 - Dry,01 - Traffic signal,01 - Functioning,02 - Non-fatal injury,02 - Angle,0
14-13310,COLONEL BY DR @ HAWTHORNE AVE/PRETORIA BRIDGE,368765.80996,5030527.94220,-75.68277727800,45.41176422160,2014-06-05,5:00:00 PM,01 - Clear,01 - Daylight,01 - Dry,01 - Traffic signal,01 - Functioning,03 - P.D. only,03 - Rear end,0
14-13311,CHAMPLAIN BRIDGE/ISLAND PARK DR btwn BATE ISLAND & OTTAWA RIVER PKWY,363102.97083,5029818.88407,-75.75520272570,45.40587894140,2014-06-08,1:03:00 PM,01 - Clear,01 - Daylight,01 - Dry,10 - No control,,03 - P.D. only,03 - Rear end,0
14-13312,COLONEL BY DR btwn UNIVERSITY RD & HOG'S BACK RD,367353.14487,5026320.46311,-75.70135702920,45.37403416460,2014-06-10,5:16:00 PM,01 - Clear,01 - Daylight,01 - Dry,10 - No control,,03 - P.D. only,03 - Rear end,0
14-13313,CHAMPLAIN BRIDGE/ISLAND PARK DR btwn BATE ISLAND & OTTAWA RIVER PKWY,363116.27250,5029759.02658,-75.75503989570,45.40533924610,2014-06-10,12:00:00 AM,01 - Clear,00 - Unknown,01 - Dry,10 - No control,,03 - P.D. only,03 - Rear end,0
14-13314,OTTAWA RIVER PKWY WB btwn TUNNEY'S PASTURE/REMIC RAPIDS ENT & PARKDALE,364159.07870,5030131.96690,-75.74167485060,45.40860723070,2014-06-11,4:30:00 PM,02 - Rain,01 - Daylight,02 - Wet,10 - No control,,03 - P.D. only,03 - Rear end,0
14-13315,COLONEL BY DR btwn CLEGG ST & ECHO DR N,368961.48537,5029777.49065,-75.68037526740,45.40499400320,2014-06-11,10:19:00 PM,02 - Rain,07 - Dark,02 - Wet,10 - No control,,03 - P.D. only,03 - Rear end,0
14-13316,DRIVEWAY (THE) @ PRINCE OF WALES DR,366884.67556,5028135.26257,-75.70710937130,45.39040495500,2014-06-15,5:15:00 PM,01 - Clear,01 - Daylight,01 - Dry,03 - Yield sign,01 - Functioning,03 - P.D. only,07 - SMV other,0
14-13317,COLONEL BY DR @ OTTAWA UNIV. PED. XING,368728.75738,5031493.05126,-75.68312541130,45.42045132310,2014-06-26,5:45:00 PM,01 - Clear,01 - Daylight,01 - Dry,01 - Traffic signal,00 - Unknown,03 - P.D. only,03 - Rear end,0
14-13318,ISLAND PARK DR SB btwn ISLAND PARK DR NB/SB SPLIT & ISLAND PARK CRES,364434.34658,5028181.28757,-75.73839440910,45.39103201420,2014-06-17,8:54:00 AM,01 - Clear,01 - Daylight,01 - Dry,10 - No control,,03 - P.D. only,04 - Sideswipe,0
14-13319,CHAMPLAIN BRIDGE/ISLAND PARK DR btwn BATE ISLAND & OTTAWA RIVER PKWY,363119.12285,5029721.97195,-75.75500786900,45.40500559790,2014-06-19,5:26:00 PM,01 - Clear,01 - Daylight,01 - Dry,10 - No control,,02 - Non-fatal injury,03 - Rear end,0
14-13321,HAWTHORNE AVE/ISABELLA ST @ QUEEN ELIZABETH DR,368666.05159,5030478.12943,-75.68405810830,45.41132513410,2014-06-23,3:38:00 PM,01 - Clear,01 - Daylight,01 - Dry,01 - Traffic signal,01 - Functioning,03 - P.D. only,04 - Sideswipe,0
14-13322,QUEEN ELIZABETH DRWY @ QUEEN ELIZABETH PL,368583.75468,5028844.01956,-75.68532078360,45.39662944960,2014-06-27,4:05:00 PM,01 - Clear,01 - Daylight,01 - Dry,02 - Stop sign,01 - Functioning,03 - P.D. only,02 - Angle,0
14-13323,BOOTH ST btwn PROVINCIAL BOUNDARY & 208 N OF MIDDLE ST/E.B. EDDY N,365996.16418,5031498.47211,-75.71803816730,45.42074446060,2014-07-01,8:59:00 PM,01 - Clear,05 - Dusk,01 - Dry,10 - No control,,03 - P.D. only,07 - SMV other,0
14-13324,PORTAGE BRIDGE NB btwn PROVINCIAL BOUNDARY & WELLINGTON ST,366422.81709,5031490.15294,-75.71258797240,45.42063215630,2014-07-01,9:58:00 PM,02 - Rain,07 - Dark,02 - Wet,10 - No control,,03 - P.D. only,04 - Sideswipe,0
14-13325,AVIATION PKWY @ OGILVIE RD,373109.76408,5032375.16042,-75.62702939300,45.42797406880,2014-07-02,5:31:00 PM,01 - Clear,01 - Daylight,01 - Dry,01 - Traffic signal,01 - Functioning,03 - P.D. only,07 - SMV other,0
14-13326,CARLING AVE @ CARLING RMP 35,360926.37141,5025197.49995,-75.78353118190,45.36447405240,2014-07-03,5:30:00 PM,01 - Clear,01 - Daylight,01 - Dry,10 - No control,,03 - P.D. only,03 - Rear end,0
14-13327,PRINCE OF WALES DR btwn BORDEN SIDE RD & NORMANDY CRES,367195.22233,5024233.56145,-75.70363661780,45.35527076620,2014-07-05,11:59:00 PM,01 - Clear,07 - Dark,01 - Dry,10 - No control,,02 - Non-fatal injury,07 - SMV other,0
14-13329,AVIATION PKWY btwn RAMP & MONTREAL RD,371987.09665,5034339.93672,-75.64110681970,45.44576093200,2014-07-12,11:15:00 AM,01 - Clear,01 - Daylight,01 - Dry,10 - No control,,03 - P.D. only,07 - SMV other,0
14-13330,LYON ST @ WELLINGTON ST,366934.32088,5031427.59118,-75.70606053120,45.42002400370,2014-07-15,12:00:00 PM,02 - Rain,01 - Daylight,02 - Wet,01 - Traffic signal,01 - Functioning,03 - P.D. only,05 - Turning movement,0
14-13331,OTTAWA RIVER PKWY WB btwn TUNNEY'S PASTURE/REMIC RAPIDS ENT & PARKDALE,363361.40314,5029606.05746,-75.75192691450,45.40394239280,2014-03-23,3:00:00 PM,01 - Clear,01 - Daylight,01 - Dry,10 - No control,,03 - P.D. only,03 - Rear end,0
14-13332,COLONEL BY DR @ LEONARD AVE,368227.71100,5028576.97618,-75.68990223370,45.39425901670,2014-03-28,5:49:00 PM,02 - Rain,01 - Daylight,02 - Wet,02 - Stop sign,00 - Unknown,03 - P.D. only,03 - Rear end,0
14-13333,QUEEN ELIZABETH DRWY btwn ISABELLA ST & CATHERINE ST,368673.29052,5030608.52119,-75.68394873800,45.41249769450,2014-03-29,3:50:00 PM,01 - Clear,01 - Daylight,01 - Dry,10 - No control,,03 - P.D. only,04 - Sideswipe,0
14-13334,ROCKCLIFFE PKWY btwn GL/OT BOUNDARY & ST. JOSEPH BLVD,375601.64038,5036475.84703,-75.59459808390,45.46462176270,2014-04-28,4:03:00 PM,01 - Clear,01 - Daylight,01 - Dry,10 - No control,,02 - Non-fatal injury,07 - SMV other,0
14-13335,OTTAWA RIVER PKWY @ RIVER ST/SLIDELL ST,365157.65352,5030377.09754,-75.72888897930,45.41072745470,2014-04-30,4:48:00 PM,02 - Rain,01 - Daylight,02 - Wet,01 - Traffic signal,01 - Functioning,02 - Non-fatal injury,03 - Rear end,0
14-13336,COLONEL BY DR @ OTTAWA UNIV. PED. XING,368730.65762,5031494.00138,-75.68310101000,45.42045969810,2014-05-07,7:53:00 AM,01 - Clear,01 - Daylight,01 - Dry,01 - Traffic signal,01 - Functioning,02 - Non-fatal injury,02 - Angle,0
14-13337,SHEFFORD RD btwn SHEFFORD CRT & END,375559.41951,5036296.92332,-75.59516368660,45.46301619830,2014-05-18,3:30:00 AM,01 - Clear,07 - Dark,08 - Loose sand or gravel,10 - No control,,02 - Non-fatal injury,07 - SMV other,0
14-13338,CHAMPLAIN BRIDGE/ISLAND PARK DR btwn BATE ISLAND & OTTAWA RIVER PKWY,363112.47202,5029763.77718,-75.75508787910,45.40538230780,2014-06-26,5:40:00 PM,01 - Clear,01 - Daylight,01 - Dry,10 - No control,,02 - Non-fatal injury,03 - Rear end,0
14-13339,SUSSEX DR btwn 151 W OF KING EDWARD AVE/L.B. PEARSON BUILDING & RAMP,367641.91979,5033451.17482,-75.69676164320,45.43816832400,2014-06-27,5:30:00 PM,01 - Clear,01 - Daylight,01 - Dry,10 - No control,,03 - P.D. only,02 - Angle,0
14-13340,OTTAWA RIVER PKWY @ REMIC RAPIDS ENT/TUNNEY'S,364263.27140,5030243.82162,-75.74033039180,45.40960483100,2014-07-01,6:00:00 PM,01 - Clear,01 - Daylight,01 - Dry,01 - Traffic signal,01 - Functioning,02 - Non-fatal injury,03 - Rear end,0
14-13341,BOOTH ST btwn VIMY PLACE PRIV & OTTAWA RIVER PKWY,366262.25387,5031016.20979,-75.71469856170,45.41638187460,2014-07-02,4:25:00 PM,01 - Clear,01 - Daylight,01 - Dry,10 - No control,,03 - P.D. only,03 - Rear end,0
14-13342,OTTAWA RIVER PKWY btwn VIMY PLACE PRIV & BOOTH ST,366046.27773,5030849.84717,-75.71747849950,45.41490392720,2014-07-10,4:35:00 PM,01 - Clear,01 - Daylight,01 - Dry,10 - No control,,03 - P.D. only,04 - Sideswipe,0
14-13343,TRANSITWAY - LINCOLN FIEL @ OTTAWA RIVER PKWY,360923.80149,5025499.75786,-75.78352965180,45.36719395740,2014-06-23,5:00:00 PM,01 - Clear,01 - Daylight,01 - Dry,01 - Traffic signal,02 - Not functioning,03 - P.D. only,03 - Rear end,0
14-13344,PORTAGE BRIDGE NB btwn PROVINCIAL BOUNDARY & WELLINGTON ST,366422.81709,5031490.15294,-75.71258797240,45.42063215630,2014-07-12,10:15:00 AM,01 - Clear,01 - Daylight,01 - Dry,10 - No control,,03 - P.D. only,07 - SMV other,0
14-13345,OTTAWA RIVER PKWY WB btwn TUNNEY'S PASTURE/REMIC RAPIDS ENT & PARKDALE,363997.23815,5030022.44395,-75.74375536780,45.40763547330,2014-07-04,5:00:00 PM,00 - Unknown,01 - Daylight,00 - Unknown,10 - No control,,03 - P.D. only,03 - Rear end,0
14-13346,AVIATION PKWY @ MONTREAL RD,372147.66672,5034108.10774,-75.63908611950,45.44365959720,2014-07-15,10:52:00 AM,02 - Rain,01 - Daylight,02 - Wet,01 - Traffic signal,01 - Functioning,02 - Non-fatal injury,04 - Sideswipe,0
14-13347,ROCKCLIFFE PKWY btwn GL/OT BOUNDARY & ST. JOSEPH BLVD,373447.72114,5036183.21045,-75.62217967720,45.46220377750,2014-07-24,4:08:00 PM,01 - Clear,01 - Daylight,01 - Dry,10 - No control,,02 - Non-fatal injury,05 - Turning movement,0
14-13348,OTTAWA RIVER PKWY WB btwn TUNNEY'S PASTURE/REMIC RAPIDS ENT & PARKDALE,363581.83069,5029876.84131,-75.74907909740,45.40636037900,2014-07-03,12:30:00 AM,01 - Clear,07 - Dark,01 - Dry,10 - No control,,02 - Non-fatal injury,07 - SMV other,0
14-13349,ISLAND PARK DR @ RICHMOND RD,364128.78646,5028868.98198,-75.74221375420,45.39724571340,2014-07-08,4:44:00 PM,02 - Rain,01 - Daylight,02 - Wet,01 - Traffic signal,01 - Functioning,02 - Non-fatal injury,05 - Turning movement,0
14-13350,OTTAWA RIVER PKWY WB btwn TUNNEY'S PASTURE/REMIC RAPIDS ENT & PARKDALE,363424.32211,5029733.16224,-75.75110813430,45.40508079100,2014-07-10,5:57:00 PM,01 - Clear,01 - Daylight,01 - Dry,10 - No control,,03 - P.D. only,03 - Rear end,0
14-13352,COLONEL BY DR btwn RIDEAU ST & MACKENZIE AVE,367974.36308,5031961.45981,-75.69270394180,45.42473443300,2014-07-24,5:30:00 PM,01 - Clear,01 - Daylight,01 - Dry,10 - No control,,03 - P.D. only,04 - Sideswipe,0
14-13353,ISLAND PARK DR @ SUNNYMEDE AVE,363664.68970,5029251.98898,-75.74809527890,45.40073111240,2014-07-25,2:36:00 PM,01 - Clear,01 - Daylight,01 - Dry,02 - Stop sign,00 - Unknown,03 - P.D. only,03 - Rear end,0
14-13354,PRINCESS AVE @ ROCKCLIFFE PKWY,368227.70100,5034332.01938,-75.68916147690,45.44604093780,2014-07-28,8:15:00 PM,01 - Clear,01 - Daylight,01 - Dry,03 - Yield sign,00 - Unknown,03 - P.D. only,07 - SMV other,0
14-13355,OTTAWA RIVER PKWY @ REMIC RAPIDS ENT/TUNNEY'S,364262.32128,5030245.72186,-75.74034229940,45.40962201020,2014-07-30,10:15:00 AM,02 - Rain,01 - Daylight,02 - Wet,01 - Traffic signal,01 - Functioning,03 - P.D. only,07 - SMV other,0
14-13356,ALEXANDRA BR btwn MURRAY ST & END,367306.97706,5032440.51567,-75.70117073430,45.42910477740,2014-07-30,5:35:00 PM,01 - Clear,01 - Daylight,02 - Wet,10 - No control,,03 - P.D. only,03 - Rear end,0
14-13357,SUSSEX DR btwn JOHN ST & ALEXANDER ST,367869.39107,5033968.20501,-75.69378816430,45.44279989210,2014-07-31,9:45:00 AM,01 - Clear,01 - Daylight,01 - Dry,10 - No control,,03 - P.D. only,04 - Sideswipe,0
14-13358,ISLAND PARK DR btwn CLEARVIEW AVE & OTTAWA RIVER PKWY,363521.98621,5029375.49117,-75.74990323130,45.40185434700,2014-07-31,6:46:00 PM,01 - Clear,01 - Daylight,01 - Dry,10 - No control,,03 - P.D. only,03 - Rear end,0
14-13360,OTTAWA RIVER PKWY @ REMIC RAPIDS ENT/TUNNEY'S,364263.27140,5030243.82162,-75.74033039180,45.40960483100,2014-08-08,3:15:00 PM,01 - Clear,01 - Daylight,01 - Dry,01 - Traffic signal,01 - Functioning,02 - Non-fatal injury,07 - SMV other,0
14-13361,ROCKCLIFFE PKWY btwn LISGAR RD & BUENA VISTA RD,368282.15311,5035187.66241,-75.68835503030,45.45373473670,2014-08-10,5:43:00 PM,01 - Clear,01 - Daylight,01 - Dry,10 - No control,,02 - Non-fatal injury,07 - SMV other,0
14-13362,COLONEL BY DR @ HOG'S BACK RD,367602.70940,5025873.06274,-75.69822793010,45.36998624290,2014-08-16,4:01:00 PM,02 - Rain,01 - Daylight,02 - Wet,01 - Traffic signal,01 - Functioning,02 - Non-fatal injury,03 - Rear end,0
14-13363,ROCKCLIFFE PKWY btwn PRINCESS AVE & BUENA VISTA RD,368270.37271,5034628.46682,-75.68857778720,45.44870438380,2014-08-17,3:53:00 PM,01 - Clear,01 - Daylight,01 - Dry,10 - No control,,02 - Non-fatal injury,07 - SMV other,0
14-13364,OTTAWA RIVER PKWY N @ TRANSITWAY - LINCOLN FIE,360973.87735,5025677.30992,-75.78287025040,45.36878754770,2014-08-20,8:30:00 AM,01 - Clear,01 - Daylight,01 - Dry,10 - No control,,03 - P.D. only,04 - Sideswipe,0
14-13365,ISLAND PARK DR @ RICHMOND RD,364129.73658,5028866.13162,-75.74220196280,45.39721998550,2014-08-24,12:19:00 PM,01 - Clear,01 - Daylight,01 - Dry,01 - Traffic signal,01 - Functioning,03 - P.D. only,02 - Angle,0
14-13366,OTTAWA RIVER PKWY WB btwn TUNNEY'S PASTURE/REMIC RAPIDS ENT & PARKDALE,364248.06950,5030230.51996,-75.74052618970,45.40948643740,2014-08-24,10:10:00 PM,01 - Clear,07 - Dark,01 - Dry,10 - No control,,03 - P.D. only,04 - Sideswipe,0
14-13367,OTTAWA RIVER PKWY WB btwn TUNNEY'S PASTURE/REMIC RAPIDS ENT & PARKDALE,364144.50655,5030115.55559,-75.74186297150,45.40846080100,2014-08-25,4:25:00 PM,01 - Clear,01 - Daylight,01 - Dry,10 - No control,,03 - P.D. only,03 - Rear end,0
14-13368,OTTAWA RIVER PKWY WB btwn TUNNEY'S PASTURE/REMIC RAPIDS ENT & PARKDALE,363573.59633,5029872.09072,-75.74918484670,45.40631832550,2014-08-25,4:30:00 PM,01 - Clear,01 - Daylight,01 - Dry,10 - No control,,03 - P.D. only,03 - Rear end,0
14-13369,OTTAWA RIVER PKWY EB btwn TUNNEY'S PASTURE/REMIC RAPIDS ENT & ISLAND P,364343.08138,5030267.57459,-75.73930800500,45.40981176990,2014-08-26,7:10:00 AM,01 - Clear,01 - Daylight,01 - Dry,10 - No control,,03 - P.D. only,03 - Rear end,0
14-13370,AVIATION PKWY @ MONTREAL RD,372146.71660,5034106.20750,-75.63909852340,45.44364259170,2014-07-12,7:08:00 AM,01 - Clear,01 - Daylight,01 - Dry,01 - Traffic signal,01 - Functioning,03 - P.D. only,07 - SMV other,0
14-13371,COLONEL BY DR btwn CLEGG ST & ECHO DR S,368649.12590,5028778.67349,-75.68449437140,45.39603552790,2014-07-05,1:00:00 PM,01 - Clear,01 - Daylight,01 - Dry,10 - No control,,03 - P.D. only,07 - SMV other,0
14-13372,OTTAWA RIVER PKWY WB RAMP/CARLING AVE WB btwn CARLING AVE & OTTAWA RIV,360901.25851,5025467.65878,-75.78382105550,45.36690693640,2014-07-08,6:59:00 AM,01 - Clear,01 - Daylight,01 - Dry,10 - No control,,03 - P.D. only,03 - Rear end,0
14-13373,IONA ST @ ISLAND PARK DR,364347.80416,5028386.02536,-75.73947485800,45.39288157050,2014-07-10,4:41:00 PM,01 - Clear,01 - Daylight,01 - Dry,01 - Traffic signal,01 - Functioning,03 - P.D. only,02 - Angle,0
14-13374,CHAMPLAIN BRIDGE/ISLAND PARK DR btwn BATE ISLAND & OTTAWA RIVER PKWY,363127.67392,5029669.71542,-75.75490482580,45.40453468980,2014-07-27,1:30:00 PM,01 - Clear,01 - Daylight,01 - Dry,10 - No control,,02 - Non-fatal injury,03 - Rear end,0
14-13375,HERZBERG RD @ MARCH RD,352324.57232,5021528.96336,-75.89368134440,45.33209991680,2014-07-30,9:30:00 AM,02 - Rain,01 - Daylight,02 - Wet,01 - Traffic signal,01 - Functioning,03 - P.D. only,07 - SMV other,0
14-13376,MACDONALD-CARTIER BR btwn RAMP & END (1),367295.12644,5033271.60238,-75.70121668110,45.43658367660,2014-08-29,10:35:00 PM,01 - Clear,07 - Dark,01 - Dry,10 - No control,,03 - P.D. only,03 - Rear end,0
14-13377,OTTAWA RIVER PKWY @ WOODROFFE AVE,361427.63172,5027001.11162,-75.77692618210,45.38066248860,2014-09-02,4:35:00 PM,02 - Rain,01 - Daylight,02 - Wet,02 - Stop sign,01 - Functioning,03 - P.D. only,03 - Rear end,0
14-13378,OTTAWA RIVER PKWY OFFR-EB @ PARKDALE AVE,364682.27378,5030331.23255,-75.73496731060,45.41035561020,2014-09-03,5:48:00 AM,01 - Clear,07 - Dark,01 - Dry,03 - Yield sign,01 - Functioning,03 - P.D. only,03 - Rear end,0
14-13379,COLONEL BY DR btwn N.D.H.Q. & OTTAWA UNIV. PED. XING,368282.20156,5031736.28166,-75.68879953270,45.42268048930,2014-09-03,1:53:00 PM,01 - Clear,01 - Daylight,01 - Dry,10 - No control,,03 - P.D. only,07 - SMV other,0
14-13380,OTTAWA RIVER PKWY EB btwn TUNNEY'S PASTURE/REMIC RAPIDS ENT & ISLAND P,363378.50528,5029584.20473,-75.75171106290,45.40374433430,2014-09-03,5:43:00 PM,01 - Clear,01 - Daylight,01 - Dry,10 - No control,,03 - P.D. only,03 - Rear end,0
14-13381,OTTAWA RIVER PKWY WB btwn TUNNEY'S PASTURE/REMIC RAPIDS ENT & PARKDALE,363858.20410,5029968.28718,-75.74553786050,45.40715992660,2014-09-04,5:20:00 PM,01 - Clear,01 - Daylight,01 - Dry,10 - No control,,02 - Non-fatal injury,03 - Rear end,0
14-13382,AVIATION PKWY btwn TO BE DETERMINED & OGILVIE RD,373085.06099,5032445.46921,-75.62733530300,45.42860908470,2014-09-08,10:04:00 AM,01 - Clear,01 - Daylight,01 - Dry,10 - No control,,03 - P.D. only,03 - Rear end,0
14-13383,OTTAWA RIVER PKWY @ RIVER ST/SLIDELL ST,365155.75328,5030378.04766,-75.72891313710,45.41073616830,2014-08-29,6:45:00 AM,01 - Clear,01 - Daylight,01 - Dry,01 - Traffic signal,01 - Functioning,03 - P.D. only,03 - Rear end,0
14-13384,PORTAGE BRIDGE SB btwn PROVINCIAL BOUNDARY & WELLINGTON ST,366412.43695,5031484.93483,-75.71272124850,45.42058611950,2014-09-03,9:15:00 AM,01 - Clear,01 - Daylight,01 - Dry,10 - No control,,03 - P.D. only,04 - Sideswipe,0
14-13385,BIRCH AVE EXT./ROCKCLIFFE PKWY @ ROCKCLIFFE PK,370128.04257,5035707.80110,-75.66468797890,45.45824458370,2014-09-16,6:20:00 PM,01 - Clear,01 - Daylight,01 - Dry,02 - Stop sign,00 - Unknown,03 - P.D. only,03 - Rear end,0
14-13386,ISLAND PARK DR @ RICHMOND RD,364131.63682,5028868.03186,-75.74217746580,45.39723692310,2014-09-17,8:40:00 AM,01 - Clear,01 - Daylight,01 - Dry,01 - Traffic signal,01 - Functioning,03 - P.D. only,03 - Rear end,0
14-13387,LYON ST @ WELLINGTON ST,366933.37076,5031428.54130,-75.70607255040,45.42003263680,2014-09-17,6:30:00 PM,02 - Rain,05 - Dusk,02 - Wet,01 - Traffic signal,01 - Functioning,03 - P.D. only,05 - Turning movement,0
14-13388,COLONEL BY DR @ ECHO DR N,368780.66172,5030492.07864,-75.68259220820,45.41144017560,2014-09-18,7:44:00 AM,01 - Clear,01 - Daylight,01 - Dry,03 - Yield sign,00 - Unknown,02 - Non-fatal injury,05 - Turning movement,0
14-13389,OTTAWA RIVER PKWY @ ISLAND PARK DR,363299.64542,5029454.03846,-75.75273378410,45.40257971680,2014-09-19,8:59:00 PM,01 - Clear,07 - Dark,01 - Dry,01 - Traffic signal,01 - Functioning,02 - Non-fatal injury,02 - Angle,0
14-13390,OTTAWA RIVER PKWY btwn TRANSITWAY - TIME POINT & VIMY PLACE PRIV,365846.83978,5030623.12594,-75.72005449000,45.41288137650,2014-09-21,6:00:00 PM,01 - Clear,01 - Daylight,02 - Wet,10 - No control,,03 - P.D. only,07 - SMV other,0
14-13391,OTTAWA RIVER PKWY EB btwn RAMP & RAMP,364606.26427,5030426.24442,-75.73592676410,45.41121700450,2014-09-25,1:00:00 PM,01 - Clear,01 - Daylight,01 - Dry,10 - No control,,03 - P.D. only,03 - Rear end,0
14-13392,COLONEL BY DR @ ECHO DR S,368540.81236,5028770.12242,-75.68587875750,45.39596845610,2014-09-26,4:10:00 PM,01 - Clear,01 - Daylight,01 - Dry,10 - No control,,02 - Non-fatal injury,03 - Rear end,0
14-13393,AVIATION PKWY btwn RAMP & MONTREAL RD,371919.63822,5034392.19325,-75.64196195650,45.44623759210,2014-10-02,5:25:00 PM,01 - Clear,05 - Dusk,01 - Dry,10 - No control,,03 - P.D. only,05 - Turning movement,0
14-13394,COLONEL BY DR btwn UNIVERSITY RD & COLONEL BY DR SB ON RAMP 43,367580.24229,5028386.27444,-75.69819514130,45.39260148300,2014-10-06,6:15:00 PM,01 - Clear,05 - Dusk,01 - Dry,10 - No control,,02 - Non-fatal injury,03 - Rear end,0
14-13395,AVIATION PKWY @ HEMLOCK RD NB ONRAMP,371561.30040,5035248.19786,-75.64642615740,45.45397382270,2014-10-07,4:07:00 PM,01 - Clear,01 - Daylight,01 - Dry,03 - Yield sign,01 - Functioning,02 - Non-fatal injury,03 - Rear end,0