Record,Location,X,Y,Longitude,Latitude,Date,Time,Environment,Light,Road_Surface,Traffic_Control,Collision_Location,Collision_Classification,Impact_type,Pedestrian
14-13396,OTTAWA RIVER PKWY @ ISLAND PARK DR,363298.69530,5029453.08834,-75.75274603220,45.40257124640,2014-10-07,4:36:00 PM,01 - Clear,01 - Daylight,01 - Dry,01 - Traffic signal,01 - Functioning,03 - P.D. only,03 - Rear end,0
14-13397,COLONEL BY DR btwn CLEGG ST & ECHO DR N,368961.18428,5029768.08814,-75.68038033680,45.40490942940,2014-10-11,11:00:00 AM,01 - Clear,01 - Daylight,01 - Dry,10 - No control,,03 - P.D. only,03 - Rear end,0
14-13398,TRANSITWAY - LINCOLN FIEL @ OTTAWA RIVER PKWY,360925.42129,5025499.63772,-75.78350898890,45.36719274620,2014-08-11,3:32:00 PM,01 - Clear,01 - Daylight,01 - Dry,01 - Traffic signal,01 - Functioning,03 - P.D. only,05 - Turning movement,0
14-13399,OTTAWA RIVER PKWY @ REMIC RAPIDS ENT/TUNNEY'S,364263.27140,5030246.67198,-75.74033004800,45.40963047830,2014-08-20,4:30:00 PM,01 - Clear,01 - Daylight,01 - Dry,01 - Traffic signal,01 - Functioning,02 - Non-fatal injury,03 - Rear end,0
14-13400,OTTAWA RIVER PKWY EB btwn TUNNEY'S PASTURE/REMIC RAPIDS ENT & ISLAND P,363382.55072,5029598.62364,-75.75165767790,45.40387373440,2014-08-21,3:52:00 PM,01 - Clear,01 - Daylight,01 - Dry,10 - No control,,03 - P.D. only,05 - Turning movement,0
14-13401,IONA ST @ ISLAND PARK DR,364349.70440,5028385.07524,-75.73945070610,45.39287285920,2014-09-05,4:50:00 PM,01 - Clear,01 - Daylight,01 - Dry,01 - Traffic signal,01 - Functioning,03 - P.D. only,02 - Angle,0
14-13402,ISLAND PARK DR btwn RICHMOND RD & BASSETT LANE,364178.19264,5028780.62093,-75.74159339870,45.39644646900,2014-10-04,4:00:00 PM,02 - Rain,01 - Daylight,02 - Wet,10 - No control,,03 - P.D. only,03 - Rear end,0
14-13403,COLONEL BY DR @ HAWTHORNE AVE/PRETORIA BRIDGE,368767.71020,5030526.99208,-75.68275312690,45.41175549930,2014-10-12,12:40:00 PM,01 - Clear,01 - Daylight,01 - Dry,01 - Traffic signal,01 - Functioning,03 - P.D. only,03 - Rear end,0
14-13404,CHAMPLAIN BRIDGE/ISLAND PARK DR btwn BATE ISLAND & OTTAWA RIVER PKWY,363140.02547,5029590.85556,-75.75475638620,45.40382409380,2014-10-14,6:41:00 AM,01 - Clear,03 - Dawn,01 - Dry,10 - No control,,03 - P.D. only,03 - Rear end,0
14-13405,ISLAND PARK DR @ RICHMOND RD,364130.68670,5028868.03186,-75.74218960000,45.39723700360,2014-10-18,1:40:00 PM,01 - Clear,01 - Daylight,02 - Wet,01 - Traffic signal,01 - Functioning,03 - P.D. only,07 - SMV other,0
14-13406,HWY417 IC113 RAMP62 btwn AVIATION PKWY & HIGHWAY 417,373531.69772,5031923.99832,-75.62170084780,45.42387340560,2014-10-20,7:30:00 AM,01 - Clear,01 - Daylight,01 - Dry,10 - No control,,03 - P.D. only,07 - SMV other,0
14-13407,QUEEN ELIZABETH DRWY btwn SECOND AVE & FIRST AVE,368821.18734,5029968.15040,-75.68214255220,45.40672234130,2014-10-25,7:30:00 PM,02 - Rain,07 - Dark,02 - Wet,10 - No control,,02 - Non-fatal injury,01 - Approaching,0
14-13408,OTTAWA RIVER PKWY @ REMIC RAPIDS ENT/TUNNEY'S,364265.17164,5030242.87150,-75.74030623260,45.40959612070,2014-10-28,12:05:00 PM,01 - Clear,01 - Daylight,02 - Wet,01 - Traffic signal,01 - Functioning,03 - P.D. only,03 - Rear end,0
14-13409,OTTAWA RIVER PKWY EB btwn TRANSIT & TURN LANE (1),362820.62301,5029171.63569,-75.75888545530,45.40007856850,2014-04-07,3:45:00 PM,01 - Clear,01 - Daylight,01 - Dry,10 - No control,,03 - P.D. only,03 - Rear end,0
14-13410,ROCKCLIFFE PKWY btwn GL/OT BOUNDARY & ST. JOSEPH BLVD,376863.48852,5037058.87726,-75.57837833500,45.46973843860,2014-06-19,8:30:00 PM,01 - Clear,05 - Dusk,01 - Dry,10 - No control,,02 - Non-fatal injury,07 - SMV other,0
14-13411,OTTAWA RIVER PKWY @ ISLAND PARK DR,363298.69530,5029454.98858,-75.75274580680,45.40258834500,2014-08-28,3:10:00 PM,01 - Clear,01 - Daylight,01 - Dry,01 - Traffic signal,01 - Functioning,03 - P.D. only,03 - Rear end,0
14-13412,HERON RD @ BRIAR HILL DR/SANDALWOOD DR,371452.72780,5027011.11252,-75.64892829300,45.37987042720,2014-10-08,11:45:00 PM,02 - Rain,07 - Dark,02 - Wet,01 - Traffic signal,01 - Functioning,03 - P.D. only,03 - Rear end,0
14-13413,IONA ST @ ISLAND PARK DR,364348.75428,5028385.07524,-75.73946283930,45.39287293990,2014-10-22,5:00:00 PM,01 - Clear,01 - Daylight,01 - Dry,01 - Traffic signal,01 - Functioning,03 - P.D. only,02 - Angle,0
14-13414,ISLAND PARK DR @ MERIVALE RD,364651.80416,5028023.07024,-75.73563664030,45.38958985380,2014-11-06,1:35:00 PM,02 - Rain,01 - Daylight,02 - Wet,01 - Traffic signal,01 - Functioning,03 - P.D. only,99 - Other,0
14-13415,HAWTHORNE AVE/ISABELLA ST @ QUEEN ELIZABETH DR,368664.76916,5030476.42876,-75.68407471070,45.41130994970,2014-11-06,11:25:00 PM,02 - Rain,07 - Dark,02 - Wet,01 - Traffic signal,01 - Functioning,02 - Non-fatal injury,02 - Angle,0
14-13416,MACDONALD-CARTIER BR btwn RAMP & END (1),367312.22858,5033264.95155,-75.70099895470,45.43652230620,2014-11-08,11:19:00 AM,01 - Clear,01 - Daylight,01 - Dry,10 - No control,,03 - P.D. only,03 - Rear end,0
14-13417,HAWTHORNE AVE/ISABELLA ST @ QUEEN ELIZABETH DR,368664.76916,5030476.42876,-75.68407471070,45.41130994970,2014-11-14,5:22:00 PM,03 - Snow,07 - Dark,06 - Ice,01 - Traffic signal,01 - Functioning,03 - P.D. only,03 - Rear end,0
14-13418,OTTAWA RIVER PKWY WB btwn TUNNEY'S PASTURE/REMIC RAPIDS ENT & PARKDALE,364037.11353,5030043.95664,-75.74324342070,45.40782566560,2014-11-17,5:35:00 PM,03 - Snow,07 - Dark,02 - Wet,10 - No control,,03 - P.D. only,03 - Rear end,0
14-13419,AVIATION PKWY @ MONTREAL RD,372145.76648,5034108.10774,-75.63911040730,45.44365978020,2014-11-19,9:20:00 AM,01 - Clear,01 - Daylight,02 - Wet,01 - Traffic signal,01 - Functioning,03 - P.D. only,03 - Rear end,0
14-13420,OTTAWA RIVER PKWY WB btwn TUNNEY'S PASTURE/REMIC RAPIDS ENT & PARKDALE,364246.16926,5030225.76937,-75.74055103630,45.40944385400,2014-11-19,5:15:00 PM,01 - Clear,07 - Dark,01 - Dry,10 - No control,,02 - Non-fatal injury,03 - Rear end,0
14-13422,CHAMPLAIN BRIDGE/ISLAND PARK DR btwn BATE ISLAND & OTTAWA RIVER PKWY,363142.87582,5029581.35437,-75.75472110330,45.40373836610,2014-11-20,8:10:00 PM,01 - Clear,07 - Dark,01 - Dry,10 - No control,,03 - P.D. only,04 - Sideswipe,0
14-13423,OTTAWA RIVER PKWY EB btwn TURN LANE & TRANSIT,361441.88350,5027052.41804,-75.77673833030,45.38112298660,2014-11-21,8:38:00 AM,01 - Clear,01 - Daylight,01 - Dry,10 - No control,,03 - P.D. only,03 - Rear end,0
14-13424,QUEEN ELIZABETH DRWY @ STRATHCONA AVE,368696.71614,5030359.73918,-75.68368173010,45.41025710000,2014-11-21,9:50:00 AM,01 - Clear,01 - Daylight,01 - Dry,02 - Stop sign,00 - Unknown,03 - P.D. only,05 - Turning movement,0
14-13425,DALHOUSIE ST @ ST. PATRICK ST,367957.70060,5032642.00628,-75.69282957490,45.43085926030,2014-11-21,12:25:00 PM,01 - Clear,01 - Daylight,01 - Dry,01 - Traffic signal,01 - Functioning,03 - P.D. only,05 - Turning movement,0
14-13426,MACKENZIE AVE @ RIDEAU ST,367868.74908,5032011.00538,-75.69404708960,45.42518975790,2014-11-21,1:40:00 PM,01 - Clear,01 - Daylight,01 - Dry,01 - Traffic signal,01 - Functioning,03 - P.D. only,04 - Sideswipe,0
14-13427,ST. LAURENT BLVD btwn COVENTRY RD & LEMIEUX ST,372340.87389,5031870.33945,-75.63692358790,45.42350659860,2014-11-22,5:20:00 PM,02 - Rain,07 - Dark,02 - Wet,10 - No control,,03 - P.D. only,03 - Rear end,0
14-13428,NAVY PRIV @ PRINCE OF WALES DR,366839.41944,5028678.59667,-75.70761896980,45.39529774600,2014-11-24,11:55:00 AM,01 - Clear,01 - Daylight,01 - Dry,02 - Stop sign,00 - Unknown,03 - P.D. only,05 - Turning movement,0
14-13429,TRANSITWAY - LINCOLN FIEL @ OTTAWA RIVER PKWY,360927.32153,5025499.63772,-75.78348473300,45.36719259400,2014-11-22,6:39:00 AM,01 - Clear,03 - Dawn,01 - Dry,01 - Traffic signal,01 - Functioning,03 - P.D. only,03 - Rear end,0
14-13430,ARGYLE AVE @ QUEEN ELIZABETH DRWY,368693.71460,5030753.09384,-75.68366908280,45.41379664480,2014-11-28,2:10:00 PM,01 - Clear,01 - Daylight,01 - Dry,02 - Stop sign,00 - Unknown,02 - Non-fatal injury,03 - Rear end,0
14-13431,MONTREAL RD @ ST. LAURENT BLVD,371544.75278,5033818.06976,-75.64683171860,45.44110779920,2014-11-29,1:30:00 PM,01 - Clear,01 - Daylight,01 - Dry,01 - Traffic signal,00 - Unknown,03 - P.D. only,03 - Rear end,0
14-13433,RIVERSIDE DR @ BROOKFIELD RD/HOG'S BACK RD,368168.66112,5026220.14620,-75.69095889010,45.37305826590,2014-12-01,5:35:00 PM,01 - Clear,07 - Dark,01 - Dry,01 - Traffic signal,01 - Functioning,03 - P.D. only,03 - Rear end,0
14-13434,FISHER AVE @ TUNIS AVE,365495.74898,5027596.05904,-75.72491217760,45.38567506640,2014-12-02,9:00:00 PM,03 - Snow,07 - Dark,03 - Loose snow,02 - Stop sign,00 - Unknown,03 - P.D. only,03 - Rear end,0
14-13435,OTTAWA RIVER PKWY EB btwn TURN LANE & TRANSIT,361541.64597,5027218.68882,-75.77544545230,45.38261100180,2014-12-05,7:22:00 AM,01 - Clear,03 - Dawn,01 - Dry,10 - No control,,02 - Non-fatal injury,03 - Rear end,0
14-13436,CLEGG ST @ COLONEL BY DR,368968.78523,5029740.53470,-75.68028683570,45.40466081640,2014-12-05,11:55:00 AM,01 - Clear,01 - Daylight,02 - Wet,02 - Stop sign,01 - Functioning,03 - P.D. only,03 - Rear end,0
14-13437,QUEEN ELIZABETH DRWY btwn QUEEN ELIZABETH PL & FIFTH AVE,369005.83987,5029338.63446,-75.67986586190,45.40104125510,2014-12-05,5:55:00 PM,01 - Clear,07 - Dark,01 - Dry,10 - No control,,03 - P.D. only,05 - Turning movement,0
14-13438,PORTAGE BRIDGE NB btwn PROVINCIAL BOUNDARY & WELLINGTON ST,366422.81709,5031490.15294,-75.71258797240,45.42063215630,2014-12-05,12:00:00 AM,01 - Clear,00 - Unknown,01 - Dry,10 - No control,,03 - P.D. only,03 - Rear end,0
14-13439,MONTREAL RD btwn HOCHELAGA ST & BURMA RD,373166.76516,5034518.96750,-75.62600327920,45.44725737290,2014-12-08,4:18:00 PM,01 - Clear,05 - Dusk,01 - Dry,10 - No control,,03 - P.D. only,04 - Sideswipe,0
14-13440,QUEEN ELIZABETH DRWY @ QUEEN ELIZABETH PL,368583.44214,5028844.96639,-75.68532465340,45.39663799710,2014-12-09,9:10:00 AM,01 - Clear,01 - Daylight,01 - Dry,02 - Stop sign,01 - Functioning,03 - P.D. only,02 - Angle,0
14-13441,BRONSON AVE @ CATHERINE ST/RAYMOND ST,367253.04449,5029796.17978,-75.70219505730,45.40531667560,2014-12-09,2:55:00 PM,01 - Clear,01 - Daylight,01 - Dry,01 - Traffic signal,01 - Functioning,03 - P.D. only,05 - Turning movement,0
14-13442,CHAMPLAIN BRIDGE/ISLAND PARK DR btwn BATE ISLAND & OTTAWA RIVER PKWY,363114.37226,5029751.42563,-75.75506506660,45.40527101200,2014-12-09,4:40:00 PM,01 - Clear,05 - Dusk,02 - Wet,10 - No control,,03 - P.D. only,04 - Sideswipe,0
14-13443,COLONEL BY DR @ MAIN ST,368858.57146,5030915.83161,-75.68154187050,45.41524583080,2014-12-11,9:47:00 PM,01 - Clear,07 - Dark,06 - Ice,02 - Stop sign,00 - Unknown,03 - P.D. only,03 - Rear end,0
14-13444,ST. JOSEPH BLVD @ REGIONAL RD 174/TRANSITWAY,376554.31197,5035056.91510,-75.58262406810,45.45175793350,2014-12-13,12:26:00 PM,01 - Clear,01 - Daylight,01 - Dry,01 - Traffic signal,01 - Functioning,03 - P.D. only,03 - Rear end,0
14-13445,OTTAWA RIVER PKWY @ ISLAND PARK DR,363299.64542,5029455.93870,-75.75273355870,45.40259681440,2014-12-13,12:40:00 PM,01 - Clear,01 - Daylight,01 - Dry,01 - Traffic signal,01 - Functioning,03 - P.D. only,03 - Rear end,0
14-13446,BOOTH ST @ OTTAWA RIVER PKWY/WELLINGTON ST,366263.85492,5031008.51701,-75.71467906720,45.41631251630,2014-12-13,4:50:00 PM,01 - Clear,05 - Dusk,02 - Wet,01 - Traffic signal,01 - Functioning,03 - P.D. only,05 - Turning movement,0
14-13447,COLONEL BY DR @ MAIN ST,368861.60394,5030915.99958,-75.68150310850,45.41524706480,2014-12-17,8:42:00 AM,01 - Clear,01 - Daylight,02 - Wet,02 - Stop sign,00 - Unknown,03 - P.D. only,03 - Rear end,0
14-13448,OTTAWA RIVER PKWY @ RIVER ST/SLIDELL ST,365157.65352,5030378.04766,-75.72888886290,45.41073600440,2014-10-16,9:19:00 AM,02 - Rain,01 - Daylight,02 - Wet,01 - Traffic signal,00 - Unknown,03 - P.D. only,07 - SMV other,0
14-13449,ROCKCLIFFE PKWY btwn GL/OT BOUNDARY & ST. JOSEPH BLVD,377087.87919,5035337.92929,-75.57576202210,45.45423132600,2014-10-20,8:19:00 AM,01 - Clear,01 - Daylight,01 - Dry,10 - No control,,03 - P.D. only,99 - Other,0
14-13450,OTTAWA RIVER PKWY @ ISLAND PARK DR,363297.74518,5029453.08834,-75.75275816760,45.40257132580,2014-10-22,4:50:00 PM,01 - Clear,01 - Daylight,01 - Dry,01 - Traffic signal,01 - Functioning,03 - P.D. only,03 - Rear end,0
14-13451,OTTAWA RIVER PKWY WB btwn TUNNEY'S PASTURE/REMIC RAPIDS ENT & PARKDALE,363380.40551,5029637.41138,-75.75168047080,45.40422291950,2014-11-03,2:33:00 AM,02 - Rain,07 - Dark,02 - Wet,10 - No control,,03 - P.D. only,07 - SMV other,0
14-13452,CHAMPLAIN BRIDGE/ISLAND PARK DR btwn BATE ISLAND & OTTAWA RIVER PKWY,363115.32238,5029752.37575,-75.75505281820,45.40527948260,2014-10-27,6:10:00 PM,01 - Clear,01 - Daylight,01 - Dry,10 - No control,,03 - P.D. only,04 - Sideswipe,0
14-13453,ISLAND PARK DR btwn RICHMOND RD & BASSETT LANE,364214.83489,5028696.18788,-75.74113559610,45.39568364860,2014-10-28,6:30:00 PM,02 - Rain,07 - Dark,02 - Wet,10 - No control,,03 - P.D. only,03 - Rear end,0
14-13454,OTTAWA RIVER PKWY WB btwn TUNNEY'S PASTURE/REMIC RAPIDS ENT & PARKDALE,364175.86047,5030150.70998,-75.74145822090,45.40877445370,2014-10-29,3:58:00 PM,01 - Clear,01 - Daylight,01 - Dry,10 - No control,,03 - P.D. only,03 - Rear end,0
14-13455,OTTAWA RIVER PKWY WB btwn TUNNEY'S PASTURE/REMIC RAPIDS ENT & PARKDALE,364339.28090,5030330.28243,-75.73934898000,45.41037632440,2014-10-29,5:34:00 PM,01 - Clear,07 - Dark,01 - Dry,10 - No control,,02 - Non-fatal injury,03 - Rear end,0
14-13456,CARLING AVE WB btwn CONNAUGHT AVE & OTTAWA RIVER PKWY WB RAMP/CARLING,360848.90121,5025165.13028,-75.78452370470,45.36418899030,2014-10-30,8:40:00 AM,01 - Clear,01 - Daylight,01 - Dry,10 - No control,,03 - P.D. only,04 - Sideswipe,0
14-13457,MONTREAL RD @ SHEFFORD RD,376126.68062,5034853.09964,-75.58812017250,45.44996790550,2014-11-05,3:06:00 PM,01 - Clear,01 - Daylight,01 - Dry,01 - Traffic signal,01 - Functioning,03 - P.D. only,03 - Rear end,0
14-13458,ROCKCLIFFE PKWY btwn Continuation of ROCKCLIFFE PKWY & GL/OT BOUNDARY,372664.83501,5035859.70479,-75.63223418480,45.45936953820,2014-11-07,8:40:00 AM,01 - Clear,01 - Daylight,01 - Dry,10 - No control,,03 - P.D. only,07 - SMV other,0
14-13459,FIFTH AVE @ QUEEN ELIZABETH DRWY,368836.67890,5029658.22083,-75.68198492150,45.40393228110,2014-11-07,11:40:00 AM,01 - Clear,01 - Daylight,01 - Dry,01 - Traffic signal,01 - Functioning,03 - P.D. only,05 - Turning movement,0
14-13460,BANK ST @ WELLINGTON ST,367257.70700,5031629.04846,-75.70190323360,45.42180785810,2014-11-07,7:19:00 PM,01 - Clear,07 - Dark,01 - Dry,01 - Traffic signal,01 - Functioning,03 - P.D. only,03 - Rear end,0
14-13461,ROCKCLIFFE PKWY btwn Continuation of ROCKCLIFFE PKWY & GL/OT BOUNDARY,373057.22233,5035916.22708,-75.62720959210,45.45983987050,2014-03-20,7:40:00 AM,02 - Rain,01 - Daylight,04 - Slush,10 - No control,,02 - Non-fatal injury,01 - Approaching,0
14-13462,BRONSON PL @ COLONEL BY DR,367809.66132,5028522.97858,-75.69524792300,45.39381090360,2014-06-23,11:09:00 PM,01 - Clear,07 - Dark,01 - Dry,02 - Stop sign,00 - Unknown,03 - P.D. only,07 - SMV other,0
14-13463,BIRCH AVE EXT./ROCKCLIFFE PKWY @ ROCKCLIFFE PK,370129.65202,5035707.04028,-75.66466750370,45.45823758790,2014-07-20,1:20:00 PM,01 - Clear,01 - Daylight,01 - Dry,02 - Stop sign,00 - Unknown,03 - P.D. only,07 - SMV other,0
14-13464,BYRON AVE @ ISLAND PARK DR,364255.69000,5028604.97648,-75.74062482100,45.39485947800,2014-08-22,5:30:00 PM,01 - Clear,01 - Daylight,01 - Dry,01 - Traffic signal,01 - Functioning,03 - P.D. only,03 - Rear end,0
14-13465,COLONEL BY DR btwn ROSEDALE AVE & ECHO DR,368352.66764,5028712.03896,-75.68828905220,45.39546294120,2014-10-15,10:00:00 PM,02 - Rain,07 - Dark,02 - Wet,10 - No control,,03 - P.D. only,07 - SMV other,0
14-13466,OTTAWA RIVER PKWY @ WOODROFFE AVE,361428.58184,5027002.06174,-75.77691394240,45.38067096070,2014-12-10,10:00:00 PM,03 - Snow,07 - Dark,03 - Loose snow,02 - Stop sign,00 - Unknown,03 - P.D. only,07 - SMV other,0
14-13467,CLEGG ST @ COLONEL BY DR,368969.08632,5029741.38614,-75.68028287890,45.40466844940,2014-02-11,9:00:00 AM,01 - Clear,01 - Daylight,01 - Dry,02 - Stop sign,00 - Unknown,03 - P.D. only,03 - Rear end,0
14-13468,ISLAND PARK DR btwn BYRON AVE & IONA ST,364314.55001,5028468.68569,-75.73988956130,45.39362815920,2014-12-29,5:57:00 PM,01 - Clear,07 - Dark,01 - Dry,10 - No control,,02 - Non-fatal injury,03 - Rear end,0
14-13469,IONA ST @ ISLAND PARK DR,364349.70440,5028385.55030,-75.73945064870,45.39287713400,2014-11-09,3:00:00 PM,01 - Clear,01 - Daylight,01 - Dry,01 - Traffic signal,01 - Functioning,03 - P.D. only,03 - Rear end,0
14-13470,CARLING AVE EB OFF RAMP/OTTAWA RIVER PKWY btwn CARLING AVE & OTTAWA RI,360980.44475,5025083.59778,-75.78285392400,45.36344483500,2014-11-24,10:10:00 PM,01 - Clear,07 - Dark,01 - Dry,10 - No control,,03 - P.D. only,07 - SMV other,0
14-13471,HIGHWAY 417 btwn HWY417 IC119A RAMP75 & HWY417 IC118 RAMP57,368624.36294,5030533.81948,-75.68458345090,45.41183001800,2014-01-02,9:20:00 AM,01 - Clear,01 - Daylight,06 - Ice,10 - No control,,03 - P.D. only,07 - SMV other,0
14-13472,HIGHWAY 417 btwn HWY417 IC119A RAMP75 & HWY417 IC118 RAMP57,368634.80982,5030537.84119,-75.68444947470,45.41186525100,2014-01-02,8:15:00 AM,01 - Clear,01 - Daylight,06 - Ice,10 - No control,,03 - P.D. only,07 - SMV other,0
14-13473,HIGHWAY 417 btwn HWY417 IC119A RAMP75 & HWY417 IC118 RAMP57,368913.69935,5030675.50192,-75.68086885330,45.41307837940,2014-01-02,9:20:00 AM,01 - Clear,01 - Daylight,06 - Ice,10 - No control,,02 - Non-fatal injury,04 - Sideswipe,0
14-13474,GREENBANK RD @ HWY 417 IC129 RAMP57/IRIS ST,360531.96232,5023312.49471,-75.78877804370,45.34754430400,2014-01-02,3:07:00 PM,01 - Clear,01 - Daylight,01 - Dry,01 - Traffic signal,01 - Functioning,03 - P.D. only,03 - Rear end,0
14-13475,HIGHWAY 417 btwn HWY417 IC119A RAMP75 & HWY417 IC118 RAMP57,368708.86125,5030573.58005,-75.68349885890,45.41218005890,2014-01-02,7:31:00 AM,01 - Clear,03 - Dawn,06 - Ice,10 - No control,,03 - P.D. only,07 - SMV other,0
14-13476,HIGHWAY 417 btwn HWY417 IC119A RAMP75 & HWY417 IC118 RAMP57,368706.87253,5030571.09415,-75.68352458760,45.41215787320,2014-01-02,8:44:00 AM,01 - Clear,01 - Daylight,06 - Ice,10 - No control,,03 - P.D. only,07 - SMV other,0
14-13477,HIGHWAY 417 btwn HWY417 IC119A RAMP75 & HWY417 IC118 RAMP57,368629.31247,5030533.30848,-75.68452028770,45.41182496880,2014-01-01,9:45:00 PM,01 - Clear,07 - Dark,06 - Ice,10 - No control,,03 - P.D. only,99 - Other,0
14-13478,HIGHWAY 417 btwn HWY417 IC117 RAMP26 & HWY417 IC117 RAMP61,371012.36930,5031311.71081,-75.65397318530,45.41860730050,2014-01-02,5:15:00 PM,01 - Clear,05 - Dusk,01 - Dry,10 - No control,,03 - P.D. only,03 - Rear end,0
14-13479,HIGHWAY 417 btwn HWY417 IC129 RAMP61 & TRANSIT,361485.68041,5024359.60719,-75.77648811760,45.35688973880,2014-01-01,6:25:00 PM,01 - Clear,07 - Dark,01 - Dry,10 - No control,,03 - P.D. only,07 - SMV other,0
14-13480,HIGHWAY 417 btwn HWY417 IC122 RAMP61 & HWY417 IC121B RAMP16,365737.23936,5029164.78588,-75.72163487410,45.39976914820,2014-01-02,4:25:00 PM,01 - Clear,05 - Dusk,01 - Dry,10 - No control,,02 - Non-fatal injury,04 - Sideswipe,0
14-13481,HIGHWAY 417 btwn HWY417 IC118 RAMP76 & HWY417 IC118 RAMP67,369433.74948,5031042.91783,-75.67417708150,45.41633641370,2014-01-02,5:00:00 PM,01 - Clear,05 - Dusk,01 - Dry,10 - No control,,03 - P.D. only,03 - Rear end,0
14-13482,HIGHWAY 416 btwn HWY416 IC66 RAMP34 & HWY416 IC72 RAMP53,359806.90902,5017231.09304,-75.79870550450,45.29288082460,2014-01-03,12:15:00 AM,01 - Clear,07 - Dark,06 - Ice,10 - No control,,03 - P.D. only,07 - SMV other,0
14-13483,HIGHWAY 417 btwn HWY417 IC115 RAMP36 & HWY417 IC115 RAMP26,372323.80559,5031507.01922,-75.63719146910,45.42023925870,2014-01-03,9:16:00 AM,01 - Clear,01 - Daylight,06 - Ice,10 - No control,,03 - P.D. only,07 - SMV other,0
14-13484,HIGHWAY 417 btwn HWY417 IC126 RAMP61 & HWY417 IC124 RAMP76,364106.63653,5027122.24031,-75.74270656440,45.38153071800,2014-01-03,9:10:00 AM,01 - Clear,01 - Daylight,99 - Other,10 - No control,,03 - P.D. only,07 - SMV other,0
14-13485,HIGHWAY 416 btwn HWY416 IC66 RAMP53 & HWY416 IC57 RAMP34,360945.81076,5012927.27927,-75.78467322790,45.25406464440,2014-01-03,10:40:00 AM,01 - Clear,01 - Daylight,06 - Ice,10 - No control,,03 - P.D. only,03 - Rear end,0
14-13486,HIGHWAY 417 btwn HWY417 IC127 RAMP25 & HWY417 IC126 RAMP51,362678.49497,5025256.59017,-75.76115975430,45.36486325790,2014-02-03,9:05:00 AM,01 - Clear,01 - Daylight,05 - Packed snow,10 - No control,,03 - P.D. only,04 - Sideswipe,0
14-13487,HIGHWAY 417 btwn HWY417 IC180 RAMP35 & HWY417 IC169 RAMP51,324856.30029,5025533.28173,-76.24395331160,45.36945578580,2014-01-03,6:00:00 PM,01 - Clear,07 - Dark,06 - Ice,10 - No control,,03 - P.D. only,07 - SMV other,0
14-13488,HIGHWAY 417 btwn HWY417 IC115 RAMP25 & REGIONAL ROAD 174,373214.87092,5031672.34778,-75.62578394370,45.42164023600,2014-01-03,4:45:00 PM,01 - Clear,05 - Dusk,06 - Ice,10 - No control,,03 - P.D. only,07 - SMV other,0
14-13489,AVIATION PKWY btwn TO BE DETERMINED & HWY417 IC113 RAMP35,373253.37123,5032113.66504,-75.62523071230,45.42560722380,2014-01-03,5:20:00 PM,01 - Clear,05 - Dusk,01 - Dry,10 - No control,,03 - P.D. only,03 - Rear end,0
14-13490,HIGHWAY 417 btwn HWY417 IC119A RAMP75 & HWY417 IC118 RAMP57,368650.85693,5030547.22952,-75.68424326240,45.41194825980,2014-01-03,9:45:00 PM,01 - Clear,07 - Dark,06 - Ice,10 - No control,,03 - P.D. only,07 - SMV other,0
14-13491,HWY417 IC118 RAMP76 btwn HIGHWAY 417 & HWY417 IC118 RAMP43,369383.36859,5031055.01588,-75.67481914360,45.41644992000,2014-01-03,10:25:00 PM,01 - Clear,07 - Dark,01 - Dry,10 - No control,,03 - P.D. only,04 - Sideswipe,0
14-13492,HIGHWAY 417 btwn HWY417 IC118 RAMP67 & HWY417 IC117 RAMP36,370260.39385,5031123.29524,-75.66360552570,45.41698277090,2014-01-03,7:24:00 PM,01 - Clear,07 - Dark,06 - Ice,10 - No control,,03 - P.D. only,03 - Rear end,0
14-13493,HIGHWAY 416 btwn HWY416 IC75A RAMP26 & HWY416 IC72 RAMP62,359184.63809,5020909.35912,-75.80623471060,45.32602657820,2014-01-03,9:40:00 PM,01 - Clear,07 - Dark,01 - Dry,10 - No control,,03 - P.D. only,07 - SMV other,0
14-13494,HIGHWAY 417 btwn HWY417 IC126 RAMP61 & HWY417 IC124 RAMP76,363210.87680,5025935.83214,-75.75428397430,45.37093083420,2014-01-03,4:59:00 PM,01 - Clear,05 - Dusk,01 - Dry,10 - No control,,03 - P.D. only,04 - Sideswipe,0
14-13495,HIGHWAY 417 btwn HWY417 IC124 RAMP76 & HWY417 IC124 RAMP67,364156.65383,5027185.64073,-75.74206032100,45.38209694820,2014-01-02,3:56:00 PM,01 - Clear,01 - Daylight,01 - Dry,10 - No control,,03 - P.D. only,03 - Rear end,0
14-13496,HIGHWAY 417 btwn HWY417 IC122 RAMP15 & HWY417 IC121B RAMP51,366059.84066,5029312.46576,-75.71749625730,45.40106978200,2014-01-03,10:52:00 PM,01 - Clear,07 - Dark,06 - Ice,10 - No control,,03 - P.D. only,07 - SMV other,0
14-13497,HIGHWAY 416 btwn HWY416 IC66 RAMP24 & HWY416 IC57 RAMP62,360570.70927,5013906.60172,-75.78934192580,45.26290653890,2014-01-03,8:00:00 PM,01 - Clear,07 - Dark,01 - Dry,10 - No control,,03 - P.D. only,07 - SMV other,0
14-13498,HIGHWAY 417 btwn HWY417 IC119B RAMP57 & HWY417 IC119A RAMP75,368421.98847,5030422.43737,-75.68718308920,45.41084626630,2014-01-04,1:10:00 AM,01 - Clear,07 - Dark,06 - Ice,10 - No control,,03 - P.D. only,07 - SMV other,0
14-13499,HIGHWAY 417 btwn HIGHWAY 417 & HWY417 IC115 RAMP61,372756.51394,5031556.03490,-75.63165626670,45.42063838200,2014-01-03,5:50:00 AM,01 - Clear,07 - Dark,06 - Ice,10 - No control,,02 - Non-fatal injury,99 - Other,0