Record,Location,X,Y,Longitude,Latitude,Date,Time,Environment,Light,Road_Surface,Traffic_Control,Collision_Location,Collision_Classification,Impact_type,Pedestrian
14-13702,HIGHWAY 417 btwn HWY417 IC88 RAMP51 & HWY417 IC88 RAMP15,395208.76722,5022446.54160,-75.34648202560,45.33614106480,2014-01-19,5:20:00 PM,01 - Clear,05 - Dusk,05 - Packed snow,10 - No control,,03 - P.D. only,07 - SMV other,0
14-13703,HIGHWAY 417 btwn HWY417 IC121A RAMP51 & HWY417 IC120A RAMP52,367243.92457,5029725.89706,-75.70232044850,45.40468510580,2014-01-09,5:30:00 PM,01 - Clear,05 - Dusk,01 - Dry,10 - No control,,03 - P.D. only,03 - Rear end,0
14-13704,HIGHWAY 417 btwn HWY417 IC127 RAMP25 & HWY417 IC126 RAMP51,363184.78052,5025854.21630,-75.75462675690,45.37019863990,2014-01-29,9:15:00 AM,01 - Clear,01 - Daylight,01 - Dry,10 - No control,,03 - P.D. only,03 - Rear end,0
14-13705,HIGHWAY 417 btwn HWY417 IC118 RAMP35 & HWY417 IC117 RAMP51,369782.99722,5031136.48879,-75.66970288800,45.41714598220,2014-01-29,6:50:00 AM,01 - Clear,07 - Dark,01 - Dry,10 - No control,,03 - P.D. only,07 - SMV other,0
14-13706,HIGHWAY 417 btwn HWY417 IC121B RAMP16 & HWY417 IC121A RAMP16,366772.54554,5029590.59676,-75.70835842640,45.40350960210,2014-01-29,10:10:00 AM,01 - Clear,01 - Daylight,01 - Dry,10 - No control,,03 - P.D. only,03 - Rear end,0
14-13707,HIGHWAY 416 btwn HWY416 IC57 RAMP53 & HWY416 IC49 RAMP34,367443.07114,5004128.80631,-75.70300904720,45.17434743880,2014-01-29,11:55:00 AM,05 - Drifting Snow,01 - Daylight,03 - Loose snow,10 - No control,,03 - P.D. only,07 - SMV other,0
14-13708,HIGHWAY 417 btwn HWY417 IC117 RAMP36 & HWY417 IC117 RAMP26,370615.58492,5031174.08314,-75.65906091920,45.41740641970,2014-01-29,12:35:00 PM,01 - Clear,01 - Daylight,01 - Dry,10 - No control,,03 - P.D. only,03 - Rear end,0
14-13709,HIGHWAY 417 @ HWY 417 ST.LAURE IC115R51,372087.44156,5031456.48316,-75.64021824990,45.41980733140,2014-01-30,7:50:00 AM,01 - Clear,03 - Dawn,01 - Dry,10 - No control,,03 - P.D. only,07 - SMV other,0
14-13710,HIGHWAY 417 btwn HWY417 IC155 RAMP61 & HWY417 IC145 RAMP56,342181.86051,5017582.41281,-76.02337477230,45.29720082070,2014-01-26,8:30:00 AM,01 - Clear,01 - Daylight,06 - Ice,10 - No control,,03 - P.D. only,07 - SMV other,0
14-13711,HIGHWAY 417 btwn HWY417 IC124 RAMP57 & HWY417 IC124 RAMP55,364145.64650,5027130.60408,-75.74220747950,45.38160267060,2014-01-29,3:15:00 PM,01 - Clear,01 - Daylight,01 - Dry,10 - No control,,02 - Non-fatal injury,04 - Sideswipe,0
14-13712,HWY417 IC140 RAMP61 btwn TERRY FOX DR & HIGHWAY 417,351142.06382,5018804.99875,-75.90902184650,45.30766811590,2014-01-30,8:50:00 AM,01 - Clear,01 - Daylight,02 - Wet,10 - No control,,03 - P.D. only,07 - SMV other,0
14-13713,HWY417 IC115 RAMP26 btwn Continuation of HWY417 IC115 RAMP26 & Continu,372557.28890,5031556.56195,-75.63420158500,45.42066244800,2014-01-30,9:40:00 AM,01 - Clear,01 - Daylight,01 - Dry,10 - No control,,03 - P.D. only,07 - SMV other,0
14-13714,HIGHWAY 417 btwn HWY417 IC127 RAMP35 & HWY417 IC127 RAMP25,362101.25618,5024809.18836,-75.76857969070,45.36088499880,2014-01-28,11:30:00 PM,01 - Clear,07 - Dark,01 - Dry,10 - No control,,03 - P.D. only,03 - Rear end,0
14-13715,HIGHWAY 417 btwn HWY417 IC124 RAMP67 & HWY417 IC123 RAMP62,364789.28284,5028093.70691,-75.73387248100,45.39021366670,2014-01-30,6:35:00 PM,01 - Clear,07 - Dark,02 - Wet,10 - No control,,03 - P.D. only,03 - Rear end,0
14-13716,HWY417 IC122 RAMP51 btwn HIGHWAY 417 & PARKDALE AVE,365216.31277,5028766.14106,-75.72833700460,45.39622737780,2014-01-26,3:44:00 PM,01 - Clear,01 - Daylight,01 - Dry,10 - No control,,02 - Non-fatal injury,03 - Rear end,0
14-13717,HIGHWAY 417 btwn HWY417 IC118 RAMP57 & HWY417 IC118 RAMP35,369616.65882,5031116.84287,-75.67183057820,45.41698464450,2014-01-30,2:20:00 PM,01 - Clear,01 - Daylight,01 - Dry,10 - No control,,03 - P.D. only,03 - Rear end,0
14-13718,FALLOWFIELD RD @ HWY 416 FALLOWFI IC66R24,360278.06349,5014850.50800,-75.79296524150,45.27142305950,2014-01-27,10:15:00 AM,03 - Snow,01 - Daylight,03 - Loose snow,02 - Stop sign,01 - Functioning,02 - Non-fatal injury,03 - Rear end,0
14-13719,HIGHWAY 417 btwn HWY417 IC138 RAMP61 & HWY417 IC134 RAMP36,353839.79668,5020788.27363,-75.87442461830,45.32533081340,2014-01-27,12:20:00 PM,03 - Snow,01 - Daylight,03 - Loose snow,10 - No control,,03 - P.D. only,03 - Rear end,0
14-13720,HIGHWAY 417 btwn HWY 417 ANDERSON IC104R61 & HWY 417 BOUNDARY IC96R16,382155.98193,5025538.49851,-75.51251079790,45.36552087420,2014-01-31,5:20:00 AM,01 - Clear,07 - Dark,02 - Wet,10 - No control,,03 - P.D. only,07 - SMV other,0
14-13721,HIGHWAY 417 btwn HWY417 IC115 RAMP51 & HWY417 IC115 RAMP35,372288.49322,5031480.66670,-75.63764624360,45.42000555830,2014-01-22,4:18:00 PM,01 - Clear,01 - Daylight,01 - Dry,10 - No control,,03 - P.D. only,03 - Rear end,0
14-13722,HIGHWAY 417 btwn HWY417 IC142 RAMP35 & HWY417 IC142 RAMP25,348991.21107,5017261.45925,-75.93658685910,45.29391748760,2014-01-23,5:45:00 AM,05 - Drifting Snow,07 - Dark,06 - Ice,10 - No control,,03 - P.D. only,07 - SMV other,0
14-13723,HIGHWAY 417 btwn HWY417 IC117 RAMP26 & HWY417 IC117 RAMP61,370896.41454,5031247.99203,-75.65546317990,45.41804494900,2014-01-23,3:50:00 PM,01 - Clear,01 - Daylight,01 - Dry,10 - No control,,03 - P.D. only,04 - Sideswipe,0
14-13724,HIGHWAY 417 btwn HWY417 IC110 RAMP64 & HWY417 IC104 RAMP16,377100.37326,5027111.35197,-75.57680931220,45.38021227190,2014-02-01,6:30:00 PM,03 - Snow,07 - Dark,02 - Wet,10 - No control,,03 - P.D. only,07 - SMV other,0
14-13725,HIGHWAY 417 btwn HWY417 IC121B RAMP51 & HWY417 IC121A RAMP51,366767.82237,5029571.80517,-75.70842111520,45.40334093850,2014-01-31,6:13:00 PM,01 - Clear,07 - Dark,01 - Dry,10 - No control,,03 - P.D. only,07 - SMV other,0
14-13726,HIGHWAY 416 btwn HWY416 IC72 RAMP62 & HWY416 IC72 RAMP24,359505.00588,5019577.83470,-75.80229526630,45.31402055720,2014-02-01,6:35:00 PM,03 - Snow,07 - Dark,05 - Packed snow,10 - No control,,03 - P.D. only,07 - SMV other,0
14-13727,HIGHWAY 417 btwn HWY417 IC127 RAMP67 & HWY417 IC126 RAMP16,362753.48417,5025346.67049,-75.76019200440,45.36566759520,2014-02-02,4:16:00 AM,01 - Clear,07 - Dark,05 - Packed snow,10 - No control,,03 - P.D. only,07 - SMV other,0
14-13728,HIGHWAY 417 btwn HWY417 IC118 RAMP35 & HWY417 IC117 RAMP51,369816.78190,5031140.46742,-75.66927073670,45.41717864160,2014-02-01,7:25:00 PM,03 - Snow,07 - Dark,05 - Packed snow,10 - No control,,03 - P.D. only,07 - SMV other,0
14-13729,HWY417 IC118 RAMP52 btwn HWY417 IC118 RAMP57 & HWY417 IC118 RAMP62,369320.54098,5030891.41605,-75.67564322650,45.41498370480,2014-02-02,2:10:00 AM,03 - Snow,07 - Dark,03 - Loose snow,10 - No control,,03 - P.D. only,07 - SMV other,0
14-13730,HIGHWAY 417 btwn HWY417 IC123 RAMP62 & HWY417 IC122 RAMP16,365010.68712,5028499.50526,-75.73099564770,45.39384595730,2014-01-27,3:30:00 PM,01 - Clear,01 - Daylight,04 - Slush,10 - No control,,03 - P.D. only,03 - Rear end,0
14-13731,HIGHWAY 417 btwn HWY417 IC124 RAMP76 & HWY417 IC124 RAMP67,364328.84629,5027402.63588,-75.73983557990,45.38403482240,2014-02-01,3:26:00 AM,01 - Clear,07 - Dark,01 - Dry,10 - No control,,03 - P.D. only,07 - SMV other,0
14-13732,HIGHWAY 417 btwn HWY417 IC119B RAMP76 & HWY417 IC119A RAMP67,368426.96027,5030443.81611,-75.68711681780,45.41103817280,2014-02-03,9:51:00 AM,01 - Clear,01 - Daylight,06 - Ice,10 - No control,,03 - P.D. only,07 - SMV other,0
14-13733,HIGHWAY 417 btwn HWY417 IC117 RAMP61 & HWY417 IC115 RAMP36,371851.70323,5031456.76896,-75.64323007680,45.41983253560,2014-02-04,2:55:00 AM,01 - Clear,07 - Dark,01 - Dry,10 - No control,,03 - P.D. only,04 - Sideswipe,0
14-13734,HIGHWAY 417 btwn REGIONAL ROAD 174 & HWY417 IC113 RAMP85,373404.52180,5031752.63929,-75.62334965830,45.42234408670,2014-02-03,6:15:00 AM,01 - Clear,07 - Dark,01 - Dry,10 - No control,,03 - P.D. only,04 - Sideswipe,0
14-13735,HIGHWAY 417 btwn HWY 417 ANDERSON IC104R61 & HWY 417 BOUNDARY IC96R16,381220.53285,5025689.83527,-75.52442713150,45.36698511320,2014-02-03,12:30:00 PM,01 - Clear,01 - Daylight,01 - Dry,10 - No control,,03 - P.D. only,07 - SMV other,0
14-13736,HIGHWAY 417 btwn HWY417 IC112 RAMP66 & HWY417 IC112 RAMP56,374484.67028,5030846.07310,-75.60967704890,45.41408051840,2014-02-03,7:30:00 AM,01 - Clear,01 - Daylight,06 - Ice,10 - No control,,03 - P.D. only,03 - Rear end,0
14-13737,HIGHWAY 417 btwn HWY417 IC117 RAMP51 & HWY417 IC117 RAMP35,370715.09662,5031169.61295,-75.65779017400,45.41735683200,2014-02-04,3:00:00 PM,01 - Clear,01 - Daylight,01 - Dry,10 - No control,,03 - P.D. only,03 - Rear end,0
14-13738,HIGHWAY 417 btwn HWY417 IC126 RAMP25 & HWY417 IC124 RAMP57,363344.65466,5026067.74681,-75.75256057870,45.37210662290,2014-02-04,8:40:00 PM,01 - Clear,07 - Dark,01 - Dry,10 - No control,,02 - Non-fatal injury,04 - Sideswipe,0
14-13739,HIGHWAY 417 btwn HWY417 IC129 RAMP61 & TRANSIT,360929.85935,5023926.28141,-75.78363101930,45.35303540670,2014-01-05,10:10:00 PM,04 - Freezing Rain,07 - Dark,06 - Ice,10 - No control,,03 - P.D. only,07 - SMV other,0
14-13740,HIGHWAY 417 btwn HWY417 IC144 RAMP25 & HWY417 IC142 RAMP51,347918.64564,5016281.62586,-75.95034599450,45.28516723570,2014-02-05,5:39:00 PM,01 - Clear,07 - Dark,04 - Slush,10 - No control,,03 - P.D. only,07 - SMV other,0
14-13741,HWY 417 WOODROFF IC127R62 @ WOODROFFE AVE,362050.84559,5025019.14018,-75.76919878090,45.36277824700,2014-02-05,10:15:00 AM,01 - Clear,01 - Daylight,01 - Dry,03 - Yield sign,01 - Functioning,03 - P.D. only,03 - Rear end,0
14-13742,HIGHWAY 417 btwn HWY417 IC130 RAMP26 & HIGHWAY 417,359432.73846,5023110.23019,-75.80282704690,45.34581081010,2014-01-31,11:15:00 AM,01 - Clear,01 - Daylight,02 - Wet,10 - No control,,03 - P.D. only,04 - Sideswipe,0
14-13743,HIGHWAY 417 btwn HWY417 IC119B RAMP57 & HWY417 IC119A RAMP75,368424.97155,5030424.42609,-75.68714472510,45.41086388880,2014-02-05,4:43:00 PM,01 - Clear,05 - Dusk,02 - Wet,10 - No control,,03 - P.D. only,03 - Rear end,0
14-13744,HIGHWAY 417 btwn HWY417 IC145 RAMP56 & Continuation of HIGHWAY 417,346440.88287,5014995.14979,-75.96929084750,45.27368011280,2014-02-06,3:15:00 PM,01 - Clear,01 - Daylight,01 - Dry,10 - No control,,03 - P.D. only,07 - SMV other,0
14-13745,HIGHWAY 417 btwn HWY417 IC96 RAMP51 & HIGHWAY 417,387251.58677,5023852.72799,-75.44775463010,45.34977290640,2014-02-01,4:50:00 PM,03 - Snow,05 - Dusk,03 - Loose snow,10 - No control,,03 - P.D. only,07 - SMV other,0
14-13746,HIGHWAY 417 btwn HWY417 IC96 RAMP51 & HIGHWAY 417,387146.26239,5023870.28206,-75.44909562730,45.34994321770,2014-02-05,3:44:00 PM,03 - Snow,01 - Daylight,03 - Loose snow,10 - No control,,03 - P.D. only,07 - SMV other,0
14-13747,HIGHWAY 417 btwn HWY417 IC127 RAMP63 & HWY417 IC127 RAMP67,362282.21972,5024973.20587,-75.76625090000,45.36234599970,2014-02-06,5:44:00 PM,01 - Clear,07 - Dark,01 - Dry,10 - No control,,03 - P.D. only,03 - Rear end,0
14-13748,HIGHWAY 417 btwn HWY417 IC117 RAMP26 & HWY417 IC117 RAMP61,370836.90855,5031221.97018,-75.65622691180,45.41781643440,2014-02-06,6:58:00 PM,01 - Clear,07 - Dark,01 - Dry,10 - No control,,03 - P.D. only,07 - SMV other,0
14-13749,HIGHWAY 417 btwn HWY417 IC117 RAMP61 & HWY417 IC115 RAMP36,371876.75116,5031458.62808,-75.64290980260,45.41984686190,2014-02-06,7:45:00 PM,01 - Clear,07 - Dark,01 - Dry,10 - No control,,02 - Non-fatal injury,03 - Rear end,0
14-13750,HIGHWAY 417 btwn HWY417 IC127 RAMP25 & HWY417 IC126 RAMP51,362447.31867,5025079.78882,-75.76413118530,45.36329146570,2014-02-07,6:49:00 AM,01 - Clear,03 - Dawn,01 - Dry,10 - No control,,03 - P.D. only,03 - Rear end,0
14-13751,HIGHWAY 417 btwn HWY417 IC124 RAMP76 & HWY417 IC124 RAMP67,364336.70246,5027419.47054,-75.73973323710,45.38418562950,2014-02-07,5:40:00 PM,01 - Clear,07 - Dark,01 - Dry,10 - No control,,03 - P.D. only,03 - Rear end,0
14-13752,HIGHWAY 417 btwn HWY 417 ANDERSON IC104R61 & HWY 417 BOUNDARY IC96R16,386394.44556,5024068.68261,-75.45865598870,45.35181613340,2014-01-29,11:03:00 AM,01 - Clear,01 - Daylight,01 - Dry,10 - No control,,03 - P.D. only,07 - SMV other,0
14-13753,HIGHWAY 417 btwn HWY417 IC124 RAMP76 & HWY417 IC124 RAMP67,364308.64470,5027382.43430,-75.74009596040,45.38385476840,2014-02-07,2:25:00 PM,01 - Clear,01 - Daylight,01 - Dry,10 - No control,,03 - P.D. only,03 - Rear end,0
14-13754,HIGHWAY 417 btwn HWY417 IC140 RAMP25 & HWY417 IC139 RAMP15,351703.14757,5019198.17461,-75.90182978980,45.31116876250,2014-02-04,3:27:00 PM,01 - Clear,01 - Daylight,01 - Dry,10 - No control,,03 - P.D. only,07 - SMV other,0
14-13755,HIGHWAY 417 @ HWY 417 RIVERSID IC117R35,371082.03634,5031320.63637,-75.65308191410,45.41868101280,2014-02-08,6:00:00 PM,01 - Clear,07 - Dark,01 - Dry,10 - No control,,03 - P.D. only,04 - Sideswipe,0
14-13756,HIGHWAY 417 btwn HWY417 IC96 RAMP51 & HIGHWAY 417,387325.31385,5023838.68474,-75.44681623090,45.34963788530,2014-01-30,8:56:00 PM,01 - Clear,07 - Dark,01 - Dry,10 - No control,,03 - P.D. only,99 - Other,0
14-13757,HWY417 IC122 RAMP16 btwn HIGHWAY 417 & WESTMOUNT AVE,365157.31948,5028750.25825,-75.72909236690,45.39608955560,2014-02-09,9:10:00 PM,03 - Snow,07 - Dark,03 - Loose snow,10 - No control,,03 - P.D. only,03 - Rear end,0
14-13758,HWY417 IC118 RAMP36 btwn NICHOLAS ST & HWY417 IC118 RAMP76,369139.71040,5031273.41109,-75.67790352260,45.41843740820,2014-02-06,7:17:00 PM,01 - Clear,07 - Dark,01 - Dry,10 - No control,,03 - P.D. only,07 - SMV other,0
14-13759,HIGHWAY 417 btwn HWY417 IC119A RAMP75 & HWY417 IC118 RAMP57,369055.21709,5030766.30901,-75.67904913910,45.41388244960,2014-02-10,6:15:00 AM,01 - Clear,07 - Dark,02 - Wet,10 - No control,,03 - P.D. only,07 - SMV other,0
14-13760,HWY417 IC118 RAMP35 btwn HWY417 IC118 RAMP45 & MANN AVE OVERPASS,369396.60419,5030972.96200,-75.67466080580,45.41571040730,2014-02-10,10:45:00 AM,01 - Clear,01 - Daylight,02 - Wet,10 - No control,,03 - P.D. only,04 - Sideswipe,0
14-13761,HIGHWAY 417 btwn HWY417 IC118 RAMP57 & HWY417 IC118 RAMP35,369757.71587,5031137.43472,-75.67002575200,45.41715684060,2014-02-06,2:50:00 PM,01 - Clear,01 - Daylight,01 - Dry,10 - No control,,02 - Non-fatal injury,03 - Rear end,0
14-13762,HIGHWAY 417 btwn HWY417 IC118 RAMP57 & HWY417 IC118 RAMP35,369564.71837,5031096.16481,-75.67249687430,45.41680340030,2014-02-11,9:15:00 AM,01 - Clear,01 - Daylight,02 - Wet,10 - No control,,03 - P.D. only,03 - Rear end,0
14-13763,HIGHWAY 417 btwn HWY417 IC121B RAMP16 & HWY417 IC121A RAMP16,366763.63527,5029589.25142,-75.70847240410,45.40349828530,2014-02-11,10:10:00 AM,01 - Clear,01 - Daylight,02 - Wet,10 - No control,,03 - P.D. only,07 - SMV other,0
14-13764,HIGHWAY 417 btwn HWY417 IC169 RAMP26 & HWY417 IC169 RAMP61,325801.16191,5024618.05585,-76.23192986390,45.36119240410,2014-02-11,6:55:00 AM,01 - Clear,03 - Dawn,01 - Dry,10 - No control,,03 - P.D. only,07 - SMV other,0
14-13765,HWY417 IC129 RAMP51 btwn HIGHWAY 417 & ASHLEY ST,360224.12680,5023318.84894,-75.79270546450,45.34762587240,2014-02-11,7:50:00 AM,01 - Clear,01 - Daylight,01 - Dry,10 - No control,,03 - P.D. only,04 - Sideswipe,0
14-13766,HWY417 IC138 RAMP35 btwn HIGHWAY 417 & EAGLESON RD,352933.74153,5020018.86688,-75.88605680560,45.31847025630,2014-02-11,9:07:00 AM,01 - Clear,01 - Daylight,06 - Ice,10 - No control,,03 - P.D. only,03 - Rear end,0
14-13767,HIGHWAY 417 btwn HWY417 IC104 RAMP15 & HWY417 IC96 RAMP51,381382.76018,5025616.81706,-75.52236778300,45.36631043780,2014-02-11,7:14:00 PM,01 - Clear,07 - Dark,01 - Dry,10 - No control,,02 - Non-fatal injury,07 - SMV other,0
14-13768,HIGHWAY 417 btwn HWY417 IC122 RAMP15 & HWY417 IC121B RAMP51,366570.33092,5029513.88365,-75.71095089210,45.40283723090,2014-02-11,7:45:00 PM,01 - Clear,07 - Dark,01 - Dry,10 - No control,,03 - P.D. only,07 - SMV other,0
14-13769,HIGHWAY 417 btwn HWY417 IC142 RAMP51 & HWY417 IC142 RAMP35,348670.05768,5016963.63194,-75.94070753050,45.29125766120,2014-02-10,12:55:00 AM,03 - Snow,07 - Dark,03 - Loose snow,10 - No control,,03 - P.D. only,07 - SMV other,0
14-13770,HIGHWAY 417 btwn HIGHWAY 417 & HWY417 IC129 RAMP51,360047.27469,5023224.58310,-75.79497271910,45.34679162220,2014-02-11,7:55:00 PM,01 - Clear,07 - Dark,01 - Dry,10 - No control,,03 - P.D. only,04 - Sideswipe,0
14-13771,HWY417 IC117 RAMP36 btwn HIGHWAY 417 & VANIER PKWY,370435.06842,5031152.07570,-75.66137009760,45.41722536280,2014-02-12,8:00:00 AM,01 - Clear,01 - Daylight,01 - Dry,10 - No control,,03 - P.D. only,03 - Rear end,0
14-13772,HIGHWAY 417 btwn HWY417 IC142 RAMP51 & HWY417 IC142 RAMP35,348847.71230,5017127.31972,-75.93842821290,45.29271946530,2014-02-04,7:26:00 AM,01 - Clear,01 - Daylight,01 - Dry,10 - No control,,02 - Non-fatal injury,03 - Rear end,0
14-13773,HIGHWAY 417 btwn HWY417 IC122 RAMP51 & HWY417 IC122 RAMP15,365315.01308,5028861.43791,-75.72706478700,45.39707631400,2014-02-12,10:28:00 AM,01 - Clear,01 - Daylight,01 - Dry,10 - No control,,03 - P.D. only,04 - Sideswipe,0
14-13774,HIGHWAY 417 btwn HWY417 IC117 RAMP26 & HWY417 IC117 RAMP61,370828.46410,5031216.32030,-75.65633555500,45.41776639590,2014-02-12,7:51:00 AM,01 - Clear,01 - Daylight,01 - Dry,10 - No control,,03 - P.D. only,03 - Rear end,0
14-13775,HIGHWAY 417 btwn HWY417 IC122 RAMP51 & HWY417 IC122 RAMP15,365319.55102,5028866.54310,-75.72700620510,45.39712185730,2014-02-13,6:50:00 AM,01 - Clear,03 - Dawn,01 - Dry,10 - No control,,03 - P.D. only,03 - Rear end,0
14-13776,HIGHWAY 417 btwn HWY417 IC118 RAMP57 & HWY417 IC118 RAMP35,369412.89427,5031012.43181,-75.67444751690,45.41606403800,2014-02-13,11:20:00 AM,01 - Clear,01 - Daylight,01 - Dry,10 - No control,,03 - P.D. only,03 - Rear end,0
14-13777,HIGHWAY 417 btwn HWY417 IC155 RAMP25 & RAMP,341023.68682,5018738.64340,-76.03805671230,45.30766577630,2014-02-13,11:40:00 AM,01 - Clear,01 - Daylight,01 - Dry,10 - No control,,02 - Non-fatal injury,04 - Sideswipe,0
14-13778,HIGHWAY 417 btwn HWY417 IC134 RAMP36 & HWY417 IC134 RAMP26,356373.62353,5022265.18837,-75.84195010070,45.33843864970,2014-02-14,10:50:00 AM,03 - Snow,01 - Daylight,03 - Loose snow,10 - No control,,03 - P.D. only,07 - SMV other,0
14-13779,HIGHWAY 417 btwn HWY417 IC129 RAMP25 & HWY417 IC129 RAMP35,360462.96811,5023531.10342,-75.78963383810,45.34951682010,2014-02-11,7:48:00 AM,01 - Clear,01 - Daylight,01 - Dry,10 - No control,,03 - P.D. only,03 - Rear end,0
14-13780,HWY417 IC124 RAMP57 btwn HIGHWAY 417 & CARLING AVE,363969.33259,5026895.17100,-75.74448687360,45.37949919500,2014-02-10,10:30:00 AM,01 - Clear,01 - Daylight,01 - Dry,10 - No control,,03 - P.D. only,04 - Sideswipe,0
14-13781,HWY417 IC104 RAMP51 btwn HIGHWAY 417 & ANDERSON RD,380075.37185,5025630.18783,-75.53905308690,45.36657236280,2014-02-10,12:12:00 PM,01 - Clear,01 - Daylight,02 - Wet,10 - No control,,03 - P.D. only,07 - SMV other,0
14-13782,HIGHWAY 417 btwn HWY417 IC124 RAMP67 & HWY417 IC123 RAMP62,364607.67810,5027778.63649,-75.73622974380,45.38739425520,2014-02-10,11:25:00 AM,01 - Clear,01 - Daylight,01 - Dry,10 - No control,,03 - P.D. only,07 - SMV other,0
14-13783,HIGHWAY 416 btwn HWY416 IC66 RAMP24 & HWY416 IC57 RAMP62,361016.57738,5012839.44104,-75.78378163070,45.25326861460,2014-02-14,7:15:00 AM,03 - Snow,01 - Daylight,03 - Loose snow,10 - No control,,03 - P.D. only,04 - Sideswipe,0
14-13784,HIGHWAY 417 btwn HWY417 IC118 RAMP35 & HWY417 IC117 RAMP51,369792.02939,5031139.35631,-75.66958711630,45.41717094400,2014-02-14,12:20:00 PM,03 - Snow,01 - Daylight,04 - Slush,10 - No control,,03 - P.D. only,04 - Sideswipe,0
14-13785,HIGHWAY 417 btwn HWY417 IC104 RAMP15 & HWY417 IC96 RAMP51,386776.68184,5023927.40801,-75.45380195910,45.35050048530,2014-02-14,1:25:00 PM,01 - Clear,01 - Daylight,04 - Slush,10 - No control,,03 - P.D. only,07 - SMV other,0
14-13786,HIGHWAY 417 btwn HWY417 IC110 RAMP55 & HWY417 IC104 RAMP51,376681.27324,5027407.19513,-75.58211696070,45.38291723530,2014-02-14,4:15:00 PM,03 - Snow,01 - Daylight,03 - Loose snow,10 - No control,,03 - P.D. only,07 - SMV other,0
14-13787,HIGHWAY 417 btwn HWY417 IC129 RAMP51 & HWY417 IC129 RAMP35,360369.61014,5023458.04013,-75.79083338330,45.34886680120,2014-02-15,1:20:00 PM,01 - Clear,01 - Daylight,01 - Dry,10 - No control,,03 - P.D. only,07 - SMV other,0
14-13788,HIGHWAY 417 btwn HWY417 IC118 RAMP57 & HWY417 IC118 RAMP35,369667.70672,5031130.75686,-75.67117657070,45.41710510670,2014-02-14,6:00:00 AM,03 - Snow,07 - Dark,05 - Packed snow,10 - No control,,03 - P.D. only,07 - SMV other,0
14-13789,HWY417 IC121B RAMP51 btwn HIGHWAY 417 & ROCHESTER ST,366590.56856,5029513.88365,-75.71069240200,45.40283544480,2014-02-14,7:25:00 AM,03 - Snow,03 - Dawn,05 - Packed snow,10 - No control,,03 - P.D. only,03 - Rear end,0
14-13790,HIGHWAY 417 btwn HWY417 IC122 RAMP61 & HWY417 IC121B RAMP16,365653.09000,5029114.42836,-75.72271584690,45.39932336250,2014-02-14,4:40:00 AM,03 - Snow,07 - Dark,05 - Packed snow,10 - No control,,03 - P.D. only,07 - SMV other,0
14-13791,HIGHWAY 417 btwn HWY417 IC131 RAMP66 & HWY417 IC130 RAMP26,358918.21381,5023037.89898,-75.80940037200,45.34519985930,2014-02-14,2:00:00 PM,01 - Clear,01 - Daylight,04 - Slush,10 - No control,,02 - Non-fatal injury,04 - Sideswipe,0
14-13792,HWY417 IC118 RAMP35 btwn HWY417 IC118 RAMP45 & MANN AVE OVERPASS,369484.31336,5030906.56212,-75.67354899360,45.41510486300,2014-02-16,12:58:00 AM,01 - Clear,07 - Dark,01 - Dry,10 - No control,,03 - P.D. only,07 - SMV other,0
14-13793,HIGHWAY 416 btwn HWY416 IC49 RAMP34 & HWY416 IC49 RAMP43,369189.48842,5001087.11212,-75.68118423730,45.14682091190,2014-02-12,8:00:00 AM,01 - Clear,01 - Daylight,01 - Dry,10 - No control,,03 - P.D. only,07 - SMV other,0
14-13794,HIGHWAY 417 btwn HWY417 IC126 RAMP61 & HWY417 IC124 RAMP76,363975.03287,5026945.68092,-75.74440804110,45.37995319360,2014-02-18,8:55:00 AM,03 - Snow,01 - Daylight,03 - Loose snow,10 - No control,,02 - Non-fatal injury,07 - SMV other,0
14-13795,HIGHWAY 417 btwn HWY417 IC126 RAMP61 & HWY417 IC124 RAMP76,364088.40838,5027095.38062,-75.74294252630,45.38129058180,2014-02-18,8:55:00 AM,03 - Snow,01 - Daylight,02 - Wet,10 - No control,,03 - P.D. only,07 - SMV other,0
14-13796,HIGHWAY 417 btwn HWY417 IC142 RAMP16 & HWY417 IC142 RAMP61,349001.38151,5017325.49650,-75.93645149130,45.29449307540,2014-02-18,7:45:00 AM,03 - Snow,01 - Daylight,06 - Ice,10 - No control,,03 - P.D. only,07 - SMV other,0
14-13797,HIGHWAY 417 btwn HWY417 IC129 RAMP26 & HWY417 IC129 RAMP61,360532.39812,5023614.30566,-75.78873846970,45.35025995860,2014-02-18,9:06:00 AM,03 - Snow,01 - Daylight,06 - Ice,10 - No control,,03 - P.D. only,07 - SMV other,0
14-13798,HIGHWAY 417 btwn HWY 417 ANDERSON IC104R61 & HWY 417 BOUNDARY IC96R16,380805.18521,5025779.18072,-75.52971488590,45.36783414720,2014-02-18,10:25:00 AM,03 - Snow,01 - Daylight,06 - Ice,10 - No control,,03 - P.D. only,04 - Sideswipe,0
14-13799,HIGHWAY 417 btwn HWY417 IC155 RAMP25 & RAMP,341905.94572,5017764.39916,-76.02687899450,45.29885304180,2014-02-18,10:00:00 AM,01 - Clear,01 - Daylight,03 - Loose snow,10 - No control,,03 - P.D. only,07 - SMV other,0
14-13800,HIGHWAY 417 btwn HWY417 IC130 RAMP26 & HIGHWAY 417,359409.90313,5023104.55180,-75.80311905660,45.34576149400,2014-02-18,7:42:00 AM,03 - Snow,01 - Daylight,06 - Ice,10 - No control,,03 - P.D. only,99 - Other,0
14-13801,HIGHWAY 417 btwn HWY417 IC117 RAMP25 & HWY417 IC115 RAMP51,371498.49551,5031396.77940,-75.64775089380,45.41932653720,2014-02-20,4:48:00 PM,01 - Clear,01 - Daylight,01 - Dry,10 - No control,,03 - P.D. only,04 - Sideswipe,0
14-13802,CARLING AVE @ HWY 417 CARLING IC124R67,364332.62592,5027523.91268,-75.73977269310,45.38512572850,2014-02-20,7:00:00 PM,01 - Clear,07 - Dark,02 - Wet,03 - Yield sign,01 - Functioning,03 - P.D. only,03 - Rear end,0