Record,Location,X,Y,Longitude,Latitude,Date,Time,Environment,Light,Road_Surface,Traffic_Control,Collision_Location,Collision_Classification,Impact_type,Pedestrian
14-14006,HIGHWAY 417 btwn HWY417 IC104 RAMP16 & HWY417 IC104 RAMP61,380020.82055,5025959.36992,-75.53969925780,45.36953999490,2014-03-17,7:50:00 PM,01 - Clear,07 - Dark,01 - Dry,10 - No control,,03 - P.D. only,07 - SMV other,0
14-14007,HIGHWAY 417 btwn HWY417 IC142 RAMP35 & HWY417 IC142 RAMP25,348982.35554,5017250.53462,-75.93670073080,45.29381974050,2014-03-10,12:50:00 AM,03 - Snow,07 - Dark,03 - Loose snow,10 - No control,,02 - Non-fatal injury,03 - Rear end,0
14-14008,HIGHWAY 417 btwn HWY417 IC124 RAMP76 & HWY417 IC124 RAMP67,364262.71032,5027324.82866,-75.74068941350,45.38334034380,2014-04-05,2:16:00 AM,02 - Rain,07 - Dark,02 - Wet,10 - No control,,03 - P.D. only,07 - SMV other,0
14-14009,HIGHWAY 417 btwn HWY417 IC96 RAMP61 & HIGHWAY 417,387499.60423,5023868.25133,-75.44458738030,45.34988337040,2014-04-06,8:00:00 PM,01 - Clear,07 - Dark,01 - Dry,10 - No control,,03 - P.D. only,07 - SMV other,0
14-14010,HIGHWAY 416 btwn HWY416 IC42 RAMP34 & HWY416 IC42 RAMP43,371434.75034,4995201.71539,-75.65341875930,45.09365554880,2014-04-16,9:40:00 AM,01 - Clear,01 - Daylight,01 - Dry,10 - No control,,03 - P.D. only,07 - SMV other,0
14-14011,HIGHWAY 417 btwn HWY417 IC121A RAMP51 & HWY417 IC120A RAMP52,367549.26464,5029861.71596,-75.69840303200,45.40587985890,2014-04-16,5:40:00 PM,01 - Clear,01 - Daylight,01 - Dry,10 - No control,,03 - P.D. only,03 - Rear end,0
14-14012,HIGHWAY 417 btwn HWY417 IC110 RAMP55 & HWY417 IC104 RAMP51,379567.78356,5026010.25658,-75.54547440830,45.37004631920,2014-04-16,11:15:00 PM,01 - Clear,07 - Dark,01 - Dry,10 - No control,,03 - P.D. only,07 - SMV other,0
14-14013,HIGHWAY 417 btwn HWY417 IC115 RAMP36 & HWY417 IC115 RAMP26,372069.55202,5031477.05614,-75.64044400390,45.41999415740,2014-04-17,7:20:00 AM,01 - Clear,01 - Daylight,01 - Dry,10 - No control,,03 - P.D. only,03 - Rear end,0
14-14014,HIGHWAY 417 btwn HWY417 IC145 RAMP56 & Continuation of HIGHWAY 417,346517.47404,5015068.35143,-75.96830859240,45.27433427060,2014-04-14,4:20:00 AM,"07 - Fog, mist, smoke, dust",07 - Dark,02 - Wet,10 - No control,,02 - Non-fatal injury,07 - SMV other,0
14-14015,HIGHWAY 417 btwn HWY417 IC115 RAMP36 & HWY417 IC115 RAMP26,372437.95581,5031518.69342,-75.63573144000,45.42033327120,2014-04-17,5:15:00 PM,01 - Clear,01 - Daylight,01 - Dry,10 - No control,,03 - P.D. only,04 - Sideswipe,0
14-14016,HIGHWAY 417 btwn HWY417 IC117 RAMP26 & HWY417 IC117 RAMP61,370831.57882,5031222.12664,-75.65629498380,45.41781834470,2014-04-19,3:30:00 PM,01 - Clear,01 - Daylight,01 - Dry,10 - No control,,03 - P.D. only,03 - Rear end,0
14-14017,HIGHWAY 417 btwn HWY417 IC117 RAMP51 & HWY417 IC117 RAMP35,370846.74470,5031207.90863,-75.65610313150,45.41768898550,2014-04-19,3:45:00 PM,01 - Clear,01 - Daylight,01 - Dry,10 - No control,,03 - P.D. only,03 - Rear end,0
14-14018,HIGHWAY 417 btwn HWY417 IC117 RAMP26 & HWY417 IC117 RAMP61,370869.49351,5031238.24039,-75.65580842880,45.41795975080,2014-04-20,12:00:00 PM,01 - Clear,01 - Daylight,01 - Dry,10 - No control,,02 - Non-fatal injury,04 - Sideswipe,0
14-14019,HIGHWAY 417 btwn HWY417 IC127 RAMP25 & HWY417 IC126 RAMP51,363183.83265,5025858.95564,-75.75463829590,45.37024136250,2014-04-20,8:20:00 PM,01 - Clear,07 - Dark,01 - Dry,10 - No control,,03 - P.D. only,04 - Sideswipe,0
14-14020,HIGHWAY 417 btwn HWY 417 ANDERSON IC104R61 & HWY 417 BOUNDARY IC96R16,381967.54625,5025563.14579,-75.51491206880,45.36576340380,2014-04-21,12:29:00 AM,01 - Clear,07 - Dark,01 - Dry,10 - No control,,03 - P.D. only,07 - SMV other,0
14-14021,HIGHWAY 417 btwn HWY417 IC123 RAMP62 & HWY417 IC122 RAMP16,365105.20939,5028676.20913,-75.72976692930,45.39542776670,2014-04-17,3:00:00 PM,01 - Clear,01 - Daylight,01 - Dry,10 - No control,,02 - Non-fatal injury,03 - Rear end,0
14-14022,HIGHWAY 417 btwn HWY417 IC115 RAMP35 & HIGHWAY 417,372473.97476,5031503.52755,-75.63527332990,45.42019333320,2014-04-17,5:14:00 PM,01 - Clear,01 - Daylight,01 - Dry,10 - No control,,03 - P.D. only,03 - Rear end,0
14-14023,HWY416 IC75B RAMP25 btwn HWY416 IC75C RAMP24 & HWY417 IC131 RAMP55,358534.45125,5022666.60187,-75.81433752350,45.34188841800,2014-04-21,8:16:00 AM,01 - Clear,01 - Daylight,01 - Dry,10 - No control,,03 - P.D. only,07 - SMV other,0
14-14024,HIGHWAY 417 btwn HWY417 IC110 RAMP64 & HWY417 IC104 RAMP16,379063.97777,5026186.82297,-75.55187882990,45.37168852500,2014-04-22,4:45:00 PM,02 - Rain,01 - Daylight,02 - Wet,10 - No control,,03 - P.D. only,03 - Rear end,0
14-14025,HIGHWAY 417 btwn HWY417 IC117 RAMP61 & HWY417 IC115 RAMP36,371550.73532,5031420.71152,-75.64708022480,45.41953688570,2014-04-22,9:10:00 PM,02 - Rain,07 - Dark,02 - Wet,10 - No control,,03 - P.D. only,07 - SMV other,0
14-14026,HIGHWAY 417 btwn HWY417 IC115 RAMP36 & HWY417 IC115 RAMP26,372276.48571,5031501.19833,-75.63779684360,45.42019145040,2014-04-21,7:15:00 AM,01 - Clear,01 - Daylight,01 - Dry,10 - No control,,03 - P.D. only,03 - Rear end,0
14-14027,HIGHWAY 417 btwn HWY417 IC117 RAMP51 & HWY417 IC117 RAMP35,370791.49361,5031186.50638,-75.65681187880,45.41750163060,2014-04-24,5:35:00 PM,01 - Clear,01 - Daylight,01 - Dry,10 - No control,,03 - P.D. only,03 - Rear end,0
14-14028,HIGHWAY 417 btwn HWY417 IC122 RAMP15 & HWY417 IC121B RAMP51,365672.71716,5029097.68740,-75.72246723550,45.39917102470,2014-04-24,6:29:00 PM,01 - Clear,01 - Daylight,01 - Dry,10 - No control,,02 - Non-fatal injury,03 - Rear end,0
14-14029,HIGHWAY 417 btwn HWY417 IC126 RAMP61 & HWY417 IC124 RAMP76,363721.27341,5026595.65917,-75.74768972220,45.37682513840,2014-04-17,4:15:00 PM,01 - Clear,01 - Daylight,01 - Dry,10 - No control,,02 - Non-fatal injury,03 - Rear end,0
14-14030,HIGHWAY 417 btwn HWY417 IC138 RAMP35 & HIGHWAY 417,352928.65029,5020196.72629,-75.88610445720,45.32007102050,2014-04-26,2:53:00 PM,02 - Rain,01 - Daylight,02 - Wet,10 - No control,,02 - Non-fatal injury,04 - Sideswipe,0
14-14031,HWY417 IC118 RAMP35 btwn HWY417 IC118 RAMP45 & HIGHWAY 417,369766.37047,5031133.49821,-75.66991570160,45.41712061790,2014-04-27,12:08:00 AM,02 - Rain,07 - Dark,02 - Wet,10 - No control,,03 - P.D. only,03 - Rear end,0
14-14032,HIGHWAY 417 btwn HWY417 IC119A RAMP75 & HWY417 IC118 RAMP57,369051.20459,5030761.69726,-75.67910100030,45.41384132360,2014-03-23,10:00:00 PM,01 - Clear,07 - Dark,02 - Wet,10 - No control,,03 - P.D. only,99 - Other,0
14-14033,HWY417 IC131 RAMP53 btwn HIGHWAY 417 & HWY417 IC131 RAMP63,358465.25694,5022369.91940,-75.81525257550,45.33922415270,2014-04-28,5:10:00 PM,01 - Clear,01 - Daylight,01 - Dry,10 - No control,,03 - P.D. only,03 - Rear end,0
14-14034,HIGHWAY 417 btwn HWY417 IC118 RAMP57 & HWY417 IC118 RAMP35,369754.40364,5031136.81575,-75.67006815090,45.41715157940,2014-04-28,9:38:00 PM,01 - Clear,07 - Dark,01 - Dry,10 - No control,,03 - P.D. only,03 - Rear end,0
14-14035,HIGHWAY 417 btwn HWY417 IC119B RAMP57 & HWY417 IC119A RAMP75,368486.15720,5030463.82996,-75.68635802290,45.41121286670,2014-04-28,10:50:00 AM,01 - Clear,01 - Daylight,01 - Dry,10 - No control,,02 - Non-fatal injury,03 - Rear end,0
14-14036,HIGHWAY 417 btwn HWY417 IC117 RAMP36 & HWY417 IC117 RAMP26,370438.76383,5031147.24229,-75.66132352980,45.41718152720,2014-04-28,7:35:00 AM,01 - Clear,01 - Daylight,01 - Dry,10 - No control,,03 - P.D. only,04 - Sideswipe,0
14-14037,HIGHWAY 417 btwn HWY417 IC117 RAMP25 & HWY417 IC115 RAMP51,371261.51265,5031370.93897,-75.65078212410,45.41911658840,2014-04-30,8:10:00 AM,02 - Rain,01 - Daylight,02 - Wet,10 - No control,,03 - P.D. only,04 - Sideswipe,0
14-14038,HIGHWAY 417 btwn HWY417 IC124 RAMP76 & HWY417 IC124 RAMP67,364199.20321,5027241.41634,-75.74151033410,45.38259520110,2014-04-30,4:55:00 PM,02 - Rain,01 - Daylight,02 - Wet,10 - No control,,03 - P.D. only,03 - Rear end,0
14-14039,HIGHWAY 417 btwn HWY417 IC180 RAMP61 & HWY417 IC169 RAMP36,320427.62117,5030374.05061,-76.30033787710,45.41312844530,2014-05-01,2:58:00 PM,01 - Clear,01 - Daylight,01 - Dry,10 - No control,,03 - P.D. only,07 - SMV other,0
14-14040,HIGHWAY 417 btwn HWY417 IC129 RAMP25 & HWY417 IC129 RAMP35,360691.13262,5023709.60750,-75.78670207250,45.35110484920,2014-05-01,9:50:00 AM,01 - Clear,01 - Daylight,02 - Wet,10 - No control,,03 - P.D. only,03 - Rear end,0
14-14041,HIGHWAY 417 btwn HWY417 IC118 RAMP57 & HWY417 IC118 RAMP35,369487.10506,5031054.35129,-75.67349392950,45.41643435750,2014-04-25,6:10:00 PM,01 - Clear,01 - Daylight,01 - Dry,10 - No control,,03 - P.D. only,03 - Rear end,0
14-14042,HIGHWAY 417 btwn HWY417 IC127 RAMP63 & HWY417 IC127 RAMP67,362130.65770,5024859.41897,-75.76819860000,45.36133456590,2014-05-02,5:40:00 PM,01 - Clear,01 - Daylight,01 - Dry,10 - No control,,03 - P.D. only,03 - Rear end,0
14-14043,HIGHWAY 417 btwn HWY417 IC127 RAMP63 & HWY417 IC127 RAMP67,362141.08424,5024865.10618,-75.76806486120,45.36138488620,2014-05-02,5:35:00 PM,01 - Clear,01 - Daylight,01 - Dry,10 - No control,,03 - P.D. only,03 - Rear end,0
14-14044,HIGHWAY 417 btwn HWY417 IC138 RAMP26 & HWY417 IC138 RAMP61,353621.48863,5020649.28026,-75.87722300080,45.32409534510,2014-05-02,11:00:00 AM,01 - Clear,01 - Daylight,01 - Dry,10 - No control,,03 - P.D. only,04 - Sideswipe,0
14-14045,HIGHWAY 417 btwn HWY417 IC123 RAMP62 & HWY417 IC122 RAMP16,364822.89871,5028155.29885,-75.73343571670,45.39076497900,2014-04-06,2:15:00 AM,01 - Clear,07 - Dark,01 - Dry,10 - No control,,03 - P.D. only,03 - Rear end,0
14-14046,HIGHWAY 417 btwn HWY417 IC129 RAMP25 & HWY417 IC129 RAMP35,360467.43593,5023535.19992,-75.78957636370,45.34955332570,2014-05-04,1:20:00 PM,02 - Rain,01 - Daylight,02 - Wet,10 - No control,,03 - P.D. only,04 - Sideswipe,0
14-14047,HIGHWAY 416 btwn HWY416 IC57 RAMP52 & HWY416 IC57 RAMP24,364781.86578,5007992.67713,-75.73639896230,45.20934626390,2014-05-02,5:48:00 PM,01 - Clear,01 - Daylight,01 - Dry,10 - No control,,03 - P.D. only,07 - SMV other,0
14-14048,HIGHWAY 417 btwn HWY417 IC118 RAMP76 & HWY417 IC118 RAMP67,369489.94867,5031078.04797,-75.67345448990,45.41664730880,2014-05-05,4:30:00 PM,01 - Clear,01 - Daylight,01 - Dry,10 - No control,,03 - P.D. only,03 - Rear end,0
14-14049,HIGHWAY 417 btwn HWY417 IC117 RAMP25 & HWY417 IC115 RAMP51,371769.53441,5031427.14399,-75.64428391800,45.41957385310,2014-04-30,1:00:00 PM,02 - Rain,01 - Daylight,02 - Wet,10 - No control,,03 - P.D. only,03 - Rear end,0
14-14050,HIGHWAY 417 btwn HWY417 IC122 RAMP61 & HWY417 IC121B RAMP16,366508.73611,5029511.90541,-75.71173787160,45.40282486300,2014-05-06,3:35:00 PM,01 - Clear,01 - Daylight,01 - Dry,10 - No control,,03 - P.D. only,03 - Rear end,0
14-14051,HIGHWAY 417 btwn HWY417 IC121A RAMP51 & HWY417 IC120A RAMP52,367087.56708,5029672.41094,-75.70432437370,45.40421778270,2014-05-06,5:20:00 PM,01 - Clear,01 - Daylight,01 - Dry,10 - No control,,03 - P.D. only,03 - Rear end,0
14-14052,HIGHWAY 417 btwn HWY417 IC121B RAMP51 & HWY417 IC121A RAMP51,366661.65871,5029540.97334,-75.70978099160,45.40307291120,2014-05-06,4:29:00 PM,01 - Clear,01 - Daylight,01 - Dry,10 - No control,,03 - P.D. only,03 - Rear end,0
14-14053,HIGHWAY 417 btwn HWY417 IC127 RAMP63 & HWY417 IC127 RAMP67,362125.91837,5024855.62750,-75.76825952990,45.36130083790,2014-05-06,6:00:00 PM,01 - Clear,01 - Daylight,01 - Dry,10 - No control,,03 - P.D. only,03 - Rear end,0
14-14054,HWY 417 WOODROFF IC127R53 @ WOODROFFE AVE,362206.71850,5024626.25102,-75.76725487880,45.35923031480,2014-05-05,7:10:00 PM,01 - Clear,01 - Daylight,01 - Dry,03 - Yield sign,01 - Functioning,03 - P.D. only,03 - Rear end,0
14-14055,HWY417 IC104 RAMP51 btwn HIGHWAY 417 & ANDERSON RD,379684.93168,5025971.19874,-75.54398496270,45.36968239270,2014-05-07,8:22:00 PM,01 - Clear,05 - Dusk,01 - Dry,10 - No control,,02 - Non-fatal injury,07 - SMV other,0
14-14056,HIGHWAY 417 btwn HWY417 IC117 RAMP61 & HWY417 IC115 RAMP36,371556.42252,5031423.55512,-75.64700717840,45.41956192860,2014-05-08,9:30:00 AM,01 - Clear,01 - Daylight,01 - Dry,10 - No control,,03 - P.D. only,04 - Sideswipe,0
14-14057,HIGHWAY 7 btwn HWY 7 HAZELDEAN RD IC RAMP 63 & HAZELDEAN RD,346320.70736,5012114.79959,-75.97106312570,45.24776859130,2014-05-09,10:15:00 PM,02 - Rain,07 - Dark,02 - Wet,10 - No control,,03 - P.D. only,07 - SMV other,0
14-14058,HIGHWAY 417 btwn HWY417 IC118 RAMP57 & HWY417 IC118 RAMP35,369091.52845,5030794.63565,-75.67858156260,45.41413398810,2014-05-05,4:12:00 PM,01 - Clear,01 - Daylight,01 - Dry,10 - No control,,03 - P.D. only,03 - Rear end,0
14-14059,HIGHWAY 417 btwn HWY417 IC118 RAMP35 & HWY417 IC117 RAMP51,369798.02894,5031136.44518,-75.66951085180,45.41714419370,2014-05-09,8:00:00 AM,01 - Clear,01 - Daylight,01 - Dry,10 - No control,,02 - Non-fatal injury,04 - Sideswipe,0
14-14060,HIGHWAY 417 btwn HWY417 IC117 RAMP51 & HWY417 IC117 RAMP35,370791.39387,5031189.52575,-75.65681274820,45.41752880730,2014-05-09,11:30:00 AM,01 - Clear,01 - Daylight,01 - Dry,10 - No control,,02 - Non-fatal injury,03 - Rear end,0
14-14061,HIGHWAY 417 btwn HWY417 IC117 RAMP35 & HWY417 IC117 RAMP25,371197.08108,5031359.72059,-75.65160682550,45.41902176760,2014-05-11,1:50:00 PM,01 - Clear,01 - Daylight,01 - Dry,10 - No control,,03 - P.D. only,04 - Sideswipe,0
14-14062,HIGHWAY 417 btwn HWY417 IC129 RAMP61 & TRANSIT,360977.38854,5023961.74021,-75.78302043690,45.35335065760,2014-05-11,5:16:00 AM,01 - Clear,03 - Dawn,01 - Dry,10 - No control,,03 - P.D. only,07 - SMV other,0
14-14063,HIGHWAY 417 btwn HWY417 IC118 RAMP35 & HWY417 IC117 RAMP51,369795.00987,5031136.84199,-75.66954936960,45.41714804440,2014-05-12,7:15:00 AM,01 - Clear,01 - Daylight,01 - Dry,10 - No control,,03 - P.D. only,03 - Rear end,0
14-14064,HIGHWAY 417 btwn HWY417 IC118 RAMP35 & HWY417 IC117 RAMP51,369808.91192,5031138.10581,-75.66937159380,45.41715812410,2014-05-12,11:33:00 AM,01 - Clear,01 - Daylight,01 - Dry,10 - No control,,03 - P.D. only,04 - Sideswipe,0
14-14065,HWY417 IC144 RAMP63 btwn CARP RD & HWY417 IC144 RAMP62,347342.86448,5015963.08123,-75.95771272910,45.28233593710,2014-05-12,2:30:00 PM,01 - Clear,01 - Daylight,01 - Dry,10 - No control,,03 - P.D. only,03 - Rear end,0
14-14066,HIGHWAY 417 btwn HWY417 IC120B RAMP36 & HWY417 IC119B RAMP76,368117.27952,5030242.41290,-75.69109869900,45.40925409810,2014-05-12,8:30:00 AM,01 - Clear,01 - Daylight,01 - Dry,10 - No control,,03 - P.D. only,04 - Sideswipe,0
14-14067,HIGHWAY 417 btwn HIGHWAY 417 & HWY417 IC129 RAMP51,359801.04321,5023137.72515,-75.79812437550,45.34602942660,2014-05-13,7:40:00 AM,01 - Clear,01 - Daylight,01 - Dry,10 - No control,,03 - P.D. only,04 - Sideswipe,0
14-14068,HIGHWAY 417 btwn HWY417 IC124 RAMP65 & HWY417 IC122 RAMP51,364802.99350,5028078.52160,-75.73369924290,45.39007585780,2014-04-28,3:10:00 PM,01 - Clear,01 - Daylight,01 - Dry,10 - No control,,03 - P.D. only,03 - Rear end,0
14-14069,HIGHWAY 417 btwn HWY417 IC127 RAMP25 & HWY417 IC126 RAMP51,363206.58147,5025882.65232,-75.75434509450,45.37045268700,2014-05-14,12:00:00 AM,01 - Clear,00 - Unknown,01 - Dry,10 - No control,,02 - Non-fatal injury,03 - Rear end,0
14-14070,HWY417 IC126 RAMP51 btwn HIGHWAY 417 & HWY417 IC126 RAMP52,363260.29148,5025929.34960,-75.75365393110,45.37086838520,2014-05-14,2:55:00 PM,01 - Clear,01 - Daylight,01 - Dry,10 - No control,,02 - Non-fatal injury,07 - SMV other,0
14-14071,HIGHWAY 417 btwn HWY417 IC118 RAMP67 & HWY417 IC117 RAMP36,370100.37521,5031115.01480,-75.66565098070,45.41692321950,2014-05-14,4:50:00 PM,01 - Clear,01 - Daylight,01 - Dry,10 - No control,,03 - P.D. only,03 - Rear end,0
14-14072,HWY 417 MAITLAND IC126R26/62 @ MAITLAND AVE,363144.49616,5025985.02199,-75.75512555550,45.37137896850,2014-05-14,6:15:00 PM,01 - Clear,01 - Daylight,01 - Dry,01 - Traffic signal,01 - Functioning,03 - P.D. only,03 - Rear end,0
14-14073,HIGHWAY 416 btwn HWY416 IC66 RAMP34 & HWY416 IC66 RAMP63,359769.25180,5015217.41569,-75.79940863220,45.27476449540,2014-05-12,10:10:00 PM,01 - Clear,07 - Dark,01 - Dry,10 - No control,,03 - P.D. only,07 - SMV other,0
14-14074,HIGHWAY 417 btwn HWY417 IC118 RAMP35 & HWY417 IC117 RAMP51,369826.44156,5031134.92001,-75.66914805840,45.41712783050,2014-05-09,12:58:00 PM,01 - Clear,01 - Daylight,01 - Dry,10 - No control,,03 - P.D. only,03 - Rear end,0
14-14075,HIGHWAY 417 btwn HWY417 IC127 RAMP25 & HWY417 IC126 RAMP51,363050.18336,5025664.64284,-75.75636730750,45.36850407990,2014-05-15,8:13:00 AM,01 - Clear,01 - Daylight,01 - Dry,10 - No control,,03 - P.D. only,03 - Rear end,0
14-14076,HIGHWAY 417 btwn HWY417 IC129 RAMP76 & HWY417 IC129 RAMP26,360444.68712,5023551.31367,-75.78986484650,45.34970012270,2014-05-14,1:31:00 PM,01 - Clear,01 - Daylight,01 - Dry,10 - No control,,02 - Non-fatal injury,04 - Sideswipe,0
14-14077,HIGHWAY 416 btwn HWY416 IC57 RAMP24 & HWY416 IC49 RAMP42,365793.05276,5006262.52411,-75.72373893370,45.19369142040,2014-05-11,12:32:00 AM,01 - Clear,07 - Dark,01 - Dry,10 - No control,,02 - Non-fatal injury,03 - Rear end,0
14-14078,HIGHWAY 417 btwn HWY417 IC130 RAMP35 & HWY417 IC130 RAMP25,359196.30387,5023062.84363,-75.80584919690,45.34540280040,2014-05-13,5:30:00 PM,01 - Clear,01 - Daylight,01 - Dry,10 - No control,,03 - P.D. only,03 - Rear end,0
14-14079,HIGHWAY 417 btwn HWY417 IC117 RAMP26 & HWY417 IC117 RAMP61,370860.01484,5031232.55318,-75.65593029050,45.41790947470,2014-05-07,3:14:00 PM,01 - Clear,01 - Daylight,01 - Dry,10 - No control,,03 - P.D. only,03 - Rear end,0
14-14080,HIGHWAY 417 btwn HWY417 IC117 RAMP61 & HWY417 IC115 RAMP36,371247.41778,5031387.53616,-75.65095996480,45.41926726170,2014-05-16,9:25:00 PM,02 - Rain,07 - Dark,02 - Wet,10 - No control,,03 - P.D. only,04 - Sideswipe,0
14-14081,HIGHWAY 417 btwn HWY417 IC144 RAMP16 & HWY417 IC144 RAMP61,347433.16456,5015892.69172,-75.95656778670,45.28169707520,2014-05-17,8:30:00 AM,01 - Clear,01 - Daylight,01 - Dry,10 - No control,,02 - Non-fatal injury,07 - SMV other,0
14-14082,HIGHWAY 417 btwn HWY417 IC117 RAMP61 & HWY417 IC115 RAMP36,371487.03427,5031413.12909,-75.64789511170,45.41947473730,2014-05-15,12:15:00 PM,01 - Clear,01 - Daylight,01 - Dry,10 - No control,,03 - P.D. only,03 - Rear end,0
14-14083,HIGHWAY 417 btwn HWY417 IC112 RAMP66 & HWY417 IC112 RAMP56,374479.04968,5030849.97036,-75.60974830050,45.41411614390,2014-05-15,7:00:00 AM,01 - Clear,01 - Daylight,01 - Dry,10 - No control,,03 - P.D. only,03 - Rear end,0
14-14084,HWY417 IC126 RAMP61 btwn HWY417 IC126 RAMP63 & HIGHWAY 417,363160.16559,5025870.21156,-75.75493908830,45.37034461380,2014-05-09,8:28:00 PM,01 - Clear,05 - Dusk,01 - Dry,10 - No control,,02 - Non-fatal injury,07 - SMV other,0
14-14085,HIGHWAY 417 btwn HWY417 IC134 RAMP35 & HWY417 IC134 RAMP25,356442.99195,5022252.93867,-75.84106633560,45.33832332310,2014-05-05,2:03:00 PM,01 - Clear,01 - Daylight,01 - Dry,10 - No control,,02 - Non-fatal injury,03 - Rear end,0
14-14086,HIGHWAY 417 btwn HWY417 IC118 RAMP35 & HWY417 IC117 RAMP51,369790.42260,5031134.92001,-75.66960822950,45.41713117710,2014-05-20,8:30:00 AM,01 - Clear,01 - Daylight,01 - Dry,10 - No control,,02 - Non-fatal injury,03 - Rear end,0
14-14087,HIGHWAY 417 btwn HWY417 IC117 RAMP25 & HWY417 IC115 RAMP51,371540.10664,5031398.19111,-75.64721907030,45.41933527100,2014-05-20,7:00:00 AM,01 - Clear,01 - Daylight,01 - Dry,10 - No control,,02 - Non-fatal injury,99 - Other,0
14-14088,HIGHWAY 417 btwn Continuation of HIGHWAY 417 & HWY417 IC134 RAMP51,355216.33334,5021536.11435,-75.85678978860,45.33196246580,2014-05-20,1:28:00 PM,01 - Clear,01 - Daylight,01 - Dry,10 - No control,,03 - P.D. only,07 - SMV other,0
14-14089,HIGHWAY 417 btwn HWY417 IC119A RAMP75 & HWY417 IC118 RAMP57,368653.92971,5030547.24229,-75.68420400680,45.41194809460,2014-05-21,2:40:00 PM,01 - Clear,01 - Daylight,01 - Dry,10 - No control,,03 - P.D. only,04 - Sideswipe,0
14-14090,HIGHWAY 417 btwn HWY417 IC155 RAMP61 & HWY417 IC145 RAMP56,344370.93065,5015433.04748,-75.99563623720,45.27774004360,2014-05-21,9:35:00 AM,01 - Clear,01 - Daylight,01 - Dry,10 - No control,,03 - P.D. only,07 - SMV other,0
14-14091,HIGHWAY 417 btwn HWY417 IC144 RAMP51 & HWY417 IC144 RAMP35,347327.00342,5015740.08509,-75.95793400760,45.28033029370,2014-05-21,11:55:00 AM,01 - Clear,01 - Daylight,01 - Dry,10 - No control,,03 - P.D. only,04 - Sideswipe,0
14-14092,HIGHWAY 417 btwn HWY417 IC124 RAMP67 & HWY417 IC123 RAMP62,364773.60961,5028066.19933,-75.73407596970,45.38996750100,2014-05-21,4:10:00 PM,01 - Clear,01 - Daylight,01 - Dry,10 - No control,,03 - P.D. only,03 - Rear end,0
14-14093,HIGHWAY 417 btwn HWY417 IC121A RAMP61 & HWY417 IC120B RAMP36,367540.77121,5029884.22685,-75.69850865660,45.40608316670,2014-05-16,3:19:00 PM,01 - Clear,01 - Daylight,02 - Wet,10 - No control,,03 - P.D. only,03 - Rear end,0
14-14094,HIGHWAY 417 btwn HWY417 IC130 RAMP35 & HWY417 IC130 RAMP25,359320.47449,5023075.16591,-75.80426341590,45.34550403610,2014-05-22,3:15:00 PM,01 - Clear,01 - Daylight,01 - Dry,10 - No control,,03 - P.D. only,99 - Other,0
14-14095,HIGHWAY 417 btwn HWY417 IC119A RAMP67 & HWY417 IC118 RAMP76,369200.84914,5030885.63091,-75.67717308600,45.41494267770,2014-05-15,2:15:00 PM,01 - Clear,01 - Daylight,01 - Dry,10 - No control,,03 - P.D. only,04 - Sideswipe,0
14-14096,HWY417 IC118 RAMP35 btwn HWY417 IC118 RAMP45 & HIGHWAY 417,369763.88232,5031133.02428,-75.66994755280,45.41711658500,2014-05-15,3:20:00 PM,01 - Clear,01 - Daylight,01 - Dry,10 - No control,,03 - P.D. only,03 - Rear end,0
14-14097,HWY417 IC127 RAMP63 btwn HIGHWAY 417 & WOODROFFE AVE,362052.93258,5024807.28627,-75.76919668590,45.36087183200,2014-05-24,11:15:00 AM,01 - Clear,01 - Daylight,01 - Dry,10 - No control,,03 - P.D. only,07 - SMV other,0
14-14098,HIGHWAY 417 btwn HWY417 IC155 RAMP25 & RAMP,344338.49252,5015423.04222,-75.99605046810,45.27765183650,2014-05-24,4:45:00 AM,"07 - Fog, mist, smoke, dust",07 - Dark,01 - Dry,10 - No control,,03 - P.D. only,07 - SMV other,0
14-14099,HIGHWAY 417 btwn HWY417 IC117 RAMP25 & HWY417 IC115 RAMP51,371775.11638,5031422.61191,-75.64421321700,45.41953254100,2014-05-24,7:07:00 PM,01 - Clear,01 - Daylight,01 - Dry,10 - No control,,03 - P.D. only,03 - Rear end,0
14-14100,HIGHWAY 417 btwn Continuation of HIGHWAY 417 & HWY417 IC144 RAMP16,347368.70958,5015838.66329,-75.95739397260,45.28121481340,2014-05-24,6:10:00 AM,"07 - Fog, mist, smoke, dust",01 - Daylight,01 - Dry,10 - No control,,02 - Non-fatal injury,03 - Rear end,0
14-14101,HIGHWAY 417 btwn HWY417 IC119A RAMP75 & HWY417 IC118 RAMP57,368937.38359,5030693.80998,-75.68056390730,45.41324093900,2014-05-20,5:12:00 PM,01 - Clear,01 - Daylight,01 - Dry,10 - No control,,03 - P.D. only,03 - Rear end,0
14-14102,HIGHWAY 417 btwn HWY417 IC110 RAMP55 & HWY417 IC104 RAMP51,378944.99117,5026147.04765,-75.55340368230,45.37134324920,2014-05-25,6:00:00 AM,01 - Clear,01 - Daylight,01 - Dry,10 - No control,,03 - P.D. only,07 - SMV other,0
14-14103,HIGHWAY 416 btwn HWY416 IC49 RAMP24 & HWY416 IC42 RAMP42,369664.54483,4999631.50239,-75.67533260130,45.13367976400,2014-05-26,9:45:00 PM,01 - Clear,07 - Dark,01 - Dry,10 - No control,,03 - P.D. only,07 - SMV other,0
14-14104,HIGHWAY 417 btwn HWY417 IC118 RAMP57 & HWY417 IC118 RAMP35,369481.41786,5031056.24703,-75.67356633830,45.41645194010,2014-05-26,3:20:00 PM,01 - Clear,01 - Daylight,01 - Dry,10 - No control,,03 - P.D. only,03 - Rear end,0
14-14105,HIGHWAY 417 btwn HWY417 IC129 RAMP25 & HWY417 IC129 RAMP35,360457.00939,5023525.72125,-75.78971048240,45.34946886500,2014-05-27,8:11:00 AM,01 - Clear,01 - Daylight,01 - Dry,10 - No control,,03 - P.D. only,04 - Sideswipe,0