Record,Location,X,Y,Longitude,Latitude,Date,Time,Environment,Light,Road_Surface,Traffic_Control,Collision_Location,Collision_Classification,Impact_type,Pedestrian
14-14410,HIGHWAY 417 btwn HWY417 IC115 RAMP36 & HWY417 IC115 RAMP26,372274.92263,5031501.63181,-75.63781675500,45.42019550160,2014-08-20,6:50:00 AM,01 - Clear,01 - Daylight,01 - Dry,10 - No control,,03 - P.D. only,03 - Rear end,0
14-14411,HIGHWAY 417 btwn HWY417 IC163 RAMP15 & HWY417 IC155 RAMP51,331777.45739,5021335.81138,-76.15582547070,45.33145256680,2014-07-05,6:00:00 AM,01 - Clear,01 - Daylight,01 - Dry,10 - No control,,03 - P.D. only,07 - SMV other,0
14-14412,HIGHWAY 417 btwn HWY417 IC121B RAMP51 & HWY417 IC121A RAMP51,366753.62537,5029569.68312,-75.70860271740,45.40332310110,2014-08-06,4:30:00 PM,02 - Rain,01 - Daylight,02 - Wet,10 - No control,,03 - P.D. only,03 - Rear end,0
14-14413,HIGHWAY 416 btwn HWY416 IC66 RAMP24 & HWY416 IC57 RAMP62,363251.84875,5011149.81123,-75.75550450570,45.23788307030,2014-08-17,4:30:00 PM,01 - Clear,01 - Daylight,01 - Dry,10 - No control,,03 - P.D. only,07 - SMV other,0
14-14414,HWY417 IC112 RAMP54 btwn HIGHWAY 417 & HWY417 IC112 RAMP58,374185.06272,5031153.34714,-75.61346124770,45.41687498460,2014-08-20,11:20:00 PM,02 - Rain,07 - Dark,02 - Wet,10 - No control,,03 - P.D. only,07 - SMV other,0
14-14415,HIGHWAY 417 btwn HWY417 IC115 RAMP36 & HWY417 IC115 RAMP26,372490.57110,5031523.65388,-75.63505852440,45.42037281470,2014-08-20,1:50:00 PM,01 - Clear,01 - Daylight,01 - Dry,10 - No control,,03 - P.D. only,04 - Sideswipe,0
14-14416,HIGHWAY 417 btwn HWY417 IC155 RAMP25 & RAMP,342102.29672,5017596.40281,-76.02438813700,45.29733093770,2014-08-21,12:05:00 PM,01 - Clear,01 - Daylight,01 - Dry,10 - No control,,03 - P.D. only,07 - SMV other,0
14-14417,HIGHWAY 417 btwn HWY417 IC124 RAMP57 & HWY417 IC124 RAMP55,364161.28852,5027154.21255,-75.74200492360,45.38181377070,2014-08-20,10:10:00 PM,02 - Rain,07 - Dark,02 - Wet,10 - No control,,03 - P.D. only,99 - Other,0
14-14418,HWY417 IC129 RAMP61 btwn HWY417 IC129 RAMP63 & HIGHWAY 417,360601.91461,5023713.87291,-75.78784012720,45.35115033400,2014-08-21,1:20:00 PM,02 - Rain,01 - Daylight,02 - Wet,10 - No control,,02 - Non-fatal injury,07 - SMV other,0
14-14419,HIGHWAY 7 btwn HAZELDEAN IC RAMP 53 & HIGHWAY 7,345839.80585,5011455.09929,-75.97724357440,45.24186050870,2014-08-22,10:06:00 PM,01 - Clear,07 - Dark,01 - Dry,10 - No control,,03 - P.D. only,07 - SMV other,0
14-14420,HIGHWAY 417 btwn HWY417 IC163 RAMP15 & HWY417 IC155 RAMP51,333374.63942,5020912.66742,-76.13547368010,45.32758167820,2014-08-22,11:30:00 AM,01 - Clear,01 - Daylight,01 - Dry,10 - No control,,03 - P.D. only,07 - SMV other,0
14-14421,HIGHWAY 417 btwn HWY417 IC124 RAMP76 & HWY417 IC124 RAMP67,364202.04681,5027248.05141,-75.74147322800,45.38265466150,2014-08-22,3:13:00 PM,01 - Clear,01 - Daylight,01 - Dry,10 - No control,,02 - Non-fatal injury,03 - Rear end,0
14-14422,HIGHWAY 417 btwn HWY417 IC117 RAMP51 & HWY417 IC117 RAMP35,370762.38451,5031181.36835,-75.65718445960,45.41745814580,2014-08-22,3:25:00 PM,01 - Clear,01 - Daylight,01 - Dry,10 - No control,,03 - P.D. only,04 - Sideswipe,0
14-14423,HIGHWAY 417 btwn HWY417 IC121B RAMP51 & HWY417 IC121A RAMP51,367027.93763,5029651.28942,-75.70508868630,45.40403304080,2014-08-18,4:30:00 PM,01 - Clear,01 - Daylight,01 - Dry,10 - No control,,03 - P.D. only,03 - Rear end,0
14-14424,HIGHWAY 7 btwn HAZELDEAN IC RAMP 53 & HIGHWAY 7,342208.76677,5008298.38998,-76.02373058360,45.21365701480,2014-08-23,6:10:00 AM,01 - Clear,03 - Dawn,01 - Dry,10 - No control,,03 - P.D. only,07 - SMV other,0
14-14425,BOUNDARY RD @ HWY 417 BOUNDARY IC96R51,387509.29713,5023592.52973,-75.44450981200,45.34740152010,2014-08-22,4:15:00 PM,01 - Clear,01 - Daylight,01 - Dry,02 - Stop sign,01 - Functioning,03 - P.D. only,03 - Rear end,0
14-14426,HIGHWAY 417 btwn HWY417 IC127 RAMP25 & HWY417 IC126 RAMP51,362688.10899,5025266.47532,-75.76103588020,45.36495140910,2014-08-22,5:00:00 PM,01 - Clear,01 - Daylight,01 - Dry,10 - No control,,03 - P.D. only,03 - Rear end,0
14-14427,HWY417 IC126 RAMP16 btwn HIGHWAY 417 & HWY417 IC126 RAMP26,363071.98431,5025753.74237,-75.75607850700,45.36930397540,2014-08-25,6:30:00 PM,01 - Clear,01 - Daylight,01 - Dry,10 - No control,,03 - P.D. only,99 - Other,0
14-14428,HIGHWAY 417 btwn HWY417 IC112 RAMP66 & HWY417 IC113 RAMP65,374190.39641,5031341.13430,-75.61336666260,45.41856406840,2014-08-18,11:55:00 AM,01 - Clear,01 - Daylight,01 - Dry,10 - No control,,03 - P.D. only,04 - Sideswipe,0
14-14429,HIGHWAY 417 btwn HWY417 IC155 RAMP61 & HWY417 IC145 RAMP56,345200.52126,5014889.07740,-75.98510712030,45.27279798700,2014-08-24,10:35:00 AM,01 - Clear,01 - Daylight,01 - Dry,10 - No control,,02 - Non-fatal injury,04 - Sideswipe,0
14-14430,HIGHWAY 417 btwn HWY417 IC129 RAMP25 & HWY417 IC129 RAMP35,360459.85299,5023530.46059,-75.78967366200,45.34951128350,2014-08-25,8:09:00 AM,01 - Clear,01 - Daylight,01 - Dry,10 - No control,,03 - P.D. only,03 - Rear end,0
14-14431,HIGHWAY 416 btwn HWY416 IC75A RAMP26 & HWY416 IC72 RAMP62,359352.90970,5019843.30207,-75.80420571680,45.31642108240,2014-08-25,12:15:00 PM,01 - Clear,01 - Daylight,01 - Dry,10 - No control,,01 - Fatal injury,04 - Sideswipe,0
14-14432,HIGHWAY 417 btwn HWY417 IC122 RAMP61 & HWY417 IC121B RAMP16,365998.06982,5029314.18023,-75.71828500240,45.40109061020,2014-08-21,3:30:00 PM,01 - Clear,01 - Daylight,01 - Dry,10 - No control,,03 - P.D. only,04 - Sideswipe,0
14-14433,HIGHWAY 417 btwn HWY417 IC118 RAMP57 & HWY417 IC118 RAMP35,369452.98184,5031031.60248,-75.67393286130,45.41623282600,2014-08-25,3:40:00 PM,01 - Clear,01 - Daylight,01 - Dry,10 - No control,,03 - P.D. only,03 - Rear end,0
14-14434,HIGHWAY 417 btwn HWY417 IC163 RAMP51 & HWY417 IC163 RAMP15,331184.72437,5021486.83824,-76.16337928990,45.33283412430,2014-07-19,2:15:00 AM,01 - Clear,07 - Dark,01 - Dry,10 - No control,,03 - P.D. only,07 - SMV other,0
14-14435,HIGHWAY 417 btwn HWY417 IC115 RAMP25 & REGIONAL ROAD 174,372837.95581,5031548.07731,-75.63061682700,45.42055886770,2014-08-17,7:45:00 AM,01 - Clear,01 - Daylight,01 - Dry,10 - No control,,03 - P.D. only,03 - Rear end,0
14-14436,HIGHWAY 417 btwn HWY417 IC163 RAMP15 & HWY417 IC155 RAMP51,331583.98714,5021384.18772,-76.15829107500,45.33189529380,2014-08-04,1:45:00 PM,01 - Clear,01 - Daylight,01 - Dry,10 - No control,,03 - P.D. only,07 - SMV other,0
14-14437,HIGHWAY 417 btwn HIGHWAY 417 & Continuation of HIGHWAY 417,353026.57869,5020254.26983,-75.88484981980,45.32058208800,2014-08-27,6:54:00 AM,01 - Clear,01 - Daylight,01 - Dry,10 - No control,,02 - Non-fatal injury,03 - Rear end,0
14-14438,HIGHWAY 416 btwn HWY416 IC75A RAMP26 & HWY416 IC72 RAMP62,358908.83387,5021595.90870,-75.80967774850,45.33222550240,2014-08-27,7:45:00 AM,01 - Clear,01 - Daylight,01 - Dry,10 - No control,,03 - P.D. only,04 - Sideswipe,0
14-14439,HIGHWAY 417 btwn HWY417 IC138 RAMP61 & HWY417 IC134 RAMP36,355549.59216,5021779.79496,-75.85251336650,45.33413111240,2014-08-28,9:45:00 AM,01 - Clear,01 - Daylight,01 - Dry,10 - No control,,03 - P.D. only,04 - Sideswipe,0
14-14440,HIGHWAY 417 btwn REGIONAL ROAD 174 & HWY417 IC113 RAMP85,373348.85628,5031734.80717,-75.62406336740,45.42218909900,2014-08-28,2:25:00 PM,01 - Clear,01 - Daylight,01 - Dry,10 - No control,,03 - P.D. only,04 - Sideswipe,0
14-14441,HIGHWAY 417 btwn HWY417 IC115 RAMP26 & HIGHWAY 417,372535.58614,5031528.17210,-75.63448277330,45.42040911050,2014-08-27,7:00:00 AM,01 - Clear,01 - Daylight,01 - Dry,10 - No control,,02 - Non-fatal injury,03 - Rear end,0
14-14442,HIGHWAY 417 btwn HWY417 IC121B RAMP16 & HWY417 IC121A RAMP16,366764.05191,5029588.64047,-75.70846715970,45.40349275180,2014-08-28,2:20:00 PM,01 - Clear,01 - Daylight,01 - Dry,10 - No control,,03 - P.D. only,04 - Sideswipe,0
14-14443,HIGHWAY 417 btwn HWY417 IC121A RAMP51 & HWY417 IC120A RAMP52,367704.33627,5029943.14284,-75.69641185970,45.40659859380,2014-08-28,4:24:00 PM,01 - Clear,01 - Daylight,01 - Dry,10 - No control,,03 - P.D. only,03 - Rear end,0
14-14444,HIGHWAY 417 btwn HWY417 IC124 RAMP76 & HWY417 IC124 RAMP67,364176.45439,5027207.29312,-75.74180490030,45.38229009480,2014-08-24,10:17:00 PM,01 - Clear,07 - Dark,01 - Dry,10 - No control,,02 - Non-fatal injury,06 - SMV unattended vehicle,0
14-14445,HIGHWAY 417 btwn HWY417 IC142 RAMP16 & HWY417 IC142 RAMP61,348965.29393,5017291.29291,-75.93691461610,45.29418756950,2014-08-13,8:38:00 PM,02 - Rain,07 - Dark,02 - Wet,10 - No control,,03 - P.D. only,03 - Rear end,0
14-14446,HWY417 IC126 RAMP16 btwn HIGHWAY 417 & HWY417 IC126 RAMP26,363076.93099,5025764.28739,-75.75601411700,45.36939844680,2014-08-27,3:40:00 PM,01 - Clear,01 - Daylight,01 - Dry,10 - No control,,03 - P.D. only,03 - Rear end,0
14-14447,HIGHWAY 417 btwn HWY417 IC138 RAMP61 & HWY417 IC134 RAMP36,355565.42085,5021791.75801,-75.85231020260,45.33423761190,2014-08-29,11:00:00 AM,01 - Clear,01 - Daylight,01 - Dry,10 - No control,,03 - P.D. only,04 - Sideswipe,0
14-14448,HIGHWAY 417 btwn HWY417 IC124 RAMP76 & HWY417 IC124 RAMP67,364583.08946,5027740.94240,-75.73654828880,45.38705718990,2014-08-29,3:35:00 PM,01 - Clear,01 - Daylight,01 - Dry,10 - No control,,03 - P.D. only,03 - Rear end,0
14-14449,HIGHWAY 417 btwn HWY417 IC126 RAMP61 & HWY417 IC124 RAMP76,363487.15019,5026290.23526,-75.75071505890,45.37409662560,2014-08-21,3:30:00 PM,01 - Clear,01 - Daylight,01 - Dry,10 - No control,,03 - P.D. only,03 - Rear end,0
14-14450,HIGHWAY 417 btwn HWY417 IC110 RAMP64 & HWY417 IC104 RAMP16,377792.91815,5026516.65003,-75.56805540700,45.37478966640,2014-08-30,5:50:00 AM,01 - Clear,03 - Dawn,01 - Dry,10 - No control,,03 - P.D. only,07 - SMV other,0
14-14451,HIGHWAY 417 btwn HWY417 IC117 RAMP51 & HWY417 IC117 RAMP35,371041.16430,5031303.10165,-75.65360645570,45.41852711380,2014-08-29,3:10:00 PM,01 - Clear,01 - Daylight,01 - Dry,10 - No control,,02 - Non-fatal injury,03 - Rear end,0
14-14452,HIGHWAY 417 btwn HWY417 IC122 RAMP15 & HWY417 IC121B RAMP51,365743.80720,5029146.97650,-75.72155319050,45.39960833180,2014-08-29,10:50:00 PM,01 - Clear,07 - Dark,01 - Dry,10 - No control,,02 - Non-fatal injury,04 - Sideswipe,0
14-14453,HIGHWAY 417 btwn HWY417 IC122 RAMP51 & HWY417 IC122 RAMP15,365390.25270,5028914.74901,-75.72609732020,45.39754948850,2014-08-31,5:00:00 AM,01 - Clear,07 - Dark,01 - Dry,10 - No control,,03 - P.D. only,04 - Sideswipe,0
14-14454,HIGHWAY 417 btwn HWY 417 ANDERSON IC104R61 & HWY 417 BOUNDARY IC96R16,384058.01484,5025312.37048,-75.48827039160,45.36327386130,2014-08-31,7:15:00 AM,01 - Clear,01 - Daylight,02 - Wet,10 - No control,,03 - P.D. only,07 - SMV other,0
14-14455,HIGHWAY 417 btwn HWY417 IC120B RAMP36 & HWY417 IC119B RAMP76,368119.17525,5030245.25650,-75.69107411660,45.40927951240,2014-08-21,7:30:00 AM,01 - Clear,01 - Daylight,01 - Dry,10 - No control,,03 - P.D. only,03 - Rear end,0
14-14456,HIGHWAY 417 btwn HWY417 IC124 RAMP65 & HWY417 IC122 RAMP51,365024.37593,5028492.00020,-75.73082174780,45.39377725080,2014-08-31,5:45:00 AM,01 - Clear,03 - Dawn,01 - Dry,10 - No control,,03 - P.D. only,07 - SMV other,0
14-14457,HIGHWAY 417 btwn HWY417 IC118 RAMP76 & HWY417 IC118 RAMP67,369722.17615,5031154.82522,-75.67047750890,45.41731661220,2014-09-01,10:30:00 AM,01 - Clear,01 - Daylight,01 - Dry,10 - No control,,03 - P.D. only,04 - Sideswipe,0
14-14458,HWY416 IC75B RAMP25 btwn HWY416 IC75C RAMP24 & HWY417 IC131 RAMP55,358563.83514,5022744.32698,-75.81395416020,45.34258554010,2014-09-01,4:45:00 PM,01 - Clear,01 - Daylight,01 - Dry,10 - No control,,02 - Non-fatal injury,07 - SMV other,0
14-14459,HWY417 IC118 RAMP35 btwn HWY417 IC118 RAMP45 & MANN AVE OVERPASS,369402.27094,5030980.41764,-75.67458743360,45.41577696690,2014-08-28,10:28:00 PM,01 - Clear,07 - Dark,01 - Dry,10 - No control,,03 - P.D. only,07 - SMV other,0
14-14460,HIGHWAY 417 btwn HWY417 IC138 RAMP61 & HWY417 IC134 RAMP36,353738.61005,5020719.31565,-75.87572214200,45.32471738020,2014-09-03,7:30:00 AM,01 - Clear,01 - Daylight,01 - Dry,10 - No control,,03 - P.D. only,04 - Sideswipe,0
14-14461,HIGHWAY 417 btwn HWY417 IC129 RAMP25 & HWY417 IC129 RAMP35,360611.51176,5023644.20466,-75.78772551780,45.35052269760,2014-09-04,7:20:00 AM,01 - Clear,01 - Daylight,01 - Dry,10 - No control,,03 - P.D. only,03 - Rear end,0
14-14462,HIGHWAY 417 btwn HWY417 IC112 RAMP66 & HWY417 IC112 RAMP56,374451.56153,5030870.82344,-75.61009651280,45.41430650510,2014-09-03,8:30:00 AM,01 - Clear,01 - Daylight,01 - Dry,10 - No control,,03 - P.D. only,03 - Rear end,0
14-14463,HIGHWAY 417 btwn HIGHWAY 417 & HWY417 IC115 RAMP25,372597.25301,5031519.13253,-75.63369613550,45.42032180320,2014-08-31,6:37:00 PM,01 - Clear,01 - Daylight,01 - Dry,10 - No control,,03 - P.D. only,07 - SMV other,0
14-14464,HIGHWAY 417 btwn HWY417 IC121A RAMP16 & HWY417 IC121A RAMP61,367170.11772,5029723.32733,-75.70326351580,45.40466856360,2014-09-03,5:07:00 PM,01 - Clear,01 - Daylight,01 - Dry,10 - No control,,03 - P.D. only,04 - Sideswipe,0
14-14465,HIGHWAY 417 btwn HWY417 IC134 RAMP35 & HWY417 IC134 RAMP25,356870.91314,5022473.29947,-75.83558349530,45.34027451920,2014-08-31,6:50:00 PM,01 - Clear,01 - Daylight,01 - Dry,10 - No control,,02 - Non-fatal injury,07 - SMV other,0
14-14466,HIGHWAY 417 btwn HWY417 IC117 RAMP36 & HWY417 IC117 RAMP26,370653.37977,5031177.57688,-75.65857759160,45.41743429930,2014-09-04,1:20:00 PM,01 - Clear,01 - Daylight,01 - Dry,10 - No control,,03 - P.D. only,04 - Sideswipe,0
14-14467,HIGHWAY 417 btwn HWY417 IC117 RAMP26 & HWY417 IC117 RAMP61,370836.31816,5031222.12664,-75.65623443370,45.41781789740,2014-09-04,2:00:00 PM,01 - Clear,01 - Daylight,01 - Dry,10 - No control,,03 - P.D. only,04 - Sideswipe,0
14-14468,HIGHWAY 416 btwn HWY416 IC66 RAMP24 & HWY416 IC57 RAMP62,364261.18634,5008881.51839,-75.74292079180,45.21738827180,2014-09-04,11:35:00 PM,01 - Clear,07 - Dark,01 - Dry,10 - No control,,03 - P.D. only,07 - SMV other,0
14-14469,HWY417 HUNT CLUB IC109 RAMP63 btwn HIGHWAY 417 WB & HUNT CLUB RD WB,376612.63600,5027717.85200,-75.58294811150,45.38571939900,2014-09-05,3:20:00 PM,02 - Rain,01 - Daylight,02 - Wet,10 - No control,,03 - P.D. only,07 - SMV other,0
14-14470,HIGHWAY 417 btwn HWY417 IC129 RAMP25 & HWY417 IC129 RAMP35,360844.68712,5023831.88239,-75.78472866210,45.35219282010,2014-09-05,8:15:00 AM,01 - Clear,01 - Daylight,01 - Dry,10 - No control,,03 - P.D. only,03 - Rear end,0
14-14471,RAMP btwn HIGHWAY 7 & Continuation of RAMP,346087.52724,5014218.43799,-75.97385872060,45.26671177160,2014-09-06,7:00:00 PM,01 - Clear,01 - Daylight,01 - Dry,10 - No control,,03 - P.D. only,07 - SMV other,0
14-14472,HWY417 IC127 RAMP53 btwn HWY417 IC127 RAMP51 & WOODROFFE AVE,362166.83217,5024661.62573,-75.76775984400,45.35955187840,2014-09-05,5:09:00 PM,01 - Clear,01 - Daylight,01 - Dry,10 - No control,,03 - P.D. only,04 - Sideswipe,0
14-14473,HIGHWAY 417 btwn HWY417 IC104 RAMP15 & HWY417 IC96 RAMP51,385526.53907,5024495.40876,-75.46966110790,45.35575592120,2014-09-06,4:24:00 AM,01 - Clear,07 - Dark,01 - Dry,10 - No control,,03 - P.D. only,07 - SMV other,0
14-14474,HIGHWAY 417 btwn HWY417 IC117 RAMP36 & HWY417 IC117 RAMP26,370751.95797,5031197.48209,-75.65731551010,45.41760411320,2014-09-07,2:50:00 PM,01 - Clear,01 - Daylight,01 - Dry,10 - No control,,03 - P.D. only,03 - Rear end,0
14-14475,HIGHWAY 417 btwn HWY417 IC138 RAMP61 & HWY417 IC134 RAMP36,355555.62492,5021789.73486,-75.85243538410,45.33422011650,2014-09-07,5:42:00 PM,01 - Clear,01 - Daylight,01 - Dry,10 - No control,,03 - P.D. only,04 - Sideswipe,0
14-14476,HIGHWAY 417 btwn HWY417 IC117 RAMP25 & HWY417 IC115 RAMP51,371448.36565,5031390.37977,-75.64839222860,45.41927373360,2014-09-07,4:15:00 PM,01 - Clear,01 - Daylight,01 - Dry,10 - No control,,03 - P.D. only,03 - Rear end,0
14-14477,HIGHWAY 417 btwn HWY417 IC117 RAMP51 & HWY417 IC117 RAMP35,370603.81589,5031156.25654,-75.65921365840,45.41724713010,2014-09-08,6:50:00 PM,01 - Clear,01 - Daylight,01 - Dry,10 - No control,,03 - P.D. only,04 - Sideswipe,0
14-14478,HIGHWAY 417 btwn HWY417 IC127 RAMP67 & HWY417 IC126 RAMP16,362940.54671,5025564.80082,-75.75777858170,45.36761481630,2014-09-08,8:45:00 PM,01 - Clear,07 - Dark,01 - Dry,10 - No control,,03 - P.D. only,04 - Sideswipe,0
14-14479,HIGHWAY 417 btwn HWY417 IC134 RAMP26 & HWY417 IC134 RAMP61,356862.68841,5022523.10200,-75.83568319330,45.34072325650,2014-09-08,5:10:00 PM,01 - Clear,01 - Daylight,01 - Dry,10 - No control,,03 - P.D. only,07 - SMV other,0
14-14480,HIGHWAY 417 btwn HWY417 IC126 RAMP61 & HWY417 IC124 RAMP76,364102.52074,5027115.34999,-75.74275994260,45.38146906870,2014-08-01,10:00:00 PM,01 - Clear,07 - Dark,01 - Dry,10 - No control,,03 - P.D. only,03 - Rear end,0
14-14481,HIGHWAY 417 btwn HWY417 IC117 RAMP61 & HWY417 IC115 RAMP36,372017.10273,5031470.35219,-75.64111502870,45.41993887980,2014-07-29,1:53:00 PM,01 - Clear,01 - Daylight,01 - Dry,10 - No control,,03 - P.D. only,04 - Sideswipe,0
14-14482,HIGHWAY 417 btwn HWY417 IC124 RAMP76 & HWY417 IC124 RAMP67,364176.45439,5027212.98032,-75.74180421630,45.38234126730,2014-09-08,3:30:00 PM,01 - Clear,01 - Daylight,01 - Dry,10 - No control,,03 - P.D. only,03 - Rear end,0
14-14483,HIGHWAY 416 btwn HWY416 IC66 RAMP24 & HWY416 IC57 RAMP62,363440.50479,5010722.18841,-75.75315222390,45.23401959520,2014-09-09,9:55:00 AM,01 - Clear,01 - Daylight,01 - Dry,10 - No control,,02 - Non-fatal injury,04 - Sideswipe,0
14-14484,HIGHWAY 417 btwn HWY417 IC139 RAMP15 & HWY417 IC138 RAMP51,352370.36360,5019769.55262,-75.89326619470,45.31626527030,2014-09-08,8:00:00 AM,01 - Clear,01 - Daylight,01 - Dry,10 - No control,,03 - P.D. only,03 - Rear end,0
14-14485,HIGHWAY 7 btwn ASHTON STATION RD & OVERPASS RD,339981.01045,5003795.08067,-76.05241011720,45.17324808410,2014-09-09,6:15:00 PM,01 - Clear,01 - Daylight,01 - Dry,10 - No control,,03 - P.D. only,07 - SMV other,0
14-14486,HIGHWAY 417 btwn HWY417 IC122 RAMP16 & HWY417 IC122 RAMP61,365306.84038,5028880.62579,-75.72716681070,45.39724966880,2014-08-28,4:20:00 PM,01 - Clear,01 - Daylight,01 - Dry,10 - No control,,03 - P.D. only,04 - Sideswipe,0
14-14487,HIGHWAY 417 btwn HWY417 IC124 RAMP57 & HWY417 IC124 RAMP55,364112.94728,5027091.65330,-75.74262966290,45.38125496700,2014-09-11,3:20:00 AM,02 - Rain,07 - Dark,02 - Wet,10 - No control,,03 - P.D. only,07 - SMV other,0
14-14488,HIGHWAY 417 btwn HWY417 IC118 RAMP67 & HWY417 IC117 RAMP36,369996.50773,5031130.18351,-75.66697595740,45.41706938750,2014-09-10,12:30:00 PM,01 - Clear,01 - Daylight,01 - Dry,10 - No control,,03 - P.D. only,04 - Sideswipe,0
14-14489,HIGHWAY 417 btwn HWY417 IC121B RAMP51 & HWY417 IC121A RAMP51,367033.40226,5029654.02925,-75.70501854010,45.40405720780,2014-09-11,11:40:00 AM,01 - Clear,01 - Daylight,01 - Dry,10 - No control,,03 - P.D. only,03 - Rear end,0
14-14490,HIGHWAY 417 btwn HWY417 IC118 RAMP35 & HWY417 IC117 RAMP51,369847.29464,5031136.81575,-75.66888139460,45.41714294990,2014-09-11,1:40:00 PM,01 - Clear,01 - Daylight,01 - Dry,10 - No control,,03 - P.D. only,03 - Rear end,0
14-14491,HIGHWAY 417 btwn HWY417 IC120A RAMP52 & HWY417 IC119B RAMP57,367918.38469,5030084.68304,-75.69365959330,45.40785285920,2014-09-11,5:17:00 PM,01 - Clear,01 - Daylight,01 - Dry,10 - No control,,03 - P.D. only,03 - Rear end,0
14-14492,HIGHWAY 417 btwn HWY417 IC118 RAMP35 & HWY417 IC117 RAMP51,369935.44630,5031124.49347,-75.66775681590,45.41702387800,2014-09-10,5:30:00 PM,01 - Clear,01 - Daylight,01 - Dry,10 - No control,,03 - P.D. only,03 - Rear end,0
14-14493,HIGHWAY 417 btwn HWY417 IC117 RAMP51 & HWY417 IC117 RAMP35,370780.94393,5031188.00058,-75.65694646000,45.41751606970,2014-09-11,6:10:00 PM,01 - Clear,01 - Daylight,01 - Dry,10 - No control,,03 - P.D. only,03 - Rear end,0
14-14494,HIGHWAY 417 btwn HWY417 IC126 RAMP25 & HWY417 IC124 RAMP57,363432.17389,5026187.86559,-75.75142905810,45.37318011890,2014-09-13,2:30:00 PM,02 - Rain,01 - Daylight,02 - Wet,10 - No control,,03 - P.D. only,03 - Rear end,0
14-14495,HIGHWAY 417 btwn RAMP & HWY417 IC88 RAMP51,387575.33845,5023806.68783,-75.44363132860,45.34932054050,2014-09-13,6:53:00 AM,02 - Rain,03 - Dawn,02 - Wet,10 - No control,,03 - P.D. only,07 - SMV other,0
14-14496,HIGHWAY 417 btwn HWY417 IC118 RAMP57 & HWY417 IC118 RAMP35,369494.68800,5031059.09063,-75.67339643090,45.41647629890,2014-09-11,11:00:00 AM,01 - Clear,01 - Daylight,01 - Dry,10 - No control,,03 - P.D. only,04 - Sideswipe,0
14-14497,HIGHWAY 416 btwn HWY416 IC75B RAMP25 & HWY416 IC75A RAMP26,358882.31855,5021660.91466,-75.81000890400,45.33281247340,2014-09-16,12:20:00 PM,01 - Clear,01 - Daylight,01 - Dry,10 - No control,,03 - P.D. only,07 - SMV other,0
14-14498,HIGHWAY 417 btwn HWY417 IC140 RAMP25 & HWY417 IC139 RAMP15,351831.50614,5019311.94326,-75.90018208590,45.31218389580,2014-09-16,5:15:00 PM,01 - Clear,01 - Daylight,01 - Dry,10 - No control,,03 - P.D. only,03 - Rear end,0
14-14499,HIGHWAY 417 btwn RAMP & HWY417 IC88 RAMP51,388511.95009,5023667.80165,-75.43170399220,45.34795980120,2014-09-17,7:45:00 AM,01 - Clear,01 - Daylight,01 - Dry,10 - No control,,01 - Fatal injury,03 - Rear end,0
14-14500,HIGHWAY 417 btwn HWY417 IC115 RAMP36 & HWY417 IC115 RAMP26,372452.17382,5031521.53702,-75.63554939470,45.42035748180,2014-09-17,7:55:00 AM,01 - Clear,01 - Daylight,01 - Dry,10 - No control,,03 - P.D. only,04 - Sideswipe,0
14-14501,HIGHWAY 417 btwn HWY417 IC118 RAMP35 & HWY417 IC117 RAMP51,369783.92737,5031136.70290,-75.66969097570,45.41714782220,2014-09-17,6:06:00 PM,01 - Clear,01 - Daylight,01 - Dry,10 - No control,,03 - P.D. only,04 - Sideswipe,0
14-14502,HIGHWAY 417 btwn HWY417 IC118 RAMP35 & HWY417 IC117 RAMP51,369781.89179,5031136.81575,-75.66971696720,45.41714902710,2014-09-18,8:45:00 AM,01 - Clear,01 - Daylight,01 - Dry,10 - No control,,03 - P.D. only,04 - Sideswipe,0
14-14503,HIGHWAY 417 btwn HWY417 IC118 RAMP57 & HWY417 IC118 RAMP35,369482.36573,5031055.29916,-75.67355435400,45.41644332450,2014-09-18,2:05:00 PM,01 - Clear,01 - Daylight,01 - Dry,10 - No control,,03 - P.D. only,04 - Sideswipe,0
14-14504,HIGHWAY 417 btwn HWY417 IC138 RAMP35 & HIGHWAY 417,352925.81384,5020196.09291,-75.88614069710,45.32006551550,2014-09-18,2:45:00 AM,02 - Rain,07 - Dark,02 - Wet,10 - No control,,03 - P.D. only,04 - Sideswipe,0
14-14505,HIGHWAY 417 btwn HWY417 IC126 RAMP61 & HWY417 IC124 RAMP76,363671.24112,5026532.41160,-75.74833602230,45.37626025130,2014-09-18,7:20:00 PM,01 - Clear,05 - Dusk,01 - Dry,10 - No control,,03 - P.D. only,07 - SMV other,0
14-14506,HWY417 IC118 RAMP64 btwn HWY417 IC118 RAMP22 & HWY417 IC118 RAMP67,369480.46999,5031205.06219,-75.67355891520,45.41779101160,2014-09-07,8:35:00 PM,01 - Clear,07 - Dark,01 - Dry,10 - No control,,02 - Non-fatal injury,03 - Rear end,0
14-14507,HIGHWAY 417 btwn HWY417 IC118 RAMP35 & HWY417 IC117 RAMP51,369850.00952,5031131.74875,-75.66884737850,45.41709710660,2014-09-19,6:50:00 AM,01 - Clear,03 - Dawn,01 - Dry,10 - No control,,03 - P.D. only,03 - Rear end,0
14-14508,HIGHWAY 417 btwn HWY417 IC117 RAMP36 & HWY417 IC117 RAMP26,370746.48134,5031197.46755,-75.65738548160,45.41760449890,2014-09-19,3:50:00 PM,01 - Clear,01 - Daylight,01 - Dry,10 - No control,,03 - P.D. only,03 - Rear end,0
14-14509,HIGHWAY 417 btwn HWY417 IC115 RAMP25 & REGIONAL ROAD 174,373156.43922,5031646.65551,-75.62653407070,45.42141478100,2014-09-20,6:30:00 PM,02 - Rain,01 - Daylight,02 - Wet,10 - No control,,03 - P.D. only,07 - SMV other,0
14-14510,HIGHWAY 417 btwn HWY417 IC126 RAMP61 & HWY417 IC124 RAMP76,364103.46861,5027115.34999,-75.74274783980,45.38146898840,2014-09-21,1:35:00 PM,02 - Rain,01 - Daylight,02 - Wet,10 - No control,,03 - P.D. only,03 - Rear end,0