Record,Location,X,Y,Longitude,Latitude,Date,Time,Environment,Light,Road_Surface,Traffic_Control,Collision_Location,Collision_Classification,Impact_type,Pedestrian
14-14511,HIGHWAY 417 btwn HWY417 IC121A RAMP16 & HWY417 IC121A RAMP61,367259.21725,5029755.55482,-75.70212135670,45.40495059280,2014-09-21,1:25:00 PM,02 - Rain,01 - Daylight,02 - Wet,10 - No control,,03 - P.D. only,03 - Rear end,0
14-14512,HIGHWAY 417 btwn HWY417 IC124 RAMP57 & HWY417 IC124 RAMP55,364390.52643,5027458.44661,-75.73904127690,45.38453175280,2014-09-22,7:43:00 AM,01 - Clear,01 - Daylight,01 - Dry,10 - No control,,02 - Non-fatal injury,03 - Rear end,0
14-14513,HIGHWAY 417 btwn HWY417 IC118 RAMP35 & HWY417 IC117 RAMP51,370301.28805,5031113.39654,-75.66308438790,45.41688987930,2014-09-22,6:20:00 PM,01 - Clear,01 - Daylight,01 - Dry,10 - No control,,03 - P.D. only,03 - Rear end,0
14-14514,HIGHWAY 417 btwn HWY417 IC138 RAMP61 & HWY417 IC134 RAMP36,354235.42594,5021012.63344,-75.86935568540,45.32732188720,2014-09-23,3:40:00 AM,01 - Clear,07 - Dark,01 - Dry,10 - No control,,03 - P.D. only,99 - Other,0
14-14515,HIGHWAY 417 btwn HWY417 IC123 RAMP62 & HWY417 IC122 RAMP16,365054.33207,5028581.61731,-75.73042824070,45.39458102960,2014-09-23,3:36:00 PM,01 - Clear,01 - Daylight,01 - Dry,10 - No control,,03 - P.D. only,03 - Rear end,0
14-14516,HIGHWAY 417 btwn HWY417 IC127 RAMP25 & HWY417 IC126 RAMP51,362834.06962,5025379.96670,-75.75915946320,45.36596052350,2014-09-25,3:20:00 AM,01 - Clear,07 - Dark,01 - Dry,10 - No control,,03 - P.D. only,07 - SMV other,0
14-14517,HIGHWAY 417 btwn HWY417 IC130 RAMP25 & HIGHWAY 417,359610.52188,5023112.13273,-75.80055829680,45.34581405890,2014-09-16,4:20:00 PM,01 - Clear,01 - Daylight,01 - Dry,10 - No control,,02 - Non-fatal injury,03 - Rear end,0
14-14518,HIGHWAY 417 btwn HWY417 IC117 RAMP51 & HWY417 IC117 RAMP35,370793.65245,5031188.17274,-75.65678407390,45.41751641970,2014-09-24,9:25:00 AM,01 - Clear,01 - Daylight,01 - Dry,10 - No control,,03 - P.D. only,04 - Sideswipe,0
14-14519,HIGHWAY 417 btwn HWY417 IC115 RAMP25 & REGIONAL ROAD 174,372984.87524,5031585.04413,-75.62873460560,45.42087717370,2014-09-25,5:15:00 PM,01 - Clear,01 - Daylight,01 - Dry,10 - No control,,03 - P.D. only,04 - Sideswipe,0
14-14520,HIGHWAY 417 btwn HWY417 IC140 RAMP61 & HWY417 IC139 RAMP61,351666.26128,5019216.52462,-75.90229845080,45.31133634290,2014-09-04,5:25:00 PM,01 - Clear,01 - Daylight,01 - Dry,10 - No control,,03 - P.D. only,03 - Rear end,0
14-14521,HIGHWAY 417 btwn HWY417 IC140 RAMP51 & HWY417 IC140 RAMP35,350506.49627,5018296.38244,-75.91717341140,45.30313309350,2014-09-26,2:25:00 PM,01 - Clear,01 - Daylight,01 - Dry,10 - No control,,03 - P.D. only,04 - Sideswipe,0
14-14522,HIGHWAY 417 btwn HWY417 IC117 RAMP25 & HWY417 IC115 RAMP51,371288.64982,5031373.42813,-75.65043507990,45.41913640590,2014-09-26,7:50:00 AM,01 - Clear,01 - Daylight,01 - Dry,10 - No control,,03 - P.D. only,03 - Rear end,0
14-14523,HIGHWAY 417 btwn HWY417 IC118 RAMP57 & HWY417 IC118 RAMP35,369483.31360,5031055.29916,-75.67354224390,45.41644323690,2014-09-26,5:15:00 PM,01 - Clear,01 - Daylight,01 - Dry,10 - No control,,03 - P.D. only,04 - Sideswipe,0
14-14524,HIGHWAY 417 btwn REGIONAL ROAD 174 & HWY417 IC113 RAMP85,373329.98682,5031722.86903,-75.62430611950,45.42208353370,2014-09-26,10:00:00 PM,01 - Clear,07 - Dark,01 - Dry,10 - No control,,03 - P.D. only,04 - Sideswipe,0
14-14525,HIGHWAY 417 btwn HWY417 IC138 RAMP61 & HWY417 IC134 RAMP36,355538.98978,5021782.28714,-75.85264837260,45.33415430330,2014-09-27,12:00:00 AM,01 - Clear,00 - Unknown,01 - Dry,10 - No control,,03 - P.D. only,03 - Rear end,0
14-14526,HIGHWAY 417 btwn HWY417 IC138 RAMP61 & HWY417 IC134 RAMP36,355966.38042,5022033.92836,-75.84716986170,45.33638756530,2014-09-27,9:25:00 AM,01 - Clear,01 - Daylight,01 - Dry,10 - No control,,02 - Non-fatal injury,03 - Rear end,0
14-14527,HIGHWAY 417 btwn HWY417 IC115 RAMP36 & HWY417 IC115 RAMP26,372461.65249,5031522.48489,-75.63542816080,45.42036509400,2014-09-18,12:25:00 PM,01 - Clear,01 - Daylight,01 - Dry,10 - No control,,03 - P.D. only,03 - Rear end,0
14-14528,HIGHWAY 417 btwn HWY417 IC119B RAMP57 & HWY417 IC119A RAMP75,368423.04305,5030422.61569,-75.68716959430,45.41084777470,2014-09-18,2:55:00 PM,01 - Clear,01 - Daylight,01 - Dry,10 - No control,,02 - Non-fatal injury,03 - Rear end,0
14-14529,HIGHWAY 417 btwn HWY417 IC122 RAMP16 & HWY417 IC122 RAMP61,365332.43280,5028892.94806,-75.72683844550,45.39735833000,2014-09-18,4:20:00 PM,01 - Clear,01 - Daylight,01 - Dry,10 - No control,,03 - P.D. only,03 - Rear end,0
14-14530,HIGHWAY 417 btwn HWY417 IC118 RAMP76 & HWY417 IC118 RAMP67,369716.48895,5031151.03375,-75.67055066710,45.41728302630,2014-09-26,10:39:00 AM,01 - Clear,01 - Daylight,01 - Dry,10 - No control,,02 - Non-fatal injury,99 - Other,0
14-14531,HWY416 IC75A RAMP43 btwn HWY416 IC75A RAMP63 & HIGHWAY 416,358706.20464,5021920.45619,-75.81222736350,45.33516139140,2014-09-27,4:15:00 AM,01 - Clear,07 - Dark,01 - Dry,10 - No control,,03 - P.D. only,07 - SMV other,0
14-14532,HIGHWAY 416 btwn HWY416 IC66 RAMP62 & HWY416 IC72 RAMP24,359288.26715,5016307.44522,-75.80541873370,45.28461015020,2014-09-27,8:55:00 PM,01 - Clear,07 - Dark,01 - Dry,10 - No control,,03 - P.D. only,07 - SMV other,0
14-14533,HIGHWAY 417 btwn HWY417 IC124 RAMP55 & HWY417 IC124 RAMP65,364470.79784,5027558.37458,-75.73800423860,45.38542405360,2014-09-27,8:40:00 PM,01 - Clear,07 - Dark,01 - Dry,10 - No control,,03 - P.D. only,07 - SMV other,0
14-14534,HIGHWAY 416 btwn HWY416 IC66 RAMP24 & HWY416 IC57 RAMP62,360480.76224,5014106.17293,-75.79046561800,45.26470942960,2014-09-28,2:50:00 PM,01 - Clear,01 - Daylight,01 - Dry,10 - No control,,03 - P.D. only,07 - SMV other,0
14-14535,HIGHWAY 417 btwn HWY417 IC118 RAMP35 & HWY417 IC117 RAMP51,369784.73540,5031135.86788,-75.66968076300,45.41714023410,2014-09-17,2:00:00 PM,01 - Clear,01 - Daylight,01 - Dry,10 - No control,,03 - P.D. only,04 - Sideswipe,0
14-14536,HIGHWAY 417 btwn HWY417 IC122 RAMP61 & HWY417 IC121B RAMP16,366556.46897,5029526.08123,-75.71112641850,45.40294820380,2014-09-27,11:00:00 AM,01 - Clear,01 - Daylight,01 - Dry,10 - No control,,03 - P.D. only,04 - Sideswipe,0
14-14537,HWY417 IC130 RAMP35 btwn HIGHWAY 417 & RICHMOND RD,359112.89155,5022913.08060,-75.80692998660,45.34406169350,2014-09-28,3:28:00 AM,01 - Clear,07 - Dark,01 - Dry,10 - No control,,03 - P.D. only,07 - SMV other,0
14-14538,HIGHWAY 417 btwn HWY417 IC140 RAMP25 & HWY417 IC139 RAMP15,351735.45559,5019224.10756,-75.90141532210,45.31139995540,2014-09-30,6:15:00 AM,01 - Clear,03 - Dawn,01 - Dry,10 - No control,,03 - P.D. only,03 - Rear end,0
14-14539,HIGHWAY 417 btwn HWY417 IC110 RAMP64 & HWY417 IC104 RAMP16,377282.79686,5026903.22717,-75.57451083510,45.37832082970,2014-09-30,6:00:00 AM,01 - Clear,07 - Dark,01 - Dry,10 - No control,,02 - Non-fatal injury,07 - SMV other,0
14-14540,HIGHWAY 417 btwn HWY417 IC118 RAMP57 & HWY417 IC118 RAMP35,369155.35151,5030835.39394,-75.67776089260,45.41449484910,2014-09-30,11:35:00 AM,01 - Clear,01 - Daylight,01 - Dry,10 - No control,,03 - P.D. only,04 - Sideswipe,0
14-14541,HWY417 IC119A RAMP62 btwn CATHERINE ST & HWY417 IC119A RAMP66,368406.23831,5030488.10740,-75.68737581510,45.41143857490,2014-09-30,1:30:00 PM,01 - Clear,01 - Daylight,01 - Dry,10 - No control,,03 - P.D. only,99 - Other,0
14-14542,HIGHWAY 417 btwn HWY417 IC118 RAMP57 & HWY417 IC118 RAMP35,369429.28516,5031020.22807,-75.67423709140,45.41613267250,2014-09-30,10:30:00 PM,01 - Clear,07 - Dark,01 - Dry,10 - No control,,03 - P.D. only,03 - Rear end,0
14-14543,HIGHWAY 417 btwn HWY417 IC124 RAMP57 & HWY417 IC124 RAMP55,364160.84524,5027149.84378,-75.74201110900,45.38177449850,2014-09-24,8:48:00 PM,01 - Clear,07 - Dark,01 - Dry,10 - No control,,03 - P.D. only,03 - Rear end,0
14-14544,HIGHWAY 417 btwn HWY417 IC129 RAMP25 & HWY417 IC129 RAMP35,360458.90513,5023529.51272,-75.78968586480,45.34950282950,2014-10-01,6:48:00 AM,01 - Clear,03 - Dawn,01 - Dry,10 - No control,,03 - P.D. only,03 - Rear end,0
14-14545,HWY416 IC75C RAMP24 btwn HWY417 IC131 RAMP51 & HOLLY ACRES RD,358700.08150,5022736.10045,-75.81221662930,45.34250106240,2014-09-28,3:55:00 PM,01 - Clear,01 - Daylight,01 - Dry,10 - No control,,02 - Non-fatal injury,07 - SMV other,0
14-14546,HIGHWAY 417 btwn HWY417 IC117 RAMP51 & HWY417 IC117 RAMP35,370553.84202,5031151.20591,-75.65985278810,45.41720638500,2014-10-01,6:30:00 PM,01 - Clear,05 - Dusk,01 - Dry,10 - No control,,03 - P.D. only,03 - Rear end,0
14-14547,HIGHWAY 416 btwn HWY416 IC66 RAMP24 & HWY416 IC57 RAMP62,360570.36496,5013936.44617,-75.78934296210,45.26317511050,2014-10-02,12:42:00 AM,01 - Clear,07 - Dark,01 - Dry,10 - No control,,03 - P.D. only,07 - SMV other,0
14-14548,HIGHWAY 417 btwn HWY417 IC134 RAMP51 & HWY417 IC134 RAMP35,356224.77372,5022126.89346,-75.84386358590,45.33720518430,2014-10-02,8:55:00 PM,01 - Clear,07 - Dark,01 - Dry,10 - No control,,03 - P.D. only,04 - Sideswipe,0
14-14549,HIGHWAY 417 btwn HWY417 IC115 RAMP36 & HWY417 IC115 RAMP26,372280.60983,5031500.68394,-75.63774422300,45.42018642430,2014-10-01,10:50:00 PM,01 - Clear,07 - Dark,01 - Dry,10 - No control,,03 - P.D. only,03 - Rear end,0
14-14550,HIGHWAY 417 btwn HWY417 IC127 RAMP25 & HWY417 IC126 RAMP51,362763.20115,5025318.50270,-75.76007127630,45.36541334080,2014-10-02,8:05:00 PM,01 - Clear,07 - Dark,01 - Dry,10 - No control,,03 - P.D. only,04 - Sideswipe,0
14-14551,HIGHWAY 417 btwn HWY417 IC129 RAMP25 & TRANSIT,361571.41600,5024392.12040,-75.77539017880,45.35717535400,2014-10-03,3:20:00 PM,01 - Clear,01 - Daylight,01 - Dry,10 - No control,,03 - P.D. only,03 - Rear end,0
14-14552,HIGHWAY 416 btwn HWY416 IC75A RAMP43 & HWY416 IC72 RAMP34,358739.19059,5021872.28907,-75.81181178560,45.33472544660,2014-10-03,1:40:00 PM,01 - Clear,01 - Daylight,01 - Dry,10 - No control,,03 - P.D. only,04 - Sideswipe,0
14-14553,HIGHWAY 417 btwn HWY417 IC144 RAMP35 & HWY417 IC144 RAMP25,347522.33119,5015922.61864,-75.95542868190,45.28196095530,2014-10-05,9:30:00 AM,01 - Clear,01 - Daylight,01 - Dry,10 - No control,,03 - P.D. only,04 - Sideswipe,0
14-14554,BRONSON AVE @ HWY 417 BRONSON IC121AR51,367288.23847,5029709.61033,-75.70175648710,45.40453460730,2014-09-29,6:45:00 PM,01 - Clear,01 - Daylight,01 - Dry,01 - Traffic signal,01 - Functioning,03 - P.D. only,03 - Rear end,0
14-14555,HIGHWAY 417 btwn HWY417 IC118 RAMP76 & HWY417 IC118 RAMP67,369418.44350,5031034.47181,-75.67437373270,45.41626183340,2014-10-03,7:20:00 AM,01 - Clear,01 - Daylight,01 - Dry,10 - No control,,03 - P.D. only,99 - Other,0
14-14556,HIGHWAY 416 btwn HWY416 IC57 RAMP24 & HWY416 IC49 RAMP42,365973.93744,5005892.22396,-75.72148245160,45.19034375720,2014-09-23,9:30:00 AM,01 - Clear,01 - Daylight,01 - Dry,10 - No control,,02 - Non-fatal injury,07 - SMV other,0
14-14557,HIGHWAY 417 btwn HWY417 IC126 RAMP25 & HWY417 IC124 RAMP57,363888.30274,5026791.17937,-75.74553387150,45.37857033340,2014-10-02,3:15:00 PM,01 - Clear,01 - Daylight,01 - Dry,10 - No control,,03 - P.D. only,03 - Rear end,0
14-14558,HIGHWAY 417 btwn HWY417 IC163 RAMP61 & HWY417 IC155 RAMP36,334290.41752,5020726.69415,-76.12380243670,45.32587031370,2014-10-05,12:40:00 PM,01 - Clear,01 - Daylight,01 - Dry,10 - No control,,02 - Non-fatal injury,07 - SMV other,0
14-14559,HIGHWAY 417 btwn HWY417 IC138 RAMP61 & HWY417 IC134 RAMP36,355425.72159,5021709.83185,-75.85410082000,45.33351052350,2014-10-05,1:25:00 PM,01 - Clear,01 - Daylight,01 - Dry,10 - No control,,03 - P.D. only,03 - Rear end,0
14-14560,HIGHWAY 417 btwn HWY417 IC126 RAMP61 & HWY417 IC124 RAMP76,363198.05066,5025915.82768,-75.75445007270,45.37075190600,2014-09-23,3:00:00 PM,01 - Clear,01 - Daylight,01 - Dry,10 - No control,,03 - P.D. only,03 - Rear end,0
14-14561,HIGHWAY 417 btwn HWY417 IC117 RAMP25 & HWY417 IC115 RAMP51,371540.10664,5031398.19111,-75.64721907030,45.41933527100,2014-09-30,8:15:00 AM,01 - Clear,01 - Daylight,01 - Dry,10 - No control,,02 - Non-fatal injury,03 - Rear end,0
14-14562,HIGHWAY 417 btwn HWY417 IC155 RAMP61 & HWY417 IC145 RAMP56,341591.84872,5018156.11260,-76.03085469790,45.30239437370,2014-10-06,2:20:00 AM,01 - Clear,07 - Dark,01 - Dry,10 - No control,,02 - Non-fatal injury,07 - SMV other,0
14-14563,HIGHWAY 417 btwn HWY417 IC117 RAMP61 & HWY417 IC115 RAMP36,371979.60931,5031473.19579,-75.64159366910,45.41996806650,2014-10-06,1:32:00 PM,02 - Rain,01 - Daylight,02 - Wet,10 - No control,,03 - P.D. only,03 - Rear end,0
14-14564,HIGHWAY 417 btwn HWY417 IC117 RAMP51 & HWY417 IC117 RAMP35,370910.24013,5031234.61823,-75.65528833900,45.41792331090,2014-09-18,12:45:00 PM,01 - Clear,01 - Daylight,01 - Dry,10 - No control,,03 - P.D. only,04 - Sideswipe,0
14-14565,HIGHWAY 417 btwn HWY417 IC142 RAMP35 & HWY417 IC142 RAMP25,348972.87687,5017242.00381,-75.93682233140,45.29374357350,2014-09-26,2:30:00 PM,01 - Clear,01 - Daylight,01 - Dry,10 - No control,,03 - P.D. only,03 - Rear end,0
14-14566,HIGHWAY 417 btwn HWY417 IC142 RAMP16 & HWY417 IC142 RAMP61,348961.50246,5017291.29291,-75.93696295230,45.29418780780,2014-09-28,8:20:00 AM,01 - Clear,01 - Daylight,01 - Dry,10 - No control,,03 - P.D. only,03 - Rear end,0
14-14567,HIGHWAY 417 btwn HWY417 IC138 RAMP35 & HIGHWAY 417,352947.54255,5020208.00477,-75.88586239770,45.32017121130,2014-10-05,6:01:00 PM,01 - Clear,01 - Daylight,01 - Dry,10 - No control,,03 - P.D. only,99 - Other,0
14-14568,HIGHWAY 417 btwn HWY417 IC117 RAMP36 & HWY417 IC117 RAMP26,370743.41548,5031195.75567,-75.65742487890,45.41758938490,2014-10-07,4:30:00 AM,01 - Clear,07 - Dark,01 - Dry,10 - No control,,03 - P.D. only,04 - Sideswipe,0
14-14569,HIGHWAY 417 btwn HWY417 IC117 RAMP26 & HWY417 IC117 RAMP61,370862.84676,5031233.67037,-75.65589395930,45.41791925940,2014-10-07,6:55:00 AM,02 - Rain,07 - Dark,02 - Wet,10 - No control,,03 - P.D. only,03 - Rear end,0
14-14570,HIGHWAY 417 btwn HWY417 IC117 RAMP61 & HWY417 IC115 RAMP36,371375.01106,5031403.65457,-75.64932762850,45.41940015850,2014-10-08,6:17:00 AM,02 - Rain,07 - Dark,02 - Wet,10 - No control,,03 - P.D. only,03 - Rear end,0
14-14571,HIGHWAY 417 btwn HWY417 IC138 RAMP26 & HWY417 IC138 RAMP61,353020.60057,5020304.14978,-75.88492121200,45.32103132890,2014-09-16,3:30:00 PM,01 - Clear,01 - Daylight,01 - Dry,10 - No control,,03 - P.D. only,04 - Sideswipe,0
14-14572,HIGHWAY 417 btwn HWY417 IC118 RAMP35 & HWY417 IC117 RAMP51,370311.67906,5031116.20587,-75.66295126200,45.41691418430,2014-10-08,9:25:00 AM,01 - Clear,01 - Daylight,01 - Dry,10 - No control,,03 - P.D. only,03 - Rear end,0
14-14573,HIGHWAY 417 btwn HWY417 IC124 RAMP76 & HWY417 IC124 RAMP67,364159.39278,5027187.38790,-75.74202513900,45.38211243710,2014-10-09,3:00:00 PM,01 - Clear,01 - Daylight,01 - Dry,10 - No control,,03 - P.D. only,03 - Rear end,0
14-14574,HIGHWAY 417 btwn HIGHWAY 417 & HWY417 IC115 RAMP61,372788.66671,5031564.19105,-75.63124434240,45.42070864370,2014-10-09,11:45:00 AM,01 - Clear,01 - Daylight,02 - Wet,10 - No control,,03 - P.D. only,04 - Sideswipe,0
14-14575,HIGHWAY 417 btwn HWY417 IC140 RAMP51 & HWY417 IC140 RAMP35,350382.69329,5018231.12100,-75.91875800500,45.30255389750,2014-10-10,8:15:00 AM,01 - Clear,01 - Daylight,01 - Dry,10 - No control,,03 - P.D. only,99 - Other,0
14-14576,HIGHWAY 417 btwn HWY417 IC121A RAMP16 & HWY417 IC121A RAMP61,367036.36194,5029675.96566,-75.70497796860,45.40425432230,2014-10-07,4:05:00 PM,01 - Clear,01 - Daylight,01 - Dry,10 - No control,,03 - P.D. only,03 - Rear end,0
14-14577,HIGHWAY 417 btwn HWY417 IC117 RAMP26 & HWY417 IC117 RAMP61,371174.69510,5031375.85046,-75.65189065980,45.41916902170,2014-10-09,8:55:00 AM,01 - Clear,01 - Daylight,01 - Dry,10 - No control,,03 - P.D. only,03 - Rear end,0
14-14578,HWY417 IC139 RAMP15 btwn KANATA AVE & HIGHWAY 417,352049.19967,5019483.82320,-75.89738948610,45.31371589750,2014-10-09,10:55:00 AM,02 - Rain,01 - Daylight,02 - Wet,10 - No control,,03 - P.D. only,03 - Rear end,0
14-14579,HIGHWAY 417 btwn HIGHWAY 417 & HWY417 IC129 RAMP51,359966.01413,5023184.59434,-75.79601409190,45.34643819910,2014-10-14,8:00:00 AM,01 - Clear,01 - Daylight,01 - Dry,10 - No control,,03 - P.D. only,04 - Sideswipe,0
14-14580,HIGHWAY 417 btwn HWY417 IC117 RAMP61 & HWY417 IC115 RAMP36,371553.57892,5031420.71152,-75.64704389420,45.41953661440,2014-10-15,2:21:00 PM,02 - Rain,01 - Daylight,02 - Wet,10 - No control,,03 - P.D. only,03 - Rear end,0
14-14581,HWY417 IC130 RAMP35 btwn HIGHWAY 417 & RICHMOND RD,359169.17117,5023008.57823,-75.80620137630,45.34491662300,2014-10-15,8:35:00 PM,02 - Rain,07 - Dark,02 - Wet,10 - No control,,03 - P.D. only,03 - Rear end,0
14-14582,HWY417 IC122 RAMP15 btwn HWY417 IC122 RAMP51 & HIGHWAY 417,365620.70294,5029060.95754,-75.72313608660,45.39884505810,2014-10-16,7:35:00 AM,02 - Rain,01 - Daylight,02 - Wet,10 - No control,,03 - P.D. only,03 - Rear end,0
14-14583,HIGHWAY 417 btwn HWY417 IC126 RAMP16 & HWY417 IC126 RAMP61,363167.71891,5025870.33005,-75.75484265250,45.37034505110,2014-10-16,4:00:00 PM,02 - Rain,01 - Daylight,02 - Wet,10 - No control,,02 - Non-fatal injury,03 - Rear end,0
14-14584,HWY417 IC124 RAMP67 btwn CARLING AVE & HIGHWAY 417,364516.73875,5027672.69596,-75.73740379440,45.38644878150,2014-10-16,6:25:00 PM,02 - Rain,07 - Dark,02 - Wet,10 - No control,,03 - P.D. only,03 - Rear end,0
14-14585,HIGHWAY 417 btwn HWY417 IC117 RAMP36 & HWY417 IC117 RAMP26,370761.42496,5031201.44288,-75.65719403080,45.41763885840,2014-10-17,12:55:00 PM,01 - Clear,01 - Daylight,01 - Dry,10 - No control,,03 - P.D. only,04 - Sideswipe,0
14-14586,HIGHWAY 417 btwn HWY417 IC96 RAMP61 & HIGHWAY 417,387413.25314,5023875.88214,-75.44568793100,45.34996220270,2014-10-03,8:25:00 PM,02 - Rain,07 - Dark,02 - Wet,10 - No control,,03 - P.D. only,07 - SMV other,0
14-14587,HIGHWAY 417 btwn HIGHWAY 417 & HWY417 IC140 RAMP51,350294.57310,5018182.52058,-75.91988606090,45.30212228980,2014-10-14,6:45:00 AM,01 - Clear,07 - Dark,01 - Dry,10 - No control,,03 - P.D. only,03 - Rear end,0
14-14588,HIGHWAY 417 btwn HWY417 IC118 RAMP67 & HWY417 IC117 RAMP36,369746.82070,5031156.72096,-75.67016240500,45.41733138280,2014-10-17,12:20:00 PM,01 - Clear,01 - Daylight,02 - Wet,10 - No control,,03 - P.D. only,04 - Sideswipe,0
14-14589,HIGHWAY 417 btwn HWY417 IC144 RAMP16 & HWY417 IC144 RAMP61,347790.51053,5016220.65381,-75.95198460140,45.28462643540,2014-10-18,3:10:00 PM,01 - Clear,01 - Daylight,01 - Dry,10 - No control,,03 - P.D. only,03 - Rear end,0
14-14590,HIGHWAY 417 btwn HIGHWAY 417 & HWY417 IC138 RAMP26,352943.82332,5020255.80855,-75.88590518900,45.32060161460,2014-10-18,6:30:00 PM,01 - Clear,07 - Dark,01 - Dry,10 - No control,,03 - P.D. only,03 - Rear end,0
14-14591,HIGHWAY 417 btwn HWY417 IC118 RAMP57 & HWY417 IC118 RAMP35,369489.94867,5031056.24703,-75.67345735180,45.41645115140,2014-10-18,7:30:00 PM,01 - Clear,07 - Dark,01 - Dry,10 - No control,,03 - P.D. only,03 - Rear end,0
14-14592,HIGHWAY 417 btwn HWY417 IC117 RAMP61 & HWY417 IC115 RAMP36,371349.80415,5031397.36641,-75.64965052710,45.41934597810,2014-10-19,10:45:00 PM,01 - Clear,07 - Dark,01 - Dry,10 - No control,,03 - P.D. only,03 - Rear end,0
14-14593,HIGHWAY 417 btwn HWY417 IC96 RAMP61 & HIGHWAY 417,387477.70812,5023871.14281,-75.44486628740,45.34991196720,2014-09-27,4:16:00 AM,01 - Clear,07 - Dark,01 - Dry,10 - No control,,03 - P.D. only,07 - SMV other,0
14-14594,HIGHWAY 417 btwn HWY417 IC127 RAMP63 & HWY417 IC127 RAMP67,362121.44562,5024852.84314,-75.76831694160,45.36127614980,2014-10-07,8:00:00 AM,01 - Clear,01 - Daylight,01 - Dry,10 - No control,,03 - P.D. only,07 - SMV other,0
14-14595,HIGHWAY 417 btwn HWY417 IC144 RAMP25 & HWY417 IC142 RAMP51,348339.28024,5016662.43562,-75.94495079730,45.28856796480,2014-10-07,6:50:00 AM,02 - Rain,07 - Dark,02 - Wet,10 - No control,,03 - P.D. only,04 - Sideswipe,0
14-14596,HIGHWAY 417 btwn HWY417 IC129 RAMP25 & TRANSIT,361497.79830,5024336.61750,-75.77633609910,45.35668189900,2014-10-07,1:35:00 PM,02 - Rain,01 - Daylight,02 - Wet,10 - No control,,03 - P.D. only,03 - Rear end,0
14-14597,HIGHWAY 417 btwn HWY417 IC117 RAMP26 & HWY417 IC117 RAMP61,370822.41493,5031216.27779,-75.65641284460,45.41776658430,2014-10-16,8:45:00 AM,01 - Clear,01 - Daylight,01 - Dry,10 - No control,,03 - P.D. only,03 - Rear end,0
14-14598,HIGHWAY 416 btwn HWY416 IC72 RAMP63 & HWY416 IC72 RAMP53,359572.34098,5019401.59591,-75.80145602490,45.31242950080,2014-10-20,4:55:00 PM,02 - Rain,01 - Daylight,02 - Wet,10 - No control,,03 - P.D. only,07 - SMV other,0
14-14599,HIGHWAY 417 btwn HWY417 IC115 RAMP61 & REGIONAL ROAD 174,373240.79941,5031715.84982,-75.62544662060,45.42202910950,2014-10-16,6:40:00 AM,02 - Rain,07 - Dark,02 - Wet,10 - No control,,03 - P.D. only,04 - Sideswipe,0
14-14600,HIGHWAY 416 btwn HWY416 IC49 RAMP34 & HWY416 IC49 RAMP43,369171.55235,5001141.70373,-75.68140526910,45.14731376610,2014-10-16,8:05:00 AM,01 - Clear,01 - Daylight,01 - Dry,10 - No control,,03 - P.D. only,07 - SMV other,0
14-14601,HWY417 IC126 RAMP25 btwn MAITLAND AVE & HWY417 IC126 RAMP55,363253.60133,5025718.68702,-75.75376426320,45.36897342720,2014-10-20,3:00:00 AM,02 - Rain,07 - Dark,02 - Wet,10 - No control,,03 - P.D. only,03 - Rear end,0
14-14602,HIGHWAY 417 @ HWY 417 NICHOLAS IC118R67,369740.58723,5031159.80265,-75.67024163700,45.41735968930,2014-10-19,11:55:00 AM,01 - Clear,01 - Daylight,01 - Dry,10 - No control,,02 - Non-fatal injury,99 - Other,0
14-14603,HIGHWAY 417 btwn HWY417 IC129 RAMP26 & HWY417 IC129 RAMP61,360602.98096,5023670.74495,-75.78783138560,45.35076218540,2014-10-22,8:30:00 PM,01 - Clear,07 - Dark,01 - Dry,10 - No control,,03 - P.D. only,04 - Sideswipe,0
14-14604,HIGHWAY 417 btwn HWY417 IC140 RAMP61 & HWY417 IC139 RAMP61,351861.52194,5019386.19287,-75.89979224710,45.31285000040,2014-10-12,5:30:00 PM,01 - Clear,01 - Daylight,01 - Dry,10 - No control,,03 - P.D. only,04 - Sideswipe,0
14-14605,HIGHWAY 417 btwn HWY417 IC142 RAMP51 & HWY417 IC142 RAMP35,348555.18335,5016861.59307,-75.94218097710,45.29034664340,2014-10-23,6:35:00 AM,01 - Clear,07 - Dark,01 - Dry,10 - No control,,03 - P.D. only,03 - Rear end,0
14-14606,HIGHWAY 417 btwn HWY417 IC138 RAMP26 & HWY417 IC138 RAMP61,353195.00815,5020404.62371,-75.88268686380,45.32192341100,2014-10-22,11:20:00 AM,01 - Clear,01 - Daylight,01 - Dry,10 - No control,,02 - Non-fatal injury,03 - Rear end,0
14-14607,HIGHWAY 417 btwn HWY417 IC124 RAMP57 & HWY417 IC124 RAMP55,364111.99942,5027089.75757,-75.74264199340,45.38123799000,2014-10-23,9:00:00 PM,01 - Clear,07 - Dark,01 - Dry,10 - No control,,03 - P.D. only,03 - Rear end,0
14-14608,HIGHWAY 417 btwn HWY417 IC138 RAMP61 & HWY417 IC134 RAMP36,355662.68841,5021845.37688,-75.85106378610,45.33471303740,2014-10-24,5:30:00 PM,01 - Clear,01 - Daylight,01 - Dry,10 - No control,,03 - P.D. only,04 - Sideswipe,0
14-14609,HIGHWAY 417 btwn HWY417 IC163 RAMP16 & HWY417 IC163 RAMP61,331531.53179,5021442.74007,-76.15895712330,45.33242418010,2014-10-21,4:10:00 PM,01 - Clear,01 - Daylight,01 - Dry,10 - No control,,03 - P.D. only,07 - SMV other,0
14-14610,HWY416 IC57 RAMP34 btwn HIGHWAY 416 & BROPHY DR,364459.07216,5008450.26607,-75.74045312770,45.21349109480,2014-10-23,7:50:00 PM,01 - Clear,07 - Dark,01 - Dry,10 - No control,,03 - P.D. only,07 - SMV other,0
14-14611,HIGHWAY 417 btwn HWY417 IC138 RAMP26 & HWY417 IC138 RAMP61,353279.36834,5020453.91281,-75.88160602800,45.32236110300,2014-10-25,3:16:00 PM,02 - Rain,01 - Daylight,02 - Wet,10 - No control,,02 - Non-fatal injury,03 - Rear end,0
14-14612,HIGHWAY 417 btwn HWY417 IC104 RAMP51 & HWY417 IC104 RAMP15,380040.07262,5025906.52716,-75.53946156150,45.36906248280,2014-10-16,4:50:00 PM,02 - Rain,01 - Daylight,02 - Wet,10 - No control,,03 - P.D. only,03 - Rear end,0