Record,Location,X,Y,Longitude,Latitude,Date,Time,Environment,Light,Road_Surface,Traffic_Control,Collision_Location,Collision_Classification,Impact_type,Pedestrian
14-14613,HIGHWAY 417 btwn HWY417 IC155 RAMP35 & HWY417 IC155 RAMP25,339549.16201,5019310.03746,-76.05681997300,45.31288194880,2014-10-12,11:50:00 PM,01 - Clear,07 - Dark,01 - Dry,10 - No control,,03 - P.D. only,07 - SMV other,0
14-14614,HIGHWAY 417 btwn HWY417 IC138 RAMP36 & HIGHWAY 417,352872.73327,5020218.84172,-75.88681550790,45.32027385050,2014-10-11,11:26:00 PM,01 - Clear,07 - Dark,01 - Dry,10 - No control,,03 - P.D. only,07 - SMV other,0
14-14615,HWY417 IC130 RAMP66 btwn BAYSHORE DR & HWY417 IC130 RAMP61,359402.93894,5023300.75832,-75.80318625950,45.34752750450,2014-10-16,3:14:00 PM,01 - Clear,01 - Daylight,01 - Dry,10 - No control,,03 - P.D. only,04 - Sideswipe,0
14-14616,HIGHWAY 417 btwn HWY417 IC117 RAMP61 & HWY417 IC115 RAMP36,371728.95107,5031444.44382,-75.64480007080,45.41973339260,2014-10-24,7:20:00 AM,01 - Clear,01 - Daylight,01 - Dry,10 - No control,,03 - P.D. only,03 - Rear end,0
14-14617,HIGHWAY 417 btwn HWY417 IC121B RAMP16 & HWY417 IC121A RAMP16,366740.35523,5029582.00540,-75.70877066720,45.40343514810,2014-10-24,5:20:00 PM,01 - Clear,01 - Daylight,01 - Dry,10 - No control,,03 - P.D. only,03 - Rear end,0
14-14618,HIGHWAY 417 btwn HWY417 IC155 RAMP25 & RAMP,344976.24200,5014909.85922,-75.98796369810,45.27299784050,2014-08-02,10:31:00 AM,01 - Clear,01 - Daylight,01 - Dry,10 - No control,,03 - P.D. only,07 - SMV other,0
14-14619,HIGHWAY 417 btwn HWY417 IC121A RAMP16 & HWY417 IC121A RAMP61,367280.07033,5029765.03349,-75.70185379720,45.40503401840,2014-10-24,6:30:00 PM,01 - Clear,07 - Dark,01 - Dry,10 - No control,,03 - P.D. only,03 - Rear end,0
14-14620,HIGHWAY 417 btwn HWY417 IC134 RAMP36 & HWY417 IC134 RAMP26,356413.39932,5022286.13517,-75.84144043290,45.33862420600,2014-10-22,11:32:00 AM,01 - Clear,01 - Daylight,01 - Dry,10 - No control,,03 - P.D. only,03 - Rear end,0
14-14621,HIGHWAY 417 btwn HWY417 IC117 RAMP61 & HWY417 IC115 RAMP36,371561.31146,5031421.32364,-75.64694501760,45.41954138400,2014-10-27,6:45:00 AM,01 - Clear,03 - Dawn,01 - Dry,10 - No control,,02 - Non-fatal injury,03 - Rear end,0
14-14622,HIGHWAY 417 btwn HWY417 IC131 RAMP53 & HWY417 IC131 RAMP51,358014.31335,5022732.03795,-75.82096707880,45.34251686420,2014-10-28,7:20:00 AM,02 - Rain,01 - Daylight,02 - Wet,10 - No control,,03 - P.D. only,03 - Rear end,0
14-14623,HIGHWAY 417 btwn HWY417 IC117 RAMP61 & HWY417 IC115 RAMP36,371534.62157,5031420.71152,-75.64728609760,45.41953842290,2014-10-27,6:46:00 AM,01 - Clear,07 - Dark,01 - Dry,10 - No control,,03 - P.D. only,03 - Rear end,0
14-14624,HIGHWAY 417 btwn HWY417 IC123 RAMP62 & HWY417 IC122 RAMP16,364821.15672,5028154.76107,-75.73345802750,45.39076028930,2014-10-28,3:25:00 PM,01 - Clear,01 - Daylight,01 - Dry,10 - No control,,03 - P.D. only,03 - Rear end,0
14-14625,HIGHWAY 417 btwn HWY417 IC139 RAMP15 & HWY417 IC138 RAMP51,352171.36998,5019597.53226,-75.89582055550,45.31473084670,2014-10-18,10:40:00 PM,01 - Clear,07 - Dark,01 - Dry,10 - No control,,03 - P.D. only,03 - Rear end,0
14-14626,HIGHWAY 417 btwn HWY417 IC117 RAMP51 & HWY417 IC117 RAMP35,370785.12164,5031187.22487,-75.65689319020,45.41750869630,2014-10-28,6:00:00 PM,01 - Clear,07 - Dark,01 - Dry,10 - No control,,03 - P.D. only,03 - Rear end,0
14-14627,HIGHWAY 417 btwn HWY417 IC127 RAMP63 & HWY417 IC127 RAMP67,362147.71931,5024867.00191,-75.76797995390,45.36140140080,2014-10-29,7:59:00 PM,01 - Clear,07 - Dark,01 - Dry,10 - No control,,03 - P.D. only,04 - Sideswipe,0
14-14628,HIGHWAY 417 btwn HWY417 IC117 RAMP35 & HWY417 IC117 RAMP25,371087.49131,5031321.82202,-75.65301206110,45.41869116360,2014-10-12,2:45:00 AM,01 - Clear,07 - Dark,01 - Dry,10 - No control,,02 - Non-fatal injury,03 - Rear end,0
14-14629,HIGHWAY 417 btwn HWY417 IC118 RAMP57 & HWY417 IC118 RAMP35,369336.39416,5030955.77309,-75.67543226900,45.41556130370,2014-10-30,8:30:00 AM,01 - Clear,01 - Daylight,01 - Dry,10 - No control,,03 - P.D. only,04 - Sideswipe,0
14-14630,HIGHWAY 417 btwn HWY417 IC129 RAMP76 & HWY417 IC129 RAMP26,360428.66474,5023533.38779,-75.79007132440,45.34954009690,2014-10-26,7:19:00 PM,01 - Clear,07 - Dark,01 - Dry,10 - No control,,03 - P.D. only,07 - SMV other,0
14-14631,HIGHWAY 417 btwn HIGHWAY 417 & Continuation of HIGHWAY 417,352975.10294,5020218.84172,-75.88550982330,45.32026683320,2014-10-24,7:00:00 AM,01 - Clear,03 - Dawn,01 - Dry,10 - No control,,03 - P.D. only,03 - Rear end,0
14-14632,HWY417 IC118 RAMP76 btwn HIGHWAY 417 & HWY417 IC118 RAMP43,369387.43089,5031078.52191,-75.67476416420,45.41666104330,2014-10-24,8:50:00 AM,01 - Clear,01 - Daylight,01 - Dry,10 - No control,,03 - P.D. only,04 - Sideswipe,0
14-14633,HIGHWAY 417 btwn HWY417 IC118 RAMP57 & HWY417 IC118 RAMP35,369489.80056,5031056.66172,-75.67345918950,45.41645489640,2014-10-17,3:25:00 PM,02 - Rain,01 - Daylight,02 - Wet,10 - No control,,03 - P.D. only,03 - Rear end,0
14-14634,HIGHWAY 417 btwn HWY417 IC138 RAMP26 & HWY417 IC138 RAMP61,353111.59583,5020353.43888,-75.88375578030,45.32146858560,2014-10-28,4:05:00 PM,01 - Clear,01 - Daylight,01 - Dry,10 - No control,,03 - P.D. only,03 - Rear end,0
14-14635,HIGHWAY 417 btwn HWY417 IC118 RAMP67 & HWY417 IC117 RAMP36,370194.21407,5031116.91053,-75.66445186890,45.41693151230,2014-10-31,11:36:00 PM,01 - Clear,07 - Dark,01 - Dry,10 - No control,,01 - Fatal injury,99 - Other,1
14-14636,HIGHWAY 417 btwn HWY417 IC117 RAMP35 & HWY417 IC117 RAMP25,371094.12638,5031326.56136,-75.65292665280,45.41873317800,2014-10-31,12:50:00 PM,01 - Clear,01 - Daylight,01 - Dry,10 - No control,,03 - P.D. only,03 - Rear end,0
14-14637,HWY417 IC129 RAMP25 btwn GREENBANK RD & HIGHWAY 417,360524.39934,5023517.27405,-75.78885147720,45.34938750600,2014-11-02,9:27:00 AM,01 - Clear,01 - Daylight,01 - Dry,10 - No control,,03 - P.D. only,07 - SMV other,0
14-14638,HIGHWAY 416 btwn HWY416 IC72 RAMP62 & HWY416 IC72 RAMP24,359412.77920,5019734.38942,-75.80345417550,45.31543642510,2014-11-02,8:40:00 AM,01 - Clear,01 - Daylight,01 - Dry,10 - No control,,02 - Non-fatal injury,07 - SMV other,0
14-14639,HIGHWAY 417 btwn HWY417 IC117 RAMP25 & HWY417 IC115 RAMP51,371243.88942,5031367.31965,-75.65100777060,45.41908569740,2014-11-02,8:14:00 PM,01 - Clear,07 - Dark,01 - Dry,10 - No control,,03 - P.D. only,03 - Rear end,0
14-14640,HIGHWAY 417 btwn HWY417 IC118 RAMP35 & HWY417 IC117 RAMP51,370189.47473,5031100.79679,-75.66451455640,45.41678697040,2014-11-02,6:50:00 PM,01 - Clear,07 - Dark,01 - Dry,10 - No control,,02 - Non-fatal injury,03 - Rear end,0
14-14641,HIGHWAY 417 btwn HWY417 IC155 RAMP61 & HWY417 IC145 RAMP56,344349.15570,5015456.62368,-75.99591188680,45.27795341780,2014-11-02,10:10:00 PM,01 - Clear,07 - Dark,01 - Dry,10 - No control,,03 - P.D. only,07 - SMV other,0
14-14642,HIGHWAY 416 btwn HWY416 IC42 RAMP34 & HWY416 IC42 RAMP43,371426.11141,4995211.51538,-75.65352720000,45.09374454370,2014-11-03,11:15:00 AM,01 - Clear,01 - Daylight,01 - Dry,10 - No control,,01 - Fatal injury,07 - SMV other,0
14-14643,HIGHWAY 417 btwn HWY417 IC169 RAMP25 & HWY417 IC163 RAMP51,329753.33274,5021915.70244,-76.18161930820,45.33674564400,2014-11-03,10:05:00 PM,01 - Clear,07 - Dark,01 - Dry,10 - No control,,03 - P.D. only,99 - Other,0
14-14644,HIGHWAY 417 btwn HWY 417 ANDERSON IC104R61 & HWY 417 BOUNDARY IC96R16,380842.28431,5025763.96089,-75.52924368820,45.36769318530,2014-11-03,7:10:00 AM,01 - Clear,03 - Dawn,01 - Dry,10 - No control,,03 - P.D. only,03 - Rear end,0
14-14645,HIGHWAY 417 btwn HWY417 IC118 RAMP57 & HWY417 IC118 RAMP35,369455.82544,5031041.08115,-75.67389528900,45.41631784910,2014-11-03,1:30:00 PM,01 - Clear,01 - Daylight,01 - Dry,10 - No control,,03 - P.D. only,03 - Rear end,0
14-14646,HIGHWAY 7 btwn HWY417 IC145 RAMP55 & RAMP,346290.33671,5013322.97777,-75.97134914790,45.25864210380,2014-11-03,9:35:00 AM,01 - Clear,01 - Daylight,01 - Dry,10 - No control,,02 - Non-fatal injury,07 - SMV other,0
14-14647,HIGHWAY 417 btwn HWY417 IC117 RAMP26 & HWY417 IC117 RAMP61,370838.20221,5031222.29596,-75.65621034120,45.41781924370,2014-11-03,4:40:00 PM,01 - Clear,05 - Dusk,01 - Dry,10 - No control,,02 - Non-fatal injury,03 - Rear end,0
14-14648,HWY417 IC138 RAMP35 btwn HIGHWAY 417 & EAGLESON RD,352970.36360,5020148.69954,-75.88557709310,45.31963600470,2014-11-04,12:20:00 PM,01 - Clear,01 - Daylight,01 - Dry,10 - No control,,02 - Non-fatal injury,03 - Rear end,0
14-14649,HWY417 IC118 RAMP35 btwn HWY417 IC118 RAMP45 & MANN AVE OVERPASS,369405.18119,5030978.03316,-75.67455056560,45.41575524430,2014-11-04,5:30:00 PM,02 - Rain,07 - Dark,02 - Wet,10 - No control,,03 - P.D. only,03 - Rear end,0
14-14650,HIGHWAY 417 btwn HWY417 IC118 RAMP35 & HWY417 IC117 RAMP51,369808.48683,5031140.30623,-75.66937673450,45.41717796190,2014-11-04,10:05:00 PM,02 - Rain,07 - Dark,02 - Wet,10 - No control,,03 - P.D. only,99 - Other,0
14-14651,HIGHWAY 417 btwn HWY417 IC104 RAMP15 & HWY417 IC96 RAMP51,382479.73257,5025436.57491,-75.50839459630,45.36456803400,2014-11-04,4:35:00 PM,01 - Clear,05 - Dusk,01 - Dry,10 - No control,,03 - P.D. only,03 - Rear end,0
14-14652,HIGHWAY 417 btwn HWY417 IC117 RAMP35 & HWY417 IC117 RAMP25,371181.33017,5031352.15378,-75.65180908100,45.41895517940,2014-11-04,5:15:00 PM,01 - Clear,07 - Dark,01 - Dry,10 - No control,,03 - P.D. only,03 - Rear end,0
14-14653,HIGHWAY 417 btwn HWY417 IC117 RAMP51 & HWY417 IC117 RAMP35,370505.50079,5031142.67510,-75.66047152200,45.41713416950,2014-11-04,10:05:00 PM,02 - Rain,07 - Dark,02 - Wet,10 - No control,,03 - P.D. only,03 - Rear end,0
14-14654,HIGHWAY 417 btwn HWY417 IC138 RAMP61 & HWY417 IC134 RAMP36,355552.02032,5021781.01379,-75.85248226470,45.33414190370,2014-10-30,7:00:00 PM,01 - Clear,07 - Dark,01 - Dry,10 - No control,,03 - P.D. only,04 - Sideswipe,0
14-14655,HIGHWAY 417 btwn HWY417 IC127 RAMP35 & HWY417 IC127 RAMP25,362108.85676,5024813.92134,-75.76848213220,45.36092696380,2014-11-04,6:00:00 PM,02 - Rain,07 - Dark,02 - Wet,10 - No control,,02 - Non-fatal injury,03 - Rear end,0
14-14656,HIGHWAY 417 btwn HWY417 IC118 RAMP76 & HWY417 IC118 RAMP67,369484.26146,5031071.41290,-75.67352801880,45.41658813440,2014-11-05,4:56:00 PM,01 - Clear,05 - Dusk,01 - Dry,10 - No control,,03 - P.D. only,03 - Rear end,0
14-14657,HIGHWAY 417 btwn HWY417 IC117 RAMP61 & HWY417 IC115 RAMP36,371551.68319,5031421.65939,-75.64706798580,45.41954532410,2014-11-02,1:40:00 PM,01 - Clear,01 - Daylight,01 - Dry,10 - No control,,03 - P.D. only,03 - Rear end,0
14-14658,HIGHWAY 417 btwn HWY417 IC115 RAMP35 & HIGHWAY 417,372476.80167,5031502.22811,-75.63523739090,45.42018136740,2014-11-06,5:10:00 PM,01 - Clear,07 - Dark,01 - Dry,10 - No control,,03 - P.D. only,03 - Rear end,0
14-14659,HIGHWAY 417 btwn HWY417 IC140 RAMP35 & HWY417 IC140 RAMP25,351026.32665,5018613.80020,-75.91051554060,45.30595528750,2014-11-06,6:35:00 AM,01 - Clear,03 - Dawn,01 - Dry,10 - No control,,03 - P.D. only,03 - Rear end,0
14-14660,HIGHWAY 417 btwn HWY417 IC115 RAMP61 & REGIONAL ROAD 174,373218.05059,5031703.52755,-75.62573898760,45.42192046560,2014-11-06,6:45:00 AM,01 - Clear,03 - Dawn,01 - Dry,10 - No control,,03 - P.D. only,03 - Rear end,0
14-14661,HIGHWAY 417 btwn HWY417 IC118 RAMP67 & HWY417 IC117 RAMP36,370384.73540,5031141.55508,-75.66201454150,45.41713542240,2014-11-07,9:30:00 AM,01 - Clear,01 - Daylight,02 - Wet,10 - No control,,03 - P.D. only,04 - Sideswipe,0
14-14662,HIGHWAY 417 btwn RAMP & HWY417 IC88 RAMP51,388420.76587,5023685.84450,-75.43286439220,45.34813301140,2014-11-08,9:20:00 PM,01 - Clear,07 - Dark,02 - Wet,10 - No control,,03 - P.D. only,07 - SMV other,0
14-14663,HIGHWAY 416 btwn HWY416 IC66 RAMP62 & HWY416 IC66 RAMP52,359800.01799,5015223.49784,-75.79901586800,45.27481681700,2014-11-08,4:26:00 PM,01 - Clear,05 - Dusk,02 - Wet,10 - No control,,03 - P.D. only,07 - SMV other,0
14-14664,HIGHWAY 417 btwn HWY417 IC118 RAMP67 & HWY417 IC117 RAMP36,370306.44866,5031129.40496,-75.66301632950,45.41703343430,2014-11-07,6:20:00 PM,01 - Clear,07 - Dark,01 - Dry,10 - No control,,03 - P.D. only,03 - Rear end,0
14-14665,HIGHWAY 417 btwn HWY417 IC144 RAMP61 & HWY417 IC142 RAMP16,348150.97060,5016555.01066,-75.94736068780,45.28761295850,2014-11-09,6:35:00 PM,01 - Clear,07 - Dark,01 - Dry,10 - No control,,03 - P.D. only,07 - SMV other,0
14-14666,HWY417 IC138 RAMP51 btwn HIGHWAY 417 & EAGLESON RD,352666.09820,5019996.09291,-75.88947258650,45.31828362940,2014-11-09,5:30:00 PM,01 - Clear,07 - Dark,01 - Dry,10 - No control,,03 - P.D. only,07 - SMV other,0
14-14667,HIGHWAY 417 btwn HWY417 IC126 RAMP61 & HWY417 IC124 RAMP76,363189.51986,5025906.34900,-75.75456009400,45.37066732870,2014-10-19,2:55:00 AM,01 - Clear,07 - Dark,01 - Dry,10 - No control,,03 - P.D. only,04 - Sideswipe,0
14-14668,HIGHWAY 417 btwn HWY417 IC163 RAMP61 & HWY417 IC155 RAMP36,335995.71033,5020275.27597,-76.10207764430,45.32173450810,2014-11-06,4:50:00 PM,03 - Snow,05 - Dusk,02 - Wet,10 - No control,,03 - P.D. only,07 - SMV other,0
14-14669,HIGHWAY 417 btwn HWY 417 ANDERSON IC104R61 & HWY 417 BOUNDARY IC96R16,384808.56719,5025111.70153,-75.47872359040,45.36138313710,2014-11-06,8:55:00 PM,02 - Rain,07 - Dark,02 - Wet,10 - No control,,02 - Non-fatal injury,07 - SMV other,0
14-14670,HIGHWAY 417 btwn HWY417 IC118 RAMP57 & HWY417 IC118 RAMP35,369438.76383,5031027.81101,-75.67411500220,45.41620002510,2014-11-10,7:50:00 AM,01 - Clear,01 - Daylight,01 - Dry,10 - No control,,03 - P.D. only,03 - Rear end,0
14-14671,HIGHWAY 417 btwn HWY417 IC122 RAMP61 & HWY417 IC121B RAMP16,365650.91621,5029110.95754,-75.72274403870,45.39929232110,2014-11-10,2:45:00 PM,01 - Clear,01 - Daylight,01 - Dry,10 - No control,,03 - P.D. only,04 - Sideswipe,0
14-14672,HIGHWAY 417 btwn HWY417 IC117 RAMP61 & HWY417 IC115 RAMP36,371558.31826,5031422.60725,-75.64698308560,45.41955321980,2014-11-11,1:00:00 PM,01 - Clear,01 - Daylight,01 - Dry,10 - No control,,03 - P.D. only,04 - Sideswipe,0
14-14673,HIGHWAY 417 btwn HWY417 IC126 RAMP25 & HWY417 IC124 RAMP57,363667.43058,5026494.92233,-75.74838913930,45.37592324810,2014-11-06,5:50:00 PM,01 - Clear,07 - Dark,01 - Dry,10 - No control,,03 - P.D. only,03 - Rear end,0
14-14674,HIGHWAY 417 btwn HWY417 IC117 RAMP26 & HWY417 IC117 RAMP61,371150.79948,5031366.82192,-75.65219717040,45.41909005270,2014-11-11,8:20:00 PM,01 - Clear,07 - Dark,01 - Dry,10 - No control,,03 - P.D. only,07 - SMV other,0
14-14675,HIGHWAY 417 btwn HWY417 IC118 RAMP35 & HWY417 IC117 RAMP51,369930.68557,5031127.95172,-75.66781718040,45.41705543670,2014-11-10,3:15:00 PM,01 - Clear,01 - Daylight,01 - Dry,10 - No control,,03 - P.D. only,03 - Rear end,0
14-14676,HIGHWAY 417 btwn HWY417 IC118 RAMP57 & HWY417 IC118 RAMP35,369379.61669,5030987.33415,-75.67487594600,45.41584129110,2014-11-12,1:00:00 PM,01 - Clear,01 - Daylight,01 - Dry,10 - No control,,03 - P.D. only,03 - Rear end,0
14-14677,HIGHWAY 417 btwn HWY417 IC122 RAMP15 & HWY417 IC121B RAMP51,366535.46842,5029502.78080,-75.71139757030,45.40274040530,2014-11-12,8:45:00 PM,01 - Clear,07 - Dark,01 - Dry,10 - No control,,03 - P.D. only,07 - SMV other,0
14-14678,HIGHWAY 417 btwn HWY417 IC115 RAMP36 & HWY417 IC115 RAMP26,372461.37443,5031520.67471,-75.63543196250,45.42034883350,2014-11-12,7:20:00 AM,01 - Clear,01 - Daylight,01 - Dry,10 - No control,,03 - P.D. only,03 - Rear end,0
14-14679,HIGHWAY 417 btwn HIGHWAY 417 & HWY417 IC129 RAMP51,359961.71947,5023186.47390,-75.79606868240,45.34645544950,2014-11-13,10:00:00 AM,01 - Clear,01 - Daylight,01 - Dry,10 - No control,,02 - Non-fatal injury,03 - Rear end,0
14-14680,HIGHWAY 417 btwn HWY417 IC126 RAMP16 & HWY417 IC126 RAMP61,363136.99428,5025828.21862,-75.75523984100,45.36996869510,2014-11-13,5:25:00 PM,01 - Clear,07 - Dark,01 - Dry,10 - No control,,03 - P.D. only,03 - Rear end,0
14-14681,HIGHWAY 416 btwn HWY416 IC57 RAMP53 & HWY416 IC49 RAMP34,368671.53886,5002662.15139,-75.68756877630,45.16104026640,2014-11-13,8:33:00 PM,01 - Clear,07 - Dark,01 - Dry,10 - No control,,03 - P.D. only,07 - SMV other,0
14-14682,HIGHWAY 417 btwn HWY417 IC131 RAMP55 & HWY417 IC130 RAMP35,358802.80464,5022974.43584,-75.81087992410,45.34463771040,2014-11-14,8:00:00 AM,01 - Clear,01 - Daylight,01 - Dry,10 - No control,,03 - P.D. only,04 - Sideswipe,0
14-14683,HIGHWAY 417 btwn HWY417 IC115 RAMP61 & REGIONAL ROAD 174,373242.37206,5031712.59870,-75.62542697830,45.42199970380,2014-11-14,7:10:00 AM,01 - Clear,03 - Dawn,01 - Dry,10 - No control,,03 - P.D. only,04 - Sideswipe,0
14-14684,HIGHWAY 417 btwn HWY417 IC130 RAMP35 & HWY417 IC130 RAMP25,359189.90633,5023062.00834,-75.80593092250,45.34539578050,2014-11-05,6:50:00 PM,01 - Clear,07 - Dark,01 - Dry,10 - No control,,02 - Non-fatal injury,03 - Rear end,0
14-14685,HIGHWAY 417 btwn HWY417 IC122 RAMP51 & HWY417 IC122 RAMP15,365316.27065,5028860.28154,-75.72704886750,45.39706580030,2014-11-14,11:45:00 AM,01 - Clear,01 - Daylight,01 - Dry,10 - No control,,03 - P.D. only,03 - Rear end,0
14-14686,HIGHWAY 416 btwn HWY416 IC66 RAMP24 & HWY416 IC57 RAMP62,361109.42290,5012609.44366,-75.78262489620,45.25119164760,2014-11-13,10:00:00 PM,01 - Clear,07 - Dark,01 - Dry,10 - No control,,03 - P.D. only,07 - SMV other,0
14-14687,HIGHWAY 417 btwn RAMP & HWY417 IC88 RAMP51,388414.38345,5023680.93862,-75.43294665840,45.34808963340,2014-11-16,7:45:00 AM,03 - Snow,01 - Daylight,03 - Loose snow,10 - No control,,03 - P.D. only,07 - SMV other,0
14-14688,HWY417 IC110 RAMP66 btwn HIGHWAY 417 & WALKLEY EXTENSION RD,375768.90348,5029455.94519,-75.59347125630,45.40144384340,2014-11-16,9:30:00 AM,03 - Snow,01 - Daylight,02 - Wet,10 - No control,,03 - P.D. only,07 - SMV other,0
14-14689,GREENBANK RD @ HWY 417 IC129 RAMP57/IRIS ST,360532.16221,5023312.23722,-75.78877552190,45.34754197120,2014-11-16,1:40:00 PM,03 - Snow,01 - Daylight,03 - Loose snow,01 - Traffic signal,01 - Functioning,03 - P.D. only,03 - Rear end,0
14-14690,HIGHWAY 416 btwn HWY416 IC66 RAMP24 & HWY416 IC57 RAMP62,363318.36565,5010999.81689,-75.75467500350,45.23652788290,2014-11-16,2:11:00 PM,01 - Clear,01 - Daylight,02 - Wet,10 - No control,,02 - Non-fatal injury,07 - SMV other,0
14-14691,HIGHWAY 417 btwn HWY417 IC118 RAMP67 & HWY417 IC117 RAMP36,370337.53353,5031136.75375,-75.66261822060,45.41709664500,2014-11-14,6:00:00 PM,01 - Clear,07 - Dark,03 - Loose snow,10 - No control,,03 - P.D. only,03 - Rear end,0
14-14692,HWY417 IC118 RAMP35 btwn HWY417 IC118 RAMP45 & MANN AVE OVERPASS,369396.71553,5030967.64003,-75.67466008150,45.41566251160,2014-11-15,5:45:00 PM,01 - Clear,07 - Dark,01 - Dry,10 - No control,,03 - P.D. only,04 - Sideswipe,0
14-14693,RAMP btwn Continuation of RAMP & END (2),346085.71293,5014859.59655,-75.97382853510,45.27248129220,2014-11-16,9:30:00 PM,03 - Snow,07 - Dark,06 - Ice,10 - No control,,03 - P.D. only,07 - SMV other,0
14-14694,RAMP btwn Continuation of RAMP & END (2),346094.72147,5014873.10935,-75.97371260480,45.27260235700,2014-11-16,10:25:00 PM,03 - Snow,07 - Dark,06 - Ice,10 - No control,,02 - Non-fatal injury,07 - SMV other,0
14-14695,RAMP btwn Continuation of RAMP & END (2),346105.98213,5014884.37001,-75.97356816150,45.27270302320,2014-11-16,10:50:00 PM,00 - Unknown,07 - Dark,06 - Ice,10 - No control,,03 - P.D. only,07 - SMV other,0
14-14696,HIGHWAY 417 btwn HWY417 IC126 RAMP61 & HWY417 IC124 RAMP76,364090.07602,5027097.74710,-75.74292095030,45.38131173400,2014-09-19,2:30:00 PM,01 - Clear,01 - Daylight,01 - Dry,10 - No control,,03 - P.D. only,03 - Rear end,0
14-14697,HWY417 IC130 RAMP61 btwn HWY417 IC130 RAMP66 & RAMP,359444.89445,5023210.10810,-75.80266090120,45.34670856560,2014-11-16,12:03:00 AM,01 - Clear,07 - Dark,01 - Dry,10 - No control,,03 - P.D. only,07 - SMV other,0
14-14698,HIGHWAY 417 btwn HWY417 IC104 RAMP16 & HWY417 IC104 RAMP61,380077.78355,5025943.66734,-75.53897453970,45.36939259670,2014-11-16,9:39:00 PM,01 - Clear,07 - Dark,01 - Dry,10 - No control,,03 - P.D. only,07 - SMV other,0
14-14699,HIGHWAY 417 btwn HWY417 IC138 RAMP51 & HWY417 IC138 RAMP35,352466.19403,5019852.54312,-75.89203601410,45.31700553770,2014-11-17,6:15:00 AM,02 - Rain,03 - Dawn,03 - Loose snow,10 - No control,,03 - P.D. only,07 - SMV other,0
14-14700,HIGHWAY 417 btwn HWY417 IC138 RAMP36 & HIGHWAY 417,352911.91850,5020237.34122,-75.88631391870,45.32043762840,2014-11-17,12:30:00 PM,03 - Snow,01 - Daylight,03 - Loose snow,10 - No control,,03 - P.D. only,07 - SMV other,0
14-14701,HIGHWAY 417 btwn HWY417 IC145 RAMP55 & HWY417 IC144 RAMP51,346813.45259,5015276.85016,-75.96451884940,45.27619280310,2014-11-17,3:20:00 PM,03 - Snow,01 - Daylight,03 - Loose snow,10 - No control,,02 - Non-fatal injury,07 - SMV other,0
14-14702,HIGHWAY 417 btwn TRANSIT & HWY417 IC127 RAMP16,361642.98148,5024481.53513,-75.77446653400,45.35797410360,2014-11-17,5:46:00 PM,03 - Snow,07 - Dark,02 - Wet,10 - No control,,03 - P.D. only,03 - Rear end,0
14-14703,HIGHWAY 417 btwn HWY417 IC180 RAMP61 & HWY417 IC169 RAMP36,323471.75283,5027129.65026,-76.26156847300,45.38385904730,2014-11-16,9:30:00 PM,03 - Snow,07 - Dark,06 - Ice,10 - No control,,03 - P.D. only,07 - SMV other,0
14-14704,HIGHWAY 417 btwn HWY417 IC127 RAMP67 & HWY417 IC126 RAMP16,363005.87789,5025654.34689,-75.75693408500,45.36841511950,2014-11-04,5:10:00 PM,01 - Clear,07 - Dark,01 - Dry,10 - No control,,03 - P.D. only,03 - Rear end,0
14-14705,HIGHWAY 417 btwn HWY417 IC142 RAMP35 & HWY417 IC142 RAMP25,349022.64666,5017285.03383,-75.93618399030,45.29412764090,2014-11-12,1:25:00 PM,01 - Clear,01 - Daylight,01 - Dry,10 - No control,,03 - P.D. only,04 - Sideswipe,0
14-14706,HIGHWAY 417 btwn HWY417 IC124 RAMP76 & HWY417 IC124 RAMP67,364209.56783,5027258.17850,-75.74137597930,45.38274514560,2014-11-07,5:45:00 PM,01 - Clear,07 - Dark,01 - Dry,10 - No control,,03 - P.D. only,03 - Rear end,0
14-14707,HIGHWAY 417 btwn HWY417 IC124 RAMP76 & HWY417 IC124 RAMP67,364204.81724,5027250.57755,-75.74143755090,45.38267715690,2014-11-07,5:45:00 PM,01 - Clear,07 - Dark,01 - Dry,10 - No control,,03 - P.D. only,03 - Rear end,0
14-14708,HIGHWAY 417 btwn TRANSIT & HWY417 IC127 RAMP35,361971.40587,5024706.71327,-75.77024887990,45.35997353700,2014-11-04,11:45:00 AM,01 - Clear,01 - Daylight,01 - Dry,10 - No control,,02 - Non-fatal injury,07 - SMV other,0
14-14709,HIGHWAY 417 btwn HWY417 IC118 RAMP67 & HWY417 IC117 RAMP36,370308.07985,5031129.15280,-75.66299552320,45.41703101240,2014-11-08,7:10:00 PM,01 - Clear,07 - Dark,01 - Dry,10 - No control,,03 - P.D. only,07 - SMV other,0
14-14710,HIGHWAY 417 btwn HWY417 IC155 RAMP61 & HWY417 IC145 RAMP56,345973.98941,5014808.53117,-75.97525658520,45.27202833500,2014-11-07,12:00:00 AM,03 - Snow,00 - Unknown,03 - Loose snow,10 - No control,,02 - Non-fatal injury,07 - SMV other,0
14-14711,HIGHWAY 417 btwn HWY417 IC138 RAMP61 & HWY417 IC134 RAMP36,355480.19919,5021737.93240,-75.85340294440,45.33375944280,2014-11-18,9:00:00 AM,01 - Clear,01 - Daylight,01 - Dry,10 - No control,,03 - P.D. only,07 - SMV other,0
14-14712,HIGHWAY 417 btwn HWY417 IC126 RAMP51 & HWY417 IC126 RAMP25,363315.61660,5026030.59392,-75.75293567770,45.37177475120,2014-11-18,6:39:00 AM,01 - Clear,03 - Dawn,01 - Dry,10 - No control,,03 - P.D. only,03 - Rear end,0
14-14713,HIGHWAY 417 btwn Continuation of HIGHWAY 417 & HWY417 IC134 RAMP51,355731.03055,5021839.59511,-75.85019248730,45.33465605490,2014-11-17,8:00:00 AM,03 - Snow,01 - Daylight,02 - Wet,10 - No control,,03 - P.D. only,03 - Rear end,0
14-14714,HIGHWAY 417 btwn HWY417 IC129 RAMP61 & TRANSIT,360838.10045,5023855.70515,-75.78481001720,45.35240770320,2014-11-18,10:30:00 PM,03 - Snow,07 - Dark,06 - Ice,10 - No control,,03 - P.D. only,07 - SMV other,0