Record,Location,X,Y,Longitude,Latitude,Date,Time,Environment,Light,Road_Surface,Traffic_Control,Collision_Location,Collision_Classification,Impact_type,Pedestrian
14-14715,HIGHWAY 417 btwn HWY417 IC127 RAMP63 & HWY417 IC127 RAMP67,362128.17546,5024857.78216,-75.76823047150,45.36132004110,2014-11-17,10:00:00 PM,01 - Clear,07 - Dark,04 - Slush,10 - No control,,03 - P.D. only,07 - SMV other,0
14-14716,HIGHWAY 417 btwn HWY417 IC126 RAMP16 & HWY417 IC126 RAMP61,363064.53148,5025733.03092,-75.75617608690,45.36911823540,2014-11-18,10:05:00 PM,03 - Snow,07 - Dark,06 - Ice,10 - No control,,03 - P.D. only,07 - SMV other,0
14-14717,HIGHWAY 417 btwn HWY417 IC118 RAMP76 & HWY417 IC118 RAMP67,369474.62856,5031069.99448,-75.67365127180,45.41657626260,2014-11-19,5:45:00 AM,01 - Clear,07 - Dark,01 - Dry,10 - No control,,03 - P.D. only,04 - Sideswipe,0
14-14718,HIGHWAY 417 btwn HWY417 IC118 RAMP35 & HWY417 IC117 RAMP51,369787.21764,5031136.50279,-75.66964896720,45.41714571620,2014-11-19,2:30:00 PM,01 - Clear,01 - Daylight,01 - Dry,10 - No control,,03 - P.D. only,03 - Rear end,0
14-14719,HIGHWAY 417 btwn HWY417 IC126 RAMP61 & HWY417 IC124 RAMP76,364089.85287,5027098.55855,-75.74292370140,45.38131905460,2014-11-19,4:05:00 PM,01 - Clear,01 - Daylight,01 - Dry,10 - No control,,03 - P.D. only,03 - Rear end,0
14-14720,HIGHWAY 417 btwn HWY417 IC123 RAMP62 & HWY417 IC122 RAMP16,365121.68185,5028696.65831,-75.72955405710,45.39561034540,2014-11-19,5:35:00 PM,03 - Snow,07 - Dark,02 - Wet,10 - No control,,03 - P.D. only,03 - Rear end,0
14-14721,HIGHWAY 417 btwn HWY417 IC118 RAMP57 & HWY417 IC118 RAMP35,369213.66261,5030877.12037,-75.67701050170,45.41486492390,2014-11-19,6:10:00 PM,03 - Snow,07 - Dark,02 - Wet,10 - No control,,03 - P.D. only,03 - Rear end,0
14-14722,HWY417 IC140 RAMP36 btwn TERRY FOX DR & HIGHWAY 417,350782.45571,5018543.02311,-75.91363181900,45.30533442370,2014-11-19,9:10:00 PM,01 - Clear,07 - Dark,01 - Dry,10 - No control,,03 - P.D. only,07 - SMV other,0
14-14723,HIGHWAY 7 btwn HAZELDEAN IC RAMP 53 & HIGHWAY 7,341739.56845,5007889.68804,-76.02973428490,45.21000402770,2014-11-19,6:43:00 PM,03 - Snow,07 - Dark,03 - Loose snow,10 - No control,,03 - P.D. only,07 - SMV other,0
14-14724,HWY417 IC140 RAMP61 btwn TERRY FOX DR & HIGHWAY 417,351124.61723,5018799.43641,-75.90924484270,45.30761921490,2014-11-16,10:09:00 PM,03 - Snow,07 - Dark,06 - Ice,10 - No control,,03 - P.D. only,07 - SMV other,0
14-14725,HIGHWAY 417 btwn HWY417 IC144 RAMP16 & HWY417 IC144 RAMP61,347452.24911,5015914.27428,-75.95632267840,45.28189012590,2014-11-16,7:40:00 PM,03 - Snow,07 - Dark,06 - Ice,10 - No control,,03 - P.D. only,07 - SMV other,0
14-14726,HIGHWAY 417 btwn HWY417 IC112 RAMP56 & HWY417 IC112 RAMP64,374610.70080,5030781.18582,-75.60807621300,45.41348413450,2014-11-16,6:15:00 PM,03 - Snow,07 - Dark,02 - Wet,10 - No control,,03 - P.D. only,07 - SMV other,0
14-14727,HIGHWAY 417 btwn HWY417 IC119B RAMP76 & HWY417 IC119A RAMP67,368272.57778,5030344.55742,-75.68910175440,45.41015909430,2014-11-19,3:30:00 PM,01 - Clear,01 - Daylight,01 - Dry,10 - No control,,03 - P.D. only,03 - Rear end,0
14-14728,HIGHWAY 417 btwn HWY417 IC117 RAMP26 & HWY417 IC117 RAMP61,370822.14855,5031213.72417,-75.65641658900,45.41774363320,2014-11-20,8:09:00 AM,01 - Clear,01 - Daylight,02 - Wet,10 - No control,,03 - P.D. only,03 - Rear end,0
14-14729,HWY417 IC138 RAMP35 btwn HIGHWAY 417 & EAGLESON RD,352863.49213,5020144.81351,-75.88694055970,45.31960836240,2014-11-20,5:10:00 AM,01 - Clear,07 - Dark,04 - Slush,10 - No control,,03 - P.D. only,07 - SMV other,0
14-14730,HIGHWAY 417 btwn HWY417 IC112 RAMP66 & HWY417 IC112 RAMP56,374323.76493,5030992.11218,-75.61171199890,45.41541050810,2014-11-20,8:35:00 AM,01 - Clear,01 - Daylight,01 - Dry,10 - No control,,03 - P.D. only,07 - SMV other,0
14-14731,HIGHWAY 417 btwn HWY417 IC127 RAMP67 & HWY417 IC126 RAMP16,362512.02344,5025158.01969,-75.76329616100,45.36399005590,2014-11-20,3:45:00 PM,01 - Clear,01 - Daylight,01 - Dry,10 - No control,,03 - P.D. only,99 - Other,0
14-14732,HIGHWAY 417 btwn HWY417 IC119B RAMP57 & HWY417 IC119A RAMP75,368423.82769,5030423.30464,-75.68715948260,45.41085390190,2014-11-20,3:50:00 PM,01 - Clear,01 - Daylight,01 - Dry,10 - No control,,03 - P.D. only,03 - Rear end,0
14-14733,HIGHWAY 417 btwn HWY417 IC122 RAMP16 & HWY417 IC122 RAMP61,365326.72195,5028891.63546,-75.72691154210,45.39734701320,2014-11-20,5:17:00 PM,01 - Clear,07 - Dark,01 - Dry,10 - No control,,03 - P.D. only,03 - Rear end,0
14-14734,HIGHWAY 417 btwn HWY417 IC117 RAMP61 & HWY417 IC115 RAMP36,371552.69972,5031421.61211,-75.64705500510,45.41954480150,2014-11-20,6:15:00 PM,01 - Clear,07 - Dark,01 - Dry,10 - No control,,03 - P.D. only,03 - Rear end,0
14-14735,HIGHWAY 417 btwn HWY417 IC138 RAMP61 & HWY417 IC134 RAMP36,355428.89278,5021709.42884,-75.85406040470,45.33350666750,2014-11-21,2:39:00 AM,01 - Clear,07 - Dark,01 - Dry,10 - No control,,03 - P.D. only,03 - Rear end,0
14-14736,HIGHWAY 417 btwn HWY417 IC169 RAMP26 & HWY417 IC169 RAMP61,325650.07587,5024751.51527,-76.23385275520,45.36239785600,2014-11-21,12:00:00 AM,01 - Clear,07 - Dark,01 - Dry,10 - No control,,03 - P.D. only,04 - Sideswipe,0
14-14737,HIGHWAY 417 btwn HWY417 IC122 RAMP16 & HWY417 IC122 RAMP61,365528.14713,5029028.45256,-75.72432219640,45.39856062080,2014-11-21,5:38:00 PM,01 - Clear,07 - Dark,01 - Dry,10 - No control,,03 - P.D. only,03 - Rear end,0
14-14738,HIGHWAY 417 btwn HWY417 IC124 RAMP57 & HWY417 IC124 RAMP55,364004.34218,5026950.34002,-75.74403327170,45.37999263920,2014-11-22,6:56:00 PM,01 - Clear,07 - Dark,01 - Dry,10 - No control,,03 - P.D. only,03 - Rear end,0
14-14739,HIGHWAY 417 btwn HWY417 IC119B RAMP57 & HWY417 IC119A RAMP75,368322.16498,5030360.59680,-75.68846624680,45.41029891260,2014-11-22,7:15:00 PM,01 - Clear,07 - Dark,02 - Wet,10 - No control,,03 - P.D. only,07 - SMV other,0
14-14740,HIGHWAY 417 btwn HWY417 IC144 RAMP25 & HWY417 IC142 RAMP51,347935.85956,5016296.22202,-75.95012530060,45.28529752050,2014-11-21,9:00:00 PM,01 - Clear,07 - Dark,01 - Dry,10 - No control,,03 - P.D. only,07 - SMV other,0
14-14741,HIGHWAY 417 btwn HWY417 IC126 RAMP61 & HWY417 IC124 RAMP76,364089.85287,5027097.60843,-75.74292381550,45.38131050490,2014-11-18,10:50:00 PM,03 - Snow,07 - Dark,06 - Ice,10 - No control,,03 - P.D. only,07 - SMV other,0
14-14742,HWY417 IC124 RAMP67 btwn CARLING AVE & HIGHWAY 417,364489.85287,5027645.82696,-75.73775035090,45.38620931080,2014-11-21,12:52:00 PM,01 - Clear,01 - Daylight,01 - Dry,10 - No control,,03 - P.D. only,03 - Rear end,0
14-14743,HIGHWAY 417 btwn HWY417 IC110 RAMP64 & HWY417 IC104 RAMP16,377658.00356,5026579.44104,-75.56976845130,45.37536866570,2014-11-23,1:40:00 PM,01 - Clear,01 - Daylight,02 - Wet,10 - No control,,03 - P.D. only,07 - SMV other,0
14-14744,HIGHWAY 417 btwn HWY417 IC180 RAMP26 & HWY417 IC180 RAMP61,318310.04484,5031024.16654,-76.32737456910,45.41902261780,2014-11-22,7:15:00 PM,01 - Clear,07 - Dark,01 - Dry,10 - No control,,03 - P.D. only,07 - SMV other,0
14-14745,HIGHWAY 417 btwn REGIONAL ROAD 174 & HWY417 IC113 RAMP85,373556.86137,5031792.40868,-75.62139769400,45.42268695570,2014-11-18,4:40:00 PM,01 - Clear,05 - Dusk,01 - Dry,10 - No control,,03 - P.D. only,04 - Sideswipe,0
14-14746,HIGHWAY 417 btwn HWY417 IC127 RAMP25 & HWY417 IC126 RAMP51,363183.55010,5025853.87183,-75.75464250430,45.37019564260,2014-11-24,7:15:00 AM,02 - Rain,01 - Daylight,02 - Wet,10 - No control,,03 - P.D. only,03 - Rear end,0
14-14747,PARKDALE AVE @ HWY 417 PARKDAL IC122R15/HWY 41,365337.46535,5028845.06698,-75.72678004770,45.39692707140,2014-11-24,1:20:00 PM,01 - Clear,01 - Daylight,02 - Wet,01 - Traffic signal,01 - Functioning,03 - P.D. only,03 - Rear end,0
14-14748,HIGHWAY 417 btwn HWY417 IC118 RAMP35 & HWY417 IC117 RAMP51,370182.66417,5031101.59935,-75.66460145870,45.41679482830,2014-11-24,2:41:00 PM,01 - Clear,01 - Daylight,01 - Dry,10 - No control,,03 - P.D. only,03 - Rear end,0
14-14749,HIGHWAY 416 btwn HWY416 IC42 RAMP34 & HWY416 IC42 RAMP43,371444.24838,4995176.05085,-75.65330151360,45.09342372270,2014-11-23,12:00:00 AM,"07 - Fog, mist, smoke, dust",00 - Unknown,02 - Wet,10 - No control,,03 - P.D. only,07 - SMV other,0
14-14750,HIGHWAY 417 btwn HWY417 IC115 RAMP25 & REGIONAL ROAD 174,373280.37681,5031702.14740,-75.62494285490,45.42190194900,2014-11-25,6:15:00 AM,01 - Clear,07 - Dark,01 - Dry,10 - No control,,03 - P.D. only,04 - Sideswipe,0
14-14751,HIGHWAY 417 btwn HWY417 IC121A RAMP51 & HWY417 IC120A RAMP52,367700.57686,5029938.04561,-75.69646053070,45.40655306860,2014-11-25,3:50:00 PM,01 - Clear,01 - Daylight,01 - Dry,10 - No control,,03 - P.D. only,04 - Sideswipe,0
14-14752,HIGHWAY 417 btwn HWY417 IC117 RAMP26 & HWY417 IC117 RAMP61,371092.87794,5031351.48059,-75.65293925110,45.41895750880,2014-11-26,6:56:00 AM,01 - Clear,03 - Dawn,01 - Dry,10 - No control,,03 - P.D. only,03 - Rear end,0
14-14753,HIGHWAY 417 btwn HWY417 IC118 RAMP35 & HWY417 IC117 RAMP51,370305.86290,5031113.31749,-75.66302595210,45.41688874020,2014-11-20,4:30:00 PM,01 - Clear,05 - Dusk,01 - Dry,10 - No control,,03 - P.D. only,03 - Rear end,0
14-14754,HIGHWAY 417 btwn HWY417 IC144 RAMP35 & HWY417 IC144 RAMP25,347443.69804,5015847.76597,-75.95643738700,45.28129217800,2014-11-17,2:30:00 PM,03 - Snow,01 - Daylight,04 - Slush,10 - No control,,02 - Non-fatal injury,04 - Sideswipe,0
14-14755,HIGHWAY 417 btwn HWY417 IC145 RAMP56 & Continuation of HIGHWAY 417,347050.82796,5015546.12223,-75.96147060290,45.27860159310,2014-11-17,1:30:00 PM,03 - Snow,01 - Daylight,04 - Slush,10 - No control,,03 - P.D. only,07 - SMV other,0
14-14756,HIGHWAY 7 btwn HAZELDEAN IC RAMP 53 & HIGHWAY 7,342333.10781,5008412.78986,-76.02213897090,45.21467983850,2014-11-17,11:40:00 AM,03 - Snow,01 - Daylight,04 - Slush,10 - No control,,03 - P.D. only,07 - SMV other,0
14-14757,HIGHWAY 417 btwn HWY417 IC117 RAMP61 & HWY417 IC115 RAMP36,371552.69972,5031422.56222,-75.64705487640,45.41955335010,2014-11-13,3:25:00 PM,01 - Clear,01 - Daylight,01 - Dry,10 - No control,,03 - P.D. only,03 - Rear end,0
14-14758,HIGHWAY 417 btwn HWY417 IC117 RAMP61 & HWY417 IC115 RAMP36,371562.20091,5031421.61211,-75.64693361530,45.41954389490,2014-11-28,9:41:00 AM,01 - Clear,01 - Daylight,01 - Dry,10 - No control,,03 - P.D. only,03 - Rear end,0
14-14759,HIGHWAY 417 btwn HWY417 IC121A RAMP51 & HWY417 IC120A RAMP52,367512.92840,5029845.40903,-75.69886924090,45.40573638990,2014-11-28,4:55:00 PM,01 - Clear,07 - Dark,01 - Dry,10 - No control,,03 - P.D. only,03 - Rear end,0
14-14760,HIGHWAY 417 btwn HWY417 IC119B RAMP76 & HWY417 IC119A RAMP67,368147.16211,5030261.89709,-75.69071447250,45.40942670660,2014-11-28,6:10:00 PM,01 - Clear,07 - Dark,01 - Dry,10 - No control,,03 - P.D. only,04 - Sideswipe,0
14-14761,LEES AVE @  TRANSITWAY/HWY 417 NICHOLAS IC118R,369364.26424,5031280.42441,-75.67503368070,45.41847982560,2014-11-29,5:55:00 AM,01 - Clear,07 - Dark,01 - Dry,01 - Traffic signal,01 - Functioning,03 - P.D. only,99 - Other,0
14-14762,HIGHWAY 417 btwn TRANSIT & HWY417 IC127 RAMP16,361844.08995,5024637.35460,-75.77188184700,45.35935982310,2014-11-28,5:10:00 PM,01 - Clear,07 - Dark,01 - Dry,10 - No control,,03 - P.D. only,04 - Sideswipe,0
14-14763,HIGHWAY 417 btwn HWY417 IC118 RAMP67 & HWY417 IC117 RAMP36,370311.56361,5031134.22010,-75.66295034270,45.41707627980,2014-11-28,12:45:00 PM,01 - Clear,01 - Daylight,01 - Dry,10 - No control,,03 - P.D. only,03 - Rear end,0
14-14764,HIGHWAY 417 btwn HWY417 IC126 RAMP61 & HWY417 IC124 RAMP76,363976.78874,5026944.63931,-75.74438574860,45.37994367310,2014-11-30,11:50:00 AM,01 - Clear,01 - Daylight,01 - Dry,10 - No control,,03 - P.D. only,07 - SMV other,0
14-14765,HIGHWAY 417 btwn HWY417 IC155 RAMP61 & HWY417 IC145 RAMP56,341966.71740,5017755.79689,-76.02610479370,45.29877242210,2014-11-30,1:26:00 PM,01 - Clear,01 - Daylight,01 - Dry,10 - No control,,02 - Non-fatal injury,07 - SMV other,0
14-14766,HIGHWAY 417 btwn HWY 417 ANDERSON IC104R61 & HWY 417 BOUNDARY IC96R16,385892.95462,5024342.16524,-75.46501032980,45.35433487890,2014-11-30,4:40:00 PM,01 - Clear,05 - Dusk,01 - Dry,10 - No control,,03 - P.D. only,07 - SMV other,0
14-14767,CARLING AVE @ HWY 417 CARLING IC124R67,364331.18304,5027523.26164,-75.73979119580,45.38511999270,2014-11-30,9:10:00 PM,02 - Rain,07 - Dark,02 - Wet,03 - Yield sign,01 - Functioning,03 - P.D. only,03 - Rear end,0
14-14768,HIGHWAY 417 btwn HWY417 IC117 RAMP25 & HWY417 IC115 RAMP51,371339.87312,5031376.00641,-75.64978029370,45.41915473460,2014-11-30,4:35:00 PM,01 - Clear,05 - Dusk,01 - Dry,10 - No control,,03 - P.D. only,04 - Sideswipe,0
14-14769,HIGHWAY 417 btwn HWY417 IC119B RAMP76 & HWY417 IC119A RAMP67,368416.22674,5030438.50654,-75.68725461910,45.41099137450,2014-11-30,6:31:00 PM,02 - Rain,07 - Dark,02 - Wet,10 - No control,,03 - P.D. only,07 - SMV other,0
14-14770,HWY417 IC130 RAMP61 btwn HWY417 IC130 RAMP66 & RAMP,359511.04647,5023145.61879,-75.80182391190,45.34612313330,2014-11-17,1:31:00 AM,01 - Clear,07 - Dark,06 - Ice,10 - No control,,02 - Non-fatal injury,07 - SMV other,0
14-14771,HIGHWAY 417 btwn HWY417 IC142 RAMP51 & HWY417 IC142 RAMP35,348556.13834,5016863.18110,-75.94216866270,45.29036087330,2014-12-01,8:10:00 AM,01 - Clear,01 - Daylight,01 - Dry,10 - No control,,02 - Non-fatal injury,04 - Sideswipe,0
14-14772,HIGHWAY 417 btwn RAMP & HWY417 IC88 RAMP51,394286.30383,5022404.40302,-75.35825691870,45.33588019730,2014-11-29,8:50:00 AM,01 - Clear,01 - Daylight,01 - Dry,10 - No control,,03 - P.D. only,07 - SMV other,0
14-14773,HIGHWAY 417 btwn HWY417 IC117 RAMP36 & HWY417 IC117 RAMP26,370698.57866,5031184.25969,-75.65799924480,45.41749017290,2014-11-27,7:25:00 AM,01 - Clear,01 - Daylight,01 - Dry,10 - No control,,03 - P.D. only,04 - Sideswipe,0
14-14774,HIGHWAY 417 btwn HWY417 IC115 RAMP25 & REGIONAL ROAD 174,373276.72593,5031700.64924,-75.62498970970,45.42188882630,2014-12-01,8:16:00 PM,01 - Clear,07 - Dark,01 - Dry,10 - No control,,03 - P.D. only,03 - Rear end,0
14-14775,HIGHWAY 417 btwn HWY417 IC163 RAMP16 & HWY417 IC169 RAMP61,326440.25798,5024189.04496,-76.22379097470,45.35731248970,2014-11-07,12:20:00 PM,01 - Clear,01 - Daylight,01 - Dry,10 - No control,,03 - P.D. only,99 - Other,0
14-14776,HIGHWAY 417 btwn HWY417 IC127 RAMP25 & HWY417 IC126 RAMP51,363018.22943,5025626.79344,-75.75677966400,45.36816617040,2014-12-02,4:12:00 PM,01 - Clear,05 - Dusk,01 - Dry,10 - No control,,03 - P.D. only,04 - Sideswipe,0
14-14777,HIGHWAY 417 btwn HWY417 IC117 RAMP61 & HWY417 IC115 RAMP36,371999.61671,5031471.26854,-75.64133831070,45.41994880400,2014-12-02,10:42:00 PM,03 - Snow,07 - Dark,05 - Packed snow,10 - No control,,03 - P.D. only,07 - SMV other,0
14-14778,HWY417 IC131 RAMP66 btwn TRANSIT & HWY417 IC130 RAMP36,358139.62174,5022834.76838,-75.81935713830,45.34343172040,2014-12-02,11:58:00 PM,03 - Snow,07 - Dark,03 - Loose snow,10 - No control,,03 - P.D. only,07 - SMV other,0
14-14779,HIGHWAY 417 btwn HWY417 IC129 RAMP76 & HWY417 IC129 RAMP26,360446.65152,5023547.86667,-75.78984016680,45.34966895080,2014-12-03,6:45:00 AM,02 - Rain,07 - Dark,02 - Wet,10 - No control,,03 - P.D. only,03 - Rear end,0
14-14780,HIGHWAY 417 btwn HWY417 IC138 RAMP61 & HWY417 IC134 RAMP36,355552.58976,5021783.49612,-75.85247474470,45.33416419850,2014-12-03,7:19:00 AM,02 - Rain,03 - Dawn,02 - Wet,10 - No control,,03 - P.D. only,03 - Rear end,0
14-14781,HIGHWAY 7 btwn ASHTON STATION RD & OVERPASS RD,340350.64830,5004098.65938,-76.04768592680,45.17596136200,2014-12-03,6:20:00 PM,03 - Snow,07 - Dark,06 - Ice,10 - No control,,02 - Non-fatal injury,04 - Sideswipe,0
14-14782,HIGHWAY 416 btwn HWY416 IC57 RAMP53 & HWY416 IC49 RAMP34,365759.34635,5006266.52903,-75.72416738730,45.19373037160,2014-12-03,6:15:00 PM,03 - Snow,07 - Dark,02 - Wet,10 - No control,,03 - P.D. only,07 - SMV other,0
14-14783,HWY 417 MAITLAND IC126R52 @ MAITLAND AVE,363205.83660,5025833.37051,-75.75436043040,45.37000931750,2014-12-04,9:25:00 AM,01 - Clear,01 - Daylight,01 - Dry,03 - Yield sign,01 - Functioning,02 - Non-fatal injury,03 - Rear end,0
14-14784,HIGHWAY 417 btwn HWY417 IC117 RAMP36 & HWY417 IC117 RAMP26,370764.13685,5031199.46159,-75.65715964920,45.41762077580,2014-12-04,10:07:00 AM,01 - Clear,01 - Daylight,02 - Wet,10 - No control,,03 - P.D. only,03 - Rear end,0
14-14785,HIGHWAY 417 btwn HWY417 IC118 RAMP35 & HWY417 IC117 RAMP51,370150.36013,5031099.69912,-75.66501441820,45.41678074810,2014-12-04,12:55:00 PM,01 - Clear,01 - Daylight,01 - Dry,10 - No control,,02 - Non-fatal injury,03 - Rear end,0
14-14786,HWY417 IC104 RAMP51 btwn HIGHWAY 417 & ANDERSON RD,379848.15060,5025893.56143,-75.54191332290,45.36896640160,2014-12-03,8:35:00 PM,01 - Clear,07 - Dark,06 - Ice,10 - No control,,02 - Non-fatal injury,07 - SMV other,0
14-14787,HWY417 IC131 RAMP66 btwn HWY417 IC130 RAMP36 & HWY417 IC131 RAMP63,358856.01129,5023025.74226,-75.81019540540,45.34509526940,2014-12-04,12:30:00 AM,01 - Clear,07 - Dark,03 - Loose snow,10 - No control,,02 - Non-fatal injury,07 - SMV other,0
14-14788,OTTAWA ROAD 29 btwn KEATLEY RD & MADAWASKA BLVD,318884.61783,5031666.67068,-76.32001459330,45.42479286980,2014-12-02,7:10:00 PM,03 - Snow,07 - Dark,03 - Loose snow,10 - No control,,03 - P.D. only,07 - SMV other,0
14-14789,HIGHWAY 417 btwn HWY417 IC155 RAMP25 & RAMP,342296.40861,5017463.16031,-76.02192333240,45.29612162990,2014-12-03,5:25:00 AM,03 - Snow,07 - Dark,03 - Loose snow,10 - No control,,03 - P.D. only,07 - SMV other,0
14-14790,HIGHWAY 417 btwn HWY417 IC119A RAMP75 & HWY417 IC118 RAMP57,369053.72595,5030765.95647,-75.67906823400,45.41387941490,2014-12-03,12:37:00 AM,03 - Snow,07 - Dark,03 - Loose snow,10 - No control,,03 - P.D. only,04 - Sideswipe,0
14-14791,HIGHWAY 417 btwn HWY417 IC121B RAMP51 & HWY417 IC121A RAMP51,366743.54443,5029565.48864,-75.70873200690,45.40328625220,2014-12-02,10:45:00 PM,03 - Snow,07 - Dark,03 - Loose snow,10 - No control,,03 - P.D. only,04 - Sideswipe,0
14-14792,HIGHWAY 417 btwn HWY417 IC140 RAMP35 & HWY417 IC140 RAMP25,350933.52459,5018543.97323,-75.91170540220,45.30533306700,2014-12-02,9:41:00 PM,03 - Snow,07 - Dark,03 - Loose snow,10 - No control,,02 - Non-fatal injury,07 - SMV other,0
14-14793,HIGHWAY 417 btwn HWY417 IC118 RAMP57 & HWY417 IC118 RAMP35,369452.77583,5031036.74032,-75.67393481900,45.41627907310,2014-12-05,11:33:00 AM,01 - Clear,01 - Daylight,01 - Dry,10 - No control,,03 - P.D. only,03 - Rear end,0
14-14794,HIGHWAY 417 btwn HWY417 IC126 RAMP61 & HWY417 IC124 RAMP76,363858.97401,5026782.16900,-75.74590939860,45.37849173200,2014-12-05,5:12:00 PM,01 - Clear,07 - Dark,01 - Dry,10 - No control,,03 - P.D. only,03 - Rear end,0
14-14795,HIGHWAY 416 btwn HWY416 IC57 RAMP24 & HWY416 IC49 RAMP42,368594.15016,5002847.10538,-75.68852941770,45.16271149250,2014-12-05,6:45:00 PM,01 - Clear,07 - Dark,01 - Dry,10 - No control,,03 - P.D. only,07 - SMV other,0
14-14796,HIGHWAY 417 btwn HWY417 IC118 RAMP57 & HWY417 IC118 RAMP35,369339.71170,5030961.68094,-75.67538911270,45.41561415390,2014-12-05,10:01:00 AM,01 - Clear,01 - Daylight,01 - Dry,10 - No control,,03 - P.D. only,04 - Sideswipe,0
14-14797,HIGHWAY 417 btwn HWY417 IC155 RAMP25 & RAMP,343961.40371,5015824.29945,-76.00082492090,45.28128363220,2014-12-05,4:15:00 AM,01 - Clear,07 - Dark,01 - Dry,10 - No control,,03 - P.D. only,07 - SMV other,0
14-14798,HIGHWAY 417 btwn HWY417 IC117 RAMP61 & HWY417 IC115 RAMP36,371674.45620,5031439.94720,-75.64549692420,45.41969814520,2014-12-05,12:20:00 PM,01 - Clear,01 - Daylight,01 - Dry,10 - No control,,03 - P.D. only,03 - Rear end,0
14-14799,HIGHWAY 417 btwn HWY417 IC118 RAMP67 & HWY417 IC117 RAMP36,370167.77897,5031115.64000,-75.66478976510,45.41692255090,2014-12-06,6:15:00 PM,01 - Clear,07 - Dark,01 - Dry,10 - No control,,03 - P.D. only,04 - Sideswipe,0
14-14800,HIGHWAY 417 btwn HWY417 IC118 RAMP67 & HWY417 IC117 RAMP36,370174.53537,5031112.26180,-75.66470389530,45.41689152400,2014-12-05,11:40:00 AM,01 - Clear,01 - Daylight,01 - Dry,10 - No control,,03 - P.D. only,04 - Sideswipe,0
14-14801,HWY417 IC127 RAMP51 btwn HIGHWAY 417 & HWY417 IC127 RAMP53,361992.75570,5024671.31949,-75.76998048320,45.35965332490,2014-12-06,9:08:00 AM,01 - Clear,01 - Daylight,02 - Wet,10 - No control,,03 - P.D. only,07 - SMV other,0
14-14802,HWY417 IC124 RAMP67 btwn CARLING AVE & HIGHWAY 417,364460.39919,5027621.12387,-75.73812943230,45.38598954620,2014-12-06,4:15:00 PM,01 - Clear,05 - Dusk,02 - Wet,10 - No control,,03 - P.D. only,03 - Rear end,0
14-14803,HWY417 IC119A RAMP67 btwn HWY417 IC119A RAMP66 & HIGHWAY 417,368548.79800,5030531.05405,-75.68554912340,45.41181202340,2014-11-21,5:10:00 PM,01 - Clear,05 - Dusk,01 - Dry,10 - No control,,03 - P.D. only,03 - Rear end,0
14-14804,HIGHWAY 417 btwn HWY417 IC96 RAMP61 & HIGHWAY 417,387601.48060,5023851.12327,-75.44329032340,45.34971724710,2014-11-27,9:49:00 AM,01 - Clear,01 - Daylight,01 - Dry,10 - No control,,02 - Non-fatal injury,07 - SMV other,0
14-14805,HIGHWAY 416 btwn HIGHWAY 416 & HWY416 IC57 RAMP53,364976.88070,5007599.65855,-75.73396401200,45.20579322240,2014-11-22,1:10:00 AM,01 - Clear,07 - Dark,01 - Dry,10 - No control,,03 - P.D. only,07 - SMV other,0
14-14806,HIGHWAY 417 btwn HWY417 IC115 RAMP25 & REGIONAL ROAD 174,372990.90729,5031585.28279,-75.62865750340,45.42087873350,2014-11-18,4:24:00 PM,01 - Clear,05 - Dusk,01 - Dry,10 - No control,,03 - P.D. only,04 - Sideswipe,0
14-14807,HIGHWAY 417 btwn HWY417 IC118 RAMP35 & HWY417 IC117 RAMP51,369821.37781,5031138.62488,-75.66921226350,45.41716163640,2014-12-08,1:25:00 PM,01 - Clear,01 - Daylight,01 - Dry,10 - No control,,03 - P.D. only,07 - SMV other,0
14-14808,HIGHWAY 417 btwn HWY417 IC124 RAMP67 & HWY417 IC123 RAMP62,364771.44997,5028060.94922,-75.73410418560,45.38992044660,2014-12-09,4:35:00 PM,01 - Clear,05 - Dusk,01 - Dry,10 - No control,,03 - P.D. only,03 - Rear end,0
14-14809,HWY 417 MAITLAND IC126R52 @ MAITLAND AVE,363205.26040,5025833.20350,-75.75436780550,45.37000786280,2014-12-09,4:10:00 PM,01 - Clear,05 - Dusk,01 - Dry,03 - Yield sign,01 - Functioning,03 - P.D. only,03 - Rear end,0
14-14810,HIGHWAY 417 btwn HWY417 IC118 RAMP57 & HWY417 IC118 RAMP35,369212.39579,5030873.31989,-75.67702718220,45.41483084500,2014-12-09,5:45:00 PM,01 - Clear,07 - Dark,01 - Dry,10 - No control,,03 - P.D. only,03 - Rear end,0
14-14811,HIGHWAY 417 btwn HIGHWAY 417 & HWY417 IC129 RAMP51,360041.58422,5023222.29264,-75.79504558760,45.34677146050,2014-12-09,8:00:00 AM,01 - Clear,01 - Daylight,01 - Dry,10 - No control,,03 - P.D. only,04 - Sideswipe,0
14-14812,HIGHWAY 417 btwn RAMP & HWY417 IC145 RAMP55,346376.24364,5014906.69231,-75.97012204130,45.27288796100,2014-11-22,2:40:00 PM,01 - Clear,01 - Daylight,02 - Wet,10 - No control,,03 - P.D. only,03 - Rear end,0
14-14813,HWY417 HUNT CLUB IC109 RAMP26 btwn HIGHWAY 417 WB & HUNT CLUB RD EB,376588.31200,5027722.62600,-75.58325799620,45.38576484620,2014-12-10,8:30:00 PM,03 - Snow,07 - Dark,03 - Loose snow,10 - No control,,03 - P.D. only,07 - SMV other,0
14-14814,HIGHWAY 417 btwn HWY417 IC117 RAMP25 & HWY417 IC115 RAMP51,371257.21279,5031369.35557,-75.65083727400,45.41910275010,2014-12-10,5:50:00 PM,03 - Snow,07 - Dark,03 - Loose snow,10 - No control,,03 - P.D. only,03 - Rear end,0
14-14815,HIGHWAY 417 btwn HWY417 IC129 RAMP25 & TRANSIT,361078.79721,5024015.85295,-75.78172012260,45.35382943100,2014-12-10,4:40:00 PM,03 - Snow,05 - Dusk,03 - Loose snow,10 - No control,,02 - Non-fatal injury,07 - SMV other,0